dataset,animal,session,model,model_id,model_seed,anchor_condition,replicate,main_metric,supp_replay_metric,absolute_difference,tolerance,prediction_path,prediction_exists,status,error
Allen VBN,506940,1044016459,MM-RVD,MM_RVD_A9_SELECTED_R6,0,U30,0,0.9993131868131868,0.9993131868131868,0.0,1e-10,<PROJECT_ROOT>\mmrvd_r6_retrospective_a7s_a9r_20260815_131101\04_r6_screening_predictions\allen_vbn\1044016459\MM_RVD_A9_SELECTED_R6\seed0\seed0__U30__rep0.csv,True,PASS,
Allen VBN,506940,1044016459,MM-RVD,MM_RVD_A9_SELECTED_R6,0,U30,1,0.9986893564950332,0.9986893564950333,1.1102230246251565e-16,1e-10,<PROJECT_ROOT>\mmrvd_r6_retrospective_a7s_a9r_20260815_131101\04_r6_screening_predictions\allen_vbn\1044016459\MM_RVD_A9_SELECTED_R6\seed0\seed0__U30__rep1.csv,True,PASS,
Allen VBN,506940,1044016459,MM-RVD,MM_RVD_A9_SELECTED_R6,0,U30,2,0.9993761696818464,0.9993761696818465,1.1102230246251565e-16,1e-10,<PROJECT_ROOT>\mmrvd_r6_retrospective_a7s_a9r_20260815_131101\04_r6_screening_predictions\allen_vbn\1044016459\MM_RVD_A9_SELECTED_R6\seed0\seed0__U30__rep2.csv,True,PASS,
Allen VBN,506940,1044016459,MM-RVD,MM_RVD_A9_SELECTED_R6,0,U30,3,0.999259807549963,0.999259807549963,0.0,1e-10,<PROJECT_ROOT>\mmrvd_r6_retrospective_a7s_a9r_20260815_131101\04_r6_screening_predictions\allen_vbn\1044016459\MM_RVD_A9_SELECTED_R6\seed0\seed0__U30__rep3.csv,True,PASS,
Allen VBN,506940,1044016459,MM-RVD,MM_RVD_A9_SELECTED_R6,0,U30,4,1.0,1.0,0.0,1e-10,<PROJECT_ROOT>\mmrvd_r6_retrospective_a7s_a9r_20260815_131101\04_r6_screening_predictions\allen_vbn\1044016459\MM_RVD_A9_SELECTED_R6\seed0\seed0__U30__rep4.csv,True,PASS,
Allen VBN,506940,1044016459,MM-RVD,MM_RVD_A9_SELECTED_R6,0,T5,0,0.9993131868131868,0.9993131868131868,0.0,1e-10,<PROJECT_ROOT>\mmrvd_r6_retrospective_a7s_a9r_20260815_131101\04_r6_screening_predictions\allen_vbn\1044016459\MM_RVD_A9_SELECTED_R6\seed0\seed0__T5__rep0.csv,True,PASS,
Allen VBN,506940,1044016459,MM-RVD,MM_RVD_A9_SELECTED_R6,0,T5,1,0.9886025078770933,0.9886025078770931,1.1102230246251565e-16,1e-10,<PROJECT_ROOT>\mmrvd_r6_retrospective_a7s_a9r_20260815_131101\04_r6_screening_predictions\allen_vbn\1044016459\MM_RVD_A9_SELECTED_R6\seed0\seed0__T5__rep1.csv,True,PASS,
Allen VBN,506940,1044016459,MM-RVD,MM_RVD_A9_SELECTED_R6,0,T5,2,1.0,1.0,0.0,1e-10,<PROJECT_ROOT>\mmrvd_r6_retrospective_a7s_a9r_20260815_131101\04_r6_screening_predictions\allen_vbn\1044016459\MM_RVD_A9_SELECTED_R6\seed0\seed0__T5__rep2.csv,True,PASS,
Allen VBN,506940,1044016459,MM-RVD,MM_RVD_A9_SELECTED_R6,0,T5,3,0.9993131868131868,0.9993131868131868,0.0,1e-10,<PROJECT_ROOT>\mmrvd_r6_retrospective_a7s_a9r_20260815_131101\04_r6_screening_predictions\allen_vbn\1044016459\MM_RVD_A9_SELECTED_R6\seed0\seed0__T5__rep3.csv,True,PASS,
Allen VBN,506940,1044016459,MM-RVD,MM_RVD_A9_SELECTED_R6,0,T5,4,0.9972623508581832,0.9972623508581832,0.0,1e-10,<PROJECT_ROOT>\mmrvd_r6_retrospective_a7s_a9r_20260815_131101\04_r6_screening_predictions\allen_vbn\1044016459\MM_RVD_A9_SELECTED_R6\seed0\seed0__T5__rep4.csv,True,PASS,
Allen VBN,506940,1044016459,MM-RVD,MM_RVD_A9_SELECTED_R6,1,U30,0,0.9993131868131868,0.9993131868131868,0.0,1e-10,<PROJECT_ROOT>\mmrvd_r6_retrospective_a7s_a9r_20260815_131101\04_r6_screening_predictions\allen_vbn\1044016459\MM_RVD_A9_SELECTED_R6\seed1\seed1__U30__rep0.csv,True,PASS,
Allen VBN,506940,1044016459,MM-RVD,MM_RVD_A9_SELECTED_R6,1,U30,1,0.9986893564950332,0.9986893564950333,1.1102230246251565e-16,1e-10,<PROJECT_ROOT>\mmrvd_r6_retrospective_a7s_a9r_20260815_131101\04_r6_screening_predictions\allen_vbn\1044016459\MM_RVD_A9_SELECTED_R6\seed1\seed1__U30__rep1.csv,True,PASS,
Allen VBN,506940,1044016459,MM-RVD,MM_RVD_A9_SELECTED_R6,1,U30,2,0.9993761696818464,0.9993761696818465,1.1102230246251565e-16,1e-10,<PROJECT_ROOT>\mmrvd_r6_retrospective_a7s_a9r_20260815_131101\04_r6_screening_predictions\allen_vbn\1044016459\MM_RVD_A9_SELECTED_R6\seed1\seed1__U30__rep2.csv,True,PASS,
Allen VBN,506940,1044016459,MM-RVD,MM_RVD_A9_SELECTED_R6,1,U30,3,0.999259807549963,0.999259807549963,0.0,1e-10,<PROJECT_ROOT>\mmrvd_r6_retrospective_a7s_a9r_20260815_131101\04_r6_screening_predictions\allen_vbn\1044016459\MM_RVD_A9_SELECTED_R6\seed1\seed1__U30__rep3.csv,True,PASS,
Allen VBN,506940,1044016459,MM-RVD,MM_RVD_A9_SELECTED_R6,1,U30,4,1.0,1.0,0.0,1e-10,<PROJECT_ROOT>\mmrvd_r6_retrospective_a7s_a9r_20260815_131101\04_r6_screening_predictions\allen_vbn\1044016459\MM_RVD_A9_SELECTED_R6\seed1\seed1__U30__rep4.csv,True,PASS,
Allen VBN,506940,1044016459,MM-RVD,MM_RVD_A9_SELECTED_R6,1,T5,0,0.9993131868131868,0.9993131868131868,0.0,1e-10,<PROJECT_ROOT>\mmrvd_r6_retrospective_a7s_a9r_20260815_131101\04_r6_screening_predictions\allen_vbn\1044016459\MM_RVD_A9_SELECTED_R6\seed1\seed1__T5__rep0.csv,True,PASS,
Allen VBN,506940,1044016459,MM-RVD,MM_RVD_A9_SELECTED_R6,1,T5,1,0.9886025078770933,0.9886025078770931,1.1102230246251565e-16,1e-10,<PROJECT_ROOT>\mmrvd_r6_retrospective_a7s_a9r_20260815_131101\04_r6_screening_predictions\allen_vbn\1044016459\MM_RVD_A9_SELECTED_R6\seed1\seed1__T5__rep1.csv,True,PASS,
Allen VBN,506940,1044016459,MM-RVD,MM_RVD_A9_SELECTED_R6,1,T5,2,1.0,1.0,0.0,1e-10,<PROJECT_ROOT>\mmrvd_r6_retrospective_a7s_a9r_20260815_131101\04_r6_screening_predictions\allen_vbn\1044016459\MM_RVD_A9_SELECTED_R6\seed1\seed1__T5__rep2.csv,True,PASS,
Allen VBN,506940,1044016459,MM-RVD,MM_RVD_A9_SELECTED_R6,1,T5,3,0.9993131868131868,0.9993131868131868,0.0,1e-10,<PROJECT_ROOT>\mmrvd_r6_retrospective_a7s_a9r_20260815_131101\04_r6_screening_predictions\allen_vbn\1044016459\MM_RVD_A9_SELECTED_R6\seed1\seed1__T5__rep3.csv,True,PASS,
Allen VBN,506940,1044016459,MM-RVD,MM_RVD_A9_SELECTED_R6,1,T5,4,0.9972623508581832,0.9972623508581832,0.0,1e-10,<PROJECT_ROOT>\mmrvd_r6_retrospective_a7s_a9r_20260815_131101\04_r6_screening_predictions\allen_vbn\1044016459\MM_RVD_A9_SELECTED_R6\seed1\seed1__T5__rep4.csv,True,PASS,
Allen VBN,524761,1044385384,MM-RVD,MM_RVD_A9_SELECTED_R6,0,U30,0,0.9988452170991854,0.9988452170991854,0.0,1e-10,<PROJECT_ROOT>\mmrvd_r6_retrospective_a7s_a9r_20260815_131101\04_r6_screening_predictions\allen_vbn\1044385384\MM_RVD_A9_SELECTED_R6\seed0\seed0__U30__rep0.csv,True,PASS,
Allen VBN,524761,1044385384,MM-RVD,MM_RVD_A9_SELECTED_R6,0,U30,1,0.9981590736872218,0.9981590736872218,0.0,1e-10,<PROJECT_ROOT>\mmrvd_r6_retrospective_a7s_a9r_20260815_131101\04_r6_screening_predictions\allen_vbn\1044385384\MM_RVD_A9_SELECTED_R6\seed0\seed0__U30__rep1.csv,True,PASS,
Allen VBN,524761,1044385384,MM-RVD,MM_RVD_A9_SELECTED_R6,0,U30,2,0.998746963164,0.9987469631640001,1.1102230246251565e-16,1e-10,<PROJECT_ROOT>\mmrvd_r6_retrospective_a7s_a9r_20260815_131101\04_r6_screening_predictions\allen_vbn\1044385384\MM_RVD_A9_SELECTED_R6\seed0\seed0__U30__rep2.csv,True,PASS,
Allen VBN,524761,1044385384,MM-RVD,MM_RVD_A9_SELECTED_R6,0,U30,3,0.9988266304295448,0.9988266304295449,1.1102230246251565e-16,1e-10,<PROJECT_ROOT>\mmrvd_r6_retrospective_a7s_a9r_20260815_131101\04_r6_screening_predictions\allen_vbn\1044385384\MM_RVD_A9_SELECTED_R6\seed0\seed0__U30__rep3.csv,True,PASS,
Allen VBN,524761,1044385384,MM-RVD,MM_RVD_A9_SELECTED_R6,0,U30,4,0.998746963164,0.9987469631640001,1.1102230246251565e-16,1e-10,<PROJECT_ROOT>\mmrvd_r6_retrospective_a7s_a9r_20260815_131101\04_r6_screening_predictions\allen_vbn\1044385384\MM_RVD_A9_SELECTED_R6\seed0\seed0__U30__rep4.csv,True,PASS,
Allen VBN,524761,1044385384,MM-RVD,MM_RVD_A9_SELECTED_R6,0,T5,0,0.9981566643041202,0.9981566643041202,0.0,1e-10,<PROJECT_ROOT>\mmrvd_r6_retrospective_a7s_a9r_20260815_131101\04_r6_screening_predictions\allen_vbn\1044385384\MM_RVD_A9_SELECTED_R6\seed0\seed0__T5__rep0.csv,True,PASS,
Allen VBN,524761,1044385384,MM-RVD,MM_RVD_A9_SELECTED_R6,0,T5,1,0.9968369830514328,0.9968369830514329,1.1102230246251565e-16,1e-10,<PROJECT_ROOT>\mmrvd_r6_retrospective_a7s_a9r_20260815_131101\04_r6_screening_predictions\allen_vbn\1044385384\MM_RVD_A9_SELECTED_R6\seed0\seed0__T5__rep1.csv,True,PASS,
Allen VBN,524761,1044385384,MM-RVD,MM_RVD_A9_SELECTED_R6,0,T5,2,0.9987445537808984,0.9987445537808985,1.1102230246251565e-16,1e-10,<PROJECT_ROOT>\mmrvd_r6_retrospective_a7s_a9r_20260815_131101\04_r6_screening_predictions\allen_vbn\1044385384\MM_RVD_A9_SELECTED_R6\seed0\seed0__T5__rep2.csv,True,PASS,
Allen VBN,524761,1044385384,MM-RVD,MM_RVD_A9_SELECTED_R6,0,T5,3,0.9980769970385754,0.9980769970385754,0.0,1e-10,<PROJECT_ROOT>\mmrvd_r6_retrospective_a7s_a9r_20260815_131101\04_r6_screening_predictions\allen_vbn\1044385384\MM_RVD_A9_SELECTED_R6\seed0\seed0__T5__rep3.csv,True,PASS,
Allen VBN,524761,1044385384,MM-RVD,MM_RVD_A9_SELECTED_R6,0,T5,4,0.9981772797801944,0.9981772797801943,1.1102230246251565e-16,1e-10,<PROJECT_ROOT>\mmrvd_r6_retrospective_a7s_a9r_20260815_131101\04_r6_screening_predictions\allen_vbn\1044385384\MM_RVD_A9_SELECTED_R6\seed0\seed0__T5__rep4.csv,True,PASS,
Allen VBN,524761,1044385384,MM-RVD,MM_RVD_A9_SELECTED_R6,1,U30,0,0.9988452170991854,0.9988452170991854,0.0,1e-10,<PROJECT_ROOT>\mmrvd_r6_retrospective_a7s_a9r_20260815_131101\04_r6_screening_predictions\allen_vbn\1044385384\MM_RVD_A9_SELECTED_R6\seed1\seed1__U30__rep0.csv,True,PASS,
Allen VBN,524761,1044385384,MM-RVD,MM_RVD_A9_SELECTED_R6,1,U30,1,0.9981590736872218,0.9981590736872218,0.0,1e-10,<PROJECT_ROOT>\mmrvd_r6_retrospective_a7s_a9r_20260815_131101\04_r6_screening_predictions\allen_vbn\1044385384\MM_RVD_A9_SELECTED_R6\seed1\seed1__U30__rep1.csv,True,PASS,
Allen VBN,524761,1044385384,MM-RVD,MM_RVD_A9_SELECTED_R6,1,U30,2,0.998746963164,0.9987469631640001,1.1102230246251565e-16,1e-10,<PROJECT_ROOT>\mmrvd_r6_retrospective_a7s_a9r_20260815_131101\04_r6_screening_predictions\allen_vbn\1044385384\MM_RVD_A9_SELECTED_R6\seed1\seed1__U30__rep2.csv,True,PASS,
Allen VBN,524761,1044385384,MM-RVD,MM_RVD_A9_SELECTED_R6,1,U30,3,0.9988266304295448,0.9988266304295449,1.1102230246251565e-16,1e-10,<PROJECT_ROOT>\mmrvd_r6_retrospective_a7s_a9r_20260815_131101\04_r6_screening_predictions\allen_vbn\1044385384\MM_RVD_A9_SELECTED_R6\seed1\seed1__U30__rep3.csv,True,PASS,
Allen VBN,524761,1044385384,MM-RVD,MM_RVD_A9_SELECTED_R6,1,U30,4,0.998746963164,0.9987469631640001,1.1102230246251565e-16,1e-10,<PROJECT_ROOT>\mmrvd_r6_retrospective_a7s_a9r_20260815_131101\04_r6_screening_predictions\allen_vbn\1044385384\MM_RVD_A9_SELECTED_R6\seed1\seed1__U30__rep4.csv,True,PASS,
Allen VBN,524761,1044385384,MM-RVD,MM_RVD_A9_SELECTED_R6,1,T5,0,0.9981566643041202,0.9981566643041202,0.0,1e-10,<PROJECT_ROOT>\mmrvd_r6_retrospective_a7s_a9r_20260815_131101\04_r6_screening_predictions\allen_vbn\1044385384\MM_RVD_A9_SELECTED_R6\seed1\seed1__T5__rep0.csv,True,PASS,
Allen VBN,524761,1044385384,MM-RVD,MM_RVD_A9_SELECTED_R6,1,T5,1,0.9968369830514328,0.9968369830514329,1.1102230246251565e-16,1e-10,<PROJECT_ROOT>\mmrvd_r6_retrospective_a7s_a9r_20260815_131101\04_r6_screening_predictions\allen_vbn\1044385384\MM_RVD_A9_SELECTED_R6\seed1\seed1__T5__rep1.csv,True,PASS,
Allen VBN,524761,1044385384,MM-RVD,MM_RVD_A9_SELECTED_R6,1,T5,2,0.9987445537808984,0.9987445537808985,1.1102230246251565e-16,1e-10,<PROJECT_ROOT>\mmrvd_r6_retrospective_a7s_a9r_20260815_131101\04_r6_screening_predictions\allen_vbn\1044385384\MM_RVD_A9_SELECTED_R6\seed1\seed1__T5__rep2.csv,True,PASS,
Allen VBN,524761,1044385384,MM-RVD,MM_RVD_A9_SELECTED_R6,1,T5,3,0.9980769970385754,0.9980769970385754,0.0,1e-10,<PROJECT_ROOT>\mmrvd_r6_retrospective_a7s_a9r_20260815_131101\04_r6_screening_predictions\allen_vbn\1044385384\MM_RVD_A9_SELECTED_R6\seed1\seed1__T5__rep3.csv,True,PASS,
Allen VBN,524761,1044385384,MM-RVD,MM_RVD_A9_SELECTED_R6,1,T5,4,0.9981772797801944,0.9981772797801943,1.1102230246251565e-16,1e-10,<PROJECT_ROOT>\mmrvd_r6_retrospective_a7s_a9r_20260815_131101\04_r6_screening_predictions\allen_vbn\1044385384\MM_RVD_A9_SELECTED_R6\seed1\seed1__T5__rep4.csv,True,PASS,
Allen VBN,510589,1044389060,MM-RVD,MM_RVD_A9_SELECTED_R6,0,U30,0,0.999370673379484,0.9993706733794839,1.1102230246251565e-16,1e-10,<PROJECT_ROOT>\mmrvd_r6_retrospective_a7s_a9r_20260815_131101\04_r6_screening_predictions\allen_vbn\1044389060\MM_RVD_A9_SELECTED_R6\seed0\seed0__U30__rep0.csv,True,PASS,
Allen VBN,510589,1044389060,MM-RVD,MM_RVD_A9_SELECTED_R6,0,U30,1,0.9994169096209912,0.9994169096209912,0.0,1e-10,<PROJECT_ROOT>\mmrvd_r6_retrospective_a7s_a9r_20260815_131101\04_r6_screening_predictions\allen_vbn\1044389060\MM_RVD_A9_SELECTED_R6\seed0\seed0__U30__rep1.csv,True,PASS,
Allen VBN,510589,1044389060,MM-RVD,MM_RVD_A9_SELECTED_R6,0,U30,2,0.999370673379484,0.9993706733794839,1.1102230246251565e-16,1e-10,<PROJECT_ROOT>\mmrvd_r6_retrospective_a7s_a9r_20260815_131101\04_r6_screening_predictions\allen_vbn\1044389060\MM_RVD_A9_SELECTED_R6\seed0\seed0__U30__rep2.csv,True,PASS,
Allen VBN,510589,1044389060,MM-RVD,MM_RVD_A9_SELECTED_R6,0,U30,3,0.9987875830004752,0.9987875830004752,0.0,1e-10,<PROJECT_ROOT>\mmrvd_r6_retrospective_a7s_a9r_20260815_131101\04_r6_screening_predictions\allen_vbn\1044389060\MM_RVD_A9_SELECTED_R6\seed0\seed0__U30__rep3.csv,True,PASS,
Allen VBN,510589,1044389060,MM-RVD,MM_RVD_A9_SELECTED_R6,0,U30,4,0.9987875830004752,0.9987875830004752,0.0,1e-10,<PROJECT_ROOT>\mmrvd_r6_retrospective_a7s_a9r_20260815_131101\04_r6_screening_predictions\allen_vbn\1044389060\MM_RVD_A9_SELECTED_R6\seed0\seed0__U30__rep4.csv,True,PASS,
Allen VBN,510589,1044389060,MM-RVD,MM_RVD_A9_SELECTED_R6,0,T5,0,0.999370673379484,0.9993706733794839,1.1102230246251565e-16,1e-10,<PROJECT_ROOT>\mmrvd_r6_retrospective_a7s_a9r_20260815_131101\04_r6_screening_predictions\allen_vbn\1044389060\MM_RVD_A9_SELECTED_R6\seed0\seed0__T5__rep0.csv,True,PASS,
Allen VBN,510589,1044389060,MM-RVD,MM_RVD_A9_SELECTED_R6,0,T5,1,0.999370673379484,0.9993706733794839,1.1102230246251565e-16,1e-10,<PROJECT_ROOT>\mmrvd_r6_retrospective_a7s_a9r_20260815_131101\04_r6_screening_predictions\allen_vbn\1044389060\MM_RVD_A9_SELECTED_R6\seed0\seed0__T5__rep1.csv,True,PASS,
Allen VBN,510589,1044389060,MM-RVD,MM_RVD_A9_SELECTED_R6,0,T5,2,0.999370673379484,0.9993706733794839,1.1102230246251565e-16,1e-10,<PROJECT_ROOT>\mmrvd_r6_retrospective_a7s_a9r_20260815_131101\04_r6_screening_predictions\allen_vbn\1044389060\MM_RVD_A9_SELECTED_R6\seed0\seed0__T5__rep2.csv,True,PASS,
Allen VBN,510589,1044389060,MM-RVD,MM_RVD_A9_SELECTED_R6,0,T5,3,0.9987875830004752,0.9987875830004752,0.0,1e-10,<PROJECT_ROOT>\mmrvd_r6_retrospective_a7s_a9r_20260815_131101\04_r6_screening_predictions\allen_vbn\1044389060\MM_RVD_A9_SELECTED_R6\seed0\seed0__T5__rep3.csv,True,PASS,
Allen VBN,510589,1044389060,MM-RVD,MM_RVD_A9_SELECTED_R6,0,T5,4,0.999370673379484,0.9993706733794839,1.1102230246251565e-16,1e-10,<PROJECT_ROOT>\mmrvd_r6_retrospective_a7s_a9r_20260815_131101\04_r6_screening_predictions\allen_vbn\1044389060\MM_RVD_A9_SELECTED_R6\seed0\seed0__T5__rep4.csv,True,PASS,
Allen VBN,510589,1044389060,MM-RVD,MM_RVD_A9_SELECTED_R6,1,U30,0,0.999370673379484,0.9993706733794839,1.1102230246251565e-16,1e-10,<PROJECT_ROOT>\mmrvd_r6_retrospective_a7s_a9r_20260815_131101\04_r6_screening_predictions\allen_vbn\1044389060\MM_RVD_A9_SELECTED_R6\seed1\seed1__U30__rep0.csv,True,PASS,
Allen VBN,510589,1044389060,MM-RVD,MM_RVD_A9_SELECTED_R6,1,U30,1,0.9994169096209912,0.9994169096209912,0.0,1e-10,<PROJECT_ROOT>\mmrvd_r6_retrospective_a7s_a9r_20260815_131101\04_r6_screening_predictions\allen_vbn\1044389060\MM_RVD_A9_SELECTED_R6\seed1\seed1__U30__rep1.csv,True,PASS,
Allen VBN,510589,1044389060,MM-RVD,MM_RVD_A9_SELECTED_R6,1,U30,2,0.999370673379484,0.9993706733794839,1.1102230246251565e-16,1e-10,<PROJECT_ROOT>\mmrvd_r6_retrospective_a7s_a9r_20260815_131101\04_r6_screening_predictions\allen_vbn\1044389060\MM_RVD_A9_SELECTED_R6\seed1\seed1__U30__rep2.csv,True,PASS,
Allen VBN,510589,1044389060,MM-RVD,MM_RVD_A9_SELECTED_R6,1,U30,3,0.9987875830004752,0.9987875830004752,0.0,1e-10,<PROJECT_ROOT>\mmrvd_r6_retrospective_a7s_a9r_20260815_131101\04_r6_screening_predictions\allen_vbn\1044389060\MM_RVD_A9_SELECTED_R6\seed1\seed1__U30__rep3.csv,True,PASS,
Allen VBN,510589,1044389060,MM-RVD,MM_RVD_A9_SELECTED_R6,1,U30,4,0.9987875830004752,0.9987875830004752,0.0,1e-10,<PROJECT_ROOT>\mmrvd_r6_retrospective_a7s_a9r_20260815_131101\04_r6_screening_predictions\allen_vbn\1044389060\MM_RVD_A9_SELECTED_R6\seed1\seed1__U30__rep4.csv,True,PASS,
Allen VBN,510589,1044389060,MM-RVD,MM_RVD_A9_SELECTED_R6,1,T5,0,0.999370673379484,0.9993706733794839,1.1102230246251565e-16,1e-10,<PROJECT_ROOT>\mmrvd_r6_retrospective_a7s_a9r_20260815_131101\04_r6_screening_predictions\allen_vbn\1044389060\MM_RVD_A9_SELECTED_R6\seed1\seed1__T5__rep0.csv,True,PASS,
Allen VBN,510589,1044389060,MM-RVD,MM_RVD_A9_SELECTED_R6,1,T5,1,0.999370673379484,0.9993706733794839,1.1102230246251565e-16,1e-10,<PROJECT_ROOT>\mmrvd_r6_retrospective_a7s_a9r_20260815_131101\04_r6_screening_predictions\allen_vbn\1044389060\MM_RVD_A9_SELECTED_R6\seed1\seed1__T5__rep1.csv,True,PASS,
Allen VBN,510589,1044389060,MM-RVD,MM_RVD_A9_SELECTED_R6,1,T5,2,0.999370673379484,0.9993706733794839,1.1102230246251565e-16,1e-10,<PROJECT_ROOT>\mmrvd_r6_retrospective_a7s_a9r_20260815_131101\04_r6_screening_predictions\allen_vbn\1044389060\MM_RVD_A9_SELECTED_R6\seed1\seed1__T5__rep2.csv,True,PASS,
Allen VBN,510589,1044389060,MM-RVD,MM_RVD_A9_SELECTED_R6,1,T5,3,0.9987875830004752,0.9987875830004752,0.0,1e-10,<PROJECT_ROOT>\mmrvd_r6_retrospective_a7s_a9r_20260815_131101\04_r6_screening_predictions\allen_vbn\1044389060\MM_RVD_A9_SELECTED_R6\seed1\seed1__T5__rep3.csv,True,PASS,
Allen VBN,510589,1044389060,MM-RVD,MM_RVD_A9_SELECTED_R6,1,T5,4,0.999370673379484,0.9993706733794839,1.1102230246251565e-16,1e-10,<PROJECT_ROOT>\mmrvd_r6_retrospective_a7s_a9r_20260815_131101\04_r6_screening_predictions\allen_vbn\1044389060\MM_RVD_A9_SELECTED_R6\seed1\seed1__T5__rep4.csv,True,PASS,
Allen VBN,524761,1044594870,MM-RVD,MM_RVD_A9_SELECTED_R6,0,U30,0,0.990549197053918,0.990549197053918,0.0,1e-10,<PROJECT_ROOT>\mmrvd_r6_retrospective_a7s_a9r_20260815_131101\04_r6_screening_predictions\allen_vbn\1044594870\MM_RVD_A9_SELECTED_R6\seed0\seed0__U30__rep0.csv,True,PASS,
Allen VBN,524761,1044594870,MM-RVD,MM_RVD_A9_SELECTED_R6,0,U30,1,0.9899504645951608,0.9899504645951607,1.1102230246251565e-16,1e-10,<PROJECT_ROOT>\mmrvd_r6_retrospective_a7s_a9r_20260815_131101\04_r6_screening_predictions\allen_vbn\1044594870\MM_RVD_A9_SELECTED_R6\seed0\seed0__U30__rep1.csv,True,PASS,
Allen VBN,524761,1044594870,MM-RVD,MM_RVD_A9_SELECTED_R6,0,U30,2,0.9884506699553908,0.9884506699553908,0.0,1e-10,<PROJECT_ROOT>\mmrvd_r6_retrospective_a7s_a9r_20260815_131101\04_r6_screening_predictions\allen_vbn\1044594870\MM_RVD_A9_SELECTED_R6\seed0\seed0__U30__rep2.csv,True,PASS,
Allen VBN,524761,1044594870,MM-RVD,MM_RVD_A9_SELECTED_R6,0,U30,3,0.9913428478475688,0.9913428478475687,1.1102230246251565e-16,1e-10,<PROJECT_ROOT>\mmrvd_r6_retrospective_a7s_a9r_20260815_131101\04_r6_screening_predictions\allen_vbn\1044594870\MM_RVD_A9_SELECTED_R6\seed0\seed0__U30__rep3.csv,True,PASS,
Allen VBN,524761,1044594870,MM-RVD,MM_RVD_A9_SELECTED_R6,0,U30,4,0.9900115146562108,0.9900115146562107,1.1102230246251565e-16,1e-10,<PROJECT_ROOT>\mmrvd_r6_retrospective_a7s_a9r_20260815_131101\04_r6_screening_predictions\allen_vbn\1044594870\MM_RVD_A9_SELECTED_R6\seed0\seed0__U30__rep4.csv,True,PASS,
Allen VBN,524761,1044594870,MM-RVD,MM_RVD_A9_SELECTED_R6,0,T5,0,0.9888239291785708,0.9888239291785708,0.0,1e-10,<PROJECT_ROOT>\mmrvd_r6_retrospective_a7s_a9r_20260815_131101\04_r6_screening_predictions\allen_vbn\1044594870\MM_RVD_A9_SELECTED_R6\seed0\seed0__T5__rep0.csv,True,PASS,
Allen VBN,524761,1044594870,MM-RVD,MM_RVD_A9_SELECTED_R6,0,T5,1,0.98794117829582,0.98794117829582,0.0,1e-10,<PROJECT_ROOT>\mmrvd_r6_retrospective_a7s_a9r_20260815_131101\04_r6_screening_predictions\allen_vbn\1044594870\MM_RVD_A9_SELECTED_R6\seed0\seed0__T5__rep1.csv,True,PASS,
Allen VBN,524761,1044594870,MM-RVD,MM_RVD_A9_SELECTED_R6,0,T5,2,0.9894113810372092,0.9894113810372092,0.0,1e-10,<PROJECT_ROOT>\mmrvd_r6_retrospective_a7s_a9r_20260815_131101\04_r6_screening_predictions\allen_vbn\1044594870\MM_RVD_A9_SELECTED_R6\seed0\seed0__T5__rep2.csv,True,PASS,
Allen VBN,524761,1044594870,MM-RVD,MM_RVD_A9_SELECTED_R6,0,T5,3,0.988073453428095,0.988073453428095,0.0,1e-10,<PROJECT_ROOT>\mmrvd_r6_retrospective_a7s_a9r_20260815_131101\04_r6_screening_predictions\allen_vbn\1044594870\MM_RVD_A9_SELECTED_R6\seed0\seed0__T5__rep3.csv,True,PASS,
Allen VBN,524761,1044594870,MM-RVD,MM_RVD_A9_SELECTED_R6,0,T5,4,0.988073453428095,0.988073453428095,0.0,1e-10,<PROJECT_ROOT>\mmrvd_r6_retrospective_a7s_a9r_20260815_131101\04_r6_screening_predictions\allen_vbn\1044594870\MM_RVD_A9_SELECTED_R6\seed0\seed0__T5__rep4.csv,True,PASS,
Allen VBN,524761,1044594870,MM-RVD,MM_RVD_A9_SELECTED_R6,1,U30,0,0.990549197053918,0.990549197053918,0.0,1e-10,<PROJECT_ROOT>\mmrvd_r6_retrospective_a7s_a9r_20260815_131101\04_r6_screening_predictions\allen_vbn\1044594870\MM_RVD_A9_SELECTED_R6\seed1\seed1__U30__rep0.csv,True,PASS,
Allen VBN,524761,1044594870,MM-RVD,MM_RVD_A9_SELECTED_R6,1,U30,1,0.9899504645951608,0.9899504645951607,1.1102230246251565e-16,1e-10,<PROJECT_ROOT>\mmrvd_r6_retrospective_a7s_a9r_20260815_131101\04_r6_screening_predictions\allen_vbn\1044594870\MM_RVD_A9_SELECTED_R6\seed1\seed1__U30__rep1.csv,True,PASS,
Allen VBN,524761,1044594870,MM-RVD,MM_RVD_A9_SELECTED_R6,1,U30,2,0.9884506699553908,0.9884506699553908,0.0,1e-10,<PROJECT_ROOT>\mmrvd_r6_retrospective_a7s_a9r_20260815_131101\04_r6_screening_predictions\allen_vbn\1044594870\MM_RVD_A9_SELECTED_R6\seed1\seed1__U30__rep2.csv,True,PASS,
Allen VBN,524761,1044594870,MM-RVD,MM_RVD_A9_SELECTED_R6,1,U30,3,0.9913428478475688,0.9913428478475687,1.1102230246251565e-16,1e-10,<PROJECT_ROOT>\mmrvd_r6_retrospective_a7s_a9r_20260815_131101\04_r6_screening_predictions\allen_vbn\1044594870\MM_RVD_A9_SELECTED_R6\seed1\seed1__U30__rep3.csv,True,PASS,
Allen VBN,524761,1044594870,MM-RVD,MM_RVD_A9_SELECTED_R6,1,U30,4,0.9900115146562108,0.9900115146562107,1.1102230246251565e-16,1e-10,<PROJECT_ROOT>\mmrvd_r6_retrospective_a7s_a9r_20260815_131101\04_r6_screening_predictions\allen_vbn\1044594870\MM_RVD_A9_SELECTED_R6\seed1\seed1__U30__rep4.csv,True,PASS,
Allen VBN,524761,1044594870,MM-RVD,MM_RVD_A9_SELECTED_R6,1,T5,0,0.9888239291785708,0.9888239291785708,0.0,1e-10,<PROJECT_ROOT>\mmrvd_r6_retrospective_a7s_a9r_20260815_131101\04_r6_screening_predictions\allen_vbn\1044594870\MM_RVD_A9_SELECTED_R6\seed1\seed1__T5__rep0.csv,True,PASS,
Allen VBN,524761,1044594870,MM-RVD,MM_RVD_A9_SELECTED_R6,1,T5,1,0.98794117829582,0.98794117829582,0.0,1e-10,<PROJECT_ROOT>\mmrvd_r6_retrospective_a7s_a9r_20260815_131101\04_r6_screening_predictions\allen_vbn\1044594870\MM_RVD_A9_SELECTED_R6\seed1\seed1__T5__rep1.csv,True,PASS,
Allen VBN,524761,1044594870,MM-RVD,MM_RVD_A9_SELECTED_R6,1,T5,2,0.9894113810372092,0.9894113810372092,0.0,1e-10,<PROJECT_ROOT>\mmrvd_r6_retrospective_a7s_a9r_20260815_131101\04_r6_screening_predictions\allen_vbn\1044594870\MM_RVD_A9_SELECTED_R6\seed1\seed1__T5__rep2.csv,True,PASS,
Allen VBN,524761,1044594870,MM-RVD,MM_RVD_A9_SELECTED_R6,1,T5,3,0.988073453428095,0.988073453428095,0.0,1e-10,<PROJECT_ROOT>\mmrvd_r6_retrospective_a7s_a9r_20260815_131101\04_r6_screening_predictions\allen_vbn\1044594870\MM_RVD_A9_SELECTED_R6\seed1\seed1__T5__rep3.csv,True,PASS,
Allen VBN,524761,1044594870,MM-RVD,MM_RVD_A9_SELECTED_R6,1,T5,4,0.988073453428095,0.988073453428095,0.0,1e-10,<PROJECT_ROOT>\mmrvd_r6_retrospective_a7s_a9r_20260815_131101\04_r6_screening_predictions\allen_vbn\1044594870\MM_RVD_A9_SELECTED_R6\seed1\seed1__T5__rep4.csv,True,PASS,
Allen VBN,521466,1049514117,MM-RVD,MM_RVD_A9_SELECTED_R6,0,U30,0,0.9992636229749632,0.9992636229749632,0.0,1e-10,<PROJECT_ROOT>\mmrvd_r6_retrospective_a7s_a9r_20260815_131101\04_r6_screening_predictions\allen_vbn\1049514117\MM_RVD_A9_SELECTED_R6\seed0\seed0__U30__rep0.csv,True,PASS,
Allen VBN,521466,1049514117,MM-RVD,MM_RVD_A9_SELECTED_R6,0,U30,1,0.9992636229749632,0.9992636229749632,0.0,1e-10,<PROJECT_ROOT>\mmrvd_r6_retrospective_a7s_a9r_20260815_131101\04_r6_screening_predictions\allen_vbn\1049514117\MM_RVD_A9_SELECTED_R6\seed0\seed0__U30__rep1.csv,True,PASS,
Allen VBN,521466,1049514117,MM-RVD,MM_RVD_A9_SELECTED_R6,0,U30,2,0.9992636229749632,0.9992636229749632,0.0,1e-10,<PROJECT_ROOT>\mmrvd_r6_retrospective_a7s_a9r_20260815_131101\04_r6_screening_predictions\allen_vbn\1049514117\MM_RVD_A9_SELECTED_R6\seed0\seed0__U30__rep2.csv,True,PASS,
Allen VBN,521466,1049514117,MM-RVD,MM_RVD_A9_SELECTED_R6,0,U30,3,0.9992636229749632,0.9992636229749632,0.0,1e-10,<PROJECT_ROOT>\mmrvd_r6_retrospective_a7s_a9r_20260815_131101\04_r6_screening_predictions\allen_vbn\1049514117\MM_RVD_A9_SELECTED_R6\seed0\seed0__U30__rep3.csv,True,PASS,
Allen VBN,521466,1049514117,MM-RVD,MM_RVD_A9_SELECTED_R6,0,U30,4,1.0,1.0,0.0,1e-10,<PROJECT_ROOT>\mmrvd_r6_retrospective_a7s_a9r_20260815_131101\04_r6_screening_predictions\allen_vbn\1049514117\MM_RVD_A9_SELECTED_R6\seed0\seed0__U30__rep4.csv,True,PASS,
Allen VBN,521466,1049514117,MM-RVD,MM_RVD_A9_SELECTED_R6,0,T5,0,0.9992636229749632,0.9992636229749632,0.0,1e-10,<PROJECT_ROOT>\mmrvd_r6_retrospective_a7s_a9r_20260815_131101\04_r6_screening_predictions\allen_vbn\1049514117\MM_RVD_A9_SELECTED_R6\seed0\seed0__T5__rep0.csv,True,PASS,
Allen VBN,521466,1049514117,MM-RVD,MM_RVD_A9_SELECTED_R6,0,T5,1,1.0,1.0,0.0,1e-10,<PROJECT_ROOT>\mmrvd_r6_retrospective_a7s_a9r_20260815_131101\04_r6_screening_predictions\allen_vbn\1049514117\MM_RVD_A9_SELECTED_R6\seed0\seed0__T5__rep1.csv,True,PASS,
Allen VBN,521466,1049514117,MM-RVD,MM_RVD_A9_SELECTED_R6,0,T5,2,1.0,1.0,0.0,1e-10,<PROJECT_ROOT>\mmrvd_r6_retrospective_a7s_a9r_20260815_131101\04_r6_screening_predictions\allen_vbn\1049514117\MM_RVD_A9_SELECTED_R6\seed0\seed0__T5__rep2.csv,True,PASS,
Allen VBN,521466,1049514117,MM-RVD,MM_RVD_A9_SELECTED_R6,0,T5,3,0.9977491957611652,0.9977491957611652,0.0,1e-10,<PROJECT_ROOT>\mmrvd_r6_retrospective_a7s_a9r_20260815_131101\04_r6_screening_predictions\allen_vbn\1049514117\MM_RVD_A9_SELECTED_R6\seed0\seed0__T5__rep3.csv,True,PASS,
Allen VBN,521466,1049514117,MM-RVD,MM_RVD_A9_SELECTED_R6,0,T5,4,0.9992636229749632,0.9992636229749632,0.0,1e-10,<PROJECT_ROOT>\mmrvd_r6_retrospective_a7s_a9r_20260815_131101\04_r6_screening_predictions\allen_vbn\1049514117\MM_RVD_A9_SELECTED_R6\seed0\seed0__T5__rep4.csv,True,PASS,
Allen VBN,521466,1049514117,MM-RVD,MM_RVD_A9_SELECTED_R6,1,U30,0,0.9992636229749632,0.9992636229749632,0.0,1e-10,<PROJECT_ROOT>\mmrvd_r6_retrospective_a7s_a9r_20260815_131101\04_r6_screening_predictions\allen_vbn\1049514117\MM_RVD_A9_SELECTED_R6\seed1\seed1__U30__rep0.csv,True,PASS,
Allen VBN,521466,1049514117,MM-RVD,MM_RVD_A9_SELECTED_R6,1,U30,1,0.9992636229749632,0.9992636229749632,0.0,1e-10,<PROJECT_ROOT>\mmrvd_r6_retrospective_a7s_a9r_20260815_131101\04_r6_screening_predictions\allen_vbn\1049514117\MM_RVD_A9_SELECTED_R6\seed1\seed1__U30__rep1.csv,True,PASS,
Allen VBN,521466,1049514117,MM-RVD,MM_RVD_A9_SELECTED_R6,1,U30,2,0.9992636229749632,0.9992636229749632,0.0,1e-10,<PROJECT_ROOT>\mmrvd_r6_retrospective_a7s_a9r_20260815_131101\04_r6_screening_predictions\allen_vbn\1049514117\MM_RVD_A9_SELECTED_R6\seed1\seed1__U30__rep2.csv,True,PASS,
Allen VBN,521466,1049514117,MM-RVD,MM_RVD_A9_SELECTED_R6,1,U30,3,0.9992636229749632,0.9992636229749632,0.0,1e-10,<PROJECT_ROOT>\mmrvd_r6_retrospective_a7s_a9r_20260815_131101\04_r6_screening_predictions\allen_vbn\1049514117\MM_RVD_A9_SELECTED_R6\seed1\seed1__U30__rep3.csv,True,PASS,
Allen VBN,521466,1049514117,MM-RVD,MM_RVD_A9_SELECTED_R6,1,U30,4,1.0,1.0,0.0,1e-10,<PROJECT_ROOT>\mmrvd_r6_retrospective_a7s_a9r_20260815_131101\04_r6_screening_predictions\allen_vbn\1049514117\MM_RVD_A9_SELECTED_R6\seed1\seed1__U30__rep4.csv,True,PASS,
Allen VBN,521466,1049514117,MM-RVD,MM_RVD_A9_SELECTED_R6,1,T5,0,0.9992636229749632,0.9992636229749632,0.0,1e-10,<PROJECT_ROOT>\mmrvd_r6_retrospective_a7s_a9r_20260815_131101\04_r6_screening_predictions\allen_vbn\1049514117\MM_RVD_A9_SELECTED_R6\seed1\seed1__T5__rep0.csv,True,PASS,
Allen VBN,521466,1049514117,MM-RVD,MM_RVD_A9_SELECTED_R6,1,T5,1,1.0,1.0,0.0,1e-10,<PROJECT_ROOT>\mmrvd_r6_retrospective_a7s_a9r_20260815_131101\04_r6_screening_predictions\allen_vbn\1049514117\MM_RVD_A9_SELECTED_R6\seed1\seed1__T5__rep1.csv,True,PASS,
Allen VBN,521466,1049514117,MM-RVD,MM_RVD_A9_SELECTED_R6,1,T5,2,1.0,1.0,0.0,1e-10,<PROJECT_ROOT>\mmrvd_r6_retrospective_a7s_a9r_20260815_131101\04_r6_screening_predictions\allen_vbn\1049514117\MM_RVD_A9_SELECTED_R6\seed1\seed1__T5__rep2.csv,True,PASS,
Allen VBN,521466,1049514117,MM-RVD,MM_RVD_A9_SELECTED_R6,1,T5,3,0.9977491957611652,0.9977491957611652,0.0,1e-10,<PROJECT_ROOT>\mmrvd_r6_retrospective_a7s_a9r_20260815_131101\04_r6_screening_predictions\allen_vbn\1049514117\MM_RVD_A9_SELECTED_R6\seed1\seed1__T5__rep3.csv,True,PASS,
Allen VBN,521466,1049514117,MM-RVD,MM_RVD_A9_SELECTED_R6,1,T5,4,0.9992636229749632,0.9992636229749632,0.0,1e-10,<PROJECT_ROOT>\mmrvd_r6_retrospective_a7s_a9r_20260815_131101\04_r6_screening_predictions\allen_vbn\1049514117\MM_RVD_A9_SELECTED_R6\seed1\seed1__T5__rep4.csv,True,PASS,
Allen VBN,524760,1051155866,MM-RVD,MM_RVD_A9_SELECTED_R6,0,U30,0,0.998748589095549,0.998748589095549,0.0,1e-10,<PROJECT_ROOT>\mmrvd_r6_retrospective_a7s_a9r_20260815_131101\04_r6_screening_predictions\allen_vbn\1051155866\MM_RVD_A9_SELECTED_R6\seed0\seed0__U30__rep0.csv,True,PASS,
Allen VBN,524760,1051155866,MM-RVD,MM_RVD_A9_SELECTED_R6,0,U30,1,0.998748589095549,0.998748589095549,0.0,1e-10,<PROJECT_ROOT>\mmrvd_r6_retrospective_a7s_a9r_20260815_131101\04_r6_screening_predictions\allen_vbn\1051155866\MM_RVD_A9_SELECTED_R6\seed0\seed0__U30__rep1.csv,True,PASS,
Allen VBN,524760,1051155866,MM-RVD,MM_RVD_A9_SELECTED_R6,0,U30,2,0.998748589095549,0.998748589095549,0.0,1e-10,<PROJECT_ROOT>\mmrvd_r6_retrospective_a7s_a9r_20260815_131101\04_r6_screening_predictions\allen_vbn\1051155866\MM_RVD_A9_SELECTED_R6\seed0\seed0__U30__rep2.csv,True,PASS,
Allen VBN,524760,1051155866,MM-RVD,MM_RVD_A9_SELECTED_R6,0,U30,3,0.9994192799070848,0.9994192799070848,0.0,1e-10,<PROJECT_ROOT>\mmrvd_r6_retrospective_a7s_a9r_20260815_131101\04_r6_screening_predictions\allen_vbn\1051155866\MM_RVD_A9_SELECTED_R6\seed0\seed0__U30__rep3.csv,True,PASS,
Allen VBN,524760,1051155866,MM-RVD,MM_RVD_A9_SELECTED_R6,0,U30,4,0.998748589095549,0.998748589095549,0.0,1e-10,<PROJECT_ROOT>\mmrvd_r6_retrospective_a7s_a9r_20260815_131101\04_r6_screening_predictions\allen_vbn\1051155866\MM_RVD_A9_SELECTED_R6\seed0\seed0__U30__rep4.csv,True,PASS,
Allen VBN,524760,1051155866,MM-RVD,MM_RVD_A9_SELECTED_R6,0,T5,0,0.9994192799070848,0.9994192799070848,0.0,1e-10,<PROJECT_ROOT>\mmrvd_r6_retrospective_a7s_a9r_20260815_131101\04_r6_screening_predictions\allen_vbn\1051155866\MM_RVD_A9_SELECTED_R6\seed0\seed0__T5__rep0.csv,True,PASS,
Allen VBN,524760,1051155866,MM-RVD,MM_RVD_A9_SELECTED_R6,0,T5,1,0.9987224157955864,0.9987224157955865,1.1102230246251565e-16,1e-10,<PROJECT_ROOT>\mmrvd_r6_retrospective_a7s_a9r_20260815_131101\04_r6_screening_predictions\allen_vbn\1051155866\MM_RVD_A9_SELECTED_R6\seed0\seed0__T5__rep1.csv,True,PASS,
Allen VBN,524760,1051155866,MM-RVD,MM_RVD_A9_SELECTED_R6,0,T5,2,0.9994192799070848,0.9994192799070848,0.0,1e-10,<PROJECT_ROOT>\mmrvd_r6_retrospective_a7s_a9r_20260815_131101\04_r6_screening_predictions\allen_vbn\1051155866\MM_RVD_A9_SELECTED_R6\seed0\seed0__T5__rep2.csv,True,PASS,
Allen VBN,524760,1051155866,MM-RVD,MM_RVD_A9_SELECTED_R6,0,T5,3,0.9993293091884642,0.9993293091884642,0.0,1e-10,<PROJECT_ROOT>\mmrvd_r6_retrospective_a7s_a9r_20260815_131101\04_r6_screening_predictions\allen_vbn\1051155866\MM_RVD_A9_SELECTED_R6\seed0\seed0__T5__rep3.csv,True,PASS,
Allen VBN,524760,1051155866,MM-RVD,MM_RVD_A9_SELECTED_R6,0,T5,4,1.0,1.0,0.0,1e-10,<PROJECT_ROOT>\mmrvd_r6_retrospective_a7s_a9r_20260815_131101\04_r6_screening_predictions\allen_vbn\1051155866\MM_RVD_A9_SELECTED_R6\seed0\seed0__T5__rep4.csv,True,PASS,
Allen VBN,524760,1051155866,MM-RVD,MM_RVD_A9_SELECTED_R6,1,U30,0,0.998748589095549,0.998748589095549,0.0,1e-10,<PROJECT_ROOT>\mmrvd_r6_retrospective_a7s_a9r_20260815_131101\04_r6_screening_predictions\allen_vbn\1051155866\MM_RVD_A9_SELECTED_R6\seed1\seed1__U30__rep0.csv,True,PASS,
Allen VBN,524760,1051155866,MM-RVD,MM_RVD_A9_SELECTED_R6,1,U30,1,0.998748589095549,0.998748589095549,0.0,1e-10,<PROJECT_ROOT>\mmrvd_r6_retrospective_a7s_a9r_20260815_131101\04_r6_screening_predictions\allen_vbn\1051155866\MM_RVD_A9_SELECTED_R6\seed1\seed1__U30__rep1.csv,True,PASS,
Allen VBN,524760,1051155866,MM-RVD,MM_RVD_A9_SELECTED_R6,1,U30,2,0.998748589095549,0.998748589095549,0.0,1e-10,<PROJECT_ROOT>\mmrvd_r6_retrospective_a7s_a9r_20260815_131101\04_r6_screening_predictions\allen_vbn\1051155866\MM_RVD_A9_SELECTED_R6\seed1\seed1__U30__rep2.csv,True,PASS,
Allen VBN,524760,1051155866,MM-RVD,MM_RVD_A9_SELECTED_R6,1,U30,3,0.9994192799070848,0.9994192799070848,0.0,1e-10,<PROJECT_ROOT>\mmrvd_r6_retrospective_a7s_a9r_20260815_131101\04_r6_screening_predictions\allen_vbn\1051155866\MM_RVD_A9_SELECTED_R6\seed1\seed1__U30__rep3.csv,True,PASS,
Allen VBN,524760,1051155866,MM-RVD,MM_RVD_A9_SELECTED_R6,1,U30,4,0.998748589095549,0.998748589095549,0.0,1e-10,<PROJECT_ROOT>\mmrvd_r6_retrospective_a7s_a9r_20260815_131101\04_r6_screening_predictions\allen_vbn\1051155866\MM_RVD_A9_SELECTED_R6\seed1\seed1__U30__rep4.csv,True,PASS,
Allen VBN,524760,1051155866,MM-RVD,MM_RVD_A9_SELECTED_R6,1,T5,0,0.9994192799070848,0.9994192799070848,0.0,1e-10,<PROJECT_ROOT>\mmrvd_r6_retrospective_a7s_a9r_20260815_131101\04_r6_screening_predictions\allen_vbn\1051155866\MM_RVD_A9_SELECTED_R6\seed1\seed1__T5__rep0.csv,True,PASS,
Allen VBN,524760,1051155866,MM-RVD,MM_RVD_A9_SELECTED_R6,1,T5,1,0.9987224157955864,0.9987224157955865,1.1102230246251565e-16,1e-10,<PROJECT_ROOT>\mmrvd_r6_retrospective_a7s_a9r_20260815_131101\04_r6_screening_predictions\allen_vbn\1051155866\MM_RVD_A9_SELECTED_R6\seed1\seed1__T5__rep1.csv,True,PASS,
Allen VBN,524760,1051155866,MM-RVD,MM_RVD_A9_SELECTED_R6,1,T5,2,0.9994192799070848,0.9994192799070848,0.0,1e-10,<PROJECT_ROOT>\mmrvd_r6_retrospective_a7s_a9r_20260815_131101\04_r6_screening_predictions\allen_vbn\1051155866\MM_RVD_A9_SELECTED_R6\seed1\seed1__T5__rep2.csv,True,PASS,
Allen VBN,524760,1051155866,MM-RVD,MM_RVD_A9_SELECTED_R6,1,T5,3,0.9993293091884642,0.9993293091884642,0.0,1e-10,<PROJECT_ROOT>\mmrvd_r6_retrospective_a7s_a9r_20260815_131101\04_r6_screening_predictions\allen_vbn\1051155866\MM_RVD_A9_SELECTED_R6\seed1\seed1__T5__rep3.csv,True,PASS,
Allen VBN,524760,1051155866,MM-RVD,MM_RVD_A9_SELECTED_R6,1,T5,4,1.0,1.0,0.0,1e-10,<PROJECT_ROOT>\mmrvd_r6_retrospective_a7s_a9r_20260815_131101\04_r6_screening_predictions\allen_vbn\1051155866\MM_RVD_A9_SELECTED_R6\seed1\seed1__T5__rep4.csv,True,PASS,
Allen VBN,527749,1053718935,MM-RVD,MM_RVD_A9_SELECTED_R6,0,U30,0,1.0,1.0,0.0,1e-10,<PROJECT_ROOT>\mmrvd_r6_retrospective_a7s_a9r_20260815_131101\04_r6_screening_predictions\allen_vbn\1053718935\MM_RVD_A9_SELECTED_R6\seed0\seed0__U30__rep0.csv,True,PASS,
Allen VBN,527749,1053718935,MM-RVD,MM_RVD_A9_SELECTED_R6,0,U30,1,0.9994308480364256,0.9994308480364257,1.1102230246251565e-16,1e-10,<PROJECT_ROOT>\mmrvd_r6_retrospective_a7s_a9r_20260815_131101\04_r6_screening_predictions\allen_vbn\1053718935\MM_RVD_A9_SELECTED_R6\seed0\seed0__U30__rep1.csv,True,PASS,
Allen VBN,527749,1053718935,MM-RVD,MM_RVD_A9_SELECTED_R6,0,U30,2,0.99937343358396,0.9993734335839599,1.1102230246251565e-16,1e-10,<PROJECT_ROOT>\mmrvd_r6_retrospective_a7s_a9r_20260815_131101\04_r6_screening_predictions\allen_vbn\1053718935\MM_RVD_A9_SELECTED_R6\seed0\seed0__U30__rep2.csv,True,PASS,
Allen VBN,527749,1053718935,MM-RVD,MM_RVD_A9_SELECTED_R6,0,U30,3,0.99937343358396,0.9993734335839599,1.1102230246251565e-16,1e-10,<PROJECT_ROOT>\mmrvd_r6_retrospective_a7s_a9r_20260815_131101\04_r6_screening_predictions\allen_vbn\1053718935\MM_RVD_A9_SELECTED_R6\seed0\seed0__U30__rep3.csv,True,PASS,
Allen VBN,527749,1053718935,MM-RVD,MM_RVD_A9_SELECTED_R6,0,U30,4,0.9988042816203856,0.9988042816203856,0.0,1e-10,<PROJECT_ROOT>\mmrvd_r6_retrospective_a7s_a9r_20260815_131101\04_r6_screening_predictions\allen_vbn\1053718935\MM_RVD_A9_SELECTED_R6\seed0\seed0__U30__rep4.csv,True,PASS,
Allen VBN,527749,1053718935,MM-RVD,MM_RVD_A9_SELECTED_R6,0,T5,0,0.99937343358396,0.9993734335839599,1.1102230246251565e-16,1e-10,<PROJECT_ROOT>\mmrvd_r6_retrospective_a7s_a9r_20260815_131101\04_r6_screening_predictions\allen_vbn\1053718935\MM_RVD_A9_SELECTED_R6\seed0\seed0__T5__rep0.csv,True,PASS,
Allen VBN,527749,1053718935,MM-RVD,MM_RVD_A9_SELECTED_R6,0,T5,1,0.9988042816203856,0.9988042816203856,0.0,1e-10,<PROJECT_ROOT>\mmrvd_r6_retrospective_a7s_a9r_20260815_131101\04_r6_screening_predictions\allen_vbn\1053718935\MM_RVD_A9_SELECTED_R6\seed0\seed0__T5__rep1.csv,True,PASS,
Allen VBN,527749,1053718935,MM-RVD,MM_RVD_A9_SELECTED_R6,0,T5,2,0.9993678887484198,0.9993678887484198,0.0,1e-10,<PROJECT_ROOT>\mmrvd_r6_retrospective_a7s_a9r_20260815_131101\04_r6_screening_predictions\allen_vbn\1053718935\MM_RVD_A9_SELECTED_R6\seed0\seed0__T5__rep2.csv,True,PASS,
Allen VBN,527749,1053718935,MM-RVD,MM_RVD_A9_SELECTED_R6,0,T5,3,0.9993678887484198,0.9993678887484198,0.0,1e-10,<PROJECT_ROOT>\mmrvd_r6_retrospective_a7s_a9r_20260815_131101\04_r6_screening_predictions\allen_vbn\1053718935\MM_RVD_A9_SELECTED_R6\seed0\seed0__T5__rep3.csv,True,PASS,
Allen VBN,527749,1053718935,MM-RVD,MM_RVD_A9_SELECTED_R6,0,T5,4,0.9993678887484198,0.9993678887484198,0.0,1e-10,<PROJECT_ROOT>\mmrvd_r6_retrospective_a7s_a9r_20260815_131101\04_r6_screening_predictions\allen_vbn\1053718935\MM_RVD_A9_SELECTED_R6\seed0\seed0__T5__rep4.csv,True,PASS,
Allen VBN,527749,1053718935,MM-RVD,MM_RVD_A9_SELECTED_R6,1,U30,0,1.0,1.0,0.0,1e-10,<PROJECT_ROOT>\mmrvd_r6_retrospective_a7s_a9r_20260815_131101\04_r6_screening_predictions\allen_vbn\1053718935\MM_RVD_A9_SELECTED_R6\seed1\seed1__U30__rep0.csv,True,PASS,
Allen VBN,527749,1053718935,MM-RVD,MM_RVD_A9_SELECTED_R6,1,U30,1,0.9994308480364256,0.9994308480364257,1.1102230246251565e-16,1e-10,<PROJECT_ROOT>\mmrvd_r6_retrospective_a7s_a9r_20260815_131101\04_r6_screening_predictions\allen_vbn\1053718935\MM_RVD_A9_SELECTED_R6\seed1\seed1__U30__rep1.csv,True,PASS,
Allen VBN,527749,1053718935,MM-RVD,MM_RVD_A9_SELECTED_R6,1,U30,2,0.99937343358396,0.9993734335839599,1.1102230246251565e-16,1e-10,<PROJECT_ROOT>\mmrvd_r6_retrospective_a7s_a9r_20260815_131101\04_r6_screening_predictions\allen_vbn\1053718935\MM_RVD_A9_SELECTED_R6\seed1\seed1__U30__rep2.csv,True,PASS,
Allen VBN,527749,1053718935,MM-RVD,MM_RVD_A9_SELECTED_R6,1,U30,3,0.99937343358396,0.9993734335839599,1.1102230246251565e-16,1e-10,<PROJECT_ROOT>\mmrvd_r6_retrospective_a7s_a9r_20260815_131101\04_r6_screening_predictions\allen_vbn\1053718935\MM_RVD_A9_SELECTED_R6\seed1\seed1__U30__rep3.csv,True,PASS,
Allen VBN,527749,1053718935,MM-RVD,MM_RVD_A9_SELECTED_R6,1,U30,4,0.9988042816203856,0.9988042816203856,0.0,1e-10,<PROJECT_ROOT>\mmrvd_r6_retrospective_a7s_a9r_20260815_131101\04_r6_screening_predictions\allen_vbn\1053718935\MM_RVD_A9_SELECTED_R6\seed1\seed1__U30__rep4.csv,True,PASS,
Allen VBN,527749,1053718935,MM-RVD,MM_RVD_A9_SELECTED_R6,1,T5,0,0.99937343358396,0.9993734335839599,1.1102230246251565e-16,1e-10,<PROJECT_ROOT>\mmrvd_r6_retrospective_a7s_a9r_20260815_131101\04_r6_screening_predictions\allen_vbn\1053718935\MM_RVD_A9_SELECTED_R6\seed1\seed1__T5__rep0.csv,True,PASS,
Allen VBN,527749,1053718935,MM-RVD,MM_RVD_A9_SELECTED_R6,1,T5,1,0.9988042816203856,0.9988042816203856,0.0,1e-10,<PROJECT_ROOT>\mmrvd_r6_retrospective_a7s_a9r_20260815_131101\04_r6_screening_predictions\allen_vbn\1053718935\MM_RVD_A9_SELECTED_R6\seed1\seed1__T5__rep1.csv,True,PASS,
Allen VBN,527749,1053718935,MM-RVD,MM_RVD_A9_SELECTED_R6,1,T5,2,0.9993678887484198,0.9993678887484198,0.0,1e-10,<PROJECT_ROOT>\mmrvd_r6_retrospective_a7s_a9r_20260815_131101\04_r6_screening_predictions\allen_vbn\1053718935\MM_RVD_A9_SELECTED_R6\seed1\seed1__T5__rep2.csv,True,PASS,
Allen VBN,527749,1053718935,MM-RVD,MM_RVD_A9_SELECTED_R6,1,T5,3,0.9993678887484198,0.9993678887484198,0.0,1e-10,<PROJECT_ROOT>\mmrvd_r6_retrospective_a7s_a9r_20260815_131101\04_r6_screening_predictions\allen_vbn\1053718935\MM_RVD_A9_SELECTED_R6\seed1\seed1__T5__rep3.csv,True,PASS,
Allen VBN,527749,1053718935,MM-RVD,MM_RVD_A9_SELECTED_R6,1,T5,4,0.9993678887484198,0.9993678887484198,0.0,1e-10,<PROJECT_ROOT>\mmrvd_r6_retrospective_a7s_a9r_20260815_131101\04_r6_screening_predictions\allen_vbn\1053718935\MM_RVD_A9_SELECTED_R6\seed1\seed1__T5__rep4.csv,True,PASS,
Allen VBN,531237,1056495334,MM-RVD,MM_RVD_A9_SELECTED_R6,0,U30,0,0.9973924389581288,0.9973924389581287,1.1102230246251565e-16,1e-10,<PROJECT_ROOT>\mmrvd_r6_retrospective_a7s_a9r_20260815_131101\04_r6_screening_predictions\allen_vbn\1056495334\MM_RVD_A9_SELECTED_R6\seed0\seed0__U30__rep0.csv,True,PASS,
Allen VBN,531237,1056495334,MM-RVD,MM_RVD_A9_SELECTED_R6,0,U30,1,0.9993476842791912,0.9993476842791911,1.1102230246251565e-16,1e-10,<PROJECT_ROOT>\mmrvd_r6_retrospective_a7s_a9r_20260815_131101\04_r6_screening_predictions\allen_vbn\1056495334\MM_RVD_A9_SELECTED_R6\seed0\seed0__U30__rep1.csv,True,PASS,
Allen VBN,531237,1056495334,MM-RVD,MM_RVD_A9_SELECTED_R6,0,U30,2,0.9980489829804898,0.9980489829804898,0.0,1e-10,<PROJECT_ROOT>\mmrvd_r6_retrospective_a7s_a9r_20260815_131101\04_r6_screening_predictions\allen_vbn\1056495334\MM_RVD_A9_SELECTED_R6\seed0\seed0__U30__rep2.csv,True,PASS,
Allen VBN,531237,1056495334,MM-RVD,MM_RVD_A9_SELECTED_R6,0,U30,3,0.9974922513109056,0.9974922513109055,1.1102230246251565e-16,1e-10,<PROJECT_ROOT>\mmrvd_r6_retrospective_a7s_a9r_20260815_131101\04_r6_screening_predictions\allen_vbn\1056495334\MM_RVD_A9_SELECTED_R6\seed0\seed0__U30__rep3.csv,True,PASS,
Allen VBN,531237,1056495334,MM-RVD,MM_RVD_A9_SELECTED_R6,0,U30,4,0.9980825700830424,0.9980825700830425,1.1102230246251565e-16,1e-10,<PROJECT_ROOT>\mmrvd_r6_retrospective_a7s_a9r_20260815_131101\04_r6_screening_predictions\allen_vbn\1056495334\MM_RVD_A9_SELECTED_R6\seed0\seed0__U30__rep4.csv,True,PASS,
Allen VBN,531237,1056495334,MM-RVD,MM_RVD_A9_SELECTED_R6,0,T5,0,0.9969253578868692,0.9969253578868693,1.1102230246251565e-16,1e-10,<PROJECT_ROOT>\mmrvd_r6_retrospective_a7s_a9r_20260815_131101\04_r6_screening_predictions\allen_vbn\1056495334\MM_RVD_A9_SELECTED_R6\seed0\seed0__T5__rep0.csv,True,PASS,
Allen VBN,531237,1056495334,MM-RVD,MM_RVD_A9_SELECTED_R6,0,T5,1,0.9975288034849162,0.9975288034849162,0.0,1e-10,<PROJECT_ROOT>\mmrvd_r6_retrospective_a7s_a9r_20260815_131101\04_r6_screening_predictions\allen_vbn\1056495334\MM_RVD_A9_SELECTED_R6\seed0\seed0__T5__rep1.csv,True,PASS,
Allen VBN,531237,1056495334,MM-RVD,MM_RVD_A9_SELECTED_R6,0,T5,2,0.9973588518555762,0.9973588518555762,0.0,1e-10,<PROJECT_ROOT>\mmrvd_r6_retrospective_a7s_a9r_20260815_131101\04_r6_screening_predictions\allen_vbn\1056495334\MM_RVD_A9_SELECTED_R6\seed0\seed0__T5__rep2.csv,True,PASS,
Allen VBN,531237,1056495334,MM-RVD,MM_RVD_A9_SELECTED_R6,0,T5,3,0.9974668065362444,0.9974668065362443,1.1102230246251565e-16,1e-10,<PROJECT_ROOT>\mmrvd_r6_retrospective_a7s_a9r_20260815_131101\04_r6_screening_predictions\allen_vbn\1056495334\MM_RVD_A9_SELECTED_R6\seed0\seed0__T5__rep3.csv,True,PASS,
Allen VBN,531237,1056495334,MM-RVD,MM_RVD_A9_SELECTED_R6,0,T5,4,0.9986983336298404,0.9986983336298404,0.0,1e-10,<PROJECT_ROOT>\mmrvd_r6_retrospective_a7s_a9r_20260815_131101\04_r6_screening_predictions\allen_vbn\1056495334\MM_RVD_A9_SELECTED_R6\seed0\seed0__T5__rep4.csv,True,PASS,
Allen VBN,531237,1056495334,MM-RVD,MM_RVD_A9_SELECTED_R6,1,U30,0,0.9973924389581288,0.9973924389581287,1.1102230246251565e-16,1e-10,<PROJECT_ROOT>\mmrvd_r6_retrospective_a7s_a9r_20260815_131101\04_r6_screening_predictions\allen_vbn\1056495334\MM_RVD_A9_SELECTED_R6\seed1\seed1__U30__rep0.csv,True,PASS,
Allen VBN,531237,1056495334,MM-RVD,MM_RVD_A9_SELECTED_R6,1,U30,1,0.9993476842791912,0.9993476842791911,1.1102230246251565e-16,1e-10,<PROJECT_ROOT>\mmrvd_r6_retrospective_a7s_a9r_20260815_131101\04_r6_screening_predictions\allen_vbn\1056495334\MM_RVD_A9_SELECTED_R6\seed1\seed1__U30__rep1.csv,True,PASS,
Allen VBN,531237,1056495334,MM-RVD,MM_RVD_A9_SELECTED_R6,1,U30,2,0.9980489829804898,0.9980489829804898,0.0,1e-10,<PROJECT_ROOT>\mmrvd_r6_retrospective_a7s_a9r_20260815_131101\04_r6_screening_predictions\allen_vbn\1056495334\MM_RVD_A9_SELECTED_R6\seed1\seed1__U30__rep2.csv,True,PASS,
Allen VBN,531237,1056495334,MM-RVD,MM_RVD_A9_SELECTED_R6,1,U30,3,0.9974922513109056,0.9974922513109055,1.1102230246251565e-16,1e-10,<PROJECT_ROOT>\mmrvd_r6_retrospective_a7s_a9r_20260815_131101\04_r6_screening_predictions\allen_vbn\1056495334\MM_RVD_A9_SELECTED_R6\seed1\seed1__U30__rep3.csv,True,PASS,
Allen VBN,531237,1056495334,MM-RVD,MM_RVD_A9_SELECTED_R6,1,U30,4,0.9980825700830424,0.9980825700830425,1.1102230246251565e-16,1e-10,<PROJECT_ROOT>\mmrvd_r6_retrospective_a7s_a9r_20260815_131101\04_r6_screening_predictions\allen_vbn\1056495334\MM_RVD_A9_SELECTED_R6\seed1\seed1__U30__rep4.csv,True,PASS,
Allen VBN,531237,1056495334,MM-RVD,MM_RVD_A9_SELECTED_R6,1,T5,0,0.9969253578868692,0.9969253578868693,1.1102230246251565e-16,1e-10,<PROJECT_ROOT>\mmrvd_r6_retrospective_a7s_a9r_20260815_131101\04_r6_screening_predictions\allen_vbn\1056495334\MM_RVD_A9_SELECTED_R6\seed1\seed1__T5__rep0.csv,True,PASS,
Allen VBN,531237,1056495334,MM-RVD,MM_RVD_A9_SELECTED_R6,1,T5,1,0.9975288034849162,0.9975288034849162,0.0,1e-10,<PROJECT_ROOT>\mmrvd_r6_retrospective_a7s_a9r_20260815_131101\04_r6_screening_predictions\allen_vbn\1056495334\MM_RVD_A9_SELECTED_R6\seed1\seed1__T5__rep1.csv,True,PASS,
Allen VBN,531237,1056495334,MM-RVD,MM_RVD_A9_SELECTED_R6,1,T5,2,0.9973588518555762,0.9973588518555762,0.0,1e-10,<PROJECT_ROOT>\mmrvd_r6_retrospective_a7s_a9r_20260815_131101\04_r6_screening_predictions\allen_vbn\1056495334\MM_RVD_A9_SELECTED_R6\seed1\seed1__T5__rep2.csv,True,PASS,
Allen VBN,531237,1056495334,MM-RVD,MM_RVD_A9_SELECTED_R6,1,T5,3,0.9974668065362444,0.9974668065362443,1.1102230246251565e-16,1e-10,<PROJECT_ROOT>\mmrvd_r6_retrospective_a7s_a9r_20260815_131101\04_r6_screening_predictions\allen_vbn\1056495334\MM_RVD_A9_SELECTED_R6\seed1\seed1__T5__rep3.csv,True,PASS,
Allen VBN,531237,1056495334,MM-RVD,MM_RVD_A9_SELECTED_R6,1,T5,4,0.9986983336298404,0.9986983336298404,0.0,1e-10,<PROJECT_ROOT>\mmrvd_r6_retrospective_a7s_a9r_20260815_131101\04_r6_screening_predictions\allen_vbn\1056495334\MM_RVD_A9_SELECTED_R6\seed1\seed1__T5__rep4.csv,True,PASS,
Allen VBN,544837,1069458330,MM-RVD,MM_RVD_A9_SELECTED_R6,0,U30,0,1.0,1.0,0.0,1e-10,<PROJECT_ROOT>\mmrvd_r6_retrospective_a7s_a9r_20260815_131101\04_r6_screening_predictions\allen_vbn\1069458330\MM_RVD_A9_SELECTED_R6\seed0\seed0__U30__rep0.csv,True,PASS,
Allen VBN,544837,1069458330,MM-RVD,MM_RVD_A9_SELECTED_R6,0,U30,1,1.0,1.0,0.0,1e-10,<PROJECT_ROOT>\mmrvd_r6_retrospective_a7s_a9r_20260815_131101\04_r6_screening_predictions\allen_vbn\1069458330\MM_RVD_A9_SELECTED_R6\seed0\seed0__U30__rep1.csv,True,PASS,
Allen VBN,544837,1069458330,MM-RVD,MM_RVD_A9_SELECTED_R6,0,U30,2,1.0,1.0,0.0,1e-10,<PROJECT_ROOT>\mmrvd_r6_retrospective_a7s_a9r_20260815_131101\04_r6_screening_predictions\allen_vbn\1069458330\MM_RVD_A9_SELECTED_R6\seed0\seed0__U30__rep2.csv,True,PASS,
Allen VBN,544837,1069458330,MM-RVD,MM_RVD_A9_SELECTED_R6,0,U30,3,0.9994216310005783,0.9994216310005785,1.1102230246251565e-16,1e-10,<PROJECT_ROOT>\mmrvd_r6_retrospective_a7s_a9r_20260815_131101\04_r6_screening_predictions\allen_vbn\1069458330\MM_RVD_A9_SELECTED_R6\seed0\seed0__U30__rep3.csv,True,PASS,
Allen VBN,544837,1069458330,MM-RVD,MM_RVD_A9_SELECTED_R6,0,U30,4,1.0,1.0,0.0,1e-10,<PROJECT_ROOT>\mmrvd_r6_retrospective_a7s_a9r_20260815_131101\04_r6_screening_predictions\allen_vbn\1069458330\MM_RVD_A9_SELECTED_R6\seed0\seed0__U30__rep4.csv,True,PASS,
Allen VBN,544837,1069458330,MM-RVD,MM_RVD_A9_SELECTED_R6,0,T5,0,0.999496981891348,0.9994969818913481,1.1102230246251565e-16,1e-10,<PROJECT_ROOT>\mmrvd_r6_retrospective_a7s_a9r_20260815_131101\04_r6_screening_predictions\allen_vbn\1069458330\MM_RVD_A9_SELECTED_R6\seed0\seed0__T5__rep0.csv,True,PASS,
Allen VBN,544837,1069458330,MM-RVD,MM_RVD_A9_SELECTED_R6,0,T5,1,1.0,1.0,0.0,1e-10,<PROJECT_ROOT>\mmrvd_r6_retrospective_a7s_a9r_20260815_131101\04_r6_screening_predictions\allen_vbn\1069458330\MM_RVD_A9_SELECTED_R6\seed0\seed0__T5__rep1.csv,True,PASS,
Allen VBN,544837,1069458330,MM-RVD,MM_RVD_A9_SELECTED_R6,0,T5,2,1.0,1.0,0.0,1e-10,<PROJECT_ROOT>\mmrvd_r6_retrospective_a7s_a9r_20260815_131101\04_r6_screening_predictions\allen_vbn\1069458330\MM_RVD_A9_SELECTED_R6\seed0\seed0__T5__rep2.csv,True,PASS,
Allen VBN,544837,1069458330,MM-RVD,MM_RVD_A9_SELECTED_R6,0,T5,3,1.0,1.0,0.0,1e-10,<PROJECT_ROOT>\mmrvd_r6_retrospective_a7s_a9r_20260815_131101\04_r6_screening_predictions\allen_vbn\1069458330\MM_RVD_A9_SELECTED_R6\seed0\seed0__T5__rep3.csv,True,PASS,
Allen VBN,544837,1069458330,MM-RVD,MM_RVD_A9_SELECTED_R6,0,T5,4,0.9988679211445428,0.9988679211445428,0.0,1e-10,<PROJECT_ROOT>\mmrvd_r6_retrospective_a7s_a9r_20260815_131101\04_r6_screening_predictions\allen_vbn\1069458330\MM_RVD_A9_SELECTED_R6\seed0\seed0__T5__rep4.csv,True,PASS,
Allen VBN,544837,1069458330,MM-RVD,MM_RVD_A9_SELECTED_R6,1,U30,0,1.0,1.0,0.0,1e-10,<PROJECT_ROOT>\mmrvd_r6_retrospective_a7s_a9r_20260815_131101\04_r6_screening_predictions\allen_vbn\1069458330\MM_RVD_A9_SELECTED_R6\seed1\seed1__U30__rep0.csv,True,PASS,
Allen VBN,544837,1069458330,MM-RVD,MM_RVD_A9_SELECTED_R6,1,U30,1,1.0,1.0,0.0,1e-10,<PROJECT_ROOT>\mmrvd_r6_retrospective_a7s_a9r_20260815_131101\04_r6_screening_predictions\allen_vbn\1069458330\MM_RVD_A9_SELECTED_R6\seed1\seed1__U30__rep1.csv,True,PASS,
Allen VBN,544837,1069458330,MM-RVD,MM_RVD_A9_SELECTED_R6,1,U30,2,1.0,1.0,0.0,1e-10,<PROJECT_ROOT>\mmrvd_r6_retrospective_a7s_a9r_20260815_131101\04_r6_screening_predictions\allen_vbn\1069458330\MM_RVD_A9_SELECTED_R6\seed1\seed1__U30__rep2.csv,True,PASS,
Allen VBN,544837,1069458330,MM-RVD,MM_RVD_A9_SELECTED_R6,1,U30,3,0.9994216310005783,0.9994216310005785,1.1102230246251565e-16,1e-10,<PROJECT_ROOT>\mmrvd_r6_retrospective_a7s_a9r_20260815_131101\04_r6_screening_predictions\allen_vbn\1069458330\MM_RVD_A9_SELECTED_R6\seed1\seed1__U30__rep3.csv,True,PASS,
Allen VBN,544837,1069458330,MM-RVD,MM_RVD_A9_SELECTED_R6,1,U30,4,1.0,1.0,0.0,1e-10,<PROJECT_ROOT>\mmrvd_r6_retrospective_a7s_a9r_20260815_131101\04_r6_screening_predictions\allen_vbn\1069458330\MM_RVD_A9_SELECTED_R6\seed1\seed1__U30__rep4.csv,True,PASS,
Allen VBN,544837,1069458330,MM-RVD,MM_RVD_A9_SELECTED_R6,1,T5,0,0.999496981891348,0.9994969818913481,1.1102230246251565e-16,1e-10,<PROJECT_ROOT>\mmrvd_r6_retrospective_a7s_a9r_20260815_131101\04_r6_screening_predictions\allen_vbn\1069458330\MM_RVD_A9_SELECTED_R6\seed1\seed1__T5__rep0.csv,True,PASS,
Allen VBN,544837,1069458330,MM-RVD,MM_RVD_A9_SELECTED_R6,1,T5,1,1.0,1.0,0.0,1e-10,<PROJECT_ROOT>\mmrvd_r6_retrospective_a7s_a9r_20260815_131101\04_r6_screening_predictions\allen_vbn\1069458330\MM_RVD_A9_SELECTED_R6\seed1\seed1__T5__rep1.csv,True,PASS,
Allen VBN,544837,1069458330,MM-RVD,MM_RVD_A9_SELECTED_R6,1,T5,2,1.0,1.0,0.0,1e-10,<PROJECT_ROOT>\mmrvd_r6_retrospective_a7s_a9r_20260815_131101\04_r6_screening_predictions\allen_vbn\1069458330\MM_RVD_A9_SELECTED_R6\seed1\seed1__T5__rep2.csv,True,PASS,
Allen VBN,544837,1069458330,MM-RVD,MM_RVD_A9_SELECTED_R6,1,T5,3,1.0,1.0,0.0,1e-10,<PROJECT_ROOT>\mmrvd_r6_retrospective_a7s_a9r_20260815_131101\04_r6_screening_predictions\allen_vbn\1069458330\MM_RVD_A9_SELECTED_R6\seed1\seed1__T5__rep3.csv,True,PASS,
Allen VBN,544837,1069458330,MM-RVD,MM_RVD_A9_SELECTED_R6,1,T5,4,0.9988679211445428,0.9988679211445428,0.0,1e-10,<PROJECT_ROOT>\mmrvd_r6_retrospective_a7s_a9r_20260815_131101\04_r6_screening_predictions\allen_vbn\1069458330\MM_RVD_A9_SELECTED_R6\seed1\seed1__T5__rep4.csv,True,PASS,
Allen VBN,546507,1072567062,MM-RVD,MM_RVD_A9_SELECTED_R6,0,U30,0,0.9994262765347104,0.9994262765347103,1.1102230246251565e-16,1e-10,<PROJECT_ROOT>\mmrvd_r6_retrospective_a7s_a9r_20260815_131101\04_r6_screening_predictions\allen_vbn\1072567062\MM_RVD_A9_SELECTED_R6\seed0\seed0__U30__rep0.csv,True,PASS,
Allen VBN,546507,1072567062,MM-RVD,MM_RVD_A9_SELECTED_R6,0,U30,1,1.0,1.0,0.0,1e-10,<PROJECT_ROOT>\mmrvd_r6_retrospective_a7s_a9r_20260815_131101\04_r6_screening_predictions\allen_vbn\1072567062\MM_RVD_A9_SELECTED_R6\seed0\seed0__U30__rep1.csv,True,PASS,
Allen VBN,546507,1072567062,MM-RVD,MM_RVD_A9_SELECTED_R6,0,U30,2,0.9987011133729988,0.9987011133729988,0.0,1e-10,<PROJECT_ROOT>\mmrvd_r6_retrospective_a7s_a9r_20260815_131101\04_r6_screening_predictions\allen_vbn\1072567062\MM_RVD_A9_SELECTED_R6\seed0\seed0__U30__rep2.csv,True,PASS,
Allen VBN,546507,1072567062,MM-RVD,MM_RVD_A9_SELECTED_R6,0,U30,3,0.9992748368382884,0.9992748368382885,1.1102230246251565e-16,1e-10,<PROJECT_ROOT>\mmrvd_r6_retrospective_a7s_a9r_20260815_131101\04_r6_screening_predictions\allen_vbn\1072567062\MM_RVD_A9_SELECTED_R6\seed0\seed0__U30__rep3.csv,True,PASS,
Allen VBN,546507,1072567062,MM-RVD,MM_RVD_A9_SELECTED_R6,0,U30,4,0.9992748368382884,0.9992748368382885,1.1102230246251565e-16,1e-10,<PROJECT_ROOT>\mmrvd_r6_retrospective_a7s_a9r_20260815_131101\04_r6_screening_predictions\allen_vbn\1072567062\MM_RVD_A9_SELECTED_R6\seed0\seed0__U30__rep4.csv,True,PASS,
Allen VBN,546507,1072567062,MM-RVD,MM_RVD_A9_SELECTED_R6,0,T5,0,0.9980743730360928,0.9980743730360929,1.1102230246251565e-16,1e-10,<PROJECT_ROOT>\mmrvd_r6_retrospective_a7s_a9r_20260815_131101\04_r6_screening_predictions\allen_vbn\1072567062\MM_RVD_A9_SELECTED_R6\seed0\seed0__T5__rep0.csv,True,PASS,
Allen VBN,546507,1072567062,MM-RVD,MM_RVD_A9_SELECTED_R6,0,T5,1,0.9972079010561414,0.9972079010561414,0.0,1e-10,<PROJECT_ROOT>\mmrvd_r6_retrospective_a7s_a9r_20260815_131101\04_r6_screening_predictions\allen_vbn\1072567062\MM_RVD_A9_SELECTED_R6\seed0\seed0__T5__rep1.csv,True,PASS,
Allen VBN,546507,1072567062,MM-RVD,MM_RVD_A9_SELECTED_R6,0,T5,2,0.9986672981062884,0.9986672981062883,1.1102230246251565e-16,1e-10,<PROJECT_ROOT>\mmrvd_r6_retrospective_a7s_a9r_20260815_131101\04_r6_screening_predictions\allen_vbn\1072567062\MM_RVD_A9_SELECTED_R6\seed0\seed0__T5__rep2.csv,True,PASS,
Allen VBN,546507,1072567062,MM-RVD,MM_RVD_A9_SELECTED_R6,0,T5,3,0.9992748368382884,0.9992748368382885,1.1102230246251565e-16,1e-10,<PROJECT_ROOT>\mmrvd_r6_retrospective_a7s_a9r_20260815_131101\04_r6_screening_predictions\allen_vbn\1072567062\MM_RVD_A9_SELECTED_R6\seed0\seed0__T5__rep3.csv,True,PASS,
Allen VBN,546507,1072567062,MM-RVD,MM_RVD_A9_SELECTED_R6,0,T5,4,0.9992748368382884,0.9992748368382885,1.1102230246251565e-16,1e-10,<PROJECT_ROOT>\mmrvd_r6_retrospective_a7s_a9r_20260815_131101\04_r6_screening_predictions\allen_vbn\1072567062\MM_RVD_A9_SELECTED_R6\seed0\seed0__T5__rep4.csv,True,PASS,
Allen VBN,546507,1072567062,MM-RVD,MM_RVD_A9_SELECTED_R6,1,U30,0,0.9994262765347104,0.9994262765347103,1.1102230246251565e-16,1e-10,<PROJECT_ROOT>\mmrvd_r6_retrospective_a7s_a9r_20260815_131101\04_r6_screening_predictions\allen_vbn\1072567062\MM_RVD_A9_SELECTED_R6\seed1\seed1__U30__rep0.csv,True,PASS,
Allen VBN,546507,1072567062,MM-RVD,MM_RVD_A9_SELECTED_R6,1,U30,1,1.0,1.0,0.0,1e-10,<PROJECT_ROOT>\mmrvd_r6_retrospective_a7s_a9r_20260815_131101\04_r6_screening_predictions\allen_vbn\1072567062\MM_RVD_A9_SELECTED_R6\seed1\seed1__U30__rep1.csv,True,PASS,
Allen VBN,546507,1072567062,MM-RVD,MM_RVD_A9_SELECTED_R6,1,U30,2,0.9987011133729988,0.9987011133729988,0.0,1e-10,<PROJECT_ROOT>\mmrvd_r6_retrospective_a7s_a9r_20260815_131101\04_r6_screening_predictions\allen_vbn\1072567062\MM_RVD_A9_SELECTED_R6\seed1\seed1__U30__rep2.csv,True,PASS,
Allen VBN,546507,1072567062,MM-RVD,MM_RVD_A9_SELECTED_R6,1,U30,3,0.9992748368382884,0.9992748368382885,1.1102230246251565e-16,1e-10,<PROJECT_ROOT>\mmrvd_r6_retrospective_a7s_a9r_20260815_131101\04_r6_screening_predictions\allen_vbn\1072567062\MM_RVD_A9_SELECTED_R6\seed1\seed1__U30__rep3.csv,True,PASS,
Allen VBN,546507,1072567062,MM-RVD,MM_RVD_A9_SELECTED_R6,1,U30,4,0.9992748368382884,0.9992748368382885,1.1102230246251565e-16,1e-10,<PROJECT_ROOT>\mmrvd_r6_retrospective_a7s_a9r_20260815_131101\04_r6_screening_predictions\allen_vbn\1072567062\MM_RVD_A9_SELECTED_R6\seed1\seed1__U30__rep4.csv,True,PASS,
Allen VBN,546507,1072567062,MM-RVD,MM_RVD_A9_SELECTED_R6,1,T5,0,0.9980743730360928,0.9980743730360929,1.1102230246251565e-16,1e-10,<PROJECT_ROOT>\mmrvd_r6_retrospective_a7s_a9r_20260815_131101\04_r6_screening_predictions\allen_vbn\1072567062\MM_RVD_A9_SELECTED_R6\seed1\seed1__T5__rep0.csv,True,PASS,
Allen VBN,546507,1072567062,MM-RVD,MM_RVD_A9_SELECTED_R6,1,T5,1,0.9972079010561414,0.9972079010561414,0.0,1e-10,<PROJECT_ROOT>\mmrvd_r6_retrospective_a7s_a9r_20260815_131101\04_r6_screening_predictions\allen_vbn\1072567062\MM_RVD_A9_SELECTED_R6\seed1\seed1__T5__rep1.csv,True,PASS,
Allen VBN,546507,1072567062,MM-RVD,MM_RVD_A9_SELECTED_R6,1,T5,2,0.9986672981062884,0.9986672981062883,1.1102230246251565e-16,1e-10,<PROJECT_ROOT>\mmrvd_r6_retrospective_a7s_a9r_20260815_131101\04_r6_screening_predictions\allen_vbn\1072567062\MM_RVD_A9_SELECTED_R6\seed1\seed1__T5__rep2.csv,True,PASS,
Allen VBN,546507,1072567062,MM-RVD,MM_RVD_A9_SELECTED_R6,1,T5,3,0.9992748368382884,0.9992748368382885,1.1102230246251565e-16,1e-10,<PROJECT_ROOT>\mmrvd_r6_retrospective_a7s_a9r_20260815_131101\04_r6_screening_predictions\allen_vbn\1072567062\MM_RVD_A9_SELECTED_R6\seed1\seed1__T5__rep3.csv,True,PASS,
Allen VBN,546507,1072567062,MM-RVD,MM_RVD_A9_SELECTED_R6,1,T5,4,0.9992748368382884,0.9992748368382885,1.1102230246251565e-16,1e-10,<PROJECT_ROOT>\mmrvd_r6_retrospective_a7s_a9r_20260815_131101\04_r6_screening_predictions\allen_vbn\1072567062\MM_RVD_A9_SELECTED_R6\seed1\seed1__T5__rep4.csv,True,PASS,
Allen VBN,563497,1104058216,MM-RVD,MM_RVD_A9_SELECTED_R6,0,U30,0,1.0,1.0,0.0,1e-10,<PROJECT_ROOT>\mmrvd_r6_retrospective_a7s_a9r_20260815_131101\04_r6_screening_predictions\allen_vbn\1104058216\MM_RVD_A9_SELECTED_R6\seed0\seed0__U30__rep0.csv,True,PASS,
Allen VBN,563497,1104058216,MM-RVD,MM_RVD_A9_SELECTED_R6,0,U30,1,1.0,1.0,0.0,1e-10,<PROJECT_ROOT>\mmrvd_r6_retrospective_a7s_a9r_20260815_131101\04_r6_screening_predictions\allen_vbn\1104058216\MM_RVD_A9_SELECTED_R6\seed0\seed0__U30__rep1.csv,True,PASS,
Allen VBN,563497,1104058216,MM-RVD,MM_RVD_A9_SELECTED_R6,0,U30,2,1.0,1.0,0.0,1e-10,<PROJECT_ROOT>\mmrvd_r6_retrospective_a7s_a9r_20260815_131101\04_r6_screening_predictions\allen_vbn\1104058216\MM_RVD_A9_SELECTED_R6\seed0\seed0__U30__rep2.csv,True,PASS,
Allen VBN,563497,1104058216,MM-RVD,MM_RVD_A9_SELECTED_R6,0,U30,3,1.0,1.0,0.0,1e-10,<PROJECT_ROOT>\mmrvd_r6_retrospective_a7s_a9r_20260815_131101\04_r6_screening_predictions\allen_vbn\1104058216\MM_RVD_A9_SELECTED_R6\seed0\seed0__U30__rep3.csv,True,PASS,
Allen VBN,563497,1104058216,MM-RVD,MM_RVD_A9_SELECTED_R6,0,U30,4,1.0,1.0,0.0,1e-10,<PROJECT_ROOT>\mmrvd_r6_retrospective_a7s_a9r_20260815_131101\04_r6_screening_predictions\allen_vbn\1104058216\MM_RVD_A9_SELECTED_R6\seed0\seed0__U30__rep4.csv,True,PASS,
Allen VBN,563497,1104058216,MM-RVD,MM_RVD_A9_SELECTED_R6,0,T5,0,0.999444135630906,0.9994441356309061,1.1102230246251565e-16,1e-10,<PROJECT_ROOT>\mmrvd_r6_retrospective_a7s_a9r_20260815_131101\04_r6_screening_predictions\allen_vbn\1104058216\MM_RVD_A9_SELECTED_R6\seed0\seed0__T5__rep0.csv,True,PASS,
Allen VBN,563497,1104058216,MM-RVD,MM_RVD_A9_SELECTED_R6,0,T5,1,1.0,1.0,0.0,1e-10,<PROJECT_ROOT>\mmrvd_r6_retrospective_a7s_a9r_20260815_131101\04_r6_screening_predictions\allen_vbn\1104058216\MM_RVD_A9_SELECTED_R6\seed0\seed0__T5__rep1.csv,True,PASS,
Allen VBN,563497,1104058216,MM-RVD,MM_RVD_A9_SELECTED_R6,0,T5,2,1.0,1.0,0.0,1e-10,<PROJECT_ROOT>\mmrvd_r6_retrospective_a7s_a9r_20260815_131101\04_r6_screening_predictions\allen_vbn\1104058216\MM_RVD_A9_SELECTED_R6\seed0\seed0__T5__rep2.csv,True,PASS,
Allen VBN,563497,1104058216,MM-RVD,MM_RVD_A9_SELECTED_R6,0,T5,3,0.9994588744588744,0.9994588744588745,1.1102230246251565e-16,1e-10,<PROJECT_ROOT>\mmrvd_r6_retrospective_a7s_a9r_20260815_131101\04_r6_screening_predictions\allen_vbn\1104058216\MM_RVD_A9_SELECTED_R6\seed0\seed0__T5__rep3.csv,True,PASS,
Allen VBN,563497,1104058216,MM-RVD,MM_RVD_A9_SELECTED_R6,0,T5,4,0.998817569214866,0.998817569214866,0.0,1e-10,<PROJECT_ROOT>\mmrvd_r6_retrospective_a7s_a9r_20260815_131101\04_r6_screening_predictions\allen_vbn\1104058216\MM_RVD_A9_SELECTED_R6\seed0\seed0__T5__rep4.csv,True,PASS,
Allen VBN,563497,1104058216,MM-RVD,MM_RVD_A9_SELECTED_R6,1,U30,0,1.0,1.0,0.0,1e-10,<PROJECT_ROOT>\mmrvd_r6_retrospective_a7s_a9r_20260815_131101\04_r6_screening_predictions\allen_vbn\1104058216\MM_RVD_A9_SELECTED_R6\seed1\seed1__U30__rep0.csv,True,PASS,
Allen VBN,563497,1104058216,MM-RVD,MM_RVD_A9_SELECTED_R6,1,U30,1,1.0,1.0,0.0,1e-10,<PROJECT_ROOT>\mmrvd_r6_retrospective_a7s_a9r_20260815_131101\04_r6_screening_predictions\allen_vbn\1104058216\MM_RVD_A9_SELECTED_R6\seed1\seed1__U30__rep1.csv,True,PASS,
Allen VBN,563497,1104058216,MM-RVD,MM_RVD_A9_SELECTED_R6,1,U30,2,1.0,1.0,0.0,1e-10,<PROJECT_ROOT>\mmrvd_r6_retrospective_a7s_a9r_20260815_131101\04_r6_screening_predictions\allen_vbn\1104058216\MM_RVD_A9_SELECTED_R6\seed1\seed1__U30__rep2.csv,True,PASS,
Allen VBN,563497,1104058216,MM-RVD,MM_RVD_A9_SELECTED_R6,1,U30,3,1.0,1.0,0.0,1e-10,<PROJECT_ROOT>\mmrvd_r6_retrospective_a7s_a9r_20260815_131101\04_r6_screening_predictions\allen_vbn\1104058216\MM_RVD_A9_SELECTED_R6\seed1\seed1__U30__rep3.csv,True,PASS,
Allen VBN,563497,1104058216,MM-RVD,MM_RVD_A9_SELECTED_R6,1,U30,4,1.0,1.0,0.0,1e-10,<PROJECT_ROOT>\mmrvd_r6_retrospective_a7s_a9r_20260815_131101\04_r6_screening_predictions\allen_vbn\1104058216\MM_RVD_A9_SELECTED_R6\seed1\seed1__U30__rep4.csv,True,PASS,
Allen VBN,563497,1104058216,MM-RVD,MM_RVD_A9_SELECTED_R6,1,T5,0,0.999444135630906,0.9994441356309061,1.1102230246251565e-16,1e-10,<PROJECT_ROOT>\mmrvd_r6_retrospective_a7s_a9r_20260815_131101\04_r6_screening_predictions\allen_vbn\1104058216\MM_RVD_A9_SELECTED_R6\seed1\seed1__T5__rep0.csv,True,PASS,
Allen VBN,563497,1104058216,MM-RVD,MM_RVD_A9_SELECTED_R6,1,T5,1,1.0,1.0,0.0,1e-10,<PROJECT_ROOT>\mmrvd_r6_retrospective_a7s_a9r_20260815_131101\04_r6_screening_predictions\allen_vbn\1104058216\MM_RVD_A9_SELECTED_R6\seed1\seed1__T5__rep1.csv,True,PASS,
Allen VBN,563497,1104058216,MM-RVD,MM_RVD_A9_SELECTED_R6,1,T5,2,1.0,1.0,0.0,1e-10,<PROJECT_ROOT>\mmrvd_r6_retrospective_a7s_a9r_20260815_131101\04_r6_screening_predictions\allen_vbn\1104058216\MM_RVD_A9_SELECTED_R6\seed1\seed1__T5__rep2.csv,True,PASS,
Allen VBN,563497,1104058216,MM-RVD,MM_RVD_A9_SELECTED_R6,1,T5,3,0.9994588744588744,0.9994588744588745,1.1102230246251565e-16,1e-10,<PROJECT_ROOT>\mmrvd_r6_retrospective_a7s_a9r_20260815_131101\04_r6_screening_predictions\allen_vbn\1104058216\MM_RVD_A9_SELECTED_R6\seed1\seed1__T5__rep3.csv,True,PASS,
Allen VBN,563497,1104058216,MM-RVD,MM_RVD_A9_SELECTED_R6,1,T5,4,0.998817569214866,0.998817569214866,0.0,1e-10,<PROJECT_ROOT>\mmrvd_r6_retrospective_a7s_a9r_20260815_131101\04_r6_screening_predictions\allen_vbn\1104058216\MM_RVD_A9_SELECTED_R6\seed1\seed1__T5__rep4.csv,True,PASS,
Allen VBN,563497,1104289498,MM-RVD,MM_RVD_A9_SELECTED_R6,0,U30,0,0.9978422318005484,0.9978422318005483,1.1102230246251565e-16,1e-10,<PROJECT_ROOT>\mmrvd_r6_retrospective_a7s_a9r_20260815_131101\04_r6_screening_predictions\allen_vbn\1104289498\MM_RVD_A9_SELECTED_R6\seed0\seed0__U30__rep0.csv,True,PASS,
Allen VBN,563497,1104289498,MM-RVD,MM_RVD_A9_SELECTED_R6,0,U30,1,0.9978422318005484,0.9978422318005483,1.1102230246251565e-16,1e-10,<PROJECT_ROOT>\mmrvd_r6_retrospective_a7s_a9r_20260815_131101\04_r6_screening_predictions\allen_vbn\1104289498\MM_RVD_A9_SELECTED_R6\seed0\seed0__U30__rep1.csv,True,PASS,
Allen VBN,563497,1104289498,MM-RVD,MM_RVD_A9_SELECTED_R6,0,U30,2,0.9983417323000487,0.9983417323000489,1.1102230246251565e-16,1e-10,<PROJECT_ROOT>\mmrvd_r6_retrospective_a7s_a9r_20260815_131101\04_r6_screening_predictions\allen_vbn\1104289498\MM_RVD_A9_SELECTED_R6\seed0\seed0__U30__rep2.csv,True,PASS,
Allen VBN,563497,1104289498,MM-RVD,MM_RVD_A9_SELECTED_R6,0,U30,3,0.9990061841272916,0.9990061841272915,1.1102230246251565e-16,1e-10,<PROJECT_ROOT>\mmrvd_r6_retrospective_a7s_a9r_20260815_131101\04_r6_screening_predictions\allen_vbn\1104289498\MM_RVD_A9_SELECTED_R6\seed0\seed0__U30__rep3.csv,True,PASS,
Allen VBN,563497,1104289498,MM-RVD,MM_RVD_A9_SELECTED_R6,0,U30,4,0.9978474169268408,0.9978474169268408,0.0,1e-10,<PROJECT_ROOT>\mmrvd_r6_retrospective_a7s_a9r_20260815_131101\04_r6_screening_predictions\allen_vbn\1104289498\MM_RVD_A9_SELECTED_R6\seed0\seed0__U30__rep4.csv,True,PASS,
Allen VBN,563497,1104289498,MM-RVD,MM_RVD_A9_SELECTED_R6,0,T5,0,0.9986015254947846,0.9986015254947846,0.0,1e-10,<PROJECT_ROOT>\mmrvd_r6_retrospective_a7s_a9r_20260815_131101\04_r6_screening_predictions\allen_vbn\1104289498\MM_RVD_A9_SELECTED_R6\seed0\seed0__T5__rep0.csv,True,PASS,
Allen VBN,563497,1104289498,MM-RVD,MM_RVD_A9_SELECTED_R6,0,T5,1,0.9978474169268408,0.9978474169268408,0.0,1e-10,<PROJECT_ROOT>\mmrvd_r6_retrospective_a7s_a9r_20260815_131101\04_r6_screening_predictions\allen_vbn\1104289498\MM_RVD_A9_SELECTED_R6\seed0\seed0__T5__rep1.csv,True,PASS,
Allen VBN,563497,1104289498,MM-RVD,MM_RVD_A9_SELECTED_R6,0,T5,2,0.9939509013141048,0.9939509013141049,1.1102230246251565e-16,1e-10,<PROJECT_ROOT>\mmrvd_r6_retrospective_a7s_a9r_20260815_131101\04_r6_screening_predictions\allen_vbn\1104289498\MM_RVD_A9_SELECTED_R6\seed0\seed0__T5__rep2.csv,True,PASS,
Allen VBN,563497,1104289498,MM-RVD,MM_RVD_A9_SELECTED_R6,0,T5,3,0.997177779973306,0.9971777799733059,1.1102230246251565e-16,1e-10,<PROJECT_ROOT>\mmrvd_r6_retrospective_a7s_a9r_20260815_131101\04_r6_screening_predictions\allen_vbn\1104289498\MM_RVD_A9_SELECTED_R6\seed0\seed0__T5__rep3.csv,True,PASS,
Allen VBN,563497,1104289498,MM-RVD,MM_RVD_A9_SELECTED_R6,0,T5,4,0.9961277566001314,0.9961277566001314,0.0,1e-10,<PROJECT_ROOT>\mmrvd_r6_retrospective_a7s_a9r_20260815_131101\04_r6_screening_predictions\allen_vbn\1104289498\MM_RVD_A9_SELECTED_R6\seed0\seed0__T5__rep4.csv,True,PASS,
Allen VBN,563497,1104289498,MM-RVD,MM_RVD_A9_SELECTED_R6,1,U30,0,0.9978422318005484,0.9978422318005483,1.1102230246251565e-16,1e-10,<PROJECT_ROOT>\mmrvd_r6_retrospective_a7s_a9r_20260815_131101\04_r6_screening_predictions\allen_vbn\1104289498\MM_RVD_A9_SELECTED_R6\seed1\seed1__U30__rep0.csv,True,PASS,
Allen VBN,563497,1104289498,MM-RVD,MM_RVD_A9_SELECTED_R6,1,U30,1,0.9978422318005484,0.9978422318005483,1.1102230246251565e-16,1e-10,<PROJECT_ROOT>\mmrvd_r6_retrospective_a7s_a9r_20260815_131101\04_r6_screening_predictions\allen_vbn\1104289498\MM_RVD_A9_SELECTED_R6\seed1\seed1__U30__rep1.csv,True,PASS,
Allen VBN,563497,1104289498,MM-RVD,MM_RVD_A9_SELECTED_R6,1,U30,2,0.9983417323000487,0.9983417323000489,1.1102230246251565e-16,1e-10,<PROJECT_ROOT>\mmrvd_r6_retrospective_a7s_a9r_20260815_131101\04_r6_screening_predictions\allen_vbn\1104289498\MM_RVD_A9_SELECTED_R6\seed1\seed1__U30__rep2.csv,True,PASS,
Allen VBN,563497,1104289498,MM-RVD,MM_RVD_A9_SELECTED_R6,1,U30,3,0.9990061841272916,0.9990061841272915,1.1102230246251565e-16,1e-10,<PROJECT_ROOT>\mmrvd_r6_retrospective_a7s_a9r_20260815_131101\04_r6_screening_predictions\allen_vbn\1104289498\MM_RVD_A9_SELECTED_R6\seed1\seed1__U30__rep3.csv,True,PASS,
Allen VBN,563497,1104289498,MM-RVD,MM_RVD_A9_SELECTED_R6,1,U30,4,0.9978474169268408,0.9978474169268408,0.0,1e-10,<PROJECT_ROOT>\mmrvd_r6_retrospective_a7s_a9r_20260815_131101\04_r6_screening_predictions\allen_vbn\1104289498\MM_RVD_A9_SELECTED_R6\seed1\seed1__U30__rep4.csv,True,PASS,
Allen VBN,563497,1104289498,MM-RVD,MM_RVD_A9_SELECTED_R6,1,T5,0,0.9986015254947846,0.9986015254947846,0.0,1e-10,<PROJECT_ROOT>\mmrvd_r6_retrospective_a7s_a9r_20260815_131101\04_r6_screening_predictions\allen_vbn\1104289498\MM_RVD_A9_SELECTED_R6\seed1\seed1__T5__rep0.csv,True,PASS,
Allen VBN,563497,1104289498,MM-RVD,MM_RVD_A9_SELECTED_R6,1,T5,1,0.9978474169268408,0.9978474169268408,0.0,1e-10,<PROJECT_ROOT>\mmrvd_r6_retrospective_a7s_a9r_20260815_131101\04_r6_screening_predictions\allen_vbn\1104289498\MM_RVD_A9_SELECTED_R6\seed1\seed1__T5__rep1.csv,True,PASS,
Allen VBN,563497,1104289498,MM-RVD,MM_RVD_A9_SELECTED_R6,1,T5,2,0.9939509013141048,0.9939509013141049,1.1102230246251565e-16,1e-10,<PROJECT_ROOT>\mmrvd_r6_retrospective_a7s_a9r_20260815_131101\04_r6_screening_predictions\allen_vbn\1104289498\MM_RVD_A9_SELECTED_R6\seed1\seed1__T5__rep2.csv,True,PASS,
Allen VBN,563497,1104289498,MM-RVD,MM_RVD_A9_SELECTED_R6,1,T5,3,0.997177779973306,0.9971777799733059,1.1102230246251565e-16,1e-10,<PROJECT_ROOT>\mmrvd_r6_retrospective_a7s_a9r_20260815_131101\04_r6_screening_predictions\allen_vbn\1104289498\MM_RVD_A9_SELECTED_R6\seed1\seed1__T5__rep3.csv,True,PASS,
Allen VBN,563497,1104289498,MM-RVD,MM_RVD_A9_SELECTED_R6,1,T5,4,0.9961277566001314,0.9961277566001314,0.0,1e-10,<PROJECT_ROOT>\mmrvd_r6_retrospective_a7s_a9r_20260815_131101\04_r6_screening_predictions\allen_vbn\1104289498\MM_RVD_A9_SELECTED_R6\seed1\seed1__T5__rep4.csv,True,PASS,
Allen VBN,567286,1105798776,MM-RVD,MM_RVD_A9_SELECTED_R6,0,U30,0,0.997397631535389,0.997397631535389,0.0,1e-10,<PROJECT_ROOT>\mmrvd_r6_retrospective_a7s_a9r_20260815_131101\04_r6_screening_predictions\allen_vbn\1105798776\MM_RVD_A9_SELECTED_R6\seed0\seed0__U30__rep0.csv,True,PASS,
Allen VBN,567286,1105798776,MM-RVD,MM_RVD_A9_SELECTED_R6,0,U30,1,0.998834839707908,0.998834839707908,0.0,1e-10,<PROJECT_ROOT>\mmrvd_r6_retrospective_a7s_a9r_20260815_131101\04_r6_screening_predictions\allen_vbn\1105798776\MM_RVD_A9_SELECTED_R6\seed0\seed0__U30__rep1.csv,True,PASS,
Allen VBN,567286,1105798776,MM-RVD,MM_RVD_A9_SELECTED_R6,0,U30,2,0.998834839707908,0.998834839707908,0.0,1e-10,<PROJECT_ROOT>\mmrvd_r6_retrospective_a7s_a9r_20260815_131101\04_r6_screening_predictions\allen_vbn\1105798776\MM_RVD_A9_SELECTED_R6\seed0\seed0__U30__rep2.csv,True,PASS,
Allen VBN,567286,1105798776,MM-RVD,MM_RVD_A9_SELECTED_R6,0,U30,3,0.998834839707908,0.998834839707908,0.0,1e-10,<PROJECT_ROOT>\mmrvd_r6_retrospective_a7s_a9r_20260815_131101\04_r6_screening_predictions\allen_vbn\1105798776\MM_RVD_A9_SELECTED_R6\seed0\seed0__U30__rep3.csv,True,PASS,
Allen VBN,567286,1105798776,MM-RVD,MM_RVD_A9_SELECTED_R6,0,U30,4,0.998834839707908,0.998834839707908,0.0,1e-10,<PROJECT_ROOT>\mmrvd_r6_retrospective_a7s_a9r_20260815_131101\04_r6_screening_predictions\allen_vbn\1105798776\MM_RVD_A9_SELECTED_R6\seed0\seed0__U30__rep4.csv,True,PASS,
Allen VBN,567286,1105798776,MM-RVD,MM_RVD_A9_SELECTED_R6,0,T5,0,0.9994669509594882,0.9994669509594882,0.0,1e-10,<PROJECT_ROOT>\mmrvd_r6_retrospective_a7s_a9r_20260815_131101\04_r6_screening_predictions\allen_vbn\1105798776\MM_RVD_A9_SELECTED_R6\seed0\seed0__T5__rep0.csv,True,PASS,
Allen VBN,567286,1105798776,MM-RVD,MM_RVD_A9_SELECTED_R6,0,T5,1,0.9983017906673962,0.9983017906673962,0.0,1e-10,<PROJECT_ROOT>\mmrvd_r6_retrospective_a7s_a9r_20260815_131101\04_r6_screening_predictions\allen_vbn\1105798776\MM_RVD_A9_SELECTED_R6\seed0\seed0__T5__rep1.csv,True,PASS,
Allen VBN,567286,1105798776,MM-RVD,MM_RVD_A9_SELECTED_R6,0,T5,2,0.998834839707908,0.998834839707908,0.0,1e-10,<PROJECT_ROOT>\mmrvd_r6_retrospective_a7s_a9r_20260815_131101\04_r6_screening_predictions\allen_vbn\1105798776\MM_RVD_A9_SELECTED_R6\seed0\seed0__T5__rep2.csv,True,PASS,
Allen VBN,567286,1105798776,MM-RVD,MM_RVD_A9_SELECTED_R6,0,T5,3,0.9979306805759008,0.9979306805759007,1.1102230246251565e-16,1e-10,<PROJECT_ROOT>\mmrvd_r6_retrospective_a7s_a9r_20260815_131101\04_r6_screening_predictions\allen_vbn\1105798776\MM_RVD_A9_SELECTED_R6\seed0\seed0__T5__rep3.csv,True,PASS,
Allen VBN,567286,1105798776,MM-RVD,MM_RVD_A9_SELECTED_R6,0,T5,4,0.9994669509594882,0.9994669509594882,0.0,1e-10,<PROJECT_ROOT>\mmrvd_r6_retrospective_a7s_a9r_20260815_131101\04_r6_screening_predictions\allen_vbn\1105798776\MM_RVD_A9_SELECTED_R6\seed0\seed0__T5__rep4.csv,True,PASS,
Allen VBN,567286,1105798776,MM-RVD,MM_RVD_A9_SELECTED_R6,1,U30,0,0.997397631535389,0.997397631535389,0.0,1e-10,<PROJECT_ROOT>\mmrvd_r6_retrospective_a7s_a9r_20260815_131101\04_r6_screening_predictions\allen_vbn\1105798776\MM_RVD_A9_SELECTED_R6\seed1\seed1__U30__rep0.csv,True,PASS,
Allen VBN,567286,1105798776,MM-RVD,MM_RVD_A9_SELECTED_R6,1,U30,1,0.998834839707908,0.998834839707908,0.0,1e-10,<PROJECT_ROOT>\mmrvd_r6_retrospective_a7s_a9r_20260815_131101\04_r6_screening_predictions\allen_vbn\1105798776\MM_RVD_A9_SELECTED_R6\seed1\seed1__U30__rep1.csv,True,PASS,
Allen VBN,567286,1105798776,MM-RVD,MM_RVD_A9_SELECTED_R6,1,U30,2,0.998834839707908,0.998834839707908,0.0,1e-10,<PROJECT_ROOT>\mmrvd_r6_retrospective_a7s_a9r_20260815_131101\04_r6_screening_predictions\allen_vbn\1105798776\MM_RVD_A9_SELECTED_R6\seed1\seed1__U30__rep2.csv,True,PASS,
Allen VBN,567286,1105798776,MM-RVD,MM_RVD_A9_SELECTED_R6,1,U30,3,0.998834839707908,0.998834839707908,0.0,1e-10,<PROJECT_ROOT>\mmrvd_r6_retrospective_a7s_a9r_20260815_131101\04_r6_screening_predictions\allen_vbn\1105798776\MM_RVD_A9_SELECTED_R6\seed1\seed1__U30__rep3.csv,True,PASS,
Allen VBN,567286,1105798776,MM-RVD,MM_RVD_A9_SELECTED_R6,1,U30,4,0.998834839707908,0.998834839707908,0.0,1e-10,<PROJECT_ROOT>\mmrvd_r6_retrospective_a7s_a9r_20260815_131101\04_r6_screening_predictions\allen_vbn\1105798776\MM_RVD_A9_SELECTED_R6\seed1\seed1__U30__rep4.csv,True,PASS,
Allen VBN,567286,1105798776,MM-RVD,MM_RVD_A9_SELECTED_R6,1,T5,0,0.9994669509594882,0.9994669509594882,0.0,1e-10,<PROJECT_ROOT>\mmrvd_r6_retrospective_a7s_a9r_20260815_131101\04_r6_screening_predictions\allen_vbn\1105798776\MM_RVD_A9_SELECTED_R6\seed1\seed1__T5__rep0.csv,True,PASS,
Allen VBN,567286,1105798776,MM-RVD,MM_RVD_A9_SELECTED_R6,1,T5,1,0.9983017906673962,0.9983017906673962,0.0,1e-10,<PROJECT_ROOT>\mmrvd_r6_retrospective_a7s_a9r_20260815_131101\04_r6_screening_predictions\allen_vbn\1105798776\MM_RVD_A9_SELECTED_R6\seed1\seed1__T5__rep1.csv,True,PASS,
Allen VBN,567286,1105798776,MM-RVD,MM_RVD_A9_SELECTED_R6,1,T5,2,0.998834839707908,0.998834839707908,0.0,1e-10,<PROJECT_ROOT>\mmrvd_r6_retrospective_a7s_a9r_20260815_131101\04_r6_screening_predictions\allen_vbn\1105798776\MM_RVD_A9_SELECTED_R6\seed1\seed1__T5__rep2.csv,True,PASS,
Allen VBN,567286,1105798776,MM-RVD,MM_RVD_A9_SELECTED_R6,1,T5,3,0.9979306805759008,0.9979306805759007,1.1102230246251565e-16,1e-10,<PROJECT_ROOT>\mmrvd_r6_retrospective_a7s_a9r_20260815_131101\04_r6_screening_predictions\allen_vbn\1105798776\MM_RVD_A9_SELECTED_R6\seed1\seed1__T5__rep3.csv,True,PASS,
Allen VBN,567286,1105798776,MM-RVD,MM_RVD_A9_SELECTED_R6,1,T5,4,0.9994669509594882,0.9994669509594882,0.0,1e-10,<PROJECT_ROOT>\mmrvd_r6_retrospective_a7s_a9r_20260815_131101\04_r6_screening_predictions\allen_vbn\1105798776\MM_RVD_A9_SELECTED_R6\seed1\seed1__T5__rep4.csv,True,PASS,
Allen VBN,570301,1108531612,MM-RVD,MM_RVD_A9_SELECTED_R6,0,U30,0,0.9939213025400558,0.9939213025400558,0.0,1e-10,<PROJECT_ROOT>\mmrvd_r6_retrospective_a7s_a9r_20260815_131101\04_r6_screening_predictions\allen_vbn\1108531612\MM_RVD_A9_SELECTED_R6\seed0\seed0__U30__rep0.csv,True,PASS,
Allen VBN,570301,1108531612,MM-RVD,MM_RVD_A9_SELECTED_R6,0,U30,1,0.9962571789046945,0.9962571789046945,0.0,1e-10,<PROJECT_ROOT>\mmrvd_r6_retrospective_a7s_a9r_20260815_131101\04_r6_screening_predictions\allen_vbn\1108531612\MM_RVD_A9_SELECTED_R6\seed0\seed0__U30__rep1.csv,True,PASS,
Allen VBN,570301,1108531612,MM-RVD,MM_RVD_A9_SELECTED_R6,0,U30,2,0.996254605339938,0.9962546053399379,1.1102230246251565e-16,1e-10,<PROJECT_ROOT>\mmrvd_r6_retrospective_a7s_a9r_20260815_131101\04_r6_screening_predictions\allen_vbn\1108531612\MM_RVD_A9_SELECTED_R6\seed0\seed0__U30__rep2.csv,True,PASS,
Allen VBN,570301,1108531612,MM-RVD,MM_RVD_A9_SELECTED_R6,0,U30,3,0.9968218316432604,0.9968218316432603,1.1102230246251565e-16,1e-10,<PROJECT_ROOT>\mmrvd_r6_retrospective_a7s_a9r_20260815_131101\04_r6_screening_predictions\allen_vbn\1108531612\MM_RVD_A9_SELECTED_R6\seed0\seed0__U30__rep3.csv,True,PASS,
Allen VBN,570301,1108531612,MM-RVD,MM_RVD_A9_SELECTED_R6,0,U30,4,0.9948966977042756,0.9948966977042757,1.1102230246251565e-16,1e-10,<PROJECT_ROOT>\mmrvd_r6_retrospective_a7s_a9r_20260815_131101\04_r6_screening_predictions\allen_vbn\1108531612\MM_RVD_A9_SELECTED_R6\seed0\seed0__U30__rep4.csv,True,PASS,
Allen VBN,570301,1108531612,MM-RVD,MM_RVD_A9_SELECTED_R6,0,T5,0,0.9943243743716992,0.9943243743716991,1.1102230246251565e-16,1e-10,<PROJECT_ROOT>\mmrvd_r6_retrospective_a7s_a9r_20260815_131101\04_r6_screening_predictions\allen_vbn\1108531612\MM_RVD_A9_SELECTED_R6\seed0\seed0__T5__rep0.csv,True,PASS,
Allen VBN,570301,1108531612,MM-RVD,MM_RVD_A9_SELECTED_R6,0,T5,1,0.9945179455851396,0.9945179455851395,1.1102230246251565e-16,1e-10,<PROJECT_ROOT>\mmrvd_r6_retrospective_a7s_a9r_20260815_131101\04_r6_screening_predictions\allen_vbn\1108531612\MM_RVD_A9_SELECTED_R6\seed0\seed0__T5__rep1.csv,True,PASS,
Allen VBN,570301,1108531612,MM-RVD,MM_RVD_A9_SELECTED_R6,0,T5,2,0.9943295445947496,0.9943295445947496,0.0,1e-10,<PROJECT_ROOT>\mmrvd_r6_retrospective_a7s_a9r_20260815_131101\04_r6_screening_predictions\allen_vbn\1108531612\MM_RVD_A9_SELECTED_R6\seed0\seed0__T5__rep2.csv,True,PASS,
Allen VBN,570301,1108531612,MM-RVD,MM_RVD_A9_SELECTED_R6,0,T5,3,0.9948126767413192,0.9948126767413192,0.0,1e-10,<PROJECT_ROOT>\mmrvd_r6_retrospective_a7s_a9r_20260815_131101\04_r6_screening_predictions\allen_vbn\1108531612\MM_RVD_A9_SELECTED_R6\seed0\seed0__T5__rep3.csv,True,PASS,
Allen VBN,570301,1108531612,MM-RVD,MM_RVD_A9_SELECTED_R6,0,T5,4,0.9940840934161992,0.9940840934161991,1.1102230246251565e-16,1e-10,<PROJECT_ROOT>\mmrvd_r6_retrospective_a7s_a9r_20260815_131101\04_r6_screening_predictions\allen_vbn\1108531612\MM_RVD_A9_SELECTED_R6\seed0\seed0__T5__rep4.csv,True,PASS,
Allen VBN,570301,1108531612,MM-RVD,MM_RVD_A9_SELECTED_R6,1,U30,0,0.9939213025400558,0.9939213025400558,0.0,1e-10,<PROJECT_ROOT>\mmrvd_r6_retrospective_a7s_a9r_20260815_131101\04_r6_screening_predictions\allen_vbn\1108531612\MM_RVD_A9_SELECTED_R6\seed1\seed1__U30__rep0.csv,True,PASS,
Allen VBN,570301,1108531612,MM-RVD,MM_RVD_A9_SELECTED_R6,1,U30,1,0.9962571789046945,0.9962571789046945,0.0,1e-10,<PROJECT_ROOT>\mmrvd_r6_retrospective_a7s_a9r_20260815_131101\04_r6_screening_predictions\allen_vbn\1108531612\MM_RVD_A9_SELECTED_R6\seed1\seed1__U30__rep1.csv,True,PASS,
Allen VBN,570301,1108531612,MM-RVD,MM_RVD_A9_SELECTED_R6,1,U30,2,0.996254605339938,0.9962546053399379,1.1102230246251565e-16,1e-10,<PROJECT_ROOT>\mmrvd_r6_retrospective_a7s_a9r_20260815_131101\04_r6_screening_predictions\allen_vbn\1108531612\MM_RVD_A9_SELECTED_R6\seed1\seed1__U30__rep2.csv,True,PASS,
Allen VBN,570301,1108531612,MM-RVD,MM_RVD_A9_SELECTED_R6,1,U30,3,0.9968218316432604,0.9968218316432603,1.1102230246251565e-16,1e-10,<PROJECT_ROOT>\mmrvd_r6_retrospective_a7s_a9r_20260815_131101\04_r6_screening_predictions\allen_vbn\1108531612\MM_RVD_A9_SELECTED_R6\seed1\seed1__U30__rep3.csv,True,PASS,
Allen VBN,570301,1108531612,MM-RVD,MM_RVD_A9_SELECTED_R6,1,U30,4,0.9948966977042756,0.9948966977042757,1.1102230246251565e-16,1e-10,<PROJECT_ROOT>\mmrvd_r6_retrospective_a7s_a9r_20260815_131101\04_r6_screening_predictions\allen_vbn\1108531612\MM_RVD_A9_SELECTED_R6\seed1\seed1__U30__rep4.csv,True,PASS,
Allen VBN,570301,1108531612,MM-RVD,MM_RVD_A9_SELECTED_R6,1,T5,0,0.9943243743716992,0.9943243743716991,1.1102230246251565e-16,1e-10,<PROJECT_ROOT>\mmrvd_r6_retrospective_a7s_a9r_20260815_131101\04_r6_screening_predictions\allen_vbn\1108531612\MM_RVD_A9_SELECTED_R6\seed1\seed1__T5__rep0.csv,True,PASS,
Allen VBN,570301,1108531612,MM-RVD,MM_RVD_A9_SELECTED_R6,1,T5,1,0.9945179455851396,0.9945179455851395,1.1102230246251565e-16,1e-10,<PROJECT_ROOT>\mmrvd_r6_retrospective_a7s_a9r_20260815_131101\04_r6_screening_predictions\allen_vbn\1108531612\MM_RVD_A9_SELECTED_R6\seed1\seed1__T5__rep1.csv,True,PASS,
Allen VBN,570301,1108531612,MM-RVD,MM_RVD_A9_SELECTED_R6,1,T5,2,0.9943295445947496,0.9943295445947496,0.0,1e-10,<PROJECT_ROOT>\mmrvd_r6_retrospective_a7s_a9r_20260815_131101\04_r6_screening_predictions\allen_vbn\1108531612\MM_RVD_A9_SELECTED_R6\seed1\seed1__T5__rep2.csv,True,PASS,
Allen VBN,570301,1108531612,MM-RVD,MM_RVD_A9_SELECTED_R6,1,T5,3,0.9948126767413192,0.9948126767413192,0.0,1e-10,<PROJECT_ROOT>\mmrvd_r6_retrospective_a7s_a9r_20260815_131101\04_r6_screening_predictions\allen_vbn\1108531612\MM_RVD_A9_SELECTED_R6\seed1\seed1__T5__rep3.csv,True,PASS,
Allen VBN,570301,1108531612,MM-RVD,MM_RVD_A9_SELECTED_R6,1,T5,4,0.9940840934161992,0.9940840934161991,1.1102230246251565e-16,1e-10,<PROJECT_ROOT>\mmrvd_r6_retrospective_a7s_a9r_20260815_131101\04_r6_screening_predictions\allen_vbn\1108531612\MM_RVD_A9_SELECTED_R6\seed1\seed1__T5__rep4.csv,True,PASS,
CRCNS pvc-11,monkey1,data_monkey1_gratings,MM-RVD,MM_RVD_A9_SELECTED_R6,0,U30,0,0.9428571428571428,0.9428571428571428,0.0,1e-10,<PROJECT_ROOT>\mmrvd_r6_retrospective_a7s_a9r_20260815_131101\04_r6_screening_predictions\crcns_pvc11\data_monkey1_gratings\MM_RVD_A9_SELECTED_R6\seed0\seed0__U30__rep0.csv,True,PASS,
CRCNS pvc-11,monkey1,data_monkey1_gratings,MM-RVD,MM_RVD_A9_SELECTED_R6,0,U30,1,0.9535714285714284,0.9535714285714285,1.1102230246251565e-16,1e-10,<PROJECT_ROOT>\mmrvd_r6_retrospective_a7s_a9r_20260815_131101\04_r6_screening_predictions\crcns_pvc11\data_monkey1_gratings\MM_RVD_A9_SELECTED_R6\seed0\seed0__U30__rep1.csv,True,PASS,
CRCNS pvc-11,monkey1,data_monkey1_gratings,MM-RVD,MM_RVD_A9_SELECTED_R6,0,U30,2,0.9607142857142856,0.9607142857142856,0.0,1e-10,<PROJECT_ROOT>\mmrvd_r6_retrospective_a7s_a9r_20260815_131101\04_r6_screening_predictions\crcns_pvc11\data_monkey1_gratings\MM_RVD_A9_SELECTED_R6\seed0\seed0__U30__rep2.csv,True,PASS,
CRCNS pvc-11,monkey1,data_monkey1_gratings,MM-RVD,MM_RVD_A9_SELECTED_R6,0,U30,3,0.9535714285714284,0.9535714285714285,1.1102230246251565e-16,1e-10,<PROJECT_ROOT>\mmrvd_r6_retrospective_a7s_a9r_20260815_131101\04_r6_screening_predictions\crcns_pvc11\data_monkey1_gratings\MM_RVD_A9_SELECTED_R6\seed0\seed0__U30__rep3.csv,True,PASS,
CRCNS pvc-11,monkey1,data_monkey1_gratings,MM-RVD,MM_RVD_A9_SELECTED_R6,0,U30,4,0.9535714285714284,0.9535714285714285,1.1102230246251565e-16,1e-10,<PROJECT_ROOT>\mmrvd_r6_retrospective_a7s_a9r_20260815_131101\04_r6_screening_predictions\crcns_pvc11\data_monkey1_gratings\MM_RVD_A9_SELECTED_R6\seed0\seed0__U30__rep4.csv,True,PASS,
CRCNS pvc-11,monkey1,data_monkey1_gratings,MM-RVD,MM_RVD_A9_SELECTED_R6,0,T5,0,0.9535714285714284,0.9535714285714285,1.1102230246251565e-16,1e-10,<PROJECT_ROOT>\mmrvd_r6_retrospective_a7s_a9r_20260815_131101\04_r6_screening_predictions\crcns_pvc11\data_monkey1_gratings\MM_RVD_A9_SELECTED_R6\seed0\seed0__T5__rep0.csv,True,PASS,
CRCNS pvc-11,monkey1,data_monkey1_gratings,MM-RVD,MM_RVD_A9_SELECTED_R6,0,T5,1,0.9178571428571428,0.9178571428571429,1.1102230246251565e-16,1e-10,<PROJECT_ROOT>\mmrvd_r6_retrospective_a7s_a9r_20260815_131101\04_r6_screening_predictions\crcns_pvc11\data_monkey1_gratings\MM_RVD_A9_SELECTED_R6\seed0\seed0__T5__rep1.csv,True,PASS,
CRCNS pvc-11,monkey1,data_monkey1_gratings,MM-RVD,MM_RVD_A9_SELECTED_R6,0,T5,2,0.9535714285714284,0.9535714285714285,1.1102230246251565e-16,1e-10,<PROJECT_ROOT>\mmrvd_r6_retrospective_a7s_a9r_20260815_131101\04_r6_screening_predictions\crcns_pvc11\data_monkey1_gratings\MM_RVD_A9_SELECTED_R6\seed0\seed0__T5__rep2.csv,True,PASS,
CRCNS pvc-11,monkey1,data_monkey1_gratings,MM-RVD,MM_RVD_A9_SELECTED_R6,0,T5,3,0.9428571428571428,0.9428571428571428,0.0,1e-10,<PROJECT_ROOT>\mmrvd_r6_retrospective_a7s_a9r_20260815_131101\04_r6_screening_predictions\crcns_pvc11\data_monkey1_gratings\MM_RVD_A9_SELECTED_R6\seed0\seed0__T5__rep3.csv,True,PASS,
CRCNS pvc-11,monkey1,data_monkey1_gratings,MM-RVD,MM_RVD_A9_SELECTED_R6,0,T5,4,0.9607142857142856,0.9607142857142856,0.0,1e-10,<PROJECT_ROOT>\mmrvd_r6_retrospective_a7s_a9r_20260815_131101\04_r6_screening_predictions\crcns_pvc11\data_monkey1_gratings\MM_RVD_A9_SELECTED_R6\seed0\seed0__T5__rep4.csv,True,PASS,
CRCNS pvc-11,monkey1,data_monkey1_gratings,MM-RVD,MM_RVD_A9_SELECTED_R6,1,U30,0,0.9428571428571428,0.9428571428571428,0.0,1e-10,<PROJECT_ROOT>\mmrvd_r6_retrospective_a7s_a9r_20260815_131101\04_r6_screening_predictions\crcns_pvc11\data_monkey1_gratings\MM_RVD_A9_SELECTED_R6\seed1\seed1__U30__rep0.csv,True,PASS,
CRCNS pvc-11,monkey1,data_monkey1_gratings,MM-RVD,MM_RVD_A9_SELECTED_R6,1,U30,1,0.9535714285714284,0.9535714285714285,1.1102230246251565e-16,1e-10,<PROJECT_ROOT>\mmrvd_r6_retrospective_a7s_a9r_20260815_131101\04_r6_screening_predictions\crcns_pvc11\data_monkey1_gratings\MM_RVD_A9_SELECTED_R6\seed1\seed1__U30__rep1.csv,True,PASS,
CRCNS pvc-11,monkey1,data_monkey1_gratings,MM-RVD,MM_RVD_A9_SELECTED_R6,1,U30,2,0.9607142857142856,0.9607142857142856,0.0,1e-10,<PROJECT_ROOT>\mmrvd_r6_retrospective_a7s_a9r_20260815_131101\04_r6_screening_predictions\crcns_pvc11\data_monkey1_gratings\MM_RVD_A9_SELECTED_R6\seed1\seed1__U30__rep2.csv,True,PASS,
CRCNS pvc-11,monkey1,data_monkey1_gratings,MM-RVD,MM_RVD_A9_SELECTED_R6,1,U30,3,0.9535714285714284,0.9535714285714285,1.1102230246251565e-16,1e-10,<PROJECT_ROOT>\mmrvd_r6_retrospective_a7s_a9r_20260815_131101\04_r6_screening_predictions\crcns_pvc11\data_monkey1_gratings\MM_RVD_A9_SELECTED_R6\seed1\seed1__U30__rep3.csv,True,PASS,
CRCNS pvc-11,monkey1,data_monkey1_gratings,MM-RVD,MM_RVD_A9_SELECTED_R6,1,U30,4,0.9535714285714284,0.9535714285714285,1.1102230246251565e-16,1e-10,<PROJECT_ROOT>\mmrvd_r6_retrospective_a7s_a9r_20260815_131101\04_r6_screening_predictions\crcns_pvc11\data_monkey1_gratings\MM_RVD_A9_SELECTED_R6\seed1\seed1__U30__rep4.csv,True,PASS,
CRCNS pvc-11,monkey1,data_monkey1_gratings,MM-RVD,MM_RVD_A9_SELECTED_R6,1,T5,0,0.9535714285714284,0.9535714285714285,1.1102230246251565e-16,1e-10,<PROJECT_ROOT>\mmrvd_r6_retrospective_a7s_a9r_20260815_131101\04_r6_screening_predictions\crcns_pvc11\data_monkey1_gratings\MM_RVD_A9_SELECTED_R6\seed1\seed1__T5__rep0.csv,True,PASS,
CRCNS pvc-11,monkey1,data_monkey1_gratings,MM-RVD,MM_RVD_A9_SELECTED_R6,1,T5,1,0.9178571428571428,0.9178571428571429,1.1102230246251565e-16,1e-10,<PROJECT_ROOT>\mmrvd_r6_retrospective_a7s_a9r_20260815_131101\04_r6_screening_predictions\crcns_pvc11\data_monkey1_gratings\MM_RVD_A9_SELECTED_R6\seed1\seed1__T5__rep1.csv,True,PASS,
CRCNS pvc-11,monkey1,data_monkey1_gratings,MM-RVD,MM_RVD_A9_SELECTED_R6,1,T5,2,0.9535714285714284,0.9535714285714285,1.1102230246251565e-16,1e-10,<PROJECT_ROOT>\mmrvd_r6_retrospective_a7s_a9r_20260815_131101\04_r6_screening_predictions\crcns_pvc11\data_monkey1_gratings\MM_RVD_A9_SELECTED_R6\seed1\seed1__T5__rep2.csv,True,PASS,
CRCNS pvc-11,monkey1,data_monkey1_gratings,MM-RVD,MM_RVD_A9_SELECTED_R6,1,T5,3,0.9428571428571428,0.9428571428571428,0.0,1e-10,<PROJECT_ROOT>\mmrvd_r6_retrospective_a7s_a9r_20260815_131101\04_r6_screening_predictions\crcns_pvc11\data_monkey1_gratings\MM_RVD_A9_SELECTED_R6\seed1\seed1__T5__rep3.csv,True,PASS,
CRCNS pvc-11,monkey1,data_monkey1_gratings,MM-RVD,MM_RVD_A9_SELECTED_R6,1,T5,4,0.9607142857142856,0.9607142857142856,0.0,1e-10,<PROJECT_ROOT>\mmrvd_r6_retrospective_a7s_a9r_20260815_131101\04_r6_screening_predictions\crcns_pvc11\data_monkey1_gratings\MM_RVD_A9_SELECTED_R6\seed1\seed1__T5__rep4.csv,True,PASS,
CRCNS pvc-11,monkey2,data_monkey2_gratings,MM-RVD,MM_RVD_A9_SELECTED_R6,0,U30,0,0.975,0.975,0.0,1e-10,<PROJECT_ROOT>\mmrvd_r6_retrospective_a7s_a9r_20260815_131101\04_r6_screening_predictions\crcns_pvc11\data_monkey2_gratings\MM_RVD_A9_SELECTED_R6\seed0\seed0__U30__rep0.csv,True,PASS,
CRCNS pvc-11,monkey2,data_monkey2_gratings,MM-RVD,MM_RVD_A9_SELECTED_R6,0,U30,1,0.9714285714285714,0.9714285714285714,0.0,1e-10,<PROJECT_ROOT>\mmrvd_r6_retrospective_a7s_a9r_20260815_131101\04_r6_screening_predictions\crcns_pvc11\data_monkey2_gratings\MM_RVD_A9_SELECTED_R6\seed0\seed0__U30__rep1.csv,True,PASS,
CRCNS pvc-11,monkey2,data_monkey2_gratings,MM-RVD,MM_RVD_A9_SELECTED_R6,0,U30,2,0.9642857142857144,0.9642857142857143,1.1102230246251565e-16,1e-10,<PROJECT_ROOT>\mmrvd_r6_retrospective_a7s_a9r_20260815_131101\04_r6_screening_predictions\crcns_pvc11\data_monkey2_gratings\MM_RVD_A9_SELECTED_R6\seed0\seed0__U30__rep2.csv,True,PASS,
CRCNS pvc-11,monkey2,data_monkey2_gratings,MM-RVD,MM_RVD_A9_SELECTED_R6,0,U30,3,0.9785714285714284,0.9785714285714285,1.1102230246251565e-16,1e-10,<PROJECT_ROOT>\mmrvd_r6_retrospective_a7s_a9r_20260815_131101\04_r6_screening_predictions\crcns_pvc11\data_monkey2_gratings\MM_RVD_A9_SELECTED_R6\seed0\seed0__U30__rep3.csv,True,PASS,
CRCNS pvc-11,monkey2,data_monkey2_gratings,MM-RVD,MM_RVD_A9_SELECTED_R6,0,U30,4,0.9928571428571428,0.9928571428571429,1.1102230246251565e-16,1e-10,<PROJECT_ROOT>\mmrvd_r6_retrospective_a7s_a9r_20260815_131101\04_r6_screening_predictions\crcns_pvc11\data_monkey2_gratings\MM_RVD_A9_SELECTED_R6\seed0\seed0__U30__rep4.csv,True,PASS,
CRCNS pvc-11,monkey2,data_monkey2_gratings,MM-RVD,MM_RVD_A9_SELECTED_R6,0,T5,0,0.9785714285714284,0.9785714285714285,1.1102230246251565e-16,1e-10,<PROJECT_ROOT>\mmrvd_r6_retrospective_a7s_a9r_20260815_131101\04_r6_screening_predictions\crcns_pvc11\data_monkey2_gratings\MM_RVD_A9_SELECTED_R6\seed0\seed0__T5__rep0.csv,True,PASS,
CRCNS pvc-11,monkey2,data_monkey2_gratings,MM-RVD,MM_RVD_A9_SELECTED_R6,0,T5,1,0.9785714285714284,0.9785714285714285,1.1102230246251565e-16,1e-10,<PROJECT_ROOT>\mmrvd_r6_retrospective_a7s_a9r_20260815_131101\04_r6_screening_predictions\crcns_pvc11\data_monkey2_gratings\MM_RVD_A9_SELECTED_R6\seed0\seed0__T5__rep1.csv,True,PASS,
CRCNS pvc-11,monkey2,data_monkey2_gratings,MM-RVD,MM_RVD_A9_SELECTED_R6,0,T5,2,0.9892857142857144,0.9892857142857144,0.0,1e-10,<PROJECT_ROOT>\mmrvd_r6_retrospective_a7s_a9r_20260815_131101\04_r6_screening_predictions\crcns_pvc11\data_monkey2_gratings\MM_RVD_A9_SELECTED_R6\seed0\seed0__T5__rep2.csv,True,PASS,
CRCNS pvc-11,monkey2,data_monkey2_gratings,MM-RVD,MM_RVD_A9_SELECTED_R6,0,T5,3,0.9964285714285712,0.9964285714285713,1.1102230246251565e-16,1e-10,<PROJECT_ROOT>\mmrvd_r6_retrospective_a7s_a9r_20260815_131101\04_r6_screening_predictions\crcns_pvc11\data_monkey2_gratings\MM_RVD_A9_SELECTED_R6\seed0\seed0__T5__rep3.csv,True,PASS,
CRCNS pvc-11,monkey2,data_monkey2_gratings,MM-RVD,MM_RVD_A9_SELECTED_R6,0,T5,4,0.9892857142857144,0.9892857142857144,0.0,1e-10,<PROJECT_ROOT>\mmrvd_r6_retrospective_a7s_a9r_20260815_131101\04_r6_screening_predictions\crcns_pvc11\data_monkey2_gratings\MM_RVD_A9_SELECTED_R6\seed0\seed0__T5__rep4.csv,True,PASS,
CRCNS pvc-11,monkey2,data_monkey2_gratings,MM-RVD,MM_RVD_A9_SELECTED_R6,1,U30,0,0.975,0.975,0.0,1e-10,<PROJECT_ROOT>\mmrvd_r6_retrospective_a7s_a9r_20260815_131101\04_r6_screening_predictions\crcns_pvc11\data_monkey2_gratings\MM_RVD_A9_SELECTED_R6\seed1\seed1__U30__rep0.csv,True,PASS,
CRCNS pvc-11,monkey2,data_monkey2_gratings,MM-RVD,MM_RVD_A9_SELECTED_R6,1,U30,1,0.9714285714285714,0.9714285714285714,0.0,1e-10,<PROJECT_ROOT>\mmrvd_r6_retrospective_a7s_a9r_20260815_131101\04_r6_screening_predictions\crcns_pvc11\data_monkey2_gratings\MM_RVD_A9_SELECTED_R6\seed1\seed1__U30__rep1.csv,True,PASS,
CRCNS pvc-11,monkey2,data_monkey2_gratings,MM-RVD,MM_RVD_A9_SELECTED_R6,1,U30,2,0.9642857142857144,0.9642857142857143,1.1102230246251565e-16,1e-10,<PROJECT_ROOT>\mmrvd_r6_retrospective_a7s_a9r_20260815_131101\04_r6_screening_predictions\crcns_pvc11\data_monkey2_gratings\MM_RVD_A9_SELECTED_R6\seed1\seed1__U30__rep2.csv,True,PASS,
CRCNS pvc-11,monkey2,data_monkey2_gratings,MM-RVD,MM_RVD_A9_SELECTED_R6,1,U30,3,0.9785714285714284,0.9785714285714285,1.1102230246251565e-16,1e-10,<PROJECT_ROOT>\mmrvd_r6_retrospective_a7s_a9r_20260815_131101\04_r6_screening_predictions\crcns_pvc11\data_monkey2_gratings\MM_RVD_A9_SELECTED_R6\seed1\seed1__U30__rep3.csv,True,PASS,
CRCNS pvc-11,monkey2,data_monkey2_gratings,MM-RVD,MM_RVD_A9_SELECTED_R6,1,U30,4,0.9928571428571428,0.9928571428571429,1.1102230246251565e-16,1e-10,<PROJECT_ROOT>\mmrvd_r6_retrospective_a7s_a9r_20260815_131101\04_r6_screening_predictions\crcns_pvc11\data_monkey2_gratings\MM_RVD_A9_SELECTED_R6\seed1\seed1__U30__rep4.csv,True,PASS,
CRCNS pvc-11,monkey2,data_monkey2_gratings,MM-RVD,MM_RVD_A9_SELECTED_R6,1,T5,0,0.9785714285714284,0.9785714285714285,1.1102230246251565e-16,1e-10,<PROJECT_ROOT>\mmrvd_r6_retrospective_a7s_a9r_20260815_131101\04_r6_screening_predictions\crcns_pvc11\data_monkey2_gratings\MM_RVD_A9_SELECTED_R6\seed1\seed1__T5__rep0.csv,True,PASS,
CRCNS pvc-11,monkey2,data_monkey2_gratings,MM-RVD,MM_RVD_A9_SELECTED_R6,1,T5,1,0.9785714285714284,0.9785714285714285,1.1102230246251565e-16,1e-10,<PROJECT_ROOT>\mmrvd_r6_retrospective_a7s_a9r_20260815_131101\04_r6_screening_predictions\crcns_pvc11\data_monkey2_gratings\MM_RVD_A9_SELECTED_R6\seed1\seed1__T5__rep1.csv,True,PASS,
CRCNS pvc-11,monkey2,data_monkey2_gratings,MM-RVD,MM_RVD_A9_SELECTED_R6,1,T5,2,0.9892857142857144,0.9892857142857144,0.0,1e-10,<PROJECT_ROOT>\mmrvd_r6_retrospective_a7s_a9r_20260815_131101\04_r6_screening_predictions\crcns_pvc11\data_monkey2_gratings\MM_RVD_A9_SELECTED_R6\seed1\seed1__T5__rep2.csv,True,PASS,
CRCNS pvc-11,monkey2,data_monkey2_gratings,MM-RVD,MM_RVD_A9_SELECTED_R6,1,T5,3,0.9964285714285712,0.9964285714285713,1.1102230246251565e-16,1e-10,<PROJECT_ROOT>\mmrvd_r6_retrospective_a7s_a9r_20260815_131101\04_r6_screening_predictions\crcns_pvc11\data_monkey2_gratings\MM_RVD_A9_SELECTED_R6\seed1\seed1__T5__rep3.csv,True,PASS,
CRCNS pvc-11,monkey2,data_monkey2_gratings,MM-RVD,MM_RVD_A9_SELECTED_R6,1,T5,4,0.9892857142857144,0.9892857142857144,0.0,1e-10,<PROJECT_ROOT>\mmrvd_r6_retrospective_a7s_a9r_20260815_131101\04_r6_screening_predictions\crcns_pvc11\data_monkey2_gratings\MM_RVD_A9_SELECTED_R6\seed1\seed1__T5__rep4.csv,True,PASS,
CRCNS pvc-11,monkey3,data_monkey3_gratings,MM-RVD,MM_RVD_A9_SELECTED_R6,0,U30,0,0.9964285714285712,0.9964285714285713,1.1102230246251565e-16,1e-10,<PROJECT_ROOT>\mmrvd_r6_retrospective_a7s_a9r_20260815_131101\04_r6_screening_predictions\crcns_pvc11\data_monkey3_gratings\MM_RVD_A9_SELECTED_R6\seed0\seed0__U30__rep0.csv,True,PASS,
CRCNS pvc-11,monkey3,data_monkey3_gratings,MM-RVD,MM_RVD_A9_SELECTED_R6,0,U30,1,0.9964285714285712,0.9964285714285713,1.1102230246251565e-16,1e-10,<PROJECT_ROOT>\mmrvd_r6_retrospective_a7s_a9r_20260815_131101\04_r6_screening_predictions\crcns_pvc11\data_monkey3_gratings\MM_RVD_A9_SELECTED_R6\seed0\seed0__U30__rep1.csv,True,PASS,
CRCNS pvc-11,monkey3,data_monkey3_gratings,MM-RVD,MM_RVD_A9_SELECTED_R6,0,U30,2,0.9964285714285712,0.9964285714285713,1.1102230246251565e-16,1e-10,<PROJECT_ROOT>\mmrvd_r6_retrospective_a7s_a9r_20260815_131101\04_r6_screening_predictions\crcns_pvc11\data_monkey3_gratings\MM_RVD_A9_SELECTED_R6\seed0\seed0__U30__rep2.csv,True,PASS,
CRCNS pvc-11,monkey3,data_monkey3_gratings,MM-RVD,MM_RVD_A9_SELECTED_R6,0,U30,3,0.9964285714285712,0.9964285714285713,1.1102230246251565e-16,1e-10,<PROJECT_ROOT>\mmrvd_r6_retrospective_a7s_a9r_20260815_131101\04_r6_screening_predictions\crcns_pvc11\data_monkey3_gratings\MM_RVD_A9_SELECTED_R6\seed0\seed0__U30__rep3.csv,True,PASS,
CRCNS pvc-11,monkey3,data_monkey3_gratings,MM-RVD,MM_RVD_A9_SELECTED_R6,0,U30,4,1.0,1.0,0.0,1e-10,<PROJECT_ROOT>\mmrvd_r6_retrospective_a7s_a9r_20260815_131101\04_r6_screening_predictions\crcns_pvc11\data_monkey3_gratings\MM_RVD_A9_SELECTED_R6\seed0\seed0__U30__rep4.csv,True,PASS,
CRCNS pvc-11,monkey3,data_monkey3_gratings,MM-RVD,MM_RVD_A9_SELECTED_R6,0,T5,0,1.0,1.0,0.0,1e-10,<PROJECT_ROOT>\mmrvd_r6_retrospective_a7s_a9r_20260815_131101\04_r6_screening_predictions\crcns_pvc11\data_monkey3_gratings\MM_RVD_A9_SELECTED_R6\seed0\seed0__T5__rep0.csv,True,PASS,
CRCNS pvc-11,monkey3,data_monkey3_gratings,MM-RVD,MM_RVD_A9_SELECTED_R6,0,T5,1,1.0,1.0,0.0,1e-10,<PROJECT_ROOT>\mmrvd_r6_retrospective_a7s_a9r_20260815_131101\04_r6_screening_predictions\crcns_pvc11\data_monkey3_gratings\MM_RVD_A9_SELECTED_R6\seed0\seed0__T5__rep1.csv,True,PASS,
CRCNS pvc-11,monkey3,data_monkey3_gratings,MM-RVD,MM_RVD_A9_SELECTED_R6,0,T5,2,0.9964285714285712,0.9964285714285713,1.1102230246251565e-16,1e-10,<PROJECT_ROOT>\mmrvd_r6_retrospective_a7s_a9r_20260815_131101\04_r6_screening_predictions\crcns_pvc11\data_monkey3_gratings\MM_RVD_A9_SELECTED_R6\seed0\seed0__T5__rep2.csv,True,PASS,
CRCNS pvc-11,monkey3,data_monkey3_gratings,MM-RVD,MM_RVD_A9_SELECTED_R6,0,T5,3,1.0,1.0,0.0,1e-10,<PROJECT_ROOT>\mmrvd_r6_retrospective_a7s_a9r_20260815_131101\04_r6_screening_predictions\crcns_pvc11\data_monkey3_gratings\MM_RVD_A9_SELECTED_R6\seed0\seed0__T5__rep3.csv,True,PASS,
CRCNS pvc-11,monkey3,data_monkey3_gratings,MM-RVD,MM_RVD_A9_SELECTED_R6,0,T5,4,0.9964285714285712,0.9964285714285713,1.1102230246251565e-16,1e-10,<PROJECT_ROOT>\mmrvd_r6_retrospective_a7s_a9r_20260815_131101\04_r6_screening_predictions\crcns_pvc11\data_monkey3_gratings\MM_RVD_A9_SELECTED_R6\seed0\seed0__T5__rep4.csv,True,PASS,
CRCNS pvc-11,monkey3,data_monkey3_gratings,MM-RVD,MM_RVD_A9_SELECTED_R6,1,U30,0,0.9964285714285712,0.9964285714285713,1.1102230246251565e-16,1e-10,<PROJECT_ROOT>\mmrvd_r6_retrospective_a7s_a9r_20260815_131101\04_r6_screening_predictions\crcns_pvc11\data_monkey3_gratings\MM_RVD_A9_SELECTED_R6\seed1\seed1__U30__rep0.csv,True,PASS,
CRCNS pvc-11,monkey3,data_monkey3_gratings,MM-RVD,MM_RVD_A9_SELECTED_R6,1,U30,1,0.9964285714285712,0.9964285714285713,1.1102230246251565e-16,1e-10,<PROJECT_ROOT>\mmrvd_r6_retrospective_a7s_a9r_20260815_131101\04_r6_screening_predictions\crcns_pvc11\data_monkey3_gratings\MM_RVD_A9_SELECTED_R6\seed1\seed1__U30__rep1.csv,True,PASS,
CRCNS pvc-11,monkey3,data_monkey3_gratings,MM-RVD,MM_RVD_A9_SELECTED_R6,1,U30,2,0.9964285714285712,0.9964285714285713,1.1102230246251565e-16,1e-10,<PROJECT_ROOT>\mmrvd_r6_retrospective_a7s_a9r_20260815_131101\04_r6_screening_predictions\crcns_pvc11\data_monkey3_gratings\MM_RVD_A9_SELECTED_R6\seed1\seed1__U30__rep2.csv,True,PASS,
CRCNS pvc-11,monkey3,data_monkey3_gratings,MM-RVD,MM_RVD_A9_SELECTED_R6,1,U30,3,0.9964285714285712,0.9964285714285713,1.1102230246251565e-16,1e-10,<PROJECT_ROOT>\mmrvd_r6_retrospective_a7s_a9r_20260815_131101\04_r6_screening_predictions\crcns_pvc11\data_monkey3_gratings\MM_RVD_A9_SELECTED_R6\seed1\seed1__U30__rep3.csv,True,PASS,
CRCNS pvc-11,monkey3,data_monkey3_gratings,MM-RVD,MM_RVD_A9_SELECTED_R6,1,U30,4,1.0,1.0,0.0,1e-10,<PROJECT_ROOT>\mmrvd_r6_retrospective_a7s_a9r_20260815_131101\04_r6_screening_predictions\crcns_pvc11\data_monkey3_gratings\MM_RVD_A9_SELECTED_R6\seed1\seed1__U30__rep4.csv,True,PASS,
CRCNS pvc-11,monkey3,data_monkey3_gratings,MM-RVD,MM_RVD_A9_SELECTED_R6,1,T5,0,1.0,1.0,0.0,1e-10,<PROJECT_ROOT>\mmrvd_r6_retrospective_a7s_a9r_20260815_131101\04_r6_screening_predictions\crcns_pvc11\data_monkey3_gratings\MM_RVD_A9_SELECTED_R6\seed1\seed1__T5__rep0.csv,True,PASS,
CRCNS pvc-11,monkey3,data_monkey3_gratings,MM-RVD,MM_RVD_A9_SELECTED_R6,1,T5,1,1.0,1.0,0.0,1e-10,<PROJECT_ROOT>\mmrvd_r6_retrospective_a7s_a9r_20260815_131101\04_r6_screening_predictions\crcns_pvc11\data_monkey3_gratings\MM_RVD_A9_SELECTED_R6\seed1\seed1__T5__rep1.csv,True,PASS,
CRCNS pvc-11,monkey3,data_monkey3_gratings,MM-RVD,MM_RVD_A9_SELECTED_R6,1,T5,2,0.9964285714285712,0.9964285714285713,1.1102230246251565e-16,1e-10,<PROJECT_ROOT>\mmrvd_r6_retrospective_a7s_a9r_20260815_131101\04_r6_screening_predictions\crcns_pvc11\data_monkey3_gratings\MM_RVD_A9_SELECTED_R6\seed1\seed1__T5__rep2.csv,True,PASS,
CRCNS pvc-11,monkey3,data_monkey3_gratings,MM-RVD,MM_RVD_A9_SELECTED_R6,1,T5,3,1.0,1.0,0.0,1e-10,<PROJECT_ROOT>\mmrvd_r6_retrospective_a7s_a9r_20260815_131101\04_r6_screening_predictions\crcns_pvc11\data_monkey3_gratings\MM_RVD_A9_SELECTED_R6\seed1\seed1__T5__rep3.csv,True,PASS,
CRCNS pvc-11,monkey3,data_monkey3_gratings,MM-RVD,MM_RVD_A9_SELECTED_R6,1,T5,4,0.9964285714285712,0.9964285714285713,1.1102230246251565e-16,1e-10,<PROJECT_ROOT>\mmrvd_r6_retrospective_a7s_a9r_20260815_131101\04_r6_screening_predictions\crcns_pvc11\data_monkey3_gratings\MM_RVD_A9_SELECTED_R6\seed1\seed1__T5__rep4.csv,True,PASS,
Allen VBN,544837,1069458330,SVM,MEAN_RATE_LINEAR_SVM,0,U30,0,0.9909224937899798,0.9909224937899798,0.0,1e-10,<PROJECT_ROOT>\unified_17_session_authentic_rerun_a6_20260808_185006\06_screening_predictions\allen_vbn\1069458330\MEAN_RATE_LINEAR_SVM\seed0\seed0__U30__rep0.csv,True,PASS,
Allen VBN,544837,1069458330,SVM,MEAN_RATE_LINEAR_SVM,0,U30,1,0.9883312774839246,0.9883312774839246,0.0,1e-10,<PROJECT_ROOT>\unified_17_session_authentic_rerun_a6_20260808_185006\06_screening_predictions\allen_vbn\1069458330\MEAN_RATE_LINEAR_SVM\seed0\seed0__U30__rep1.csv,True,PASS,
Allen VBN,544837,1069458330,SVM,MEAN_RATE_LINEAR_SVM,0,U30,2,0.9865660088509706,0.9865660088509706,0.0,1e-10,<PROJECT_ROOT>\unified_17_session_authentic_rerun_a6_20260808_185006\06_screening_predictions\allen_vbn\1069458330\MEAN_RATE_LINEAR_SVM\seed0\seed0__U30__rep2.csv,True,PASS,
Allen VBN,544837,1069458330,SVM,MEAN_RATE_LINEAR_SVM,0,U30,3,0.9853142983252656,0.9853142983252656,0.0,1e-10,<PROJECT_ROOT>\unified_17_session_authentic_rerun_a6_20260808_185006\06_screening_predictions\allen_vbn\1069458330\MEAN_RATE_LINEAR_SVM\seed0\seed0__U30__rep3.csv,True,PASS,
Allen VBN,544837,1069458330,SVM,MEAN_RATE_LINEAR_SVM,0,U30,4,0.9892830058114044,0.9892830058114045,1.1102230246251565e-16,1e-10,<PROJECT_ROOT>\unified_17_session_authentic_rerun_a6_20260808_185006\06_screening_predictions\allen_vbn\1069458330\MEAN_RATE_LINEAR_SVM\seed0\seed0__U30__rep4.csv,True,PASS,
Allen VBN,544837,1069458330,SVM,MEAN_RATE_LINEAR_SVM,0,T5,0,0.9875372304353448,0.9875372304353448,0.0,1e-10,<PROJECT_ROOT>\unified_17_session_authentic_rerun_a6_20260808_185006\06_screening_predictions\allen_vbn\1069458330\MEAN_RATE_LINEAR_SVM\seed0\seed0__T5__rep0.csv,True,PASS,
Allen VBN,544837,1069458330,SVM,MEAN_RATE_LINEAR_SVM,0,T5,1,0.986166276107526,0.9861662761075259,1.1102230246251565e-16,1e-10,<PROJECT_ROOT>\unified_17_session_authentic_rerun_a6_20260808_185006\06_screening_predictions\allen_vbn\1069458330\MEAN_RATE_LINEAR_SVM\seed0\seed0__T5__rep1.csv,True,PASS,
Allen VBN,544837,1069458330,SVM,MEAN_RATE_LINEAR_SVM,0,T5,2,0.9814434126667158,0.9814434126667158,0.0,1e-10,<PROJECT_ROOT>\unified_17_session_authentic_rerun_a6_20260808_185006\06_screening_predictions\allen_vbn\1069458330\MEAN_RATE_LINEAR_SVM\seed0\seed0__T5__rep2.csv,True,PASS,
Allen VBN,544837,1069458330,SVM,MEAN_RATE_LINEAR_SVM,0,T5,3,0.9871486639371404,0.9871486639371405,1.1102230246251565e-16,1e-10,<PROJECT_ROOT>\unified_17_session_authentic_rerun_a6_20260808_185006\06_screening_predictions\allen_vbn\1069458330\MEAN_RATE_LINEAR_SVM\seed0\seed0__T5__rep3.csv,True,PASS,
Allen VBN,544837,1069458330,SVM,MEAN_RATE_LINEAR_SVM,0,T5,4,0.985524105656841,0.985524105656841,0.0,1e-10,<PROJECT_ROOT>\unified_17_session_authentic_rerun_a6_20260808_185006\06_screening_predictions\allen_vbn\1069458330\MEAN_RATE_LINEAR_SVM\seed0\seed0__T5__rep4.csv,True,PASS,
Allen VBN,544837,1069458330,SVM,MEAN_RATE_LINEAR_SVM,1,U30,0,0.9926264557380272,0.9926264557380272,0.0,1e-10,<PROJECT_ROOT>\unified_17_session_authentic_rerun_a6_20260808_185006\06_screening_predictions\allen_vbn\1069458330\MEAN_RATE_LINEAR_SVM\seed1\seed1__U30__rep0.csv,True,PASS,
Allen VBN,544837,1069458330,SVM,MEAN_RATE_LINEAR_SVM,1,U30,1,0.9962528205671276,0.9962528205671275,1.1102230246251565e-16,1e-10,<PROJECT_ROOT>\unified_17_session_authentic_rerun_a6_20260808_185006\06_screening_predictions\allen_vbn\1069458330\MEAN_RATE_LINEAR_SVM\seed1\seed1__U30__rep1.csv,True,PASS,
Allen VBN,544837,1069458330,SVM,MEAN_RATE_LINEAR_SVM,1,U30,2,0.9895166254903628,0.9895166254903627,1.1102230246251565e-16,1e-10,<PROJECT_ROOT>\unified_17_session_authentic_rerun_a6_20260808_185006\06_screening_predictions\allen_vbn\1069458330\MEAN_RATE_LINEAR_SVM\seed1\seed1__U30__rep2.csv,True,PASS,
Allen VBN,544837,1069458330,SVM,MEAN_RATE_LINEAR_SVM,1,U30,3,0.9950251226919808,0.9950251226919807,1.1102230246251565e-16,1e-10,<PROJECT_ROOT>\unified_17_session_authentic_rerun_a6_20260808_185006\06_screening_predictions\allen_vbn\1069458330\MEAN_RATE_LINEAR_SVM\seed1\seed1__U30__rep3.csv,True,PASS,
Allen VBN,544837,1069458330,SVM,MEAN_RATE_LINEAR_SVM,1,U30,4,0.9950336452319768,0.9950336452319769,1.1102230246251565e-16,1e-10,<PROJECT_ROOT>\unified_17_session_authentic_rerun_a6_20260808_185006\06_screening_predictions\allen_vbn\1069458330\MEAN_RATE_LINEAR_SVM\seed1\seed1__U30__rep4.csv,True,PASS,
Allen VBN,544837,1069458330,SVM,MEAN_RATE_LINEAR_SVM,1,T5,0,0.9913392840865648,0.9913392840865647,1.1102230246251565e-16,1e-10,<PROJECT_ROOT>\unified_17_session_authentic_rerun_a6_20260808_185006\06_screening_predictions\allen_vbn\1069458330\MEAN_RATE_LINEAR_SVM\seed1\seed1__T5__rep0.csv,True,PASS,
Allen VBN,544837,1069458330,SVM,MEAN_RATE_LINEAR_SVM,1,T5,1,0.987640569240824,0.9876405692408239,1.1102230246251565e-16,1e-10,<PROJECT_ROOT>\unified_17_session_authentic_rerun_a6_20260808_185006\06_screening_predictions\allen_vbn\1069458330\MEAN_RATE_LINEAR_SVM\seed1\seed1__T5__rep1.csv,True,PASS,
Allen VBN,544837,1069458330,SVM,MEAN_RATE_LINEAR_SVM,1,T5,2,0.9923082542814928,0.9923082542814928,0.0,1e-10,<PROJECT_ROOT>\unified_17_session_authentic_rerun_a6_20260808_185006\06_screening_predictions\allen_vbn\1069458330\MEAN_RATE_LINEAR_SVM\seed1\seed1__T5__rep2.csv,True,PASS,
Allen VBN,544837,1069458330,SVM,MEAN_RATE_LINEAR_SVM,1,T5,3,0.991713983924314,0.991713983924314,0.0,1e-10,<PROJECT_ROOT>\unified_17_session_authentic_rerun_a6_20260808_185006\06_screening_predictions\allen_vbn\1069458330\MEAN_RATE_LINEAR_SVM\seed1\seed1__T5__rep3.csv,True,PASS,
Allen VBN,544837,1069458330,SVM,MEAN_RATE_LINEAR_SVM,1,T5,4,0.990833449574731,0.990833449574731,0.0,1e-10,<PROJECT_ROOT>\unified_17_session_authentic_rerun_a6_20260808_185006\06_screening_predictions\allen_vbn\1069458330\MEAN_RATE_LINEAR_SVM\seed1\seed1__T5__rep4.csv,True,PASS,
Allen VBN,546507,1072567062,SVM,MEAN_RATE_LINEAR_SVM,0,U30,0,0.9815816385305366,0.9815816385305366,0.0,1e-10,<PROJECT_ROOT>\unified_17_session_authentic_rerun_a6_20260808_185006\06_screening_predictions\allen_vbn\1072567062\MEAN_RATE_LINEAR_SVM\seed0\seed0__U30__rep0.csv,True,PASS,
Allen VBN,546507,1072567062,SVM,MEAN_RATE_LINEAR_SVM,0,U30,1,0.9889174237390348,0.9889174237390347,1.1102230246251565e-16,1e-10,<PROJECT_ROOT>\unified_17_session_authentic_rerun_a6_20260808_185006\06_screening_predictions\allen_vbn\1072567062\MEAN_RATE_LINEAR_SVM\seed0\seed0__U30__rep1.csv,True,PASS,
Allen VBN,546507,1072567062,SVM,MEAN_RATE_LINEAR_SVM,0,U30,2,0.9863331878025936,0.9863331878025937,1.1102230246251565e-16,1e-10,<PROJECT_ROOT>\unified_17_session_authentic_rerun_a6_20260808_185006\06_screening_predictions\allen_vbn\1072567062\MEAN_RATE_LINEAR_SVM\seed0\seed0__U30__rep2.csv,True,PASS,
Allen VBN,546507,1072567062,SVM,MEAN_RATE_LINEAR_SVM,0,U30,3,0.9834139859138245,0.9834139859138243,1.1102230246251565e-16,1e-10,<PROJECT_ROOT>\unified_17_session_authentic_rerun_a6_20260808_185006\06_screening_predictions\allen_vbn\1072567062\MEAN_RATE_LINEAR_SVM\seed0\seed0__U30__rep3.csv,True,PASS,
Allen VBN,546507,1072567062,SVM,MEAN_RATE_LINEAR_SVM,0,U30,4,0.9729648893739106,0.9729648893739106,0.0,1e-10,<PROJECT_ROOT>\unified_17_session_authentic_rerun_a6_20260808_185006\06_screening_predictions\allen_vbn\1072567062\MEAN_RATE_LINEAR_SVM\seed0\seed0__U30__rep4.csv,True,PASS,
Allen VBN,546507,1072567062,SVM,MEAN_RATE_LINEAR_SVM,0,T5,0,0.9763659233119644,0.9763659233119643,1.1102230246251565e-16,1e-10,<PROJECT_ROOT>\unified_17_session_authentic_rerun_a6_20260808_185006\06_screening_predictions\allen_vbn\1072567062\MEAN_RATE_LINEAR_SVM\seed0\seed0__T5__rep0.csv,True,PASS,
Allen VBN,546507,1072567062,SVM,MEAN_RATE_LINEAR_SVM,0,T5,1,0.977657670380018,0.9776576703800179,1.1102230246251565e-16,1e-10,<PROJECT_ROOT>\unified_17_session_authentic_rerun_a6_20260808_185006\06_screening_predictions\allen_vbn\1072567062\MEAN_RATE_LINEAR_SVM\seed0\seed0__T5__rep1.csv,True,PASS,
Allen VBN,546507,1072567062,SVM,MEAN_RATE_LINEAR_SVM,0,T5,2,0.9738899578973642,0.9738899578973642,0.0,1e-10,<PROJECT_ROOT>\unified_17_session_authentic_rerun_a6_20260808_185006\06_screening_predictions\allen_vbn\1072567062\MEAN_RATE_LINEAR_SVM\seed0\seed0__T5__rep2.csv,True,PASS,
Allen VBN,546507,1072567062,SVM,MEAN_RATE_LINEAR_SVM,0,T5,3,0.9770386587974776,0.9770386587974775,1.1102230246251565e-16,1e-10,<PROJECT_ROOT>\unified_17_session_authentic_rerun_a6_20260808_185006\06_screening_predictions\allen_vbn\1072567062\MEAN_RATE_LINEAR_SVM\seed0\seed0__T5__rep3.csv,True,PASS,
Allen VBN,546507,1072567062,SVM,MEAN_RATE_LINEAR_SVM,0,T5,4,0.9799760956877046,0.9799760956877046,0.0,1e-10,<PROJECT_ROOT>\unified_17_session_authentic_rerun_a6_20260808_185006\06_screening_predictions\allen_vbn\1072567062\MEAN_RATE_LINEAR_SVM\seed0\seed0__T5__rep4.csv,True,PASS,
Allen VBN,546507,1072567062,SVM,MEAN_RATE_LINEAR_SVM,1,U30,0,0.9801965935554012,0.9801965935554013,1.1102230246251565e-16,1e-10,<PROJECT_ROOT>\unified_17_session_authentic_rerun_a6_20260808_185006\06_screening_predictions\allen_vbn\1072567062\MEAN_RATE_LINEAR_SVM\seed1\seed1__U30__rep0.csv,True,PASS,
Allen VBN,546507,1072567062,SVM,MEAN_RATE_LINEAR_SVM,1,U30,1,0.9746685740007344,0.9746685740007344,0.0,1e-10,<PROJECT_ROOT>\unified_17_session_authentic_rerun_a6_20260808_185006\06_screening_predictions\allen_vbn\1072567062\MEAN_RATE_LINEAR_SVM\seed1\seed1__U30__rep1.csv,True,PASS,
Allen VBN,546507,1072567062,SVM,MEAN_RATE_LINEAR_SVM,1,U30,2,0.9807671990317414,0.9807671990317414,0.0,1e-10,<PROJECT_ROOT>\unified_17_session_authentic_rerun_a6_20260808_185006\06_screening_predictions\allen_vbn\1072567062\MEAN_RATE_LINEAR_SVM\seed1\seed1__U30__rep2.csv,True,PASS,
Allen VBN,546507,1072567062,SVM,MEAN_RATE_LINEAR_SVM,1,U30,3,0.9808190170963336,0.9808190170963337,1.1102230246251565e-16,1e-10,<PROJECT_ROOT>\unified_17_session_authentic_rerun_a6_20260808_185006\06_screening_predictions\allen_vbn\1072567062\MEAN_RATE_LINEAR_SVM\seed1\seed1__U30__rep3.csv,True,PASS,
Allen VBN,546507,1072567062,SVM,MEAN_RATE_LINEAR_SVM,1,U30,4,0.9667237649707112,0.9667237649707113,1.1102230246251565e-16,1e-10,<PROJECT_ROOT>\unified_17_session_authentic_rerun_a6_20260808_185006\06_screening_predictions\allen_vbn\1072567062\MEAN_RATE_LINEAR_SVM\seed1\seed1__U30__rep4.csv,True,PASS,
Allen VBN,546507,1072567062,SVM,MEAN_RATE_LINEAR_SVM,1,T5,0,0.9768255317969762,0.9768255317969762,0.0,1e-10,<PROJECT_ROOT>\unified_17_session_authentic_rerun_a6_20260808_185006\06_screening_predictions\allen_vbn\1072567062\MEAN_RATE_LINEAR_SVM\seed1\seed1__T5__rep0.csv,True,PASS,
Allen VBN,546507,1072567062,SVM,MEAN_RATE_LINEAR_SVM,1,T5,1,0.9760818912362088,0.9760818912362088,0.0,1e-10,<PROJECT_ROOT>\unified_17_session_authentic_rerun_a6_20260808_185006\06_screening_predictions\allen_vbn\1072567062\MEAN_RATE_LINEAR_SVM\seed1\seed1__T5__rep1.csv,True,PASS,
Allen VBN,546507,1072567062,SVM,MEAN_RATE_LINEAR_SVM,1,T5,2,0.9736457109408256,0.9736457109408256,0.0,1e-10,<PROJECT_ROOT>\unified_17_session_authentic_rerun_a6_20260808_185006\06_screening_predictions\allen_vbn\1072567062\MEAN_RATE_LINEAR_SVM\seed1\seed1__T5__rep2.csv,True,PASS,
Allen VBN,546507,1072567062,SVM,MEAN_RATE_LINEAR_SVM,1,T5,3,0.973786356302516,0.9737863563025161,1.1102230246251565e-16,1e-10,<PROJECT_ROOT>\unified_17_session_authentic_rerun_a6_20260808_185006\06_screening_predictions\allen_vbn\1072567062\MEAN_RATE_LINEAR_SVM\seed1\seed1__T5__rep3.csv,True,PASS,
Allen VBN,546507,1072567062,SVM,MEAN_RATE_LINEAR_SVM,1,T5,4,0.975507734848014,0.9755077348480139,1.1102230246251565e-16,1e-10,<PROJECT_ROOT>\unified_17_session_authentic_rerun_a6_20260808_185006\06_screening_predictions\allen_vbn\1072567062\MEAN_RATE_LINEAR_SVM\seed1\seed1__T5__rep4.csv,True,PASS,
Allen VBN,563497,1104289498,SVM,MEAN_RATE_LINEAR_SVM,0,U30,0,0.9827609851613008,0.9827609851613008,0.0,1e-10,<PROJECT_ROOT>\unified_17_session_authentic_rerun_a6_20260808_185006\06_screening_predictions\allen_vbn\1104289498\MEAN_RATE_LINEAR_SVM\seed0\seed0__U30__rep0.csv,True,PASS,
Allen VBN,563497,1104289498,SVM,MEAN_RATE_LINEAR_SVM,0,U30,1,0.9812407253512936,0.9812407253512936,0.0,1e-10,<PROJECT_ROOT>\unified_17_session_authentic_rerun_a6_20260808_185006\06_screening_predictions\allen_vbn\1104289498\MEAN_RATE_LINEAR_SVM\seed0\seed0__U30__rep1.csv,True,PASS,
Allen VBN,563497,1104289498,SVM,MEAN_RATE_LINEAR_SVM,0,U30,2,0.9792331644563398,0.9792331644563398,0.0,1e-10,<PROJECT_ROOT>\unified_17_session_authentic_rerun_a6_20260808_185006\06_screening_predictions\allen_vbn\1104289498\MEAN_RATE_LINEAR_SVM\seed0\seed0__U30__rep2.csv,True,PASS,
Allen VBN,563497,1104289498,SVM,MEAN_RATE_LINEAR_SVM,0,U30,3,0.9872556403770232,0.9872556403770231,1.1102230246251565e-16,1e-10,<PROJECT_ROOT>\unified_17_session_authentic_rerun_a6_20260808_185006\06_screening_predictions\allen_vbn\1104289498\MEAN_RATE_LINEAR_SVM\seed0\seed0__U30__rep3.csv,True,PASS,
Allen VBN,563497,1104289498,SVM,MEAN_RATE_LINEAR_SVM,0,U30,4,0.9815842828768524,0.9815842828768524,0.0,1e-10,<PROJECT_ROOT>\unified_17_session_authentic_rerun_a6_20260808_185006\06_screening_predictions\allen_vbn\1104289498\MEAN_RATE_LINEAR_SVM\seed0\seed0__U30__rep4.csv,True,PASS,
Allen VBN,563497,1104289498,SVM,MEAN_RATE_LINEAR_SVM,0,T5,0,0.9787870227674594,0.9787870227674594,0.0,1e-10,<PROJECT_ROOT>\unified_17_session_authentic_rerun_a6_20260808_185006\06_screening_predictions\allen_vbn\1104289498\MEAN_RATE_LINEAR_SVM\seed0\seed0__T5__rep0.csv,True,PASS,
Allen VBN,563497,1104289498,SVM,MEAN_RATE_LINEAR_SVM,0,T5,1,0.9754356781750116,0.9754356781750115,1.1102230246251565e-16,1e-10,<PROJECT_ROOT>\unified_17_session_authentic_rerun_a6_20260808_185006\06_screening_predictions\allen_vbn\1104289498\MEAN_RATE_LINEAR_SVM\seed0\seed0__T5__rep1.csv,True,PASS,
Allen VBN,563497,1104289498,SVM,MEAN_RATE_LINEAR_SVM,0,T5,2,0.977973096664622,0.977973096664622,0.0,1e-10,<PROJECT_ROOT>\unified_17_session_authentic_rerun_a6_20260808_185006\06_screening_predictions\allen_vbn\1104289498\MEAN_RATE_LINEAR_SVM\seed0\seed0__T5__rep2.csv,True,PASS,
Allen VBN,563497,1104289498,SVM,MEAN_RATE_LINEAR_SVM,0,T5,3,0.976808973708186,0.9768089737081861,1.1102230246251565e-16,1e-10,<PROJECT_ROOT>\unified_17_session_authentic_rerun_a6_20260808_185006\06_screening_predictions\allen_vbn\1104289498\MEAN_RATE_LINEAR_SVM\seed0\seed0__T5__rep3.csv,True,PASS,
Allen VBN,563497,1104289498,SVM,MEAN_RATE_LINEAR_SVM,0,T5,4,0.9827690510399284,0.9827690510399284,0.0,1e-10,<PROJECT_ROOT>\unified_17_session_authentic_rerun_a6_20260808_185006\06_screening_predictions\allen_vbn\1104289498\MEAN_RATE_LINEAR_SVM\seed0\seed0__T5__rep4.csv,True,PASS,
Allen VBN,563497,1104289498,SVM,MEAN_RATE_LINEAR_SVM,1,U30,0,0.9826375320090543,0.9826375320090543,0.0,1e-10,<PROJECT_ROOT>\unified_17_session_authentic_rerun_a6_20260808_185006\06_screening_predictions\allen_vbn\1104289498\MEAN_RATE_LINEAR_SVM\seed1\seed1__U30__rep0.csv,True,PASS,
Allen VBN,563497,1104289498,SVM,MEAN_RATE_LINEAR_SVM,1,U30,1,0.9834855691652162,0.9834855691652162,0.0,1e-10,<PROJECT_ROOT>\unified_17_session_authentic_rerun_a6_20260808_185006\06_screening_predictions\allen_vbn\1104289498\MEAN_RATE_LINEAR_SVM\seed1\seed1__U30__rep1.csv,True,PASS,
Allen VBN,563497,1104289498,SVM,MEAN_RATE_LINEAR_SVM,1,U30,2,0.982712650261407,0.982712650261407,0.0,1e-10,<PROJECT_ROOT>\unified_17_session_authentic_rerun_a6_20260808_185006\06_screening_predictions\allen_vbn\1104289498\MEAN_RATE_LINEAR_SVM\seed1\seed1__U30__rep2.csv,True,PASS,
Allen VBN,563497,1104289498,SVM,MEAN_RATE_LINEAR_SVM,1,U30,3,0.9800540163494492,0.9800540163494492,0.0,1e-10,<PROJECT_ROOT>\unified_17_session_authentic_rerun_a6_20260808_185006\06_screening_predictions\allen_vbn\1104289498\MEAN_RATE_LINEAR_SVM\seed1\seed1__U30__rep3.csv,True,PASS,
Allen VBN,563497,1104289498,SVM,MEAN_RATE_LINEAR_SVM,1,U30,4,0.9711312013270642,0.9711312013270642,0.0,1e-10,<PROJECT_ROOT>\unified_17_session_authentic_rerun_a6_20260808_185006\06_screening_predictions\allen_vbn\1104289498\MEAN_RATE_LINEAR_SVM\seed1\seed1__U30__rep4.csv,True,PASS,
Allen VBN,563497,1104289498,SVM,MEAN_RATE_LINEAR_SVM,1,T5,0,0.9742724895829366,0.9742724895829366,0.0,1e-10,<PROJECT_ROOT>\unified_17_session_authentic_rerun_a6_20260808_185006\06_screening_predictions\allen_vbn\1104289498\MEAN_RATE_LINEAR_SVM\seed1\seed1__T5__rep0.csv,True,PASS,
Allen VBN,563497,1104289498,SVM,MEAN_RATE_LINEAR_SVM,1,T5,1,0.9714605923918552,0.9714605923918553,1.1102230246251565e-16,1e-10,<PROJECT_ROOT>\unified_17_session_authentic_rerun_a6_20260808_185006\06_screening_predictions\allen_vbn\1104289498\MEAN_RATE_LINEAR_SVM\seed1\seed1__T5__rep1.csv,True,PASS,
Allen VBN,563497,1104289498,SVM,MEAN_RATE_LINEAR_SVM,1,T5,2,0.9699150711828294,0.9699150711828294,0.0,1e-10,<PROJECT_ROOT>\unified_17_session_authentic_rerun_a6_20260808_185006\06_screening_predictions\allen_vbn\1104289498\MEAN_RATE_LINEAR_SVM\seed1\seed1__T5__rep2.csv,True,PASS,
Allen VBN,563497,1104289498,SVM,MEAN_RATE_LINEAR_SVM,1,T5,3,0.9751577293635372,0.9751577293635372,0.0,1e-10,<PROJECT_ROOT>\unified_17_session_authentic_rerun_a6_20260808_185006\06_screening_predictions\allen_vbn\1104289498\MEAN_RATE_LINEAR_SVM\seed1\seed1__T5__rep3.csv,True,PASS,
Allen VBN,563497,1104289498,SVM,MEAN_RATE_LINEAR_SVM,1,T5,4,0.9764131347448968,0.9764131347448968,0.0,1e-10,<PROJECT_ROOT>\unified_17_session_authentic_rerun_a6_20260808_185006\06_screening_predictions\allen_vbn\1104289498\MEAN_RATE_LINEAR_SVM\seed1\seed1__T5__rep4.csv,True,PASS,
Allen VBN,563497,1104058216,SVM,MEAN_RATE_LINEAR_SVM,0,U30,0,0.9933758336927186,0.9933758336927186,0.0,1e-10,<PROJECT_ROOT>\unified_17_session_authentic_rerun_a6_20260808_185006\06_screening_predictions\allen_vbn\1104058216\MEAN_RATE_LINEAR_SVM\seed0\seed0__U30__rep0.csv,True,PASS,
Allen VBN,563497,1104058216,SVM,MEAN_RATE_LINEAR_SVM,0,U30,1,0.9839535046217024,0.9839535046217025,1.1102230246251565e-16,1e-10,<PROJECT_ROOT>\unified_17_session_authentic_rerun_a6_20260808_185006\06_screening_predictions\allen_vbn\1104058216\MEAN_RATE_LINEAR_SVM\seed0\seed0__U30__rep1.csv,True,PASS,
Allen VBN,563497,1104058216,SVM,MEAN_RATE_LINEAR_SVM,0,U30,2,0.9899094584732272,0.9899094584732272,0.0,1e-10,<PROJECT_ROOT>\unified_17_session_authentic_rerun_a6_20260808_185006\06_screening_predictions\allen_vbn\1104058216\MEAN_RATE_LINEAR_SVM\seed0\seed0__U30__rep2.csv,True,PASS,
Allen VBN,563497,1104058216,SVM,MEAN_RATE_LINEAR_SVM,0,U30,3,0.9915500643671168,0.9915500643671169,1.1102230246251565e-16,1e-10,<PROJECT_ROOT>\unified_17_session_authentic_rerun_a6_20260808_185006\06_screening_predictions\allen_vbn\1104058216\MEAN_RATE_LINEAR_SVM\seed0\seed0__U30__rep3.csv,True,PASS,
Allen VBN,563497,1104058216,SVM,MEAN_RATE_LINEAR_SVM,0,U30,4,0.985017032753509,0.985017032753509,0.0,1e-10,<PROJECT_ROOT>\unified_17_session_authentic_rerun_a6_20260808_185006\06_screening_predictions\allen_vbn\1104058216\MEAN_RATE_LINEAR_SVM\seed0\seed0__U30__rep4.csv,True,PASS,
Allen VBN,563497,1104058216,SVM,MEAN_RATE_LINEAR_SVM,0,T5,0,0.989974516960079,0.989974516960079,0.0,1e-10,<PROJECT_ROOT>\unified_17_session_authentic_rerun_a6_20260808_185006\06_screening_predictions\allen_vbn\1104058216\MEAN_RATE_LINEAR_SVM\seed0\seed0__T5__rep0.csv,True,PASS,
Allen VBN,563497,1104058216,SVM,MEAN_RATE_LINEAR_SVM,0,T5,1,0.9900783061718522,0.9900783061718522,0.0,1e-10,<PROJECT_ROOT>\unified_17_session_authentic_rerun_a6_20260808_185006\06_screening_predictions\allen_vbn\1104058216\MEAN_RATE_LINEAR_SVM\seed0\seed0__T5__rep1.csv,True,PASS,
Allen VBN,563497,1104058216,SVM,MEAN_RATE_LINEAR_SVM,0,T5,2,0.9882721323624968,0.9882721323624969,1.1102230246251565e-16,1e-10,<PROJECT_ROOT>\unified_17_session_authentic_rerun_a6_20260808_185006\06_screening_predictions\allen_vbn\1104058216\MEAN_RATE_LINEAR_SVM\seed0\seed0__T5__rep2.csv,True,PASS,
Allen VBN,563497,1104058216,SVM,MEAN_RATE_LINEAR_SVM,0,T5,3,0.9880493174389192,0.9880493174389191,1.1102230246251565e-16,1e-10,<PROJECT_ROOT>\unified_17_session_authentic_rerun_a6_20260808_185006\06_screening_predictions\allen_vbn\1104058216\MEAN_RATE_LINEAR_SVM\seed0\seed0__T5__rep3.csv,True,PASS,
Allen VBN,563497,1104058216,SVM,MEAN_RATE_LINEAR_SVM,0,T5,4,0.9887817063631916,0.9887817063631916,0.0,1e-10,<PROJECT_ROOT>\unified_17_session_authentic_rerun_a6_20260808_185006\06_screening_predictions\allen_vbn\1104058216\MEAN_RATE_LINEAR_SVM\seed0\seed0__T5__rep4.csv,True,PASS,
Allen VBN,563497,1104058216,SVM,MEAN_RATE_LINEAR_SVM,1,U30,0,0.9870008230271764,0.9870008230271764,0.0,1e-10,<PROJECT_ROOT>\unified_17_session_authentic_rerun_a6_20260808_185006\06_screening_predictions\allen_vbn\1104058216\MEAN_RATE_LINEAR_SVM\seed1\seed1__U30__rep0.csv,True,PASS,
Allen VBN,563497,1104058216,SVM,MEAN_RATE_LINEAR_SVM,1,U30,1,0.9863866183844068,0.9863866183844067,1.1102230246251565e-16,1e-10,<PROJECT_ROOT>\unified_17_session_authentic_rerun_a6_20260808_185006\06_screening_predictions\allen_vbn\1104058216\MEAN_RATE_LINEAR_SVM\seed1\seed1__U30__rep1.csv,True,PASS,
Allen VBN,563497,1104058216,SVM,MEAN_RATE_LINEAR_SVM,1,U30,2,0.981164681606213,0.981164681606213,0.0,1e-10,<PROJECT_ROOT>\unified_17_session_authentic_rerun_a6_20260808_185006\06_screening_predictions\allen_vbn\1104058216\MEAN_RATE_LINEAR_SVM\seed1\seed1__U30__rep2.csv,True,PASS,
Allen VBN,563497,1104058216,SVM,MEAN_RATE_LINEAR_SVM,1,U30,3,0.9848202042114196,0.9848202042114197,1.1102230246251565e-16,1e-10,<PROJECT_ROOT>\unified_17_session_authentic_rerun_a6_20260808_185006\06_screening_predictions\allen_vbn\1104058216\MEAN_RATE_LINEAR_SVM\seed1\seed1__U30__rep3.csv,True,PASS,
Allen VBN,563497,1104058216,SVM,MEAN_RATE_LINEAR_SVM,1,U30,4,0.9839420463316386,0.9839420463316386,0.0,1e-10,<PROJECT_ROOT>\unified_17_session_authentic_rerun_a6_20260808_185006\06_screening_predictions\allen_vbn\1104058216\MEAN_RATE_LINEAR_SVM\seed1\seed1__U30__rep4.csv,True,PASS,
Allen VBN,563497,1104058216,SVM,MEAN_RATE_LINEAR_SVM,1,T5,0,0.9847722161176934,0.9847722161176934,0.0,1e-10,<PROJECT_ROOT>\unified_17_session_authentic_rerun_a6_20260808_185006\06_screening_predictions\allen_vbn\1104058216\MEAN_RATE_LINEAR_SVM\seed1\seed1__T5__rep0.csv,True,PASS,
Allen VBN,563497,1104058216,SVM,MEAN_RATE_LINEAR_SVM,1,T5,1,0.989527548969868,0.9895275489698679,1.1102230246251565e-16,1e-10,<PROJECT_ROOT>\unified_17_session_authentic_rerun_a6_20260808_185006\06_screening_predictions\allen_vbn\1104058216\MEAN_RATE_LINEAR_SVM\seed1\seed1__T5__rep1.csv,True,PASS,
Allen VBN,563497,1104058216,SVM,MEAN_RATE_LINEAR_SVM,1,T5,2,0.9847914786846658,0.9847914786846658,0.0,1e-10,<PROJECT_ROOT>\unified_17_session_authentic_rerun_a6_20260808_185006\06_screening_predictions\allen_vbn\1104058216\MEAN_RATE_LINEAR_SVM\seed1\seed1__T5__rep2.csv,True,PASS,
Allen VBN,563497,1104058216,SVM,MEAN_RATE_LINEAR_SVM,1,T5,3,0.985732652175212,0.9857326521752119,1.1102230246251565e-16,1e-10,<PROJECT_ROOT>\unified_17_session_authentic_rerun_a6_20260808_185006\06_screening_predictions\allen_vbn\1104058216\MEAN_RATE_LINEAR_SVM\seed1\seed1__T5__rep3.csv,True,PASS,
Allen VBN,563497,1104058216,SVM,MEAN_RATE_LINEAR_SVM,1,T5,4,0.9843136634933408,0.9843136634933407,1.1102230246251565e-16,1e-10,<PROJECT_ROOT>\unified_17_session_authentic_rerun_a6_20260808_185006\06_screening_predictions\allen_vbn\1104058216\MEAN_RATE_LINEAR_SVM\seed1\seed1__T5__rep4.csv,True,PASS,
Allen VBN,567286,1105798776,SVM,MEAN_RATE_LINEAR_SVM,0,U30,0,0.9931312241170468,0.9931312241170467,1.1102230246251565e-16,1e-10,<PROJECT_ROOT>\unified_17_session_authentic_rerun_a6_20260808_185006\06_screening_predictions\allen_vbn\1105798776\MEAN_RATE_LINEAR_SVM\seed0\seed0__U30__rep0.csv,True,PASS,
Allen VBN,567286,1105798776,SVM,MEAN_RATE_LINEAR_SVM,0,U30,1,0.9915526927810524,0.9915526927810525,1.1102230246251565e-16,1e-10,<PROJECT_ROOT>\unified_17_session_authentic_rerun_a6_20260808_185006\06_screening_predictions\allen_vbn\1105798776\MEAN_RATE_LINEAR_SVM\seed0\seed0__U30__rep1.csv,True,PASS,
Allen VBN,567286,1105798776,SVM,MEAN_RATE_LINEAR_SVM,0,U30,2,0.9912310543353338,0.9912310543353338,0.0,1e-10,<PROJECT_ROOT>\unified_17_session_authentic_rerun_a6_20260808_185006\06_screening_predictions\allen_vbn\1105798776\MEAN_RATE_LINEAR_SVM\seed0\seed0__U30__rep2.csv,True,PASS,
Allen VBN,567286,1105798776,SVM,MEAN_RATE_LINEAR_SVM,0,U30,3,0.9923998946661076,0.9923998946661076,0.0,1e-10,<PROJECT_ROOT>\unified_17_session_authentic_rerun_a6_20260808_185006\06_screening_predictions\allen_vbn\1105798776\MEAN_RATE_LINEAR_SVM\seed0\seed0__U30__rep3.csv,True,PASS,
Allen VBN,567286,1105798776,SVM,MEAN_RATE_LINEAR_SVM,0,U30,4,0.9903513483696088,0.9903513483696089,1.1102230246251565e-16,1e-10,<PROJECT_ROOT>\unified_17_session_authentic_rerun_a6_20260808_185006\06_screening_predictions\allen_vbn\1105798776\MEAN_RATE_LINEAR_SVM\seed0\seed0__U30__rep4.csv,True,PASS,
Allen VBN,567286,1105798776,SVM,MEAN_RATE_LINEAR_SVM,0,T5,0,0.9930712996812024,0.9930712996812024,0.0,1e-10,<PROJECT_ROOT>\unified_17_session_authentic_rerun_a6_20260808_185006\06_screening_predictions\allen_vbn\1105798776\MEAN_RATE_LINEAR_SVM\seed0\seed0__T5__rep0.csv,True,PASS,
Allen VBN,567286,1105798776,SVM,MEAN_RATE_LINEAR_SVM,0,T5,1,0.9907056351986842,0.9907056351986842,0.0,1e-10,<PROJECT_ROOT>\unified_17_session_authentic_rerun_a6_20260808_185006\06_screening_predictions\allen_vbn\1105798776\MEAN_RATE_LINEAR_SVM\seed0\seed0__T5__rep1.csv,True,PASS,
Allen VBN,567286,1105798776,SVM,MEAN_RATE_LINEAR_SVM,0,T5,2,0.9882644845258656,0.9882644845258657,1.1102230246251565e-16,1e-10,<PROJECT_ROOT>\unified_17_session_authentic_rerun_a6_20260808_185006\06_screening_predictions\allen_vbn\1105798776\MEAN_RATE_LINEAR_SVM\seed0\seed0__T5__rep2.csv,True,PASS,
Allen VBN,567286,1105798776,SVM,MEAN_RATE_LINEAR_SVM,0,T5,3,0.990768511936632,0.990768511936632,0.0,1e-10,<PROJECT_ROOT>\unified_17_session_authentic_rerun_a6_20260808_185006\06_screening_predictions\allen_vbn\1105798776\MEAN_RATE_LINEAR_SVM\seed0\seed0__T5__rep3.csv,True,PASS,
Allen VBN,567286,1105798776,SVM,MEAN_RATE_LINEAR_SVM,0,T5,4,0.9932654834328274,0.9932654834328274,0.0,1e-10,<PROJECT_ROOT>\unified_17_session_authentic_rerun_a6_20260808_185006\06_screening_predictions\allen_vbn\1105798776\MEAN_RATE_LINEAR_SVM\seed0\seed0__T5__rep4.csv,True,PASS,
Allen VBN,567286,1105798776,SVM,MEAN_RATE_LINEAR_SVM,1,U30,0,0.9918156927948284,0.9918156927948285,1.1102230246251565e-16,1e-10,<PROJECT_ROOT>\unified_17_session_authentic_rerun_a6_20260808_185006\06_screening_predictions\allen_vbn\1105798776\MEAN_RATE_LINEAR_SVM\seed1\seed1__U30__rep0.csv,True,PASS,
Allen VBN,567286,1105798776,SVM,MEAN_RATE_LINEAR_SVM,1,U30,1,0.9912001046792404,0.9912001046792404,0.0,1e-10,<PROJECT_ROOT>\unified_17_session_authentic_rerun_a6_20260808_185006\06_screening_predictions\allen_vbn\1105798776\MEAN_RATE_LINEAR_SVM\seed1\seed1__U30__rep1.csv,True,PASS,
Allen VBN,567286,1105798776,SVM,MEAN_RATE_LINEAR_SVM,1,U30,2,0.9903297285338608,0.9903297285338608,0.0,1e-10,<PROJECT_ROOT>\unified_17_session_authentic_rerun_a6_20260808_185006\06_screening_predictions\allen_vbn\1105798776\MEAN_RATE_LINEAR_SVM\seed1\seed1__U30__rep2.csv,True,PASS,
Allen VBN,567286,1105798776,SVM,MEAN_RATE_LINEAR_SVM,1,U30,3,0.9910202097967088,0.9910202097967088,0.0,1e-10,<PROJECT_ROOT>\unified_17_session_authentic_rerun_a6_20260808_185006\06_screening_predictions\allen_vbn\1105798776\MEAN_RATE_LINEAR_SVM\seed1\seed1__U30__rep3.csv,True,PASS,
Allen VBN,567286,1105798776,SVM,MEAN_RATE_LINEAR_SVM,1,U30,4,0.9936459219908994,0.9936459219908994,0.0,1e-10,<PROJECT_ROOT>\unified_17_session_authentic_rerun_a6_20260808_185006\06_screening_predictions\allen_vbn\1105798776\MEAN_RATE_LINEAR_SVM\seed1\seed1__U30__rep4.csv,True,PASS,
Allen VBN,567286,1105798776,SVM,MEAN_RATE_LINEAR_SVM,1,T5,0,0.9878429344533928,0.9878429344533927,1.1102230246251565e-16,1e-10,<PROJECT_ROOT>\unified_17_session_authentic_rerun_a6_20260808_185006\06_screening_predictions\allen_vbn\1105798776\MEAN_RATE_LINEAR_SVM\seed1\seed1__T5__rep0.csv,True,PASS,
Allen VBN,567286,1105798776,SVM,MEAN_RATE_LINEAR_SVM,1,T5,1,0.9891454707513176,0.9891454707513176,0.0,1e-10,<PROJECT_ROOT>\unified_17_session_authentic_rerun_a6_20260808_185006\06_screening_predictions\allen_vbn\1105798776\MEAN_RATE_LINEAR_SVM\seed1\seed1__T5__rep1.csv,True,PASS,
Allen VBN,567286,1105798776,SVM,MEAN_RATE_LINEAR_SVM,1,T5,2,0.9890561642024952,0.9890561642024952,0.0,1e-10,<PROJECT_ROOT>\unified_17_session_authentic_rerun_a6_20260808_185006\06_screening_predictions\allen_vbn\1105798776\MEAN_RATE_LINEAR_SVM\seed1\seed1__T5__rep2.csv,True,PASS,
Allen VBN,567286,1105798776,SVM,MEAN_RATE_LINEAR_SVM,1,T5,3,0.9902240204760996,0.9902240204760996,0.0,1e-10,<PROJECT_ROOT>\unified_17_session_authentic_rerun_a6_20260808_185006\06_screening_predictions\allen_vbn\1105798776\MEAN_RATE_LINEAR_SVM\seed1\seed1__T5__rep3.csv,True,PASS,
Allen VBN,567286,1105798776,SVM,MEAN_RATE_LINEAR_SVM,1,T5,4,0.9876401433924148,0.9876401433924149,1.1102230246251565e-16,1e-10,<PROJECT_ROOT>\unified_17_session_authentic_rerun_a6_20260808_185006\06_screening_predictions\allen_vbn\1105798776\MEAN_RATE_LINEAR_SVM\seed1\seed1__T5__rep4.csv,True,PASS,
Allen VBN,570301,1108531612,SVM,MEAN_RATE_LINEAR_SVM,0,U30,0,0.9489009531541908,0.9489009531541907,1.1102230246251565e-16,1e-10,<PROJECT_ROOT>\unified_17_session_authentic_rerun_a6_20260808_185006\06_screening_predictions\allen_vbn\1108531612\MEAN_RATE_LINEAR_SVM\seed0\seed0__U30__rep0.csv,True,PASS,
Allen VBN,570301,1108531612,SVM,MEAN_RATE_LINEAR_SVM,0,U30,1,0.9510572336396428,0.9510572336396427,1.1102230246251565e-16,1e-10,<PROJECT_ROOT>\unified_17_session_authentic_rerun_a6_20260808_185006\06_screening_predictions\allen_vbn\1108531612\MEAN_RATE_LINEAR_SVM\seed0\seed0__U30__rep1.csv,True,PASS,
Allen VBN,570301,1108531612,SVM,MEAN_RATE_LINEAR_SVM,0,U30,2,0.9420908929129066,0.9420908929129066,0.0,1e-10,<PROJECT_ROOT>\unified_17_session_authentic_rerun_a6_20260808_185006\06_screening_predictions\allen_vbn\1108531612\MEAN_RATE_LINEAR_SVM\seed0\seed0__U30__rep2.csv,True,PASS,
Allen VBN,570301,1108531612,SVM,MEAN_RATE_LINEAR_SVM,0,U30,3,0.9541975706752815,0.9541975706752817,1.1102230246251565e-16,1e-10,<PROJECT_ROOT>\unified_17_session_authentic_rerun_a6_20260808_185006\06_screening_predictions\allen_vbn\1108531612\MEAN_RATE_LINEAR_SVM\seed0\seed0__U30__rep3.csv,True,PASS,
Allen VBN,570301,1108531612,SVM,MEAN_RATE_LINEAR_SVM,0,U30,4,0.942866341618499,0.942866341618499,0.0,1e-10,<PROJECT_ROOT>\unified_17_session_authentic_rerun_a6_20260808_185006\06_screening_predictions\allen_vbn\1108531612\MEAN_RATE_LINEAR_SVM\seed0\seed0__U30__rep4.csv,True,PASS,
Allen VBN,570301,1108531612,SVM,MEAN_RATE_LINEAR_SVM,0,T5,0,0.939884440775136,0.939884440775136,0.0,1e-10,<PROJECT_ROOT>\unified_17_session_authentic_rerun_a6_20260808_185006\06_screening_predictions\allen_vbn\1108531612\MEAN_RATE_LINEAR_SVM\seed0\seed0__T5__rep0.csv,True,PASS,
Allen VBN,570301,1108531612,SVM,MEAN_RATE_LINEAR_SVM,0,T5,1,0.9552461727395418,0.9552461727395418,0.0,1e-10,<PROJECT_ROOT>\unified_17_session_authentic_rerun_a6_20260808_185006\06_screening_predictions\allen_vbn\1108531612\MEAN_RATE_LINEAR_SVM\seed0\seed0__T5__rep1.csv,True,PASS,
Allen VBN,570301,1108531612,SVM,MEAN_RATE_LINEAR_SVM,0,T5,2,0.946473206046802,0.9464732060468021,1.1102230246251565e-16,1e-10,<PROJECT_ROOT>\unified_17_session_authentic_rerun_a6_20260808_185006\06_screening_predictions\allen_vbn\1108531612\MEAN_RATE_LINEAR_SVM\seed0\seed0__T5__rep2.csv,True,PASS,
Allen VBN,570301,1108531612,SVM,MEAN_RATE_LINEAR_SVM,0,T5,3,0.9402897095372956,0.9402897095372956,0.0,1e-10,<PROJECT_ROOT>\unified_17_session_authentic_rerun_a6_20260808_185006\06_screening_predictions\allen_vbn\1108531612\MEAN_RATE_LINEAR_SVM\seed0\seed0__T5__rep3.csv,True,PASS,
Allen VBN,570301,1108531612,SVM,MEAN_RATE_LINEAR_SVM,0,T5,4,0.9385574577778923,0.9385574577778923,0.0,1e-10,<PROJECT_ROOT>\unified_17_session_authentic_rerun_a6_20260808_185006\06_screening_predictions\allen_vbn\1108531612\MEAN_RATE_LINEAR_SVM\seed0\seed0__T5__rep4.csv,True,PASS,
Allen VBN,570301,1108531612,SVM,MEAN_RATE_LINEAR_SVM,1,U30,0,0.9549789196932736,0.9549789196932735,1.1102230246251565e-16,1e-10,<PROJECT_ROOT>\unified_17_session_authentic_rerun_a6_20260808_185006\06_screening_predictions\allen_vbn\1108531612\MEAN_RATE_LINEAR_SVM\seed1\seed1__U30__rep0.csv,True,PASS,
Allen VBN,570301,1108531612,SVM,MEAN_RATE_LINEAR_SVM,1,U30,1,0.9572822923223856,0.9572822923223855,1.1102230246251565e-16,1e-10,<PROJECT_ROOT>\unified_17_session_authentic_rerun_a6_20260808_185006\06_screening_predictions\allen_vbn\1108531612\MEAN_RATE_LINEAR_SVM\seed1\seed1__U30__rep1.csv,True,PASS,
Allen VBN,570301,1108531612,SVM,MEAN_RATE_LINEAR_SVM,1,U30,2,0.9607526902417148,0.9607526902417148,0.0,1e-10,<PROJECT_ROOT>\unified_17_session_authentic_rerun_a6_20260808_185006\06_screening_predictions\allen_vbn\1108531612\MEAN_RATE_LINEAR_SVM\seed1\seed1__U30__rep2.csv,True,PASS,
Allen VBN,570301,1108531612,SVM,MEAN_RATE_LINEAR_SVM,1,U30,3,0.9708675296737748,0.9708675296737747,1.1102230246251565e-16,1e-10,<PROJECT_ROOT>\unified_17_session_authentic_rerun_a6_20260808_185006\06_screening_predictions\allen_vbn\1108531612\MEAN_RATE_LINEAR_SVM\seed1\seed1__U30__rep3.csv,True,PASS,
Allen VBN,570301,1108531612,SVM,MEAN_RATE_LINEAR_SVM,1,U30,4,0.9398797241435732,0.9398797241435733,1.1102230246251565e-16,1e-10,<PROJECT_ROOT>\unified_17_session_authentic_rerun_a6_20260808_185006\06_screening_predictions\allen_vbn\1108531612\MEAN_RATE_LINEAR_SVM\seed1\seed1__U30__rep4.csv,True,PASS,
Allen VBN,570301,1108531612,SVM,MEAN_RATE_LINEAR_SVM,1,T5,0,0.9569824623451136,0.9569824623451135,1.1102230246251565e-16,1e-10,<PROJECT_ROOT>\unified_17_session_authentic_rerun_a6_20260808_185006\06_screening_predictions\allen_vbn\1108531612\MEAN_RATE_LINEAR_SVM\seed1\seed1__T5__rep0.csv,True,PASS,
Allen VBN,570301,1108531612,SVM,MEAN_RATE_LINEAR_SVM,1,T5,1,0.9586232535878072,0.9586232535878071,1.1102230246251565e-16,1e-10,<PROJECT_ROOT>\unified_17_session_authentic_rerun_a6_20260808_185006\06_screening_predictions\allen_vbn\1108531612\MEAN_RATE_LINEAR_SVM\seed1\seed1__T5__rep1.csv,True,PASS,
Allen VBN,570301,1108531612,SVM,MEAN_RATE_LINEAR_SVM,1,T5,2,0.9619981770420472,0.9619981770420473,1.1102230246251565e-16,1e-10,<PROJECT_ROOT>\unified_17_session_authentic_rerun_a6_20260808_185006\06_screening_predictions\allen_vbn\1108531612\MEAN_RATE_LINEAR_SVM\seed1\seed1__T5__rep2.csv,True,PASS,
Allen VBN,570301,1108531612,SVM,MEAN_RATE_LINEAR_SVM,1,T5,3,0.956649078233656,0.9566490782336559,1.1102230246251565e-16,1e-10,<PROJECT_ROOT>\unified_17_session_authentic_rerun_a6_20260808_185006\06_screening_predictions\allen_vbn\1108531612\MEAN_RATE_LINEAR_SVM\seed1\seed1__T5__rep3.csv,True,PASS,
Allen VBN,570301,1108531612,SVM,MEAN_RATE_LINEAR_SVM,1,T5,4,0.9565268635342062,0.9565268635342062,0.0,1e-10,<PROJECT_ROOT>\unified_17_session_authentic_rerun_a6_20260808_185006\06_screening_predictions\allen_vbn\1108531612\MEAN_RATE_LINEAR_SVM\seed1\seed1__T5__rep4.csv,True,PASS,
Allen VBN,506940,1044016459,SVM,MEAN_RATE_LINEAR_SVM,0,U30,0,0.966975101689712,0.9669751016897121,1.1102230246251565e-16,1e-10,<PROJECT_ROOT>\unified_17_session_authentic_rerun_a6_20260808_185006\06_screening_predictions\allen_vbn\1044016459\MEAN_RATE_LINEAR_SVM\seed0\seed0__U30__rep0.csv,True,PASS,
Allen VBN,506940,1044016459,SVM,MEAN_RATE_LINEAR_SVM,0,U30,1,0.961567239607498,0.961567239607498,0.0,1e-10,<PROJECT_ROOT>\unified_17_session_authentic_rerun_a6_20260808_185006\06_screening_predictions\allen_vbn\1044016459\MEAN_RATE_LINEAR_SVM\seed0\seed0__U30__rep1.csv,True,PASS,
Allen VBN,506940,1044016459,SVM,MEAN_RATE_LINEAR_SVM,0,U30,2,0.9706067799118602,0.9706067799118602,0.0,1e-10,<PROJECT_ROOT>\unified_17_session_authentic_rerun_a6_20260808_185006\06_screening_predictions\allen_vbn\1044016459\MEAN_RATE_LINEAR_SVM\seed0\seed0__U30__rep2.csv,True,PASS,
Allen VBN,506940,1044016459,SVM,MEAN_RATE_LINEAR_SVM,0,U30,3,0.962363967460566,0.962363967460566,0.0,1e-10,<PROJECT_ROOT>\unified_17_session_authentic_rerun_a6_20260808_185006\06_screening_predictions\allen_vbn\1044016459\MEAN_RATE_LINEAR_SVM\seed0\seed0__U30__rep3.csv,True,PASS,
Allen VBN,506940,1044016459,SVM,MEAN_RATE_LINEAR_SVM,0,U30,4,0.9508304213666536,0.9508304213666537,1.1102230246251565e-16,1e-10,<PROJECT_ROOT>\unified_17_session_authentic_rerun_a6_20260808_185006\06_screening_predictions\allen_vbn\1044016459\MEAN_RATE_LINEAR_SVM\seed0\seed0__U30__rep4.csv,True,PASS,
Allen VBN,506940,1044016459,SVM,MEAN_RATE_LINEAR_SVM,0,T5,0,0.9881243503797024,0.9881243503797025,1.1102230246251565e-16,1e-10,<PROJECT_ROOT>\unified_17_session_authentic_rerun_a6_20260808_185006\06_screening_predictions\allen_vbn\1044016459\MEAN_RATE_LINEAR_SVM\seed0\seed0__T5__rep0.csv,True,PASS,
Allen VBN,506940,1044016459,SVM,MEAN_RATE_LINEAR_SVM,0,T5,1,0.8625051998443579,0.8625051998443579,0.0,1e-10,<PROJECT_ROOT>\unified_17_session_authentic_rerun_a6_20260808_185006\06_screening_predictions\allen_vbn\1044016459\MEAN_RATE_LINEAR_SVM\seed0\seed0__T5__rep1.csv,True,PASS,
Allen VBN,506940,1044016459,SVM,MEAN_RATE_LINEAR_SVM,0,T5,2,0.965989875823304,0.9659898758233041,1.1102230246251565e-16,1e-10,<PROJECT_ROOT>\unified_17_session_authentic_rerun_a6_20260808_185006\06_screening_predictions\allen_vbn\1044016459\MEAN_RATE_LINEAR_SVM\seed0\seed0__T5__rep2.csv,True,PASS,
Allen VBN,506940,1044016459,SVM,MEAN_RATE_LINEAR_SVM,0,T5,3,0.9694784509150198,0.9694784509150198,0.0,1e-10,<PROJECT_ROOT>\unified_17_session_authentic_rerun_a6_20260808_185006\06_screening_predictions\allen_vbn\1044016459\MEAN_RATE_LINEAR_SVM\seed0\seed0__T5__rep3.csv,True,PASS,
Allen VBN,506940,1044016459,SVM,MEAN_RATE_LINEAR_SVM,0,T5,4,0.9432350230057732,0.9432350230057731,1.1102230246251565e-16,1e-10,<PROJECT_ROOT>\unified_17_session_authentic_rerun_a6_20260808_185006\06_screening_predictions\allen_vbn\1044016459\MEAN_RATE_LINEAR_SVM\seed0\seed0__T5__rep4.csv,True,PASS,
Allen VBN,506940,1044016459,SVM,MEAN_RATE_LINEAR_SVM,1,U30,0,0.96558620884499,0.9655862088449901,1.1102230246251565e-16,1e-10,<PROJECT_ROOT>\unified_17_session_authentic_rerun_a6_20260808_185006\06_screening_predictions\allen_vbn\1044016459\MEAN_RATE_LINEAR_SVM\seed1\seed1__U30__rep0.csv,True,PASS,
Allen VBN,506940,1044016459,SVM,MEAN_RATE_LINEAR_SVM,1,U30,1,0.9677555820406716,0.9677555820406715,1.1102230246251565e-16,1e-10,<PROJECT_ROOT>\unified_17_session_authentic_rerun_a6_20260808_185006\06_screening_predictions\allen_vbn\1044016459\MEAN_RATE_LINEAR_SVM\seed1\seed1__U30__rep1.csv,True,PASS,
Allen VBN,506940,1044016459,SVM,MEAN_RATE_LINEAR_SVM,1,U30,2,0.9683934832095008,0.9683934832095009,1.1102230246251565e-16,1e-10,<PROJECT_ROOT>\unified_17_session_authentic_rerun_a6_20260808_185006\06_screening_predictions\allen_vbn\1044016459\MEAN_RATE_LINEAR_SVM\seed1\seed1__U30__rep2.csv,True,PASS,
Allen VBN,506940,1044016459,SVM,MEAN_RATE_LINEAR_SVM,1,U30,3,0.9668189900231408,0.9668189900231408,0.0,1e-10,<PROJECT_ROOT>\unified_17_session_authentic_rerun_a6_20260808_185006\06_screening_predictions\allen_vbn\1044016459\MEAN_RATE_LINEAR_SVM\seed1\seed1__U30__rep3.csv,True,PASS,
Allen VBN,506940,1044016459,SVM,MEAN_RATE_LINEAR_SVM,1,U30,4,0.952746874580522,0.9527468745805221,1.1102230246251565e-16,1e-10,<PROJECT_ROOT>\unified_17_session_authentic_rerun_a6_20260808_185006\06_screening_predictions\allen_vbn\1044016459\MEAN_RATE_LINEAR_SVM\seed1\seed1__U30__rep4.csv,True,PASS,
Allen VBN,506940,1044016459,SVM,MEAN_RATE_LINEAR_SVM,1,T5,0,0.9891925205264964,0.9891925205264965,1.1102230246251565e-16,1e-10,<PROJECT_ROOT>\unified_17_session_authentic_rerun_a6_20260808_185006\06_screening_predictions\allen_vbn\1044016459\MEAN_RATE_LINEAR_SVM\seed1\seed1__T5__rep0.csv,True,PASS,
Allen VBN,506940,1044016459,SVM,MEAN_RATE_LINEAR_SVM,1,T5,1,0.8550299151722223,0.8550299151722223,0.0,1e-10,<PROJECT_ROOT>\unified_17_session_authentic_rerun_a6_20260808_185006\06_screening_predictions\allen_vbn\1044016459\MEAN_RATE_LINEAR_SVM\seed1\seed1__T5__rep1.csv,True,PASS,
Allen VBN,506940,1044016459,SVM,MEAN_RATE_LINEAR_SVM,1,T5,2,0.9594284094221298,0.9594284094221298,0.0,1e-10,<PROJECT_ROOT>\unified_17_session_authentic_rerun_a6_20260808_185006\06_screening_predictions\allen_vbn\1044016459\MEAN_RATE_LINEAR_SVM\seed1\seed1__T5__rep2.csv,True,PASS,
Allen VBN,506940,1044016459,SVM,MEAN_RATE_LINEAR_SVM,1,T5,3,0.9740521879384,0.9740521879384,0.0,1e-10,<PROJECT_ROOT>\unified_17_session_authentic_rerun_a6_20260808_185006\06_screening_predictions\allen_vbn\1044016459\MEAN_RATE_LINEAR_SVM\seed1\seed1__T5__rep3.csv,True,PASS,
Allen VBN,506940,1044016459,SVM,MEAN_RATE_LINEAR_SVM,1,T5,4,0.948668208397816,0.948668208397816,0.0,1e-10,<PROJECT_ROOT>\unified_17_session_authentic_rerun_a6_20260808_185006\06_screening_predictions\allen_vbn\1044016459\MEAN_RATE_LINEAR_SVM\seed1\seed1__T5__rep4.csv,True,PASS,
Allen VBN,524761,1044385384,SVM,MEAN_RATE_LINEAR_SVM,0,U30,0,0.9754908262412209,0.9754908262412209,0.0,1e-10,<PROJECT_ROOT>\unified_17_session_authentic_rerun_a6_20260808_185006\06_screening_predictions\allen_vbn\1044385384\MEAN_RATE_LINEAR_SVM\seed0\seed0__U30__rep0.csv,True,PASS,
Allen VBN,524761,1044385384,SVM,MEAN_RATE_LINEAR_SVM,0,U30,1,0.9809391820702072,0.9809391820702072,0.0,1e-10,<PROJECT_ROOT>\unified_17_session_authentic_rerun_a6_20260808_185006\06_screening_predictions\allen_vbn\1044385384\MEAN_RATE_LINEAR_SVM\seed0\seed0__U30__rep1.csv,True,PASS,
Allen VBN,524761,1044385384,SVM,MEAN_RATE_LINEAR_SVM,0,U30,2,0.9709570935339124,0.9709570935339124,0.0,1e-10,<PROJECT_ROOT>\unified_17_session_authentic_rerun_a6_20260808_185006\06_screening_predictions\allen_vbn\1044385384\MEAN_RATE_LINEAR_SVM\seed0\seed0__U30__rep2.csv,True,PASS,
Allen VBN,524761,1044385384,SVM,MEAN_RATE_LINEAR_SVM,0,U30,3,0.9875195570109384,0.9875195570109383,1.1102230246251565e-16,1e-10,<PROJECT_ROOT>\unified_17_session_authentic_rerun_a6_20260808_185006\06_screening_predictions\allen_vbn\1044385384\MEAN_RATE_LINEAR_SVM\seed0\seed0__U30__rep3.csv,True,PASS,
Allen VBN,524761,1044385384,SVM,MEAN_RATE_LINEAR_SVM,0,U30,4,0.977060225921278,0.977060225921278,0.0,1e-10,<PROJECT_ROOT>\unified_17_session_authentic_rerun_a6_20260808_185006\06_screening_predictions\allen_vbn\1044385384\MEAN_RATE_LINEAR_SVM\seed0\seed0__U30__rep4.csv,True,PASS,
Allen VBN,524761,1044385384,SVM,MEAN_RATE_LINEAR_SVM,0,T5,0,0.988302261593548,0.988302261593548,0.0,1e-10,<PROJECT_ROOT>\unified_17_session_authentic_rerun_a6_20260808_185006\06_screening_predictions\allen_vbn\1044385384\MEAN_RATE_LINEAR_SVM\seed0\seed0__T5__rep0.csv,True,PASS,
Allen VBN,524761,1044385384,SVM,MEAN_RATE_LINEAR_SVM,0,T5,1,0.9561444824456308,0.9561444824456308,0.0,1e-10,<PROJECT_ROOT>\unified_17_session_authentic_rerun_a6_20260808_185006\06_screening_predictions\allen_vbn\1044385384\MEAN_RATE_LINEAR_SVM\seed0\seed0__T5__rep1.csv,True,PASS,
Allen VBN,524761,1044385384,SVM,MEAN_RATE_LINEAR_SVM,0,T5,2,0.9894588326749312,0.9894588326749311,1.1102230246251565e-16,1e-10,<PROJECT_ROOT>\unified_17_session_authentic_rerun_a6_20260808_185006\06_screening_predictions\allen_vbn\1044385384\MEAN_RATE_LINEAR_SVM\seed0\seed0__T5__rep2.csv,True,PASS,
Allen VBN,524761,1044385384,SVM,MEAN_RATE_LINEAR_SVM,0,T5,3,0.9876743479056376,0.9876743479056377,1.1102230246251565e-16,1e-10,<PROJECT_ROOT>\unified_17_session_authentic_rerun_a6_20260808_185006\06_screening_predictions\allen_vbn\1044385384\MEAN_RATE_LINEAR_SVM\seed0\seed0__T5__rep3.csv,True,PASS,
Allen VBN,524761,1044385384,SVM,MEAN_RATE_LINEAR_SVM,0,T5,4,0.9680308615710894,0.9680308615710894,0.0,1e-10,<PROJECT_ROOT>\unified_17_session_authentic_rerun_a6_20260808_185006\06_screening_predictions\allen_vbn\1044385384\MEAN_RATE_LINEAR_SVM\seed0\seed0__T5__rep4.csv,True,PASS,
Allen VBN,524761,1044385384,SVM,MEAN_RATE_LINEAR_SVM,1,U30,0,0.9752119585638348,0.9752119585638349,1.1102230246251565e-16,1e-10,<PROJECT_ROOT>\unified_17_session_authentic_rerun_a6_20260808_185006\06_screening_predictions\allen_vbn\1044385384\MEAN_RATE_LINEAR_SVM\seed1\seed1__U30__rep0.csv,True,PASS,
Allen VBN,524761,1044385384,SVM,MEAN_RATE_LINEAR_SVM,1,U30,1,0.974825956968348,0.9748259569683481,1.1102230246251565e-16,1e-10,<PROJECT_ROOT>\unified_17_session_authentic_rerun_a6_20260808_185006\06_screening_predictions\allen_vbn\1044385384\MEAN_RATE_LINEAR_SVM\seed1\seed1__U30__rep1.csv,True,PASS,
Allen VBN,524761,1044385384,SVM,MEAN_RATE_LINEAR_SVM,1,U30,2,0.9705957500133928,0.9705957500133928,0.0,1e-10,<PROJECT_ROOT>\unified_17_session_authentic_rerun_a6_20260808_185006\06_screening_predictions\allen_vbn\1044385384\MEAN_RATE_LINEAR_SVM\seed1\seed1__U30__rep2.csv,True,PASS,
Allen VBN,524761,1044385384,SVM,MEAN_RATE_LINEAR_SVM,1,U30,3,0.978459615661488,0.9784596156614881,1.1102230246251565e-16,1e-10,<PROJECT_ROOT>\unified_17_session_authentic_rerun_a6_20260808_185006\06_screening_predictions\allen_vbn\1044385384\MEAN_RATE_LINEAR_SVM\seed1\seed1__U30__rep3.csv,True,PASS,
Allen VBN,524761,1044385384,SVM,MEAN_RATE_LINEAR_SVM,1,U30,4,0.975453713168046,0.975453713168046,0.0,1e-10,<PROJECT_ROOT>\unified_17_session_authentic_rerun_a6_20260808_185006\06_screening_predictions\allen_vbn\1044385384\MEAN_RATE_LINEAR_SVM\seed1\seed1__U30__rep4.csv,True,PASS,
Allen VBN,524761,1044385384,SVM,MEAN_RATE_LINEAR_SVM,1,T5,0,0.9871778365680176,0.9871778365680176,0.0,1e-10,<PROJECT_ROOT>\unified_17_session_authentic_rerun_a6_20260808_185006\06_screening_predictions\allen_vbn\1044385384\MEAN_RATE_LINEAR_SVM\seed1\seed1__T5__rep0.csv,True,PASS,
Allen VBN,524761,1044385384,SVM,MEAN_RATE_LINEAR_SVM,1,T5,1,0.9515476557701896,0.9515476557701896,0.0,1e-10,<PROJECT_ROOT>\unified_17_session_authentic_rerun_a6_20260808_185006\06_screening_predictions\allen_vbn\1044385384\MEAN_RATE_LINEAR_SVM\seed1\seed1__T5__rep1.csv,True,PASS,
Allen VBN,524761,1044385384,SVM,MEAN_RATE_LINEAR_SVM,1,T5,2,0.9870416484417148,0.9870416484417147,1.1102230246251565e-16,1e-10,<PROJECT_ROOT>\unified_17_session_authentic_rerun_a6_20260808_185006\06_screening_predictions\allen_vbn\1044385384\MEAN_RATE_LINEAR_SVM\seed1\seed1__T5__rep2.csv,True,PASS,
Allen VBN,524761,1044385384,SVM,MEAN_RATE_LINEAR_SVM,1,T5,3,0.9876355426479744,0.9876355426479745,1.1102230246251565e-16,1e-10,<PROJECT_ROOT>\unified_17_session_authentic_rerun_a6_20260808_185006\06_screening_predictions\allen_vbn\1044385384\MEAN_RATE_LINEAR_SVM\seed1\seed1__T5__rep3.csv,True,PASS,
Allen VBN,524761,1044385384,SVM,MEAN_RATE_LINEAR_SVM,1,T5,4,0.9606577532730372,0.9606577532730373,1.1102230246251565e-16,1e-10,<PROJECT_ROOT>\unified_17_session_authentic_rerun_a6_20260808_185006\06_screening_predictions\allen_vbn\1044385384\MEAN_RATE_LINEAR_SVM\seed1\seed1__T5__rep4.csv,True,PASS,
Allen VBN,510589,1044389060,SVM,MEAN_RATE_LINEAR_SVM,0,U30,0,0.9786598644134296,0.9786598644134296,0.0,1e-10,<PROJECT_ROOT>\unified_17_session_authentic_rerun_a6_20260808_185006\06_screening_predictions\allen_vbn\1044389060\MEAN_RATE_LINEAR_SVM\seed0\seed0__U30__rep0.csv,True,PASS,
Allen VBN,510589,1044389060,SVM,MEAN_RATE_LINEAR_SVM,0,U30,1,0.976602766394288,0.976602766394288,0.0,1e-10,<PROJECT_ROOT>\unified_17_session_authentic_rerun_a6_20260808_185006\06_screening_predictions\allen_vbn\1044389060\MEAN_RATE_LINEAR_SVM\seed0\seed0__U30__rep1.csv,True,PASS,
Allen VBN,510589,1044389060,SVM,MEAN_RATE_LINEAR_SVM,0,U30,2,0.9709769157199306,0.9709769157199306,0.0,1e-10,<PROJECT_ROOT>\unified_17_session_authentic_rerun_a6_20260808_185006\06_screening_predictions\allen_vbn\1044389060\MEAN_RATE_LINEAR_SVM\seed0\seed0__U30__rep2.csv,True,PASS,
Allen VBN,510589,1044389060,SVM,MEAN_RATE_LINEAR_SVM,0,U30,3,0.9734511344490548,0.9734511344490547,1.1102230246251565e-16,1e-10,<PROJECT_ROOT>\unified_17_session_authentic_rerun_a6_20260808_185006\06_screening_predictions\allen_vbn\1044389060\MEAN_RATE_LINEAR_SVM\seed0\seed0__U30__rep3.csv,True,PASS,
Allen VBN,510589,1044389060,SVM,MEAN_RATE_LINEAR_SVM,0,U30,4,0.9784948072924436,0.9784948072924436,0.0,1e-10,<PROJECT_ROOT>\unified_17_session_authentic_rerun_a6_20260808_185006\06_screening_predictions\allen_vbn\1044389060\MEAN_RATE_LINEAR_SVM\seed0\seed0__U30__rep4.csv,True,PASS,
Allen VBN,510589,1044389060,SVM,MEAN_RATE_LINEAR_SVM,0,T5,0,0.9888615206373528,0.9888615206373527,1.1102230246251565e-16,1e-10,<PROJECT_ROOT>\unified_17_session_authentic_rerun_a6_20260808_185006\06_screening_predictions\allen_vbn\1044389060\MEAN_RATE_LINEAR_SVM\seed0\seed0__T5__rep0.csv,True,PASS,
Allen VBN,510589,1044389060,SVM,MEAN_RATE_LINEAR_SVM,0,T5,1,0.9888615206373528,0.9888615206373527,1.1102230246251565e-16,1e-10,<PROJECT_ROOT>\unified_17_session_authentic_rerun_a6_20260808_185006\06_screening_predictions\allen_vbn\1044389060\MEAN_RATE_LINEAR_SVM\seed0\seed0__T5__rep1.csv,True,PASS,
Allen VBN,510589,1044389060,SVM,MEAN_RATE_LINEAR_SVM,0,T5,2,0.986100277251109,0.986100277251109,0.0,1e-10,<PROJECT_ROOT>\unified_17_session_authentic_rerun_a6_20260808_185006\06_screening_predictions\allen_vbn\1044389060\MEAN_RATE_LINEAR_SVM\seed0\seed0__T5__rep2.csv,True,PASS,
Allen VBN,510589,1044389060,SVM,MEAN_RATE_LINEAR_SVM,0,T5,3,0.9755603837234972,0.9755603837234972,0.0,1e-10,<PROJECT_ROOT>\unified_17_session_authentic_rerun_a6_20260808_185006\06_screening_predictions\allen_vbn\1044389060\MEAN_RATE_LINEAR_SVM\seed0\seed0__T5__rep3.csv,True,PASS,
Allen VBN,510589,1044389060,SVM,MEAN_RATE_LINEAR_SVM,0,T5,4,0.988117473018305,0.988117473018305,0.0,1e-10,<PROJECT_ROOT>\unified_17_session_authentic_rerun_a6_20260808_185006\06_screening_predictions\allen_vbn\1044389060\MEAN_RATE_LINEAR_SVM\seed0\seed0__T5__rep4.csv,True,PASS,
Allen VBN,510589,1044389060,SVM,MEAN_RATE_LINEAR_SVM,1,U30,0,0.9788193537803582,0.9788193537803582,0.0,1e-10,<PROJECT_ROOT>\unified_17_session_authentic_rerun_a6_20260808_185006\06_screening_predictions\allen_vbn\1044389060\MEAN_RATE_LINEAR_SVM\seed1\seed1__U30__rep0.csv,True,PASS,
Allen VBN,510589,1044389060,SVM,MEAN_RATE_LINEAR_SVM,1,U30,1,0.9801922894790562,0.9801922894790562,0.0,1e-10,<PROJECT_ROOT>\unified_17_session_authentic_rerun_a6_20260808_185006\06_screening_predictions\allen_vbn\1044389060\MEAN_RATE_LINEAR_SVM\seed1\seed1__U30__rep1.csv,True,PASS,
Allen VBN,510589,1044389060,SVM,MEAN_RATE_LINEAR_SVM,1,U30,2,0.9868471508463986,0.9868471508463986,0.0,1e-10,<PROJECT_ROOT>\unified_17_session_authentic_rerun_a6_20260808_185006\06_screening_predictions\allen_vbn\1044389060\MEAN_RATE_LINEAR_SVM\seed1\seed1__U30__rep2.csv,True,PASS,
Allen VBN,510589,1044389060,SVM,MEAN_RATE_LINEAR_SVM,1,U30,3,0.9793551382752836,0.9793551382752835,1.1102230246251565e-16,1e-10,<PROJECT_ROOT>\unified_17_session_authentic_rerun_a6_20260808_185006\06_screening_predictions\allen_vbn\1044389060\MEAN_RATE_LINEAR_SVM\seed1\seed1__U30__rep3.csv,True,PASS,
Allen VBN,510589,1044389060,SVM,MEAN_RATE_LINEAR_SVM,1,U30,4,0.9801085499303313,0.9801085499303313,0.0,1e-10,<PROJECT_ROOT>\unified_17_session_authentic_rerun_a6_20260808_185006\06_screening_predictions\allen_vbn\1044389060\MEAN_RATE_LINEAR_SVM\seed1\seed1__U30__rep4.csv,True,PASS,
Allen VBN,510589,1044389060,SVM,MEAN_RATE_LINEAR_SVM,1,T5,0,0.9882985717555262,0.9882985717555262,0.0,1e-10,<PROJECT_ROOT>\unified_17_session_authentic_rerun_a6_20260808_185006\06_screening_predictions\allen_vbn\1044389060\MEAN_RATE_LINEAR_SVM\seed1\seed1__T5__rep0.csv,True,PASS,
Allen VBN,510589,1044389060,SVM,MEAN_RATE_LINEAR_SVM,1,T5,1,0.9882985717555262,0.9882985717555262,0.0,1e-10,<PROJECT_ROOT>\unified_17_session_authentic_rerun_a6_20260808_185006\06_screening_predictions\allen_vbn\1044389060\MEAN_RATE_LINEAR_SVM\seed1\seed1__T5__rep1.csv,True,PASS,
Allen VBN,510589,1044389060,SVM,MEAN_RATE_LINEAR_SVM,1,T5,2,0.9907401613842998,0.9907401613842998,0.0,1e-10,<PROJECT_ROOT>\unified_17_session_authentic_rerun_a6_20260808_185006\06_screening_predictions\allen_vbn\1044389060\MEAN_RATE_LINEAR_SVM\seed1\seed1__T5__rep2.csv,True,PASS,
Allen VBN,510589,1044389060,SVM,MEAN_RATE_LINEAR_SVM,1,T5,3,0.9808058616297496,0.9808058616297496,0.0,1e-10,<PROJECT_ROOT>\unified_17_session_authentic_rerun_a6_20260808_185006\06_screening_predictions\allen_vbn\1044389060\MEAN_RATE_LINEAR_SVM\seed1\seed1__T5__rep3.csv,True,PASS,
Allen VBN,510589,1044389060,SVM,MEAN_RATE_LINEAR_SVM,1,T5,4,0.9912228707928972,0.9912228707928973,1.1102230246251565e-16,1e-10,<PROJECT_ROOT>\unified_17_session_authentic_rerun_a6_20260808_185006\06_screening_predictions\allen_vbn\1044389060\MEAN_RATE_LINEAR_SVM\seed1\seed1__T5__rep4.csv,True,PASS,
Allen VBN,524761,1044594870,SVM,MEAN_RATE_LINEAR_SVM,0,U30,0,0.9771036528571476,0.9771036528571477,1.1102230246251565e-16,1e-10,<PROJECT_ROOT>\unified_17_session_authentic_rerun_a6_20260808_185006\06_screening_predictions\allen_vbn\1044594870\MEAN_RATE_LINEAR_SVM\seed0\seed0__U30__rep0.csv,True,PASS,
Allen VBN,524761,1044594870,SVM,MEAN_RATE_LINEAR_SVM,0,U30,1,0.9678081200308044,0.9678081200308044,0.0,1e-10,<PROJECT_ROOT>\unified_17_session_authentic_rerun_a6_20260808_185006\06_screening_predictions\allen_vbn\1044594870\MEAN_RATE_LINEAR_SVM\seed0\seed0__U30__rep1.csv,True,PASS,
Allen VBN,524761,1044594870,SVM,MEAN_RATE_LINEAR_SVM,0,U30,2,0.9666936272455254,0.9666936272455254,0.0,1e-10,<PROJECT_ROOT>\unified_17_session_authentic_rerun_a6_20260808_185006\06_screening_predictions\allen_vbn\1044594870\MEAN_RATE_LINEAR_SVM\seed0\seed0__U30__rep2.csv,True,PASS,
Allen VBN,524761,1044594870,SVM,MEAN_RATE_LINEAR_SVM,0,U30,3,0.9666294055954312,0.9666294055954313,1.1102230246251565e-16,1e-10,<PROJECT_ROOT>\unified_17_session_authentic_rerun_a6_20260808_185006\06_screening_predictions\allen_vbn\1044594870\MEAN_RATE_LINEAR_SVM\seed0\seed0__U30__rep3.csv,True,PASS,
Allen VBN,524761,1044594870,SVM,MEAN_RATE_LINEAR_SVM,0,U30,4,0.9604263639609364,0.9604263639609363,1.1102230246251565e-16,1e-10,<PROJECT_ROOT>\unified_17_session_authentic_rerun_a6_20260808_185006\06_screening_predictions\allen_vbn\1044594870\MEAN_RATE_LINEAR_SVM\seed0\seed0__U30__rep4.csv,True,PASS,
Allen VBN,524761,1044594870,SVM,MEAN_RATE_LINEAR_SVM,0,T5,0,0.9680898423300202,0.9680898423300202,0.0,1e-10,<PROJECT_ROOT>\unified_17_session_authentic_rerun_a6_20260808_185006\06_screening_predictions\allen_vbn\1044594870\MEAN_RATE_LINEAR_SVM\seed0\seed0__T5__rep0.csv,True,PASS,
Allen VBN,524761,1044594870,SVM,MEAN_RATE_LINEAR_SVM,0,T5,1,0.968855749322902,0.9688557493229019,1.1102230246251565e-16,1e-10,<PROJECT_ROOT>\unified_17_session_authentic_rerun_a6_20260808_185006\06_screening_predictions\allen_vbn\1044594870\MEAN_RATE_LINEAR_SVM\seed0\seed0__T5__rep1.csv,True,PASS,
Allen VBN,524761,1044594870,SVM,MEAN_RATE_LINEAR_SVM,0,T5,2,0.9786706228345674,0.9786706228345674,0.0,1e-10,<PROJECT_ROOT>\unified_17_session_authentic_rerun_a6_20260808_185006\06_screening_predictions\allen_vbn\1044594870\MEAN_RATE_LINEAR_SVM\seed0\seed0__T5__rep2.csv,True,PASS,
Allen VBN,524761,1044594870,SVM,MEAN_RATE_LINEAR_SVM,0,T5,3,0.973372876539787,0.973372876539787,0.0,1e-10,<PROJECT_ROOT>\unified_17_session_authentic_rerun_a6_20260808_185006\06_screening_predictions\allen_vbn\1044594870\MEAN_RATE_LINEAR_SVM\seed0\seed0__T5__rep3.csv,True,PASS,
Allen VBN,524761,1044594870,SVM,MEAN_RATE_LINEAR_SVM,0,T5,4,0.973372876539787,0.973372876539787,0.0,1e-10,<PROJECT_ROOT>\unified_17_session_authentic_rerun_a6_20260808_185006\06_screening_predictions\allen_vbn\1044594870\MEAN_RATE_LINEAR_SVM\seed0\seed0__T5__rep4.csv,True,PASS,
Allen VBN,524761,1044594870,SVM,MEAN_RATE_LINEAR_SVM,1,U30,0,0.976305316214738,0.976305316214738,0.0,1e-10,<PROJECT_ROOT>\unified_17_session_authentic_rerun_a6_20260808_185006\06_screening_predictions\allen_vbn\1044594870\MEAN_RATE_LINEAR_SVM\seed1\seed1__U30__rep0.csv,True,PASS,
Allen VBN,524761,1044594870,SVM,MEAN_RATE_LINEAR_SVM,1,U30,1,0.9705135181589756,0.9705135181589757,1.1102230246251565e-16,1e-10,<PROJECT_ROOT>\unified_17_session_authentic_rerun_a6_20260808_185006\06_screening_predictions\allen_vbn\1044594870\MEAN_RATE_LINEAR_SVM\seed1\seed1__U30__rep1.csv,True,PASS,
Allen VBN,524761,1044594870,SVM,MEAN_RATE_LINEAR_SVM,1,U30,2,0.9659659188499968,0.9659659188499968,0.0,1e-10,<PROJECT_ROOT>\unified_17_session_authentic_rerun_a6_20260808_185006\06_screening_predictions\allen_vbn\1044594870\MEAN_RATE_LINEAR_SVM\seed1\seed1__U30__rep2.csv,True,PASS,
Allen VBN,524761,1044594870,SVM,MEAN_RATE_LINEAR_SVM,1,U30,3,0.9716571877529666,0.9716571877529666,0.0,1e-10,<PROJECT_ROOT>\unified_17_session_authentic_rerun_a6_20260808_185006\06_screening_predictions\allen_vbn\1044594870\MEAN_RATE_LINEAR_SVM\seed1\seed1__U30__rep3.csv,True,PASS,
Allen VBN,524761,1044594870,SVM,MEAN_RATE_LINEAR_SVM,1,U30,4,0.9763137440360132,0.9763137440360133,1.1102230246251565e-16,1e-10,<PROJECT_ROOT>\unified_17_session_authentic_rerun_a6_20260808_185006\06_screening_predictions\allen_vbn\1044594870\MEAN_RATE_LINEAR_SVM\seed1\seed1__U30__rep4.csv,True,PASS,
Allen VBN,524761,1044594870,SVM,MEAN_RATE_LINEAR_SVM,1,T5,0,0.9709775703750492,0.9709775703750493,1.1102230246251565e-16,1e-10,<PROJECT_ROOT>\unified_17_session_authentic_rerun_a6_20260808_185006\06_screening_predictions\allen_vbn\1044594870\MEAN_RATE_LINEAR_SVM\seed1\seed1__T5__rep0.csv,True,PASS,
Allen VBN,524761,1044594870,SVM,MEAN_RATE_LINEAR_SVM,1,T5,1,0.9720081195412336,0.9720081195412337,1.1102230246251565e-16,1e-10,<PROJECT_ROOT>\unified_17_session_authentic_rerun_a6_20260808_185006\06_screening_predictions\allen_vbn\1044594870\MEAN_RATE_LINEAR_SVM\seed1\seed1__T5__rep1.csv,True,PASS,
Allen VBN,524761,1044594870,SVM,MEAN_RATE_LINEAR_SVM,1,T5,2,0.980400868015134,0.980400868015134,0.0,1e-10,<PROJECT_ROOT>\unified_17_session_authentic_rerun_a6_20260808_185006\06_screening_predictions\allen_vbn\1044594870\MEAN_RATE_LINEAR_SVM\seed1\seed1__T5__rep2.csv,True,PASS,
Allen VBN,524761,1044594870,SVM,MEAN_RATE_LINEAR_SVM,1,T5,3,0.9766328944806948,0.9766328944806949,1.1102230246251565e-16,1e-10,<PROJECT_ROOT>\unified_17_session_authentic_rerun_a6_20260808_185006\06_screening_predictions\allen_vbn\1044594870\MEAN_RATE_LINEAR_SVM\seed1\seed1__T5__rep3.csv,True,PASS,
Allen VBN,524761,1044594870,SVM,MEAN_RATE_LINEAR_SVM,1,T5,4,0.9766328944806948,0.9766328944806949,1.1102230246251565e-16,1e-10,<PROJECT_ROOT>\unified_17_session_authentic_rerun_a6_20260808_185006\06_screening_predictions\allen_vbn\1044594870\MEAN_RATE_LINEAR_SVM\seed1\seed1__T5__rep4.csv,True,PASS,
Allen VBN,521466,1049514117,SVM,MEAN_RATE_LINEAR_SVM,0,U30,0,0.9872210843807306,0.9872210843807306,0.0,1e-10,<PROJECT_ROOT>\unified_17_session_authentic_rerun_a6_20260808_185006\06_screening_predictions\allen_vbn\1049514117\MEAN_RATE_LINEAR_SVM\seed0\seed0__U30__rep0.csv,True,PASS,
Allen VBN,521466,1049514117,SVM,MEAN_RATE_LINEAR_SVM,0,U30,1,0.9819900310246806,0.9819900310246806,0.0,1e-10,<PROJECT_ROOT>\unified_17_session_authentic_rerun_a6_20260808_185006\06_screening_predictions\allen_vbn\1049514117\MEAN_RATE_LINEAR_SVM\seed0\seed0__U30__rep1.csv,True,PASS,
Allen VBN,521466,1049514117,SVM,MEAN_RATE_LINEAR_SVM,0,U30,2,0.9790619643950632,0.9790619643950632,0.0,1e-10,<PROJECT_ROOT>\unified_17_session_authentic_rerun_a6_20260808_185006\06_screening_predictions\allen_vbn\1049514117\MEAN_RATE_LINEAR_SVM\seed0\seed0__U30__rep2.csv,True,PASS,
Allen VBN,521466,1049514117,SVM,MEAN_RATE_LINEAR_SVM,0,U30,3,0.9819051416672908,0.9819051416672909,1.1102230246251565e-16,1e-10,<PROJECT_ROOT>\unified_17_session_authentic_rerun_a6_20260808_185006\06_screening_predictions\allen_vbn\1049514117\MEAN_RATE_LINEAR_SVM\seed0\seed0__U30__rep3.csv,True,PASS,
Allen VBN,521466,1049514117,SVM,MEAN_RATE_LINEAR_SVM,0,U30,4,0.9847009235759644,0.9847009235759644,0.0,1e-10,<PROJECT_ROOT>\unified_17_session_authentic_rerun_a6_20260808_185006\06_screening_predictions\allen_vbn\1049514117\MEAN_RATE_LINEAR_SVM\seed0\seed0__U30__rep4.csv,True,PASS,
Allen VBN,521466,1049514117,SVM,MEAN_RATE_LINEAR_SVM,0,T5,0,0.991257055236978,0.991257055236978,0.0,1e-10,<PROJECT_ROOT>\unified_17_session_authentic_rerun_a6_20260808_185006\06_screening_predictions\allen_vbn\1049514117\MEAN_RATE_LINEAR_SVM\seed0\seed0__T5__rep0.csv,True,PASS,
Allen VBN,521466,1049514117,SVM,MEAN_RATE_LINEAR_SVM,0,T5,1,0.9906182082633884,0.9906182082633883,1.1102230246251565e-16,1e-10,<PROJECT_ROOT>\unified_17_session_authentic_rerun_a6_20260808_185006\06_screening_predictions\allen_vbn\1049514117\MEAN_RATE_LINEAR_SVM\seed0\seed0__T5__rep1.csv,True,PASS,
Allen VBN,521466,1049514117,SVM,MEAN_RATE_LINEAR_SVM,0,T5,2,0.9906182082633884,0.9906182082633883,1.1102230246251565e-16,1e-10,<PROJECT_ROOT>\unified_17_session_authentic_rerun_a6_20260808_185006\06_screening_predictions\allen_vbn\1049514117\MEAN_RATE_LINEAR_SVM\seed0\seed0__T5__rep2.csv,True,PASS,
Allen VBN,521466,1049514117,SVM,MEAN_RATE_LINEAR_SVM,0,T5,3,0.9758510558579988,0.9758510558579988,0.0,1e-10,<PROJECT_ROOT>\unified_17_session_authentic_rerun_a6_20260808_185006\06_screening_predictions\allen_vbn\1049514117\MEAN_RATE_LINEAR_SVM\seed0\seed0__T5__rep3.csv,True,PASS,
Allen VBN,521466,1049514117,SVM,MEAN_RATE_LINEAR_SVM,0,T5,4,0.9775604613344856,0.9775604613344856,0.0,1e-10,<PROJECT_ROOT>\unified_17_session_authentic_rerun_a6_20260808_185006\06_screening_predictions\allen_vbn\1049514117\MEAN_RATE_LINEAR_SVM\seed0\seed0__T5__rep4.csv,True,PASS,
Allen VBN,521466,1049514117,SVM,MEAN_RATE_LINEAR_SVM,1,U30,0,0.9897338694248652,0.9897338694248651,1.1102230246251565e-16,1e-10,<PROJECT_ROOT>\unified_17_session_authentic_rerun_a6_20260808_185006\06_screening_predictions\allen_vbn\1049514117\MEAN_RATE_LINEAR_SVM\seed1\seed1__U30__rep0.csv,True,PASS,
Allen VBN,521466,1049514117,SVM,MEAN_RATE_LINEAR_SVM,1,U30,1,0.990462170280954,0.9904621702809541,1.1102230246251565e-16,1e-10,<PROJECT_ROOT>\unified_17_session_authentic_rerun_a6_20260808_185006\06_screening_predictions\allen_vbn\1049514117\MEAN_RATE_LINEAR_SVM\seed1\seed1__U30__rep1.csv,True,PASS,
Allen VBN,521466,1049514117,SVM,MEAN_RATE_LINEAR_SVM,1,U30,2,0.9901433628782434,0.9901433628782434,0.0,1e-10,<PROJECT_ROOT>\unified_17_session_authentic_rerun_a6_20260808_185006\06_screening_predictions\allen_vbn\1049514117\MEAN_RATE_LINEAR_SVM\seed1\seed1__U30__rep2.csv,True,PASS,
Allen VBN,521466,1049514117,SVM,MEAN_RATE_LINEAR_SVM,1,U30,3,0.9883766358361455,0.9883766358361455,0.0,1e-10,<PROJECT_ROOT>\unified_17_session_authentic_rerun_a6_20260808_185006\06_screening_predictions\allen_vbn\1049514117\MEAN_RATE_LINEAR_SVM\seed1\seed1__U30__rep3.csv,True,PASS,
Allen VBN,521466,1049514117,SVM,MEAN_RATE_LINEAR_SVM,1,U30,4,0.9904809904801878,0.9904809904801878,0.0,1e-10,<PROJECT_ROOT>\unified_17_session_authentic_rerun_a6_20260808_185006\06_screening_predictions\allen_vbn\1049514117\MEAN_RATE_LINEAR_SVM\seed1\seed1__U30__rep4.csv,True,PASS,
Allen VBN,521466,1049514117,SVM,MEAN_RATE_LINEAR_SVM,1,T5,0,0.9947426671136048,0.9947426671136049,1.1102230246251565e-16,1e-10,<PROJECT_ROOT>\unified_17_session_authentic_rerun_a6_20260808_185006\06_screening_predictions\allen_vbn\1049514117\MEAN_RATE_LINEAR_SVM\seed1\seed1__T5__rep0.csv,True,PASS,
Allen VBN,521466,1049514117,SVM,MEAN_RATE_LINEAR_SVM,1,T5,1,0.9961568528595878,0.9961568528595878,0.0,1e-10,<PROJECT_ROOT>\unified_17_session_authentic_rerun_a6_20260808_185006\06_screening_predictions\allen_vbn\1049514117\MEAN_RATE_LINEAR_SVM\seed1\seed1__T5__rep1.csv,True,PASS,
Allen VBN,521466,1049514117,SVM,MEAN_RATE_LINEAR_SVM,1,T5,2,0.9961568528595878,0.9961568528595878,0.0,1e-10,<PROJECT_ROOT>\unified_17_session_authentic_rerun_a6_20260808_185006\06_screening_predictions\allen_vbn\1049514117\MEAN_RATE_LINEAR_SVM\seed1\seed1__T5__rep2.csv,True,PASS,
Allen VBN,521466,1049514117,SVM,MEAN_RATE_LINEAR_SVM,1,T5,3,0.9800304921826604,0.9800304921826604,0.0,1e-10,<PROJECT_ROOT>\unified_17_session_authentic_rerun_a6_20260808_185006\06_screening_predictions\allen_vbn\1049514117\MEAN_RATE_LINEAR_SVM\seed1\seed1__T5__rep3.csv,True,PASS,
Allen VBN,521466,1049514117,SVM,MEAN_RATE_LINEAR_SVM,1,T5,4,0.9853347455202618,0.9853347455202618,0.0,1e-10,<PROJECT_ROOT>\unified_17_session_authentic_rerun_a6_20260808_185006\06_screening_predictions\allen_vbn\1049514117\MEAN_RATE_LINEAR_SVM\seed1\seed1__T5__rep4.csv,True,PASS,
Allen VBN,524760,1051155866,SVM,MEAN_RATE_LINEAR_SVM,0,U30,0,0.9807032277713822,0.9807032277713822,0.0,1e-10,<PROJECT_ROOT>\unified_17_session_authentic_rerun_a6_20260808_185006\06_screening_predictions\allen_vbn\1051155866\MEAN_RATE_LINEAR_SVM\seed0\seed0__U30__rep0.csv,True,PASS,
Allen VBN,524760,1051155866,SVM,MEAN_RATE_LINEAR_SVM,0,U30,1,0.9850743189018276,0.9850743189018275,1.1102230246251565e-16,1e-10,<PROJECT_ROOT>\unified_17_session_authentic_rerun_a6_20260808_185006\06_screening_predictions\allen_vbn\1051155866\MEAN_RATE_LINEAR_SVM\seed0\seed0__U30__rep1.csv,True,PASS,
Allen VBN,524760,1051155866,SVM,MEAN_RATE_LINEAR_SVM,0,U30,2,0.9777758287740692,0.9777758287740692,0.0,1e-10,<PROJECT_ROOT>\unified_17_session_authentic_rerun_a6_20260808_185006\06_screening_predictions\allen_vbn\1051155866\MEAN_RATE_LINEAR_SVM\seed0\seed0__U30__rep2.csv,True,PASS,
Allen VBN,524760,1051155866,SVM,MEAN_RATE_LINEAR_SVM,0,U30,3,0.9856329820534742,0.9856329820534742,0.0,1e-10,<PROJECT_ROOT>\unified_17_session_authentic_rerun_a6_20260808_185006\06_screening_predictions\allen_vbn\1051155866\MEAN_RATE_LINEAR_SVM\seed0\seed0__U30__rep3.csv,True,PASS,
Allen VBN,524760,1051155866,SVM,MEAN_RATE_LINEAR_SVM,0,U30,4,0.986497619526891,0.986497619526891,0.0,1e-10,<PROJECT_ROOT>\unified_17_session_authentic_rerun_a6_20260808_185006\06_screening_predictions\allen_vbn\1051155866\MEAN_RATE_LINEAR_SVM\seed0\seed0__U30__rep4.csv,True,PASS,
Allen VBN,524760,1051155866,SVM,MEAN_RATE_LINEAR_SVM,0,T5,0,0.9858362897478432,0.9858362897478433,1.1102230246251565e-16,1e-10,<PROJECT_ROOT>\unified_17_session_authentic_rerun_a6_20260808_185006\06_screening_predictions\allen_vbn\1051155866\MEAN_RATE_LINEAR_SVM\seed0\seed0__T5__rep0.csv,True,PASS,
Allen VBN,524760,1051155866,SVM,MEAN_RATE_LINEAR_SVM,0,T5,1,0.9564308794419022,0.9564308794419022,0.0,1e-10,<PROJECT_ROOT>\unified_17_session_authentic_rerun_a6_20260808_185006\06_screening_predictions\allen_vbn\1051155866\MEAN_RATE_LINEAR_SVM\seed0\seed0__T5__rep1.csv,True,PASS,
Allen VBN,524760,1051155866,SVM,MEAN_RATE_LINEAR_SVM,0,T5,2,0.9891709842838898,0.9891709842838898,0.0,1e-10,<PROJECT_ROOT>\unified_17_session_authentic_rerun_a6_20260808_185006\06_screening_predictions\allen_vbn\1051155866\MEAN_RATE_LINEAR_SVM\seed0\seed0__T5__rep2.csv,True,PASS,
Allen VBN,524760,1051155866,SVM,MEAN_RATE_LINEAR_SVM,0,T5,3,0.988838544366084,0.9888385443660841,1.1102230246251565e-16,1e-10,<PROJECT_ROOT>\unified_17_session_authentic_rerun_a6_20260808_185006\06_screening_predictions\allen_vbn\1051155866\MEAN_RATE_LINEAR_SVM\seed0\seed0__T5__rep3.csv,True,PASS,
Allen VBN,524760,1051155866,SVM,MEAN_RATE_LINEAR_SVM,0,T5,4,0.9891709842838898,0.9891709842838898,0.0,1e-10,<PROJECT_ROOT>\unified_17_session_authentic_rerun_a6_20260808_185006\06_screening_predictions\allen_vbn\1051155866\MEAN_RATE_LINEAR_SVM\seed0\seed0__T5__rep4.csv,True,PASS,
Allen VBN,524760,1051155866,SVM,MEAN_RATE_LINEAR_SVM,1,U30,0,0.9831834602022644,0.9831834602022645,1.1102230246251565e-16,1e-10,<PROJECT_ROOT>\unified_17_session_authentic_rerun_a6_20260808_185006\06_screening_predictions\allen_vbn\1051155866\MEAN_RATE_LINEAR_SVM\seed1\seed1__U30__rep0.csv,True,PASS,
Allen VBN,524760,1051155866,SVM,MEAN_RATE_LINEAR_SVM,1,U30,1,0.9859456376665462,0.9859456376665462,0.0,1e-10,<PROJECT_ROOT>\unified_17_session_authentic_rerun_a6_20260808_185006\06_screening_predictions\allen_vbn\1051155866\MEAN_RATE_LINEAR_SVM\seed1\seed1__U30__rep1.csv,True,PASS,
Allen VBN,524760,1051155866,SVM,MEAN_RATE_LINEAR_SVM,1,U30,2,0.9835318922580136,0.9835318922580137,1.1102230246251565e-16,1e-10,<PROJECT_ROOT>\unified_17_session_authentic_rerun_a6_20260808_185006\06_screening_predictions\allen_vbn\1051155866\MEAN_RATE_LINEAR_SVM\seed1\seed1__U30__rep2.csv,True,PASS,
Allen VBN,524760,1051155866,SVM,MEAN_RATE_LINEAR_SVM,1,U30,3,0.9851501147236646,0.9851501147236646,0.0,1e-10,<PROJECT_ROOT>\unified_17_session_authentic_rerun_a6_20260808_185006\06_screening_predictions\allen_vbn\1051155866\MEAN_RATE_LINEAR_SVM\seed1\seed1__U30__rep3.csv,True,PASS,
Allen VBN,524760,1051155866,SVM,MEAN_RATE_LINEAR_SVM,1,U30,4,0.9863390632824572,0.9863390632824572,0.0,1e-10,<PROJECT_ROOT>\unified_17_session_authentic_rerun_a6_20260808_185006\06_screening_predictions\allen_vbn\1051155866\MEAN_RATE_LINEAR_SVM\seed1\seed1__U30__rep4.csv,True,PASS,
Allen VBN,524760,1051155866,SVM,MEAN_RATE_LINEAR_SVM,1,T5,0,0.9820025473329286,0.9820025473329286,0.0,1e-10,<PROJECT_ROOT>\unified_17_session_authentic_rerun_a6_20260808_185006\06_screening_predictions\allen_vbn\1051155866\MEAN_RATE_LINEAR_SVM\seed1\seed1__T5__rep0.csv,True,PASS,
Allen VBN,524760,1051155866,SVM,MEAN_RATE_LINEAR_SVM,1,T5,1,0.9649871028022272,0.9649871028022271,1.1102230246251565e-16,1e-10,<PROJECT_ROOT>\unified_17_session_authentic_rerun_a6_20260808_185006\06_screening_predictions\allen_vbn\1051155866\MEAN_RATE_LINEAR_SVM\seed1\seed1__T5__rep1.csv,True,PASS,
Allen VBN,524760,1051155866,SVM,MEAN_RATE_LINEAR_SVM,1,T5,2,0.9917528663223872,0.9917528663223871,1.1102230246251565e-16,1e-10,<PROJECT_ROOT>\unified_17_session_authentic_rerun_a6_20260808_185006\06_screening_predictions\allen_vbn\1051155866\MEAN_RATE_LINEAR_SVM\seed1\seed1__T5__rep2.csv,True,PASS,
Allen VBN,524760,1051155866,SVM,MEAN_RATE_LINEAR_SVM,1,T5,3,0.9918757109574268,0.9918757109574268,0.0,1e-10,<PROJECT_ROOT>\unified_17_session_authentic_rerun_a6_20260808_185006\06_screening_predictions\allen_vbn\1051155866\MEAN_RATE_LINEAR_SVM\seed1\seed1__T5__rep3.csv,True,PASS,
Allen VBN,524760,1051155866,SVM,MEAN_RATE_LINEAR_SVM,1,T5,4,0.9914178354995514,0.9914178354995514,0.0,1e-10,<PROJECT_ROOT>\unified_17_session_authentic_rerun_a6_20260808_185006\06_screening_predictions\allen_vbn\1051155866\MEAN_RATE_LINEAR_SVM\seed1\seed1__T5__rep4.csv,True,PASS,
Allen VBN,527749,1053718935,SVM,MEAN_RATE_LINEAR_SVM,0,U30,0,0.9875677030036224,0.9875677030036225,1.1102230246251565e-16,1e-10,<PROJECT_ROOT>\unified_17_session_authentic_rerun_a6_20260808_185006\06_screening_predictions\allen_vbn\1053718935\MEAN_RATE_LINEAR_SVM\seed0\seed0__U30__rep0.csv,True,PASS,
Allen VBN,527749,1053718935,SVM,MEAN_RATE_LINEAR_SVM,0,U30,1,0.9695037110258704,0.9695037110258705,1.1102230246251565e-16,1e-10,<PROJECT_ROOT>\unified_17_session_authentic_rerun_a6_20260808_185006\06_screening_predictions\allen_vbn\1053718935\MEAN_RATE_LINEAR_SVM\seed0\seed0__U30__rep1.csv,True,PASS,
Allen VBN,527749,1053718935,SVM,MEAN_RATE_LINEAR_SVM,0,U30,2,0.9787187613096844,0.9787187613096844,0.0,1e-10,<PROJECT_ROOT>\unified_17_session_authentic_rerun_a6_20260808_185006\06_screening_predictions\allen_vbn\1053718935\MEAN_RATE_LINEAR_SVM\seed0\seed0__U30__rep2.csv,True,PASS,
Allen VBN,527749,1053718935,SVM,MEAN_RATE_LINEAR_SVM,0,U30,3,0.9830759014610698,0.9830759014610698,0.0,1e-10,<PROJECT_ROOT>\unified_17_session_authentic_rerun_a6_20260808_185006\06_screening_predictions\allen_vbn\1053718935\MEAN_RATE_LINEAR_SVM\seed0\seed0__U30__rep3.csv,True,PASS,
Allen VBN,527749,1053718935,SVM,MEAN_RATE_LINEAR_SVM,0,U30,4,0.9825580727193508,0.9825580727193507,1.1102230246251565e-16,1e-10,<PROJECT_ROOT>\unified_17_session_authentic_rerun_a6_20260808_185006\06_screening_predictions\allen_vbn\1053718935\MEAN_RATE_LINEAR_SVM\seed0\seed0__U30__rep4.csv,True,PASS,
Allen VBN,527749,1053718935,SVM,MEAN_RATE_LINEAR_SVM,0,T5,0,0.965585784372222,0.9655857843722221,1.1102230246251565e-16,1e-10,<PROJECT_ROOT>\unified_17_session_authentic_rerun_a6_20260808_185006\06_screening_predictions\allen_vbn\1053718935\MEAN_RATE_LINEAR_SVM\seed0\seed0__T5__rep0.csv,True,PASS,
Allen VBN,527749,1053718935,SVM,MEAN_RATE_LINEAR_SVM,0,T5,1,0.9855296926171546,0.9855296926171546,0.0,1e-10,<PROJECT_ROOT>\unified_17_session_authentic_rerun_a6_20260808_185006\06_screening_predictions\allen_vbn\1053718935\MEAN_RATE_LINEAR_SVM\seed0\seed0__T5__rep1.csv,True,PASS,
Allen VBN,527749,1053718935,SVM,MEAN_RATE_LINEAR_SVM,0,T5,2,0.9497750861909144,0.9497750861909144,0.0,1e-10,<PROJECT_ROOT>\unified_17_session_authentic_rerun_a6_20260808_185006\06_screening_predictions\allen_vbn\1053718935\MEAN_RATE_LINEAR_SVM\seed0\seed0__T5__rep2.csv,True,PASS,
Allen VBN,527749,1053718935,SVM,MEAN_RATE_LINEAR_SVM,0,T5,3,0.9783040407315484,0.9783040407315483,1.1102230246251565e-16,1e-10,<PROJECT_ROOT>\unified_17_session_authentic_rerun_a6_20260808_185006\06_screening_predictions\allen_vbn\1053718935\MEAN_RATE_LINEAR_SVM\seed0\seed0__T5__rep3.csv,True,PASS,
Allen VBN,527749,1053718935,SVM,MEAN_RATE_LINEAR_SVM,0,T5,4,0.9634223574151044,0.9634223574151043,1.1102230246251565e-16,1e-10,<PROJECT_ROOT>\unified_17_session_authentic_rerun_a6_20260808_185006\06_screening_predictions\allen_vbn\1053718935\MEAN_RATE_LINEAR_SVM\seed0\seed0__T5__rep4.csv,True,PASS,
Allen VBN,527749,1053718935,SVM,MEAN_RATE_LINEAR_SVM,1,U30,0,0.9845973449658124,0.9845973449658124,0.0,1e-10,<PROJECT_ROOT>\unified_17_session_authentic_rerun_a6_20260808_185006\06_screening_predictions\allen_vbn\1053718935\MEAN_RATE_LINEAR_SVM\seed1\seed1__U30__rep0.csv,True,PASS,
Allen VBN,527749,1053718935,SVM,MEAN_RATE_LINEAR_SVM,1,U30,1,0.9863633972963164,0.9863633972963163,1.1102230246251565e-16,1e-10,<PROJECT_ROOT>\unified_17_session_authentic_rerun_a6_20260808_185006\06_screening_predictions\allen_vbn\1053718935\MEAN_RATE_LINEAR_SVM\seed1\seed1__U30__rep1.csv,True,PASS,
Allen VBN,527749,1053718935,SVM,MEAN_RATE_LINEAR_SVM,1,U30,2,0.9823883538206114,0.9823883538206114,0.0,1e-10,<PROJECT_ROOT>\unified_17_session_authentic_rerun_a6_20260808_185006\06_screening_predictions\allen_vbn\1053718935\MEAN_RATE_LINEAR_SVM\seed1\seed1__U30__rep2.csv,True,PASS,
Allen VBN,527749,1053718935,SVM,MEAN_RATE_LINEAR_SVM,1,U30,3,0.9882623523926344,0.9882623523926343,1.1102230246251565e-16,1e-10,<PROJECT_ROOT>\unified_17_session_authentic_rerun_a6_20260808_185006\06_screening_predictions\allen_vbn\1053718935\MEAN_RATE_LINEAR_SVM\seed1\seed1__U30__rep3.csv,True,PASS,
Allen VBN,527749,1053718935,SVM,MEAN_RATE_LINEAR_SVM,1,U30,4,0.98877555417092,0.9887755541709199,1.1102230246251565e-16,1e-10,<PROJECT_ROOT>\unified_17_session_authentic_rerun_a6_20260808_185006\06_screening_predictions\allen_vbn\1053718935\MEAN_RATE_LINEAR_SVM\seed1\seed1__U30__rep4.csv,True,PASS,
Allen VBN,527749,1053718935,SVM,MEAN_RATE_LINEAR_SVM,1,T5,0,0.974309614158276,0.974309614158276,0.0,1e-10,<PROJECT_ROOT>\unified_17_session_authentic_rerun_a6_20260808_185006\06_screening_predictions\allen_vbn\1053718935\MEAN_RATE_LINEAR_SVM\seed1\seed1__T5__rep0.csv,True,PASS,
Allen VBN,527749,1053718935,SVM,MEAN_RATE_LINEAR_SVM,1,T5,1,0.9875736044237788,0.9875736044237788,0.0,1e-10,<PROJECT_ROOT>\unified_17_session_authentic_rerun_a6_20260808_185006\06_screening_predictions\allen_vbn\1053718935\MEAN_RATE_LINEAR_SVM\seed1\seed1__T5__rep1.csv,True,PASS,
Allen VBN,527749,1053718935,SVM,MEAN_RATE_LINEAR_SVM,1,T5,2,0.9622058997723992,0.9622058997723991,1.1102230246251565e-16,1e-10,<PROJECT_ROOT>\unified_17_session_authentic_rerun_a6_20260808_185006\06_screening_predictions\allen_vbn\1053718935\MEAN_RATE_LINEAR_SVM\seed1\seed1__T5__rep2.csv,True,PASS,
Allen VBN,527749,1053718935,SVM,MEAN_RATE_LINEAR_SVM,1,T5,3,0.9818769568487282,0.9818769568487282,0.0,1e-10,<PROJECT_ROOT>\unified_17_session_authentic_rerun_a6_20260808_185006\06_screening_predictions\allen_vbn\1053718935\MEAN_RATE_LINEAR_SVM\seed1\seed1__T5__rep3.csv,True,PASS,
Allen VBN,527749,1053718935,SVM,MEAN_RATE_LINEAR_SVM,1,T5,4,0.9725189275050516,0.9725189275050516,0.0,1e-10,<PROJECT_ROOT>\unified_17_session_authentic_rerun_a6_20260808_185006\06_screening_predictions\allen_vbn\1053718935\MEAN_RATE_LINEAR_SVM\seed1\seed1__T5__rep4.csv,True,PASS,
Allen VBN,531237,1056495334,SVM,MEAN_RATE_LINEAR_SVM,0,U30,0,0.9321339536933724,0.9321339536933723,1.1102230246251565e-16,1e-10,<PROJECT_ROOT>\unified_17_session_authentic_rerun_a6_20260808_185006\06_screening_predictions\allen_vbn\1056495334\MEAN_RATE_LINEAR_SVM\seed0\seed0__U30__rep0.csv,True,PASS,
Allen VBN,531237,1056495334,SVM,MEAN_RATE_LINEAR_SVM,0,U30,1,0.923876049322026,0.923876049322026,0.0,1e-10,<PROJECT_ROOT>\unified_17_session_authentic_rerun_a6_20260808_185006\06_screening_predictions\allen_vbn\1056495334\MEAN_RATE_LINEAR_SVM\seed0\seed0__U30__rep1.csv,True,PASS,
Allen VBN,531237,1056495334,SVM,MEAN_RATE_LINEAR_SVM,0,U30,2,0.9258622778318826,0.9258622778318826,0.0,1e-10,<PROJECT_ROOT>\unified_17_session_authentic_rerun_a6_20260808_185006\06_screening_predictions\allen_vbn\1056495334\MEAN_RATE_LINEAR_SVM\seed0\seed0__U30__rep2.csv,True,PASS,
Allen VBN,531237,1056495334,SVM,MEAN_RATE_LINEAR_SVM,0,U30,3,0.9226211433034466,0.9226211433034466,0.0,1e-10,<PROJECT_ROOT>\unified_17_session_authentic_rerun_a6_20260808_185006\06_screening_predictions\allen_vbn\1056495334\MEAN_RATE_LINEAR_SVM\seed0\seed0__U30__rep3.csv,True,PASS,
Allen VBN,531237,1056495334,SVM,MEAN_RATE_LINEAR_SVM,0,U30,4,0.9409231092900614,0.9409231092900614,0.0,1e-10,<PROJECT_ROOT>\unified_17_session_authentic_rerun_a6_20260808_185006\06_screening_predictions\allen_vbn\1056495334\MEAN_RATE_LINEAR_SVM\seed0\seed0__U30__rep4.csv,True,PASS,
Allen VBN,531237,1056495334,SVM,MEAN_RATE_LINEAR_SVM,0,T5,0,0.9372150613941582,0.9372150613941582,0.0,1e-10,<PROJECT_ROOT>\unified_17_session_authentic_rerun_a6_20260808_185006\06_screening_predictions\allen_vbn\1056495334\MEAN_RATE_LINEAR_SVM\seed0\seed0__T5__rep0.csv,True,PASS,
Allen VBN,531237,1056495334,SVM,MEAN_RATE_LINEAR_SVM,0,T5,1,0.9481656855594572,0.9481656855594573,1.1102230246251565e-16,1e-10,<PROJECT_ROOT>\unified_17_session_authentic_rerun_a6_20260808_185006\06_screening_predictions\allen_vbn\1056495334\MEAN_RATE_LINEAR_SVM\seed0\seed0__T5__rep1.csv,True,PASS,
Allen VBN,531237,1056495334,SVM,MEAN_RATE_LINEAR_SVM,0,T5,2,0.919600237087814,0.9196002370878139,1.1102230246251565e-16,1e-10,<PROJECT_ROOT>\unified_17_session_authentic_rerun_a6_20260808_185006\06_screening_predictions\allen_vbn\1056495334\MEAN_RATE_LINEAR_SVM\seed0\seed0__T5__rep2.csv,True,PASS,
Allen VBN,531237,1056495334,SVM,MEAN_RATE_LINEAR_SVM,0,T5,3,0.9585260562322104,0.9585260562322105,1.1102230246251565e-16,1e-10,<PROJECT_ROOT>\unified_17_session_authentic_rerun_a6_20260808_185006\06_screening_predictions\allen_vbn\1056495334\MEAN_RATE_LINEAR_SVM\seed0\seed0__T5__rep3.csv,True,PASS,
Allen VBN,531237,1056495334,SVM,MEAN_RATE_LINEAR_SVM,0,T5,4,0.9640935355513326,0.9640935355513326,0.0,1e-10,<PROJECT_ROOT>\unified_17_session_authentic_rerun_a6_20260808_185006\06_screening_predictions\allen_vbn\1056495334\MEAN_RATE_LINEAR_SVM\seed0\seed0__T5__rep4.csv,True,PASS,
Allen VBN,531237,1056495334,SVM,MEAN_RATE_LINEAR_SVM,1,U30,0,0.9247781323852396,0.9247781323852396,0.0,1e-10,<PROJECT_ROOT>\unified_17_session_authentic_rerun_a6_20260808_185006\06_screening_predictions\allen_vbn\1056495334\MEAN_RATE_LINEAR_SVM\seed1\seed1__U30__rep0.csv,True,PASS,
Allen VBN,531237,1056495334,SVM,MEAN_RATE_LINEAR_SVM,1,U30,1,0.9282512985781178,0.9282512985781178,0.0,1e-10,<PROJECT_ROOT>\unified_17_session_authentic_rerun_a6_20260808_185006\06_screening_predictions\allen_vbn\1056495334\MEAN_RATE_LINEAR_SVM\seed1\seed1__U30__rep1.csv,True,PASS,
Allen VBN,531237,1056495334,SVM,MEAN_RATE_LINEAR_SVM,1,U30,2,0.9245790526022656,0.9245790526022655,1.1102230246251565e-16,1e-10,<PROJECT_ROOT>\unified_17_session_authentic_rerun_a6_20260808_185006\06_screening_predictions\allen_vbn\1056495334\MEAN_RATE_LINEAR_SVM\seed1\seed1__U30__rep2.csv,True,PASS,
Allen VBN,531237,1056495334,SVM,MEAN_RATE_LINEAR_SVM,1,U30,3,0.9279076956506648,0.9279076956506648,0.0,1e-10,<PROJECT_ROOT>\unified_17_session_authentic_rerun_a6_20260808_185006\06_screening_predictions\allen_vbn\1056495334\MEAN_RATE_LINEAR_SVM\seed1\seed1__U30__rep3.csv,True,PASS,
Allen VBN,531237,1056495334,SVM,MEAN_RATE_LINEAR_SVM,1,U30,4,0.9444723131273334,0.9444723131273334,0.0,1e-10,<PROJECT_ROOT>\unified_17_session_authentic_rerun_a6_20260808_185006\06_screening_predictions\allen_vbn\1056495334\MEAN_RATE_LINEAR_SVM\seed1\seed1__U30__rep4.csv,True,PASS,
Allen VBN,531237,1056495334,SVM,MEAN_RATE_LINEAR_SVM,1,T5,0,0.9468379796788572,0.9468379796788572,0.0,1e-10,<PROJECT_ROOT>\unified_17_session_authentic_rerun_a6_20260808_185006\06_screening_predictions\allen_vbn\1056495334\MEAN_RATE_LINEAR_SVM\seed1\seed1__T5__rep0.csv,True,PASS,
Allen VBN,531237,1056495334,SVM,MEAN_RATE_LINEAR_SVM,1,T5,1,0.9547481430855498,0.9547481430855498,0.0,1e-10,<PROJECT_ROOT>\unified_17_session_authentic_rerun_a6_20260808_185006\06_screening_predictions\allen_vbn\1056495334\MEAN_RATE_LINEAR_SVM\seed1\seed1__T5__rep1.csv,True,PASS,
Allen VBN,531237,1056495334,SVM,MEAN_RATE_LINEAR_SVM,1,T5,2,0.9251457087589688,0.9251457087589687,1.1102230246251565e-16,1e-10,<PROJECT_ROOT>\unified_17_session_authentic_rerun_a6_20260808_185006\06_screening_predictions\allen_vbn\1056495334\MEAN_RATE_LINEAR_SVM\seed1\seed1__T5__rep2.csv,True,PASS,
Allen VBN,531237,1056495334,SVM,MEAN_RATE_LINEAR_SVM,1,T5,3,0.9615746533873952,0.9615746533873953,1.1102230246251565e-16,1e-10,<PROJECT_ROOT>\unified_17_session_authentic_rerun_a6_20260808_185006\06_screening_predictions\allen_vbn\1056495334\MEAN_RATE_LINEAR_SVM\seed1\seed1__T5__rep3.csv,True,PASS,
Allen VBN,531237,1056495334,SVM,MEAN_RATE_LINEAR_SVM,1,T5,4,0.9654009304352076,0.9654009304352077,1.1102230246251565e-16,1e-10,<PROJECT_ROOT>\unified_17_session_authentic_rerun_a6_20260808_185006\06_screening_predictions\allen_vbn\1056495334\MEAN_RATE_LINEAR_SVM\seed1\seed1__T5__rep4.csv,True,PASS,
CRCNS pvc-11,monkey1,data_monkey1_gratings,CEBRA,CEBRA_FLAT_LOGREG,0,U30,0,0.9821428571428572,0.9821428571428571,1.1102230246251565e-16,1e-10,<PROJECT_ROOT>\submission_one_shot_heldout_evaluation_R3_20260902\predictions\CEBRA_FLAT_LOGREG\CRCNS_pvc-11\data_monkey1_gratings\seed0\U30\rep0.npz,True,PASS,
CRCNS pvc-11,monkey1,data_monkey1_gratings,CEBRA,CEBRA_FLAT_LOGREG,0,U30,1,0.9642857142857144,0.9642857142857143,1.1102230246251565e-16,1e-10,<PROJECT_ROOT>\submission_one_shot_heldout_evaluation_R3_20260902\predictions\CEBRA_FLAT_LOGREG\CRCNS_pvc-11\data_monkey1_gratings\seed0\U30\rep1.npz,True,PASS,
CRCNS pvc-11,monkey1,data_monkey1_gratings,CEBRA,CEBRA_FLAT_LOGREG,0,U30,2,0.9535714285714284,0.9535714285714285,1.1102230246251565e-16,1e-10,<PROJECT_ROOT>\submission_one_shot_heldout_evaluation_R3_20260902\predictions\CEBRA_FLAT_LOGREG\CRCNS_pvc-11\data_monkey1_gratings\seed0\U30\rep2.npz,True,PASS,
CRCNS pvc-11,monkey1,data_monkey1_gratings,CEBRA,CEBRA_FLAT_LOGREG,0,U30,3,0.9642857142857144,0.9642857142857143,1.1102230246251565e-16,1e-10,<PROJECT_ROOT>\submission_one_shot_heldout_evaluation_R3_20260902\predictions\CEBRA_FLAT_LOGREG\CRCNS_pvc-11\data_monkey1_gratings\seed0\U30\rep3.npz,True,PASS,
CRCNS pvc-11,monkey1,data_monkey1_gratings,CEBRA,CEBRA_FLAT_LOGREG,0,U30,4,0.9392857142857142,0.9392857142857142,0.0,1e-10,<PROJECT_ROOT>\submission_one_shot_heldout_evaluation_R3_20260902\predictions\CEBRA_FLAT_LOGREG\CRCNS_pvc-11\data_monkey1_gratings\seed0\U30\rep4.npz,True,PASS,
CRCNS pvc-11,monkey1,data_monkey1_gratings,CEBRA,CEBRA_FLAT_LOGREG,0,T5,0,0.9785714285714284,0.9785714285714285,1.1102230246251565e-16,1e-10,<PROJECT_ROOT>\submission_one_shot_heldout_evaluation_R3_20260902\predictions\CEBRA_FLAT_LOGREG\CRCNS_pvc-11\data_monkey1_gratings\seed0\T5\rep0.npz,True,PASS,
CRCNS pvc-11,monkey1,data_monkey1_gratings,CEBRA,CEBRA_FLAT_LOGREG,0,T5,1,0.9214285714285716,0.9214285714285715,1.1102230246251565e-16,1e-10,<PROJECT_ROOT>\submission_one_shot_heldout_evaluation_R3_20260902\predictions\CEBRA_FLAT_LOGREG\CRCNS_pvc-11\data_monkey1_gratings\seed0\T5\rep1.npz,True,PASS,
CRCNS pvc-11,monkey1,data_monkey1_gratings,CEBRA,CEBRA_FLAT_LOGREG,0,T5,2,0.9785714285714284,0.9785714285714285,1.1102230246251565e-16,1e-10,<PROJECT_ROOT>\submission_one_shot_heldout_evaluation_R3_20260902\predictions\CEBRA_FLAT_LOGREG\CRCNS_pvc-11\data_monkey1_gratings\seed0\T5\rep2.npz,True,PASS,
CRCNS pvc-11,monkey1,data_monkey1_gratings,CEBRA,CEBRA_FLAT_LOGREG,0,T5,3,0.975,0.975,0.0,1e-10,<PROJECT_ROOT>\submission_one_shot_heldout_evaluation_R3_20260902\predictions\CEBRA_FLAT_LOGREG\CRCNS_pvc-11\data_monkey1_gratings\seed0\T5\rep3.npz,True,PASS,
CRCNS pvc-11,monkey1,data_monkey1_gratings,CEBRA,CEBRA_FLAT_LOGREG,0,T5,4,0.9785714285714286,0.9785714285714286,0.0,1e-10,<PROJECT_ROOT>\submission_one_shot_heldout_evaluation_R3_20260902\predictions\CEBRA_FLAT_LOGREG\CRCNS_pvc-11\data_monkey1_gratings\seed0\T5\rep4.npz,True,PASS,
CRCNS pvc-11,monkey1,data_monkey1_gratings,CEBRA,CEBRA_FLAT_LOGREG,1,U30,0,0.975,0.975,0.0,1e-10,<PROJECT_ROOT>\submission_one_shot_heldout_evaluation_R3_20260902\predictions\CEBRA_FLAT_LOGREG\CRCNS_pvc-11\data_monkey1_gratings\seed1\U30\rep0.npz,True,PASS,
CRCNS pvc-11,monkey1,data_monkey1_gratings,CEBRA,CEBRA_FLAT_LOGREG,1,U30,1,0.9535714285714286,0.9535714285714286,0.0,1e-10,<PROJECT_ROOT>\submission_one_shot_heldout_evaluation_R3_20260902\predictions\CEBRA_FLAT_LOGREG\CRCNS_pvc-11\data_monkey1_gratings\seed1\U30\rep1.npz,True,PASS,
CRCNS pvc-11,monkey1,data_monkey1_gratings,CEBRA,CEBRA_FLAT_LOGREG,1,U30,2,0.9107142857142856,0.9107142857142857,1.1102230246251565e-16,1e-10,<PROJECT_ROOT>\submission_one_shot_heldout_evaluation_R3_20260902\predictions\CEBRA_FLAT_LOGREG\CRCNS_pvc-11\data_monkey1_gratings\seed1\U30\rep2.npz,True,PASS,
CRCNS pvc-11,monkey1,data_monkey1_gratings,CEBRA,CEBRA_FLAT_LOGREG,1,U30,3,0.9678571428571427,0.9678571428571429,1.1102230246251565e-16,1e-10,<PROJECT_ROOT>\submission_one_shot_heldout_evaluation_R3_20260902\predictions\CEBRA_FLAT_LOGREG\CRCNS_pvc-11\data_monkey1_gratings\seed1\U30\rep3.npz,True,PASS,
CRCNS pvc-11,monkey1,data_monkey1_gratings,CEBRA,CEBRA_FLAT_LOGREG,1,U30,4,0.9464285714285714,0.9464285714285714,0.0,1e-10,<PROJECT_ROOT>\submission_one_shot_heldout_evaluation_R3_20260902\predictions\CEBRA_FLAT_LOGREG\CRCNS_pvc-11\data_monkey1_gratings\seed1\U30\rep4.npz,True,PASS,
CRCNS pvc-11,monkey1,data_monkey1_gratings,CEBRA,CEBRA_FLAT_LOGREG,1,T5,0,0.9785714285714284,0.9785714285714285,1.1102230246251565e-16,1e-10,<PROJECT_ROOT>\submission_one_shot_heldout_evaluation_R3_20260902\predictions\CEBRA_FLAT_LOGREG\CRCNS_pvc-11\data_monkey1_gratings\seed1\T5\rep0.npz,True,PASS,
CRCNS pvc-11,monkey1,data_monkey1_gratings,CEBRA,CEBRA_FLAT_LOGREG,1,T5,1,0.9107142857142856,0.9107142857142857,1.1102230246251565e-16,1e-10,<PROJECT_ROOT>\submission_one_shot_heldout_evaluation_R3_20260902\predictions\CEBRA_FLAT_LOGREG\CRCNS_pvc-11\data_monkey1_gratings\seed1\T5\rep1.npz,True,PASS,
CRCNS pvc-11,monkey1,data_monkey1_gratings,CEBRA,CEBRA_FLAT_LOGREG,1,T5,2,0.9785714285714284,0.9785714285714285,1.1102230246251565e-16,1e-10,<PROJECT_ROOT>\submission_one_shot_heldout_evaluation_R3_20260902\predictions\CEBRA_FLAT_LOGREG\CRCNS_pvc-11\data_monkey1_gratings\seed1\T5\rep2.npz,True,PASS,
CRCNS pvc-11,monkey1,data_monkey1_gratings,CEBRA,CEBRA_FLAT_LOGREG,1,T5,3,0.9642857142857144,0.9642857142857143,1.1102230246251565e-16,1e-10,<PROJECT_ROOT>\submission_one_shot_heldout_evaluation_R3_20260902\predictions\CEBRA_FLAT_LOGREG\CRCNS_pvc-11\data_monkey1_gratings\seed1\T5\rep3.npz,True,PASS,
CRCNS pvc-11,monkey1,data_monkey1_gratings,CEBRA,CEBRA_FLAT_LOGREG,1,T5,4,0.9928571428571428,0.9928571428571429,1.1102230246251565e-16,1e-10,<PROJECT_ROOT>\submission_one_shot_heldout_evaluation_R3_20260902\predictions\CEBRA_FLAT_LOGREG\CRCNS_pvc-11\data_monkey1_gratings\seed1\T5\rep4.npz,True,PASS,
CRCNS pvc-11,monkey1,data_monkey1_gratings,CEBRA,CEBRA_FLAT_LOGREG,2,U30,0,0.9821428571428572,0.9821428571428571,1.1102230246251565e-16,1e-10,<PROJECT_ROOT>\submission_one_shot_heldout_evaluation_R3_20260902\predictions\CEBRA_FLAT_LOGREG\CRCNS_pvc-11\data_monkey1_gratings\seed2\U30\rep0.npz,True,PASS,
CRCNS pvc-11,monkey1,data_monkey1_gratings,CEBRA,CEBRA_FLAT_LOGREG,2,U30,1,0.9785714285714284,0.9785714285714285,1.1102230246251565e-16,1e-10,<PROJECT_ROOT>\submission_one_shot_heldout_evaluation_R3_20260902\predictions\CEBRA_FLAT_LOGREG\CRCNS_pvc-11\data_monkey1_gratings\seed2\U30\rep1.npz,True,PASS,
CRCNS pvc-11,monkey1,data_monkey1_gratings,CEBRA,CEBRA_FLAT_LOGREG,2,U30,2,0.9714285714285716,0.9714285714285715,1.1102230246251565e-16,1e-10,<PROJECT_ROOT>\submission_one_shot_heldout_evaluation_R3_20260902\predictions\CEBRA_FLAT_LOGREG\CRCNS_pvc-11\data_monkey1_gratings\seed2\U30\rep2.npz,True,PASS,
CRCNS pvc-11,monkey1,data_monkey1_gratings,CEBRA,CEBRA_FLAT_LOGREG,2,U30,3,0.9821428571428572,0.9821428571428571,1.1102230246251565e-16,1e-10,<PROJECT_ROOT>\submission_one_shot_heldout_evaluation_R3_20260902\predictions\CEBRA_FLAT_LOGREG\CRCNS_pvc-11\data_monkey1_gratings\seed2\U30\rep3.npz,True,PASS,
CRCNS pvc-11,monkey1,data_monkey1_gratings,CEBRA,CEBRA_FLAT_LOGREG,2,U30,4,0.9714285714285714,0.9714285714285714,0.0,1e-10,<PROJECT_ROOT>\submission_one_shot_heldout_evaluation_R3_20260902\predictions\CEBRA_FLAT_LOGREG\CRCNS_pvc-11\data_monkey1_gratings\seed2\U30\rep4.npz,True,PASS,
CRCNS pvc-11,monkey1,data_monkey1_gratings,CEBRA,CEBRA_FLAT_LOGREG,2,T5,0,0.9857142857142858,0.9857142857142858,0.0,1e-10,<PROJECT_ROOT>\submission_one_shot_heldout_evaluation_R3_20260902\predictions\CEBRA_FLAT_LOGREG\CRCNS_pvc-11\data_monkey1_gratings\seed2\T5\rep0.npz,True,PASS,
CRCNS pvc-11,monkey1,data_monkey1_gratings,CEBRA,CEBRA_FLAT_LOGREG,2,T5,1,0.95,0.9500000000000001,1.1102230246251565e-16,1e-10,<PROJECT_ROOT>\submission_one_shot_heldout_evaluation_R3_20260902\predictions\CEBRA_FLAT_LOGREG\CRCNS_pvc-11\data_monkey1_gratings\seed2\T5\rep1.npz,True,PASS,
CRCNS pvc-11,monkey1,data_monkey1_gratings,CEBRA,CEBRA_FLAT_LOGREG,2,T5,2,0.9857142857142858,0.9857142857142858,0.0,1e-10,<PROJECT_ROOT>\submission_one_shot_heldout_evaluation_R3_20260902\predictions\CEBRA_FLAT_LOGREG\CRCNS_pvc-11\data_monkey1_gratings\seed2\T5\rep2.npz,True,PASS,
CRCNS pvc-11,monkey1,data_monkey1_gratings,CEBRA,CEBRA_FLAT_LOGREG,2,T5,3,0.9821428571428572,0.9821428571428571,1.1102230246251565e-16,1e-10,<PROJECT_ROOT>\submission_one_shot_heldout_evaluation_R3_20260902\predictions\CEBRA_FLAT_LOGREG\CRCNS_pvc-11\data_monkey1_gratings\seed2\T5\rep3.npz,True,PASS,
CRCNS pvc-11,monkey1,data_monkey1_gratings,CEBRA,CEBRA_FLAT_LOGREG,2,T5,4,0.9892857142857144,0.9892857142857144,0.0,1e-10,<PROJECT_ROOT>\submission_one_shot_heldout_evaluation_R3_20260902\predictions\CEBRA_FLAT_LOGREG\CRCNS_pvc-11\data_monkey1_gratings\seed2\T5\rep4.npz,True,PASS,
CRCNS pvc-11,monkey1,data_monkey1_gratings,CEBRA,CEBRA_FLAT_LOGREG,3,U30,0,0.9642857142857144,0.9642857142857143,1.1102230246251565e-16,1e-10,<PROJECT_ROOT>\submission_one_shot_heldout_evaluation_R3_20260902\predictions\CEBRA_FLAT_LOGREG\CRCNS_pvc-11\data_monkey1_gratings\seed3\U30\rep0.npz,True,PASS,
CRCNS pvc-11,monkey1,data_monkey1_gratings,CEBRA,CEBRA_FLAT_LOGREG,3,U30,1,0.9642857142857144,0.9642857142857143,1.1102230246251565e-16,1e-10,<PROJECT_ROOT>\submission_one_shot_heldout_evaluation_R3_20260902\predictions\CEBRA_FLAT_LOGREG\CRCNS_pvc-11\data_monkey1_gratings\seed3\U30\rep1.npz,True,PASS,
CRCNS pvc-11,monkey1,data_monkey1_gratings,CEBRA,CEBRA_FLAT_LOGREG,3,U30,2,0.932142857142857,0.932142857142857,0.0,1e-10,<PROJECT_ROOT>\submission_one_shot_heldout_evaluation_R3_20260902\predictions\CEBRA_FLAT_LOGREG\CRCNS_pvc-11\data_monkey1_gratings\seed3\U30\rep2.npz,True,PASS,
CRCNS pvc-11,monkey1,data_monkey1_gratings,CEBRA,CEBRA_FLAT_LOGREG,3,U30,3,0.9642857142857144,0.9642857142857143,1.1102230246251565e-16,1e-10,<PROJECT_ROOT>\submission_one_shot_heldout_evaluation_R3_20260902\predictions\CEBRA_FLAT_LOGREG\CRCNS_pvc-11\data_monkey1_gratings\seed3\U30\rep3.npz,True,PASS,
CRCNS pvc-11,monkey1,data_monkey1_gratings,CEBRA,CEBRA_FLAT_LOGREG,3,U30,4,0.9321428571428572,0.9321428571428572,0.0,1e-10,<PROJECT_ROOT>\submission_one_shot_heldout_evaluation_R3_20260902\predictions\CEBRA_FLAT_LOGREG\CRCNS_pvc-11\data_monkey1_gratings\seed3\U30\rep4.npz,True,PASS,
CRCNS pvc-11,monkey1,data_monkey1_gratings,CEBRA,CEBRA_FLAT_LOGREG,3,T5,0,0.9642857142857144,0.9642857142857143,1.1102230246251565e-16,1e-10,<PROJECT_ROOT>\submission_one_shot_heldout_evaluation_R3_20260902\predictions\CEBRA_FLAT_LOGREG\CRCNS_pvc-11\data_monkey1_gratings\seed3\T5\rep0.npz,True,PASS,
CRCNS pvc-11,monkey1,data_monkey1_gratings,CEBRA,CEBRA_FLAT_LOGREG,3,T5,1,0.8892857142857142,0.8892857142857142,0.0,1e-10,<PROJECT_ROOT>\submission_one_shot_heldout_evaluation_R3_20260902\predictions\CEBRA_FLAT_LOGREG\CRCNS_pvc-11\data_monkey1_gratings\seed3\T5\rep1.npz,True,PASS,
CRCNS pvc-11,monkey1,data_monkey1_gratings,CEBRA,CEBRA_FLAT_LOGREG,3,T5,2,0.9642857142857144,0.9642857142857143,1.1102230246251565e-16,1e-10,<PROJECT_ROOT>\submission_one_shot_heldout_evaluation_R3_20260902\predictions\CEBRA_FLAT_LOGREG\CRCNS_pvc-11\data_monkey1_gratings\seed3\T5\rep2.npz,True,PASS,
CRCNS pvc-11,monkey1,data_monkey1_gratings,CEBRA,CEBRA_FLAT_LOGREG,3,T5,3,0.9535714285714284,0.9535714285714285,1.1102230246251565e-16,1e-10,<PROJECT_ROOT>\submission_one_shot_heldout_evaluation_R3_20260902\predictions\CEBRA_FLAT_LOGREG\CRCNS_pvc-11\data_monkey1_gratings\seed3\T5\rep3.npz,True,PASS,
CRCNS pvc-11,monkey1,data_monkey1_gratings,CEBRA,CEBRA_FLAT_LOGREG,3,T5,4,0.9642857142857144,0.9642857142857143,1.1102230246251565e-16,1e-10,<PROJECT_ROOT>\submission_one_shot_heldout_evaluation_R3_20260902\predictions\CEBRA_FLAT_LOGREG\CRCNS_pvc-11\data_monkey1_gratings\seed3\T5\rep4.npz,True,PASS,
CRCNS pvc-11,monkey1,data_monkey1_gratings,CEBRA,CEBRA_FLAT_LOGREG,4,U30,0,0.9607142857142856,0.9607142857142856,0.0,1e-10,<PROJECT_ROOT>\submission_one_shot_heldout_evaluation_R3_20260902\predictions\CEBRA_FLAT_LOGREG\CRCNS_pvc-11\data_monkey1_gratings\seed4\U30\rep0.npz,True,PASS,
CRCNS pvc-11,monkey1,data_monkey1_gratings,CEBRA,CEBRA_FLAT_LOGREG,4,U30,1,0.9571428571428572,0.9571428571428571,1.1102230246251565e-16,1e-10,<PROJECT_ROOT>\submission_one_shot_heldout_evaluation_R3_20260902\predictions\CEBRA_FLAT_LOGREG\CRCNS_pvc-11\data_monkey1_gratings\seed4\U30\rep1.npz,True,PASS,
CRCNS pvc-11,monkey1,data_monkey1_gratings,CEBRA,CEBRA_FLAT_LOGREG,4,U30,2,0.925,0.9249999999999999,1.1102230246251565e-16,1e-10,<PROJECT_ROOT>\submission_one_shot_heldout_evaluation_R3_20260902\predictions\CEBRA_FLAT_LOGREG\CRCNS_pvc-11\data_monkey1_gratings\seed4\U30\rep2.npz,True,PASS,
CRCNS pvc-11,monkey1,data_monkey1_gratings,CEBRA,CEBRA_FLAT_LOGREG,4,U30,3,0.9678571428571427,0.9678571428571429,1.1102230246251565e-16,1e-10,<PROJECT_ROOT>\submission_one_shot_heldout_evaluation_R3_20260902\predictions\CEBRA_FLAT_LOGREG\CRCNS_pvc-11\data_monkey1_gratings\seed4\U30\rep3.npz,True,PASS,
CRCNS pvc-11,monkey1,data_monkey1_gratings,CEBRA,CEBRA_FLAT_LOGREG,4,U30,4,0.9285714285714286,0.9285714285714286,0.0,1e-10,<PROJECT_ROOT>\submission_one_shot_heldout_evaluation_R3_20260902\predictions\CEBRA_FLAT_LOGREG\CRCNS_pvc-11\data_monkey1_gratings\seed4\U30\rep4.npz,True,PASS,
CRCNS pvc-11,monkey1,data_monkey1_gratings,CEBRA,CEBRA_FLAT_LOGREG,4,T5,0,0.9785714285714286,0.9785714285714286,0.0,1e-10,<PROJECT_ROOT>\submission_one_shot_heldout_evaluation_R3_20260902\predictions\CEBRA_FLAT_LOGREG\CRCNS_pvc-11\data_monkey1_gratings\seed4\T5\rep0.npz,True,PASS,
CRCNS pvc-11,monkey1,data_monkey1_gratings,CEBRA,CEBRA_FLAT_LOGREG,4,T5,1,0.9071428571428573,0.9071428571428571,1.1102230246251565e-16,1e-10,<PROJECT_ROOT>\submission_one_shot_heldout_evaluation_R3_20260902\predictions\CEBRA_FLAT_LOGREG\CRCNS_pvc-11\data_monkey1_gratings\seed4\T5\rep1.npz,True,PASS,
CRCNS pvc-11,monkey1,data_monkey1_gratings,CEBRA,CEBRA_FLAT_LOGREG,4,T5,2,0.9785714285714286,0.9785714285714286,0.0,1e-10,<PROJECT_ROOT>\submission_one_shot_heldout_evaluation_R3_20260902\predictions\CEBRA_FLAT_LOGREG\CRCNS_pvc-11\data_monkey1_gratings\seed4\T5\rep2.npz,True,PASS,
CRCNS pvc-11,monkey1,data_monkey1_gratings,CEBRA,CEBRA_FLAT_LOGREG,4,T5,3,0.9535714285714286,0.9535714285714286,0.0,1e-10,<PROJECT_ROOT>\submission_one_shot_heldout_evaluation_R3_20260902\predictions\CEBRA_FLAT_LOGREG\CRCNS_pvc-11\data_monkey1_gratings\seed4\T5\rep3.npz,True,PASS,
CRCNS pvc-11,monkey1,data_monkey1_gratings,CEBRA,CEBRA_FLAT_LOGREG,4,T5,4,0.975,0.975,0.0,1e-10,<PROJECT_ROOT>\submission_one_shot_heldout_evaluation_R3_20260902\predictions\CEBRA_FLAT_LOGREG\CRCNS_pvc-11\data_monkey1_gratings\seed4\T5\rep4.npz,True,PASS,
CRCNS pvc-11,monkey2,data_monkey2_gratings,CEBRA,CEBRA_FLAT_LOGREG,0,U30,0,0.9464285714285714,0.9464285714285714,0.0,1e-10,<PROJECT_ROOT>\submission_one_shot_heldout_evaluation_R3_20260902\predictions\CEBRA_FLAT_LOGREG\CRCNS_pvc-11\data_monkey2_gratings\seed0\U30\rep0.npz,True,PASS,
CRCNS pvc-11,monkey2,data_monkey2_gratings,CEBRA,CEBRA_FLAT_LOGREG,0,U30,1,0.9035714285714286,0.9035714285714286,0.0,1e-10,<PROJECT_ROOT>\submission_one_shot_heldout_evaluation_R3_20260902\predictions\CEBRA_FLAT_LOGREG\CRCNS_pvc-11\data_monkey2_gratings\seed0\U30\rep1.npz,True,PASS,
CRCNS pvc-11,monkey2,data_monkey2_gratings,CEBRA,CEBRA_FLAT_LOGREG,0,U30,2,0.8571428571428571,0.8571428571428571,0.0,1e-10,<PROJECT_ROOT>\submission_one_shot_heldout_evaluation_R3_20260902\predictions\CEBRA_FLAT_LOGREG\CRCNS_pvc-11\data_monkey2_gratings\seed0\U30\rep2.npz,True,PASS,
CRCNS pvc-11,monkey2,data_monkey2_gratings,CEBRA,CEBRA_FLAT_LOGREG,0,U30,3,0.9678571428571427,0.9678571428571429,1.1102230246251565e-16,1e-10,<PROJECT_ROOT>\submission_one_shot_heldout_evaluation_R3_20260902\predictions\CEBRA_FLAT_LOGREG\CRCNS_pvc-11\data_monkey2_gratings\seed0\U30\rep3.npz,True,PASS,
CRCNS pvc-11,monkey2,data_monkey2_gratings,CEBRA,CEBRA_FLAT_LOGREG,0,U30,4,0.9714285714285714,0.9714285714285714,0.0,1e-10,<PROJECT_ROOT>\submission_one_shot_heldout_evaluation_R3_20260902\predictions\CEBRA_FLAT_LOGREG\CRCNS_pvc-11\data_monkey2_gratings\seed0\U30\rep4.npz,True,PASS,
CRCNS pvc-11,monkey2,data_monkey2_gratings,CEBRA,CEBRA_FLAT_LOGREG,0,T5,0,0.9785714285714284,0.9785714285714285,1.1102230246251565e-16,1e-10,<PROJECT_ROOT>\submission_one_shot_heldout_evaluation_R3_20260902\predictions\CEBRA_FLAT_LOGREG\CRCNS_pvc-11\data_monkey2_gratings\seed0\T5\rep0.npz,True,PASS,
CRCNS pvc-11,monkey2,data_monkey2_gratings,CEBRA,CEBRA_FLAT_LOGREG,0,T5,1,0.9857142857142858,0.9857142857142858,0.0,1e-10,<PROJECT_ROOT>\submission_one_shot_heldout_evaluation_R3_20260902\predictions\CEBRA_FLAT_LOGREG\CRCNS_pvc-11\data_monkey2_gratings\seed0\T5\rep1.npz,True,PASS,
CRCNS pvc-11,monkey2,data_monkey2_gratings,CEBRA,CEBRA_FLAT_LOGREG,0,T5,2,0.9892857142857144,0.9892857142857144,0.0,1e-10,<PROJECT_ROOT>\submission_one_shot_heldout_evaluation_R3_20260902\predictions\CEBRA_FLAT_LOGREG\CRCNS_pvc-11\data_monkey2_gratings\seed0\T5\rep2.npz,True,PASS,
CRCNS pvc-11,monkey2,data_monkey2_gratings,CEBRA,CEBRA_FLAT_LOGREG,0,T5,3,0.9821428571428572,0.9821428571428571,1.1102230246251565e-16,1e-10,<PROJECT_ROOT>\submission_one_shot_heldout_evaluation_R3_20260902\predictions\CEBRA_FLAT_LOGREG\CRCNS_pvc-11\data_monkey2_gratings\seed0\T5\rep3.npz,True,PASS,
CRCNS pvc-11,monkey2,data_monkey2_gratings,CEBRA,CEBRA_FLAT_LOGREG,0,T5,4,0.9892857142857144,0.9892857142857144,0.0,1e-10,<PROJECT_ROOT>\submission_one_shot_heldout_evaluation_R3_20260902\predictions\CEBRA_FLAT_LOGREG\CRCNS_pvc-11\data_monkey2_gratings\seed0\T5\rep4.npz,True,PASS,
CRCNS pvc-11,monkey2,data_monkey2_gratings,CEBRA,CEBRA_FLAT_LOGREG,1,U30,0,0.9678571428571427,0.9678571428571429,1.1102230246251565e-16,1e-10,<PROJECT_ROOT>\submission_one_shot_heldout_evaluation_R3_20260902\predictions\CEBRA_FLAT_LOGREG\CRCNS_pvc-11\data_monkey2_gratings\seed1\U30\rep0.npz,True,PASS,
CRCNS pvc-11,monkey2,data_monkey2_gratings,CEBRA,CEBRA_FLAT_LOGREG,1,U30,1,0.9428571428571428,0.9428571428571428,0.0,1e-10,<PROJECT_ROOT>\submission_one_shot_heldout_evaluation_R3_20260902\predictions\CEBRA_FLAT_LOGREG\CRCNS_pvc-11\data_monkey2_gratings\seed1\U30\rep1.npz,True,PASS,
CRCNS pvc-11,monkey2,data_monkey2_gratings,CEBRA,CEBRA_FLAT_LOGREG,1,U30,2,0.8964285714285715,0.8964285714285715,0.0,1e-10,<PROJECT_ROOT>\submission_one_shot_heldout_evaluation_R3_20260902\predictions\CEBRA_FLAT_LOGREG\CRCNS_pvc-11\data_monkey2_gratings\seed1\U30\rep2.npz,True,PASS,
CRCNS pvc-11,monkey2,data_monkey2_gratings,CEBRA,CEBRA_FLAT_LOGREG,1,U30,3,0.9857142857142858,0.9857142857142858,0.0,1e-10,<PROJECT_ROOT>\submission_one_shot_heldout_evaluation_R3_20260902\predictions\CEBRA_FLAT_LOGREG\CRCNS_pvc-11\data_monkey2_gratings\seed1\U30\rep3.npz,True,PASS,
CRCNS pvc-11,monkey2,data_monkey2_gratings,CEBRA,CEBRA_FLAT_LOGREG,1,U30,4,0.9678571428571427,0.9678571428571429,1.1102230246251565e-16,1e-10,<PROJECT_ROOT>\submission_one_shot_heldout_evaluation_R3_20260902\predictions\CEBRA_FLAT_LOGREG\CRCNS_pvc-11\data_monkey2_gratings\seed1\U30\rep4.npz,True,PASS,
CRCNS pvc-11,monkey2,data_monkey2_gratings,CEBRA,CEBRA_FLAT_LOGREG,1,T5,0,0.9785714285714284,0.9785714285714285,1.1102230246251565e-16,1e-10,<PROJECT_ROOT>\submission_one_shot_heldout_evaluation_R3_20260902\predictions\CEBRA_FLAT_LOGREG\CRCNS_pvc-11\data_monkey2_gratings\seed1\T5\rep0.npz,True,PASS,
CRCNS pvc-11,monkey2,data_monkey2_gratings,CEBRA,CEBRA_FLAT_LOGREG,1,T5,1,0.9821428571428572,0.9821428571428571,1.1102230246251565e-16,1e-10,<PROJECT_ROOT>\submission_one_shot_heldout_evaluation_R3_20260902\predictions\CEBRA_FLAT_LOGREG\CRCNS_pvc-11\data_monkey2_gratings\seed1\T5\rep1.npz,True,PASS,
CRCNS pvc-11,monkey2,data_monkey2_gratings,CEBRA,CEBRA_FLAT_LOGREG,1,T5,2,0.9928571428571428,0.9928571428571429,1.1102230246251565e-16,1e-10,<PROJECT_ROOT>\submission_one_shot_heldout_evaluation_R3_20260902\predictions\CEBRA_FLAT_LOGREG\CRCNS_pvc-11\data_monkey2_gratings\seed1\T5\rep2.npz,True,PASS,
CRCNS pvc-11,monkey2,data_monkey2_gratings,CEBRA,CEBRA_FLAT_LOGREG,1,T5,3,0.9821428571428572,0.9821428571428571,1.1102230246251565e-16,1e-10,<PROJECT_ROOT>\submission_one_shot_heldout_evaluation_R3_20260902\predictions\CEBRA_FLAT_LOGREG\CRCNS_pvc-11\data_monkey2_gratings\seed1\T5\rep3.npz,True,PASS,
CRCNS pvc-11,monkey2,data_monkey2_gratings,CEBRA,CEBRA_FLAT_LOGREG,1,T5,4,0.9928571428571428,0.9928571428571429,1.1102230246251565e-16,1e-10,<PROJECT_ROOT>\submission_one_shot_heldout_evaluation_R3_20260902\predictions\CEBRA_FLAT_LOGREG\CRCNS_pvc-11\data_monkey2_gratings\seed1\T5\rep4.npz,True,PASS,
CRCNS pvc-11,monkey2,data_monkey2_gratings,CEBRA,CEBRA_FLAT_LOGREG,2,U30,0,0.9571428571428572,0.9571428571428572,0.0,1e-10,<PROJECT_ROOT>\submission_one_shot_heldout_evaluation_R3_20260902\predictions\CEBRA_FLAT_LOGREG\CRCNS_pvc-11\data_monkey2_gratings\seed2\U30\rep0.npz,True,PASS,
CRCNS pvc-11,monkey2,data_monkey2_gratings,CEBRA,CEBRA_FLAT_LOGREG,2,U30,1,0.9428571428571428,0.9428571428571428,0.0,1e-10,<PROJECT_ROOT>\submission_one_shot_heldout_evaluation_R3_20260902\predictions\CEBRA_FLAT_LOGREG\CRCNS_pvc-11\data_monkey2_gratings\seed2\U30\rep1.npz,True,PASS,
CRCNS pvc-11,monkey2,data_monkey2_gratings,CEBRA,CEBRA_FLAT_LOGREG,2,U30,2,0.95,0.95,0.0,1e-10,<PROJECT_ROOT>\submission_one_shot_heldout_evaluation_R3_20260902\predictions\CEBRA_FLAT_LOGREG\CRCNS_pvc-11\data_monkey2_gratings\seed2\U30\rep2.npz,True,PASS,
CRCNS pvc-11,monkey2,data_monkey2_gratings,CEBRA,CEBRA_FLAT_LOGREG,2,U30,3,0.9642857142857144,0.9642857142857143,1.1102230246251565e-16,1e-10,<PROJECT_ROOT>\submission_one_shot_heldout_evaluation_R3_20260902\predictions\CEBRA_FLAT_LOGREG\CRCNS_pvc-11\data_monkey2_gratings\seed2\U30\rep3.npz,True,PASS,
CRCNS pvc-11,monkey2,data_monkey2_gratings,CEBRA,CEBRA_FLAT_LOGREG,2,U30,4,0.9785714285714286,0.9785714285714286,0.0,1e-10,<PROJECT_ROOT>\submission_one_shot_heldout_evaluation_R3_20260902\predictions\CEBRA_FLAT_LOGREG\CRCNS_pvc-11\data_monkey2_gratings\seed2\U30\rep4.npz,True,PASS,
CRCNS pvc-11,monkey2,data_monkey2_gratings,CEBRA,CEBRA_FLAT_LOGREG,2,T5,0,0.975,0.975,0.0,1e-10,<PROJECT_ROOT>\submission_one_shot_heldout_evaluation_R3_20260902\predictions\CEBRA_FLAT_LOGREG\CRCNS_pvc-11\data_monkey2_gratings\seed2\T5\rep0.npz,True,PASS,
CRCNS pvc-11,monkey2,data_monkey2_gratings,CEBRA,CEBRA_FLAT_LOGREG,2,T5,1,0.9821428571428572,0.9821428571428571,1.1102230246251565e-16,1e-10,<PROJECT_ROOT>\submission_one_shot_heldout_evaluation_R3_20260902\predictions\CEBRA_FLAT_LOGREG\CRCNS_pvc-11\data_monkey2_gratings\seed2\T5\rep1.npz,True,PASS,
CRCNS pvc-11,monkey2,data_monkey2_gratings,CEBRA,CEBRA_FLAT_LOGREG,2,T5,2,0.9821428571428572,0.9821428571428571,1.1102230246251565e-16,1e-10,<PROJECT_ROOT>\submission_one_shot_heldout_evaluation_R3_20260902\predictions\CEBRA_FLAT_LOGREG\CRCNS_pvc-11\data_monkey2_gratings\seed2\T5\rep2.npz,True,PASS,
CRCNS pvc-11,monkey2,data_monkey2_gratings,CEBRA,CEBRA_FLAT_LOGREG,2,T5,3,0.9821428571428572,0.9821428571428571,1.1102230246251565e-16,1e-10,<PROJECT_ROOT>\submission_one_shot_heldout_evaluation_R3_20260902\predictions\CEBRA_FLAT_LOGREG\CRCNS_pvc-11\data_monkey2_gratings\seed2\T5\rep3.npz,True,PASS,
CRCNS pvc-11,monkey2,data_monkey2_gratings,CEBRA,CEBRA_FLAT_LOGREG,2,T5,4,0.9821428571428572,0.9821428571428571,1.1102230246251565e-16,1e-10,<PROJECT_ROOT>\submission_one_shot_heldout_evaluation_R3_20260902\predictions\CEBRA_FLAT_LOGREG\CRCNS_pvc-11\data_monkey2_gratings\seed2\T5\rep4.npz,True,PASS,
CRCNS pvc-11,monkey2,data_monkey2_gratings,CEBRA,CEBRA_FLAT_LOGREG,3,U30,0,0.9785714285714284,0.9785714285714285,1.1102230246251565e-16,1e-10,<PROJECT_ROOT>\submission_one_shot_heldout_evaluation_R3_20260902\predictions\CEBRA_FLAT_LOGREG\CRCNS_pvc-11\data_monkey2_gratings\seed3\U30\rep0.npz,True,PASS,
CRCNS pvc-11,monkey2,data_monkey2_gratings,CEBRA,CEBRA_FLAT_LOGREG,3,U30,1,0.9678571428571427,0.9678571428571429,1.1102230246251565e-16,1e-10,<PROJECT_ROOT>\submission_one_shot_heldout_evaluation_R3_20260902\predictions\CEBRA_FLAT_LOGREG\CRCNS_pvc-11\data_monkey2_gratings\seed3\U30\rep1.npz,True,PASS,
CRCNS pvc-11,monkey2,data_monkey2_gratings,CEBRA,CEBRA_FLAT_LOGREG,3,U30,2,0.95,0.9500000000000001,1.1102230246251565e-16,1e-10,<PROJECT_ROOT>\submission_one_shot_heldout_evaluation_R3_20260902\predictions\CEBRA_FLAT_LOGREG\CRCNS_pvc-11\data_monkey2_gratings\seed3\U30\rep2.npz,True,PASS,
CRCNS pvc-11,monkey2,data_monkey2_gratings,CEBRA,CEBRA_FLAT_LOGREG,3,U30,3,0.975,0.975,0.0,1e-10,<PROJECT_ROOT>\submission_one_shot_heldout_evaluation_R3_20260902\predictions\CEBRA_FLAT_LOGREG\CRCNS_pvc-11\data_monkey2_gratings\seed3\U30\rep3.npz,True,PASS,
CRCNS pvc-11,monkey2,data_monkey2_gratings,CEBRA,CEBRA_FLAT_LOGREG,3,U30,4,0.975,0.975,0.0,1e-10,<PROJECT_ROOT>\submission_one_shot_heldout_evaluation_R3_20260902\predictions\CEBRA_FLAT_LOGREG\CRCNS_pvc-11\data_monkey2_gratings\seed3\U30\rep4.npz,True,PASS,
CRCNS pvc-11,monkey2,data_monkey2_gratings,CEBRA,CEBRA_FLAT_LOGREG,3,T5,0,0.9785714285714284,0.9785714285714285,1.1102230246251565e-16,1e-10,<PROJECT_ROOT>\submission_one_shot_heldout_evaluation_R3_20260902\predictions\CEBRA_FLAT_LOGREG\CRCNS_pvc-11\data_monkey2_gratings\seed3\T5\rep0.npz,True,PASS,
CRCNS pvc-11,monkey2,data_monkey2_gratings,CEBRA,CEBRA_FLAT_LOGREG,3,T5,1,0.9821428571428572,0.9821428571428571,1.1102230246251565e-16,1e-10,<PROJECT_ROOT>\submission_one_shot_heldout_evaluation_R3_20260902\predictions\CEBRA_FLAT_LOGREG\CRCNS_pvc-11\data_monkey2_gratings\seed3\T5\rep1.npz,True,PASS,
CRCNS pvc-11,monkey2,data_monkey2_gratings,CEBRA,CEBRA_FLAT_LOGREG,3,T5,2,0.9857142857142858,0.9857142857142858,0.0,1e-10,<PROJECT_ROOT>\submission_one_shot_heldout_evaluation_R3_20260902\predictions\CEBRA_FLAT_LOGREG\CRCNS_pvc-11\data_monkey2_gratings\seed3\T5\rep2.npz,True,PASS,
CRCNS pvc-11,monkey2,data_monkey2_gratings,CEBRA,CEBRA_FLAT_LOGREG,3,T5,3,0.9892857142857142,0.9892857142857142,0.0,1e-10,<PROJECT_ROOT>\submission_one_shot_heldout_evaluation_R3_20260902\predictions\CEBRA_FLAT_LOGREG\CRCNS_pvc-11\data_monkey2_gratings\seed3\T5\rep3.npz,True,PASS,
CRCNS pvc-11,monkey2,data_monkey2_gratings,CEBRA,CEBRA_FLAT_LOGREG,3,T5,4,0.9857142857142858,0.9857142857142858,0.0,1e-10,<PROJECT_ROOT>\submission_one_shot_heldout_evaluation_R3_20260902\predictions\CEBRA_FLAT_LOGREG\CRCNS_pvc-11\data_monkey2_gratings\seed3\T5\rep4.npz,True,PASS,
CRCNS pvc-11,monkey2,data_monkey2_gratings,CEBRA,CEBRA_FLAT_LOGREG,4,U30,0,0.9678571428571427,0.9678571428571429,1.1102230246251565e-16,1e-10,<PROJECT_ROOT>\submission_one_shot_heldout_evaluation_R3_20260902\predictions\CEBRA_FLAT_LOGREG\CRCNS_pvc-11\data_monkey2_gratings\seed4\U30\rep0.npz,True,PASS,
CRCNS pvc-11,monkey2,data_monkey2_gratings,CEBRA,CEBRA_FLAT_LOGREG,4,U30,1,0.9428571428571428,0.9428571428571428,0.0,1e-10,<PROJECT_ROOT>\submission_one_shot_heldout_evaluation_R3_20260902\predictions\CEBRA_FLAT_LOGREG\CRCNS_pvc-11\data_monkey2_gratings\seed4\U30\rep1.npz,True,PASS,
CRCNS pvc-11,monkey2,data_monkey2_gratings,CEBRA,CEBRA_FLAT_LOGREG,4,U30,2,0.8464285714285715,0.8464285714285715,0.0,1e-10,<PROJECT_ROOT>\submission_one_shot_heldout_evaluation_R3_20260902\predictions\CEBRA_FLAT_LOGREG\CRCNS_pvc-11\data_monkey2_gratings\seed4\U30\rep2.npz,True,PASS,
CRCNS pvc-11,monkey2,data_monkey2_gratings,CEBRA,CEBRA_FLAT_LOGREG,4,U30,3,0.9785714285714284,0.9785714285714285,1.1102230246251565e-16,1e-10,<PROJECT_ROOT>\submission_one_shot_heldout_evaluation_R3_20260902\predictions\CEBRA_FLAT_LOGREG\CRCNS_pvc-11\data_monkey2_gratings\seed4\U30\rep3.npz,True,PASS,
CRCNS pvc-11,monkey2,data_monkey2_gratings,CEBRA,CEBRA_FLAT_LOGREG,4,U30,4,0.9785714285714284,0.9785714285714285,1.1102230246251565e-16,1e-10,<PROJECT_ROOT>\submission_one_shot_heldout_evaluation_R3_20260902\predictions\CEBRA_FLAT_LOGREG\CRCNS_pvc-11\data_monkey2_gratings\seed4\U30\rep4.npz,True,PASS,
CRCNS pvc-11,monkey2,data_monkey2_gratings,CEBRA,CEBRA_FLAT_LOGREG,4,T5,0,0.9857142857142858,0.9857142857142858,0.0,1e-10,<PROJECT_ROOT>\submission_one_shot_heldout_evaluation_R3_20260902\predictions\CEBRA_FLAT_LOGREG\CRCNS_pvc-11\data_monkey2_gratings\seed4\T5\rep0.npz,True,PASS,
CRCNS pvc-11,monkey2,data_monkey2_gratings,CEBRA,CEBRA_FLAT_LOGREG,4,T5,1,0.9821428571428572,0.9821428571428571,1.1102230246251565e-16,1e-10,<PROJECT_ROOT>\submission_one_shot_heldout_evaluation_R3_20260902\predictions\CEBRA_FLAT_LOGREG\CRCNS_pvc-11\data_monkey2_gratings\seed4\T5\rep1.npz,True,PASS,
CRCNS pvc-11,monkey2,data_monkey2_gratings,CEBRA,CEBRA_FLAT_LOGREG,4,T5,2,0.9928571428571428,0.9928571428571429,1.1102230246251565e-16,1e-10,<PROJECT_ROOT>\submission_one_shot_heldout_evaluation_R3_20260902\predictions\CEBRA_FLAT_LOGREG\CRCNS_pvc-11\data_monkey2_gratings\seed4\T5\rep2.npz,True,PASS,
CRCNS pvc-11,monkey2,data_monkey2_gratings,CEBRA,CEBRA_FLAT_LOGREG,4,T5,3,0.9857142857142858,0.9857142857142858,0.0,1e-10,<PROJECT_ROOT>\submission_one_shot_heldout_evaluation_R3_20260902\predictions\CEBRA_FLAT_LOGREG\CRCNS_pvc-11\data_monkey2_gratings\seed4\T5\rep3.npz,True,PASS,
CRCNS pvc-11,monkey2,data_monkey2_gratings,CEBRA,CEBRA_FLAT_LOGREG,4,T5,4,0.9928571428571428,0.9928571428571429,1.1102230246251565e-16,1e-10,<PROJECT_ROOT>\submission_one_shot_heldout_evaluation_R3_20260902\predictions\CEBRA_FLAT_LOGREG\CRCNS_pvc-11\data_monkey2_gratings\seed4\T5\rep4.npz,True,PASS,
CRCNS pvc-11,monkey3,data_monkey3_gratings,CEBRA,CEBRA_FLAT_LOGREG,0,U30,0,0.9892857142857144,0.9892857142857144,0.0,1e-10,<PROJECT_ROOT>\submission_one_shot_heldout_evaluation_R3_20260902\predictions\CEBRA_FLAT_LOGREG\CRCNS_pvc-11\data_monkey3_gratings\seed0\U30\rep0.npz,True,PASS,
CRCNS pvc-11,monkey3,data_monkey3_gratings,CEBRA,CEBRA_FLAT_LOGREG,0,U30,1,0.9857142857142858,0.9857142857142858,0.0,1e-10,<PROJECT_ROOT>\submission_one_shot_heldout_evaluation_R3_20260902\predictions\CEBRA_FLAT_LOGREG\CRCNS_pvc-11\data_monkey3_gratings\seed0\U30\rep1.npz,True,PASS,
CRCNS pvc-11,monkey3,data_monkey3_gratings,CEBRA,CEBRA_FLAT_LOGREG,0,U30,2,0.9678571428571427,0.9678571428571429,1.1102230246251565e-16,1e-10,<PROJECT_ROOT>\submission_one_shot_heldout_evaluation_R3_20260902\predictions\CEBRA_FLAT_LOGREG\CRCNS_pvc-11\data_monkey3_gratings\seed0\U30\rep2.npz,True,PASS,
CRCNS pvc-11,monkey3,data_monkey3_gratings,CEBRA,CEBRA_FLAT_LOGREG,0,U30,3,0.9607142857142856,0.9607142857142856,0.0,1e-10,<PROJECT_ROOT>\submission_one_shot_heldout_evaluation_R3_20260902\predictions\CEBRA_FLAT_LOGREG\CRCNS_pvc-11\data_monkey3_gratings\seed0\U30\rep3.npz,True,PASS,
CRCNS pvc-11,monkey3,data_monkey3_gratings,CEBRA,CEBRA_FLAT_LOGREG,0,U30,4,0.9964285714285712,0.9964285714285713,1.1102230246251565e-16,1e-10,<PROJECT_ROOT>\submission_one_shot_heldout_evaluation_R3_20260902\predictions\CEBRA_FLAT_LOGREG\CRCNS_pvc-11\data_monkey3_gratings\seed0\U30\rep4.npz,True,PASS,
CRCNS pvc-11,monkey3,data_monkey3_gratings,CEBRA,CEBRA_FLAT_LOGREG,0,T5,0,0.9928571428571428,0.9928571428571429,1.1102230246251565e-16,1e-10,<PROJECT_ROOT>\submission_one_shot_heldout_evaluation_R3_20260902\predictions\CEBRA_FLAT_LOGREG\CRCNS_pvc-11\data_monkey3_gratings\seed0\T5\rep0.npz,True,PASS,
CRCNS pvc-11,monkey3,data_monkey3_gratings,CEBRA,CEBRA_FLAT_LOGREG,0,T5,1,0.9928571428571428,0.9928571428571429,1.1102230246251565e-16,1e-10,<PROJECT_ROOT>\submission_one_shot_heldout_evaluation_R3_20260902\predictions\CEBRA_FLAT_LOGREG\CRCNS_pvc-11\data_monkey3_gratings\seed0\T5\rep1.npz,True,PASS,
CRCNS pvc-11,monkey3,data_monkey3_gratings,CEBRA,CEBRA_FLAT_LOGREG,0,T5,2,0.9928571428571428,0.9928571428571429,1.1102230246251565e-16,1e-10,<PROJECT_ROOT>\submission_one_shot_heldout_evaluation_R3_20260902\predictions\CEBRA_FLAT_LOGREG\CRCNS_pvc-11\data_monkey3_gratings\seed0\T5\rep2.npz,True,PASS,
CRCNS pvc-11,monkey3,data_monkey3_gratings,CEBRA,CEBRA_FLAT_LOGREG,0,T5,3,0.9928571428571428,0.9928571428571429,1.1102230246251565e-16,1e-10,<PROJECT_ROOT>\submission_one_shot_heldout_evaluation_R3_20260902\predictions\CEBRA_FLAT_LOGREG\CRCNS_pvc-11\data_monkey3_gratings\seed0\T5\rep3.npz,True,PASS,
CRCNS pvc-11,monkey3,data_monkey3_gratings,CEBRA,CEBRA_FLAT_LOGREG,0,T5,4,0.9964285714285712,0.9964285714285713,1.1102230246251565e-16,1e-10,<PROJECT_ROOT>\submission_one_shot_heldout_evaluation_R3_20260902\predictions\CEBRA_FLAT_LOGREG\CRCNS_pvc-11\data_monkey3_gratings\seed0\T5\rep4.npz,True,PASS,
CRCNS pvc-11,monkey3,data_monkey3_gratings,CEBRA,CEBRA_FLAT_LOGREG,1,U30,0,1.0,1.0,0.0,1e-10,<PROJECT_ROOT>\submission_one_shot_heldout_evaluation_R3_20260902\predictions\CEBRA_FLAT_LOGREG\CRCNS_pvc-11\data_monkey3_gratings\seed1\U30\rep0.npz,True,PASS,
CRCNS pvc-11,monkey3,data_monkey3_gratings,CEBRA,CEBRA_FLAT_LOGREG,1,U30,1,0.9964285714285712,0.9964285714285713,1.1102230246251565e-16,1e-10,<PROJECT_ROOT>\submission_one_shot_heldout_evaluation_R3_20260902\predictions\CEBRA_FLAT_LOGREG\CRCNS_pvc-11\data_monkey3_gratings\seed1\U30\rep1.npz,True,PASS,
CRCNS pvc-11,monkey3,data_monkey3_gratings,CEBRA,CEBRA_FLAT_LOGREG,1,U30,2,0.9928571428571428,0.9928571428571429,1.1102230246251565e-16,1e-10,<PROJECT_ROOT>\submission_one_shot_heldout_evaluation_R3_20260902\predictions\CEBRA_FLAT_LOGREG\CRCNS_pvc-11\data_monkey3_gratings\seed1\U30\rep2.npz,True,PASS,
CRCNS pvc-11,monkey3,data_monkey3_gratings,CEBRA,CEBRA_FLAT_LOGREG,1,U30,3,0.9928571428571428,0.9928571428571429,1.1102230246251565e-16,1e-10,<PROJECT_ROOT>\submission_one_shot_heldout_evaluation_R3_20260902\predictions\CEBRA_FLAT_LOGREG\CRCNS_pvc-11\data_monkey3_gratings\seed1\U30\rep3.npz,True,PASS,
CRCNS pvc-11,monkey3,data_monkey3_gratings,CEBRA,CEBRA_FLAT_LOGREG,1,U30,4,1.0,1.0,0.0,1e-10,<PROJECT_ROOT>\submission_one_shot_heldout_evaluation_R3_20260902\predictions\CEBRA_FLAT_LOGREG\CRCNS_pvc-11\data_monkey3_gratings\seed1\U30\rep4.npz,True,PASS,
CRCNS pvc-11,monkey3,data_monkey3_gratings,CEBRA,CEBRA_FLAT_LOGREG,1,T5,0,1.0,1.0,0.0,1e-10,<PROJECT_ROOT>\submission_one_shot_heldout_evaluation_R3_20260902\predictions\CEBRA_FLAT_LOGREG\CRCNS_pvc-11\data_monkey3_gratings\seed1\T5\rep0.npz,True,PASS,
CRCNS pvc-11,monkey3,data_monkey3_gratings,CEBRA,CEBRA_FLAT_LOGREG,1,T5,1,1.0,1.0,0.0,1e-10,<PROJECT_ROOT>\submission_one_shot_heldout_evaluation_R3_20260902\predictions\CEBRA_FLAT_LOGREG\CRCNS_pvc-11\data_monkey3_gratings\seed1\T5\rep1.npz,True,PASS,
CRCNS pvc-11,monkey3,data_monkey3_gratings,CEBRA,CEBRA_FLAT_LOGREG,1,T5,2,1.0,1.0,0.0,1e-10,<PROJECT_ROOT>\submission_one_shot_heldout_evaluation_R3_20260902\predictions\CEBRA_FLAT_LOGREG\CRCNS_pvc-11\data_monkey3_gratings\seed1\T5\rep2.npz,True,PASS,
CRCNS pvc-11,monkey3,data_monkey3_gratings,CEBRA,CEBRA_FLAT_LOGREG,1,T5,3,1.0,1.0,0.0,1e-10,<PROJECT_ROOT>\submission_one_shot_heldout_evaluation_R3_20260902\predictions\CEBRA_FLAT_LOGREG\CRCNS_pvc-11\data_monkey3_gratings\seed1\T5\rep3.npz,True,PASS,
CRCNS pvc-11,monkey3,data_monkey3_gratings,CEBRA,CEBRA_FLAT_LOGREG,1,T5,4,0.9964285714285712,0.9964285714285713,1.1102230246251565e-16,1e-10,<PROJECT_ROOT>\submission_one_shot_heldout_evaluation_R3_20260902\predictions\CEBRA_FLAT_LOGREG\CRCNS_pvc-11\data_monkey3_gratings\seed1\T5\rep4.npz,True,PASS,
CRCNS pvc-11,monkey3,data_monkey3_gratings,CEBRA,CEBRA_FLAT_LOGREG,2,U30,0,0.9892857142857142,0.9892857142857142,0.0,1e-10,<PROJECT_ROOT>\submission_one_shot_heldout_evaluation_R3_20260902\predictions\CEBRA_FLAT_LOGREG\CRCNS_pvc-11\data_monkey3_gratings\seed2\U30\rep0.npz,True,PASS,
CRCNS pvc-11,monkey3,data_monkey3_gratings,CEBRA,CEBRA_FLAT_LOGREG,2,U30,1,0.9928571428571428,0.9928571428571429,1.1102230246251565e-16,1e-10,<PROJECT_ROOT>\submission_one_shot_heldout_evaluation_R3_20260902\predictions\CEBRA_FLAT_LOGREG\CRCNS_pvc-11\data_monkey3_gratings\seed2\U30\rep1.npz,True,PASS,
CRCNS pvc-11,monkey3,data_monkey3_gratings,CEBRA,CEBRA_FLAT_LOGREG,2,U30,2,0.9892857142857142,0.9892857142857142,0.0,1e-10,<PROJECT_ROOT>\submission_one_shot_heldout_evaluation_R3_20260902\predictions\CEBRA_FLAT_LOGREG\CRCNS_pvc-11\data_monkey3_gratings\seed2\U30\rep2.npz,True,PASS,
CRCNS pvc-11,monkey3,data_monkey3_gratings,CEBRA,CEBRA_FLAT_LOGREG,2,U30,3,0.9821428571428572,0.9821428571428571,1.1102230246251565e-16,1e-10,<PROJECT_ROOT>\submission_one_shot_heldout_evaluation_R3_20260902\predictions\CEBRA_FLAT_LOGREG\CRCNS_pvc-11\data_monkey3_gratings\seed2\U30\rep3.npz,True,PASS,
CRCNS pvc-11,monkey3,data_monkey3_gratings,CEBRA,CEBRA_FLAT_LOGREG,2,U30,4,0.9892857142857142,0.9892857142857142,0.0,1e-10,<PROJECT_ROOT>\submission_one_shot_heldout_evaluation_R3_20260902\predictions\CEBRA_FLAT_LOGREG\CRCNS_pvc-11\data_monkey3_gratings\seed2\U30\rep4.npz,True,PASS,
CRCNS pvc-11,monkey3,data_monkey3_gratings,CEBRA,CEBRA_FLAT_LOGREG,2,T5,0,0.9857142857142858,0.9857142857142858,0.0,1e-10,<PROJECT_ROOT>\submission_one_shot_heldout_evaluation_R3_20260902\predictions\CEBRA_FLAT_LOGREG\CRCNS_pvc-11\data_monkey3_gratings\seed2\T5\rep0.npz,True,PASS,
CRCNS pvc-11,monkey3,data_monkey3_gratings,CEBRA,CEBRA_FLAT_LOGREG,2,T5,1,0.9857142857142858,0.9857142857142858,0.0,1e-10,<PROJECT_ROOT>\submission_one_shot_heldout_evaluation_R3_20260902\predictions\CEBRA_FLAT_LOGREG\CRCNS_pvc-11\data_monkey3_gratings\seed2\T5\rep1.npz,True,PASS,
CRCNS pvc-11,monkey3,data_monkey3_gratings,CEBRA,CEBRA_FLAT_LOGREG,2,T5,2,0.9928571428571428,0.9928571428571429,1.1102230246251565e-16,1e-10,<PROJECT_ROOT>\submission_one_shot_heldout_evaluation_R3_20260902\predictions\CEBRA_FLAT_LOGREG\CRCNS_pvc-11\data_monkey3_gratings\seed2\T5\rep2.npz,True,PASS,
CRCNS pvc-11,monkey3,data_monkey3_gratings,CEBRA,CEBRA_FLAT_LOGREG,2,T5,3,0.9857142857142858,0.9857142857142858,0.0,1e-10,<PROJECT_ROOT>\submission_one_shot_heldout_evaluation_R3_20260902\predictions\CEBRA_FLAT_LOGREG\CRCNS_pvc-11\data_monkey3_gratings\seed2\T5\rep3.npz,True,PASS,
CRCNS pvc-11,monkey3,data_monkey3_gratings,CEBRA,CEBRA_FLAT_LOGREG,2,T5,4,0.9928571428571428,0.9928571428571429,1.1102230246251565e-16,1e-10,<PROJECT_ROOT>\submission_one_shot_heldout_evaluation_R3_20260902\predictions\CEBRA_FLAT_LOGREG\CRCNS_pvc-11\data_monkey3_gratings\seed2\T5\rep4.npz,True,PASS,
CRCNS pvc-11,monkey3,data_monkey3_gratings,CEBRA,CEBRA_FLAT_LOGREG,3,U30,0,0.9928571428571428,0.9928571428571429,1.1102230246251565e-16,1e-10,<PROJECT_ROOT>\submission_one_shot_heldout_evaluation_R3_20260902\predictions\CEBRA_FLAT_LOGREG\CRCNS_pvc-11\data_monkey3_gratings\seed3\U30\rep0.npz,True,PASS,
CRCNS pvc-11,monkey3,data_monkey3_gratings,CEBRA,CEBRA_FLAT_LOGREG,3,U30,1,0.9928571428571428,0.9928571428571429,1.1102230246251565e-16,1e-10,<PROJECT_ROOT>\submission_one_shot_heldout_evaluation_R3_20260902\predictions\CEBRA_FLAT_LOGREG\CRCNS_pvc-11\data_monkey3_gratings\seed3\U30\rep1.npz,True,PASS,
CRCNS pvc-11,monkey3,data_monkey3_gratings,CEBRA,CEBRA_FLAT_LOGREG,3,U30,2,0.9928571428571428,0.9928571428571429,1.1102230246251565e-16,1e-10,<PROJECT_ROOT>\submission_one_shot_heldout_evaluation_R3_20260902\predictions\CEBRA_FLAT_LOGREG\CRCNS_pvc-11\data_monkey3_gratings\seed3\U30\rep2.npz,True,PASS,
CRCNS pvc-11,monkey3,data_monkey3_gratings,CEBRA,CEBRA_FLAT_LOGREG,3,U30,3,0.9964285714285712,0.9964285714285713,1.1102230246251565e-16,1e-10,<PROJECT_ROOT>\submission_one_shot_heldout_evaluation_R3_20260902\predictions\CEBRA_FLAT_LOGREG\CRCNS_pvc-11\data_monkey3_gratings\seed3\U30\rep3.npz,True,PASS,
CRCNS pvc-11,monkey3,data_monkey3_gratings,CEBRA,CEBRA_FLAT_LOGREG,3,U30,4,1.0,1.0,0.0,1e-10,<PROJECT_ROOT>\submission_one_shot_heldout_evaluation_R3_20260902\predictions\CEBRA_FLAT_LOGREG\CRCNS_pvc-11\data_monkey3_gratings\seed3\U30\rep4.npz,True,PASS,
CRCNS pvc-11,monkey3,data_monkey3_gratings,CEBRA,CEBRA_FLAT_LOGREG,3,T5,0,0.9964285714285712,0.9964285714285713,1.1102230246251565e-16,1e-10,<PROJECT_ROOT>\submission_one_shot_heldout_evaluation_R3_20260902\predictions\CEBRA_FLAT_LOGREG\CRCNS_pvc-11\data_monkey3_gratings\seed3\T5\rep0.npz,True,PASS,
CRCNS pvc-11,monkey3,data_monkey3_gratings,CEBRA,CEBRA_FLAT_LOGREG,3,T5,1,0.9964285714285712,0.9964285714285713,1.1102230246251565e-16,1e-10,<PROJECT_ROOT>\submission_one_shot_heldout_evaluation_R3_20260902\predictions\CEBRA_FLAT_LOGREG\CRCNS_pvc-11\data_monkey3_gratings\seed3\T5\rep1.npz,True,PASS,
CRCNS pvc-11,monkey3,data_monkey3_gratings,CEBRA,CEBRA_FLAT_LOGREG,3,T5,2,1.0,1.0,0.0,1e-10,<PROJECT_ROOT>\submission_one_shot_heldout_evaluation_R3_20260902\predictions\CEBRA_FLAT_LOGREG\CRCNS_pvc-11\data_monkey3_gratings\seed3\T5\rep2.npz,True,PASS,
CRCNS pvc-11,monkey3,data_monkey3_gratings,CEBRA,CEBRA_FLAT_LOGREG,3,T5,3,0.9964285714285712,0.9964285714285713,1.1102230246251565e-16,1e-10,<PROJECT_ROOT>\submission_one_shot_heldout_evaluation_R3_20260902\predictions\CEBRA_FLAT_LOGREG\CRCNS_pvc-11\data_monkey3_gratings\seed3\T5\rep3.npz,True,PASS,
CRCNS pvc-11,monkey3,data_monkey3_gratings,CEBRA,CEBRA_FLAT_LOGREG,3,T5,4,1.0,1.0,0.0,1e-10,<PROJECT_ROOT>\submission_one_shot_heldout_evaluation_R3_20260902\predictions\CEBRA_FLAT_LOGREG\CRCNS_pvc-11\data_monkey3_gratings\seed3\T5\rep4.npz,True,PASS,
CRCNS pvc-11,monkey3,data_monkey3_gratings,CEBRA,CEBRA_FLAT_LOGREG,4,U30,0,0.9964285714285712,0.9964285714285713,1.1102230246251565e-16,1e-10,<PROJECT_ROOT>\submission_one_shot_heldout_evaluation_R3_20260902\predictions\CEBRA_FLAT_LOGREG\CRCNS_pvc-11\data_monkey3_gratings\seed4\U30\rep0.npz,True,PASS,
CRCNS pvc-11,monkey3,data_monkey3_gratings,CEBRA,CEBRA_FLAT_LOGREG,4,U30,1,0.9928571428571428,0.9928571428571429,1.1102230246251565e-16,1e-10,<PROJECT_ROOT>\submission_one_shot_heldout_evaluation_R3_20260902\predictions\CEBRA_FLAT_LOGREG\CRCNS_pvc-11\data_monkey3_gratings\seed4\U30\rep1.npz,True,PASS,
CRCNS pvc-11,monkey3,data_monkey3_gratings,CEBRA,CEBRA_FLAT_LOGREG,4,U30,2,0.9821428571428572,0.9821428571428571,1.1102230246251565e-16,1e-10,<PROJECT_ROOT>\submission_one_shot_heldout_evaluation_R3_20260902\predictions\CEBRA_FLAT_LOGREG\CRCNS_pvc-11\data_monkey3_gratings\seed4\U30\rep2.npz,True,PASS,
CRCNS pvc-11,monkey3,data_monkey3_gratings,CEBRA,CEBRA_FLAT_LOGREG,4,U30,3,0.9892857142857142,0.9892857142857142,0.0,1e-10,<PROJECT_ROOT>\submission_one_shot_heldout_evaluation_R3_20260902\predictions\CEBRA_FLAT_LOGREG\CRCNS_pvc-11\data_monkey3_gratings\seed4\U30\rep3.npz,True,PASS,
CRCNS pvc-11,monkey3,data_monkey3_gratings,CEBRA,CEBRA_FLAT_LOGREG,4,U30,4,0.9892857142857142,0.9892857142857142,0.0,1e-10,<PROJECT_ROOT>\submission_one_shot_heldout_evaluation_R3_20260902\predictions\CEBRA_FLAT_LOGREG\CRCNS_pvc-11\data_monkey3_gratings\seed4\U30\rep4.npz,True,PASS,
CRCNS pvc-11,monkey3,data_monkey3_gratings,CEBRA,CEBRA_FLAT_LOGREG,4,T5,0,0.9964285714285712,0.9964285714285713,1.1102230246251565e-16,1e-10,<PROJECT_ROOT>\submission_one_shot_heldout_evaluation_R3_20260902\predictions\CEBRA_FLAT_LOGREG\CRCNS_pvc-11\data_monkey3_gratings\seed4\T5\rep0.npz,True,PASS,
CRCNS pvc-11,monkey3,data_monkey3_gratings,CEBRA,CEBRA_FLAT_LOGREG,4,T5,1,0.9964285714285712,0.9964285714285713,1.1102230246251565e-16,1e-10,<PROJECT_ROOT>\submission_one_shot_heldout_evaluation_R3_20260902\predictions\CEBRA_FLAT_LOGREG\CRCNS_pvc-11\data_monkey3_gratings\seed4\T5\rep1.npz,True,PASS,
CRCNS pvc-11,monkey3,data_monkey3_gratings,CEBRA,CEBRA_FLAT_LOGREG,4,T5,2,0.9964285714285712,0.9964285714285713,1.1102230246251565e-16,1e-10,<PROJECT_ROOT>\submission_one_shot_heldout_evaluation_R3_20260902\predictions\CEBRA_FLAT_LOGREG\CRCNS_pvc-11\data_monkey3_gratings\seed4\T5\rep2.npz,True,PASS,
CRCNS pvc-11,monkey3,data_monkey3_gratings,CEBRA,CEBRA_FLAT_LOGREG,4,T5,3,0.9964285714285712,0.9964285714285713,1.1102230246251565e-16,1e-10,<PROJECT_ROOT>\submission_one_shot_heldout_evaluation_R3_20260902\predictions\CEBRA_FLAT_LOGREG\CRCNS_pvc-11\data_monkey3_gratings\seed4\T5\rep3.npz,True,PASS,
CRCNS pvc-11,monkey3,data_monkey3_gratings,CEBRA,CEBRA_FLAT_LOGREG,4,T5,4,1.0,1.0,0.0,1e-10,<PROJECT_ROOT>\submission_one_shot_heldout_evaluation_R3_20260902\predictions\CEBRA_FLAT_LOGREG\CRCNS_pvc-11\data_monkey3_gratings\seed4\T5\rep4.npz,True,PASS,
