dataset,session,animal,severity_type,severity_value,severity_unit,replicate,mask_seed,n_units_total,n_units_missing,n_bins_total,n_bins_missing,mask_source,mask_file,mask_hash,protocol_hash
Allen VBN,1069458330,544837,UNIT,0.3,proportion,0,FORMAL_ANCHOR,,nan,25,nan,MAIN_FROZEN_U30,,d38a4fc3155071ae4b9758b0c1fcc0d2f8a6a375e864963d38341b677b4b3afd,0057520300766395bd9eca9eda3c0cdc08717c7804cff77a92ec50f66cd9582c
Allen VBN,1069458330,544837,UNIT,0.3,proportion,1,FORMAL_ANCHOR,,nan,25,nan,MAIN_FROZEN_U30,,b9a4836956b43b44bf2b315683486f842677b7fbdc6ac0817aacf868df5ff59e,0057520300766395bd9eca9eda3c0cdc08717c7804cff77a92ec50f66cd9582c
Allen VBN,1069458330,544837,UNIT,0.3,proportion,2,FORMAL_ANCHOR,,nan,25,nan,MAIN_FROZEN_U30,,acc7e585963de65f2831a67f5542e42557bb62f7f8a97cc2a01852904bdf6020,0057520300766395bd9eca9eda3c0cdc08717c7804cff77a92ec50f66cd9582c
Allen VBN,1069458330,544837,UNIT,0.3,proportion,3,FORMAL_ANCHOR,,nan,25,nan,MAIN_FROZEN_U30,,32336a36832ec13cc9775760742552abe2e8515b330e74ce8937143d4f6e3ca5,0057520300766395bd9eca9eda3c0cdc08717c7804cff77a92ec50f66cd9582c
Allen VBN,1069458330,544837,UNIT,0.3,proportion,4,FORMAL_ANCHOR,,nan,25,nan,MAIN_FROZEN_U30,,cc8112edb2859e130a830f4d26b4eb69beb144faa446f830767521b17eb56e9e,0057520300766395bd9eca9eda3c0cdc08717c7804cff77a92ec50f66cd9582c
Allen VBN,1069458330,544837,UNIT,0.1,proportion,0,2990315068,,132.0,25,0.0,NEW_SUPP_S1_FIXED_SEED,,b8cd372807cba1990fdfc2c9571d0ab5800aba0652730c340ddec46fba5d3102,0057520300766395bd9eca9eda3c0cdc08717c7804cff77a92ec50f66cd9582c
Allen VBN,1069458330,544837,UNIT,0.1,proportion,1,2620187472,,132.0,25,0.0,NEW_SUPP_S1_FIXED_SEED,,14b2394daa1bbca1c655468ca33b42693c62788ea9ad44efe9e07f15f5c6a44e,0057520300766395bd9eca9eda3c0cdc08717c7804cff77a92ec50f66cd9582c
Allen VBN,1069458330,544837,UNIT,0.1,proportion,2,2477812519,,132.0,25,0.0,NEW_SUPP_S1_FIXED_SEED,,10128729afa5eb96984b2ffe18b624e9dcaf74489c117f9c4922fd175a5a1147,0057520300766395bd9eca9eda3c0cdc08717c7804cff77a92ec50f66cd9582c
Allen VBN,1069458330,544837,UNIT,0.1,proportion,3,2542796400,,132.0,25,0.0,NEW_SUPP_S1_FIXED_SEED,,cbbd89c58bb8e0bb7057dde280a470b56c3c82db8af6dc9da792b311dd60738a,0057520300766395bd9eca9eda3c0cdc08717c7804cff77a92ec50f66cd9582c
Allen VBN,1069458330,544837,UNIT,0.1,proportion,4,979345651,,132.0,25,0.0,NEW_SUPP_S1_FIXED_SEED,,b2da407b7a71bbfc10f7cf919efe2b2f9dba419f98861b20a92b83ed4610ee46,0057520300766395bd9eca9eda3c0cdc08717c7804cff77a92ec50f66cd9582c
Allen VBN,1069458330,544837,UNIT,0.2,proportion,0,586771589,,264.0,25,0.0,NEW_SUPP_S1_FIXED_SEED,,8412a0fb7af9a4baffd42a8ca201ce13599f13941f9102e12b02a2c2646a99c2,0057520300766395bd9eca9eda3c0cdc08717c7804cff77a92ec50f66cd9582c
Allen VBN,1069458330,544837,UNIT,0.2,proportion,1,1926616792,,264.0,25,0.0,NEW_SUPP_S1_FIXED_SEED,,2fc3898d51a995bb22fa073e3ef2deeac0fbc872becf482ab8d67545593fa812,0057520300766395bd9eca9eda3c0cdc08717c7804cff77a92ec50f66cd9582c
Allen VBN,1069458330,544837,UNIT,0.2,proportion,2,406767042,,264.0,25,0.0,NEW_SUPP_S1_FIXED_SEED,,cf56d853b6110c5ff8acb3e1a693e21ff6e5e38aab06b29d5a4fda2b6140560c,0057520300766395bd9eca9eda3c0cdc08717c7804cff77a92ec50f66cd9582c
Allen VBN,1069458330,544837,UNIT,0.2,proportion,3,576420491,,264.0,25,0.0,NEW_SUPP_S1_FIXED_SEED,,dfb0836bbaef53bf3c0670b5a0ec604de88a185287b768f050036da8461ada7f,0057520300766395bd9eca9eda3c0cdc08717c7804cff77a92ec50f66cd9582c
Allen VBN,1069458330,544837,UNIT,0.2,proportion,4,2335068875,,264.0,25,0.0,NEW_SUPP_S1_FIXED_SEED,,28c354c62226aed578fe579ade1080ddc181f57524880e59d5de443b42dc059c,0057520300766395bd9eca9eda3c0cdc08717c7804cff77a92ec50f66cd9582c
Allen VBN,1069458330,544837,UNIT,0.4,proportion,0,1729513737,,527.0,25,0.0,NEW_SUPP_S1_FIXED_SEED,,64fa9646eab2c5ba2fd95c61d5519a72d0785e357b2d483aeb25a50820fd0c4b,0057520300766395bd9eca9eda3c0cdc08717c7804cff77a92ec50f66cd9582c
Allen VBN,1069458330,544837,UNIT,0.4,proportion,1,1176449581,,527.0,25,0.0,NEW_SUPP_S1_FIXED_SEED,,6153913abe97c6ca9ab5bd5cdeef5713cdfbbf0f8cb4875c72840c3fa7a3c3dc,0057520300766395bd9eca9eda3c0cdc08717c7804cff77a92ec50f66cd9582c
Allen VBN,1069458330,544837,UNIT,0.4,proportion,2,3033730841,,527.0,25,0.0,NEW_SUPP_S1_FIXED_SEED,,ae24f250320983929767c24c7e046bca3c96ea25fc106158ebfa0fd915137d0d,0057520300766395bd9eca9eda3c0cdc08717c7804cff77a92ec50f66cd9582c
Allen VBN,1069458330,544837,UNIT,0.4,proportion,3,3103289724,,527.0,25,0.0,NEW_SUPP_S1_FIXED_SEED,,8db48674c1f262c16ca3f4e66732f7fc74732310c796ea0b8a95ef969d780a73,0057520300766395bd9eca9eda3c0cdc08717c7804cff77a92ec50f66cd9582c
Allen VBN,1069458330,544837,UNIT,0.4,proportion,4,3824027139,,527.0,25,0.0,NEW_SUPP_S1_FIXED_SEED,,51b6398f19c846b9251bef680e8517497581fda09366f027bd8aa908af46291a,0057520300766395bd9eca9eda3c0cdc08717c7804cff77a92ec50f66cd9582c
Allen VBN,1069458330,544837,UNIT,0.5,proportion,0,914749497,,659.0,25,0.0,NEW_SUPP_S1_FIXED_SEED,,f35379aaa33424e762ed2df7c00b278c7f2a5d1496a7f2227b92ecb87d8229d5,0057520300766395bd9eca9eda3c0cdc08717c7804cff77a92ec50f66cd9582c
Allen VBN,1069458330,544837,UNIT,0.5,proportion,1,1146104856,,659.0,25,0.0,NEW_SUPP_S1_FIXED_SEED,,eb6f4937a7bbe3ddeba2188f698853bb433568ca91d1f9fcfb7288d9f9b85063,0057520300766395bd9eca9eda3c0cdc08717c7804cff77a92ec50f66cd9582c
Allen VBN,1069458330,544837,UNIT,0.5,proportion,2,1389509249,,659.0,25,0.0,NEW_SUPP_S1_FIXED_SEED,,d354a5220135b4cb13a82d80c2e82061dac3d9a8bb9ba18cd488c652fe5e94e2,0057520300766395bd9eca9eda3c0cdc08717c7804cff77a92ec50f66cd9582c
Allen VBN,1069458330,544837,UNIT,0.5,proportion,3,2062065245,,659.0,25,0.0,NEW_SUPP_S1_FIXED_SEED,,6703a2f39e98fa7c10309d0707dccdee5614083838f416611bfd7289eaacf96d,0057520300766395bd9eca9eda3c0cdc08717c7804cff77a92ec50f66cd9582c
Allen VBN,1069458330,544837,UNIT,0.5,proportion,4,3028775026,,659.0,25,0.0,NEW_SUPP_S1_FIXED_SEED,,279e4b846ebb459e042dcb12cac868afebbe19719f7858a7ee5e71d49f2c812f,0057520300766395bd9eca9eda3c0cdc08717c7804cff77a92ec50f66cd9582c
Allen VBN,1069458330,544837,TEMPORAL,2.0,bins,0,3177313739,,0.0,25,2.0,NEW_SUPP_S1_FIXED_SEED,,d28c63aa8ffb77d4c2152e1eefbdf3bce550f9816e2b726e0f09061933e1946f,0057520300766395bd9eca9eda3c0cdc08717c7804cff77a92ec50f66cd9582c
Allen VBN,1069458330,544837,TEMPORAL,2.0,bins,1,3229403429,,0.0,25,2.0,NEW_SUPP_S1_FIXED_SEED,,8d016d2857ec95d6cec93f85516b88c97bcca3d66bac7370fdb941417d48b069,0057520300766395bd9eca9eda3c0cdc08717c7804cff77a92ec50f66cd9582c
Allen VBN,1069458330,544837,TEMPORAL,2.0,bins,2,4281176227,,0.0,25,2.0,NEW_SUPP_S1_FIXED_SEED,,c569270777f500817e8c4b230690e9f13764c9721f0b79d32a544aad6a399f50,0057520300766395bd9eca9eda3c0cdc08717c7804cff77a92ec50f66cd9582c
Allen VBN,1069458330,544837,TEMPORAL,2.0,bins,3,1083284084,,0.0,25,2.0,NEW_SUPP_S1_FIXED_SEED,,ea6c5ef0a29cfe34c6e829c71089cd0597e16295aab36af05d01c715be27108c,0057520300766395bd9eca9eda3c0cdc08717c7804cff77a92ec50f66cd9582c
Allen VBN,1069458330,544837,TEMPORAL,2.0,bins,4,3315033112,,0.0,25,2.0,NEW_SUPP_S1_FIXED_SEED,,8155a6a68c30f2579c77d66c578431fed06c202f6bc5de158d9220f2991d1e51,0057520300766395bd9eca9eda3c0cdc08717c7804cff77a92ec50f66cd9582c
Allen VBN,1069458330,544837,TEMPORAL,3.0,bins,0,3801119017,,0.0,25,3.0,NEW_SUPP_S1_FIXED_SEED,,294ca157fd876e681817a60db158af3c5cc80e24ddf9589ccef7313e1d20dc46,0057520300766395bd9eca9eda3c0cdc08717c7804cff77a92ec50f66cd9582c
Allen VBN,1069458330,544837,TEMPORAL,3.0,bins,1,836706957,,0.0,25,3.0,NEW_SUPP_S1_FIXED_SEED,,ff8a26f07ab16188e7fcd526fbb9e9e4928cb7c2526ea2accf1c7292d710356b,0057520300766395bd9eca9eda3c0cdc08717c7804cff77a92ec50f66cd9582c
Allen VBN,1069458330,544837,TEMPORAL,3.0,bins,2,1763111822,,0.0,25,3.0,NEW_SUPP_S1_FIXED_SEED,,33a19c73d14c5112fbb3893bc47b74ccec3dcd302b09cf0cb492da1b0c4e1ed4,0057520300766395bd9eca9eda3c0cdc08717c7804cff77a92ec50f66cd9582c
Allen VBN,1069458330,544837,TEMPORAL,3.0,bins,3,2399840060,,0.0,25,3.0,NEW_SUPP_S1_FIXED_SEED,,37946e9faa7bce85bd5a8cf892df09d545fb95bf144568274d3fb4b905d487be,0057520300766395bd9eca9eda3c0cdc08717c7804cff77a92ec50f66cd9582c
Allen VBN,1069458330,544837,TEMPORAL,3.0,bins,4,441298647,,0.0,25,3.0,NEW_SUPP_S1_FIXED_SEED,,0ed92967532147c7184601d86cfc7a33af1f3ac462072aa1e00226558c4d502f,0057520300766395bd9eca9eda3c0cdc08717c7804cff77a92ec50f66cd9582c
Allen VBN,1069458330,544837,TEMPORAL,5.0,bins,0,FORMAL_ANCHOR,,nan,25,nan,MAIN_FROZEN_T5,,9f99e47d630a1de39c979110e5c6c5053e1520543555450b9d3db6adf87637c6,0057520300766395bd9eca9eda3c0cdc08717c7804cff77a92ec50f66cd9582c
Allen VBN,1069458330,544837,TEMPORAL,5.0,bins,1,FORMAL_ANCHOR,,nan,25,nan,MAIN_FROZEN_T5,,313f847c503d95dec059d29bb7c0ba3f42d8389457d52a86d907d522b8fa3cfd,0057520300766395bd9eca9eda3c0cdc08717c7804cff77a92ec50f66cd9582c
Allen VBN,1069458330,544837,TEMPORAL,5.0,bins,2,FORMAL_ANCHOR,,nan,25,nan,MAIN_FROZEN_T5,,bed2e0f1321ced2ee4a8b8f4c3dbd0f9e98516c7fc651019e121e135e659d440,0057520300766395bd9eca9eda3c0cdc08717c7804cff77a92ec50f66cd9582c
Allen VBN,1069458330,544837,TEMPORAL,5.0,bins,3,FORMAL_ANCHOR,,nan,25,nan,MAIN_FROZEN_T5,,3f28e921e021b870bb6b5641a7314e8c7ba9d433274fca2526c78fc7bbb1430a,0057520300766395bd9eca9eda3c0cdc08717c7804cff77a92ec50f66cd9582c
Allen VBN,1069458330,544837,TEMPORAL,5.0,bins,4,FORMAL_ANCHOR,,nan,25,nan,MAIN_FROZEN_T5,,e844a50044aee1d0720c6af7f67dd23746bed6c3107ac97e7e555227e24c08c7,0057520300766395bd9eca9eda3c0cdc08717c7804cff77a92ec50f66cd9582c
Allen VBN,1069458330,544837,TEMPORAL,7.0,bins,0,3888422970,,0.0,25,7.0,NEW_SUPP_S1_FIXED_SEED,,948f31c110195c8f705b28e24e780951dcd8216a7fdd6ebd887a64eb7e5908ce,0057520300766395bd9eca9eda3c0cdc08717c7804cff77a92ec50f66cd9582c
Allen VBN,1069458330,544837,TEMPORAL,7.0,bins,1,3407048728,,0.0,25,7.0,NEW_SUPP_S1_FIXED_SEED,,c571859629729bf0ea20baaeed57d536909dbf017b19676f4e9f942797516a12,0057520300766395bd9eca9eda3c0cdc08717c7804cff77a92ec50f66cd9582c
Allen VBN,1069458330,544837,TEMPORAL,7.0,bins,2,3003140902,,0.0,25,7.0,NEW_SUPP_S1_FIXED_SEED,,a24817ea1b596c74dbe01e45a1fc68c4451fc5cf26bc9a38f67d48aa18e1a2f5,0057520300766395bd9eca9eda3c0cdc08717c7804cff77a92ec50f66cd9582c
Allen VBN,1069458330,544837,TEMPORAL,7.0,bins,3,2156718461,,0.0,25,7.0,NEW_SUPP_S1_FIXED_SEED,,34c93d42a8c953df4a4ebd615e0657c6cbc00eb4d3f41c0aba537a351cff7cc2,0057520300766395bd9eca9eda3c0cdc08717c7804cff77a92ec50f66cd9582c
Allen VBN,1069458330,544837,TEMPORAL,7.0,bins,4,649468387,,0.0,25,7.0,NEW_SUPP_S1_FIXED_SEED,,7fd56d397273167db1d2061a7f2ac786450881980cca75e06b2a0665b93a7433,0057520300766395bd9eca9eda3c0cdc08717c7804cff77a92ec50f66cd9582c
Allen VBN,1069458330,544837,TEMPORAL,10.0,bins,0,1449601620,,0.0,25,10.0,NEW_SUPP_S1_FIXED_SEED,,ac57bead5695305966194b67fad1a648118bdcd26cdef82003dcbda2df868cd6,0057520300766395bd9eca9eda3c0cdc08717c7804cff77a92ec50f66cd9582c
Allen VBN,1069458330,544837,TEMPORAL,10.0,bins,1,2398730790,,0.0,25,10.0,NEW_SUPP_S1_FIXED_SEED,,14bc070180772d1c8cd5f89082d0bbac8230f826e143f12fd19167f2284fd27d,0057520300766395bd9eca9eda3c0cdc08717c7804cff77a92ec50f66cd9582c
Allen VBN,1069458330,544837,TEMPORAL,10.0,bins,2,2391251127,,0.0,25,10.0,NEW_SUPP_S1_FIXED_SEED,,4729b8993fb347791f03ad44c7c2e54be82a2a19bacc6fd411bb742337bf41c1,0057520300766395bd9eca9eda3c0cdc08717c7804cff77a92ec50f66cd9582c
Allen VBN,1069458330,544837,TEMPORAL,10.0,bins,3,2034943890,,0.0,25,10.0,NEW_SUPP_S1_FIXED_SEED,,a983821a7ead535258aaa948ba9bdd0742abe46c70fe669f9a67091b40e0dd9f,0057520300766395bd9eca9eda3c0cdc08717c7804cff77a92ec50f66cd9582c
Allen VBN,1069458330,544837,TEMPORAL,10.0,bins,4,3381620075,,0.0,25,10.0,NEW_SUPP_S1_FIXED_SEED,,0136ffd59139bdfc122ae4caf16aa5eb71dc5ce03e8cb1a7f369e18e23d08035,0057520300766395bd9eca9eda3c0cdc08717c7804cff77a92ec50f66cd9582c
Allen VBN,1069458330,544837,UNIT,0.3,proportion,0,FORMAL_ANCHOR,,nan,25,nan,MAIN_FROZEN_U30,,IDENTITY,0057520300766395bd9eca9eda3c0cdc08717c7804cff77a92ec50f66cd9582c
Allen VBN,1069458330,544837,UNIT,0.3,proportion,1,FORMAL_ANCHOR,,nan,25,nan,MAIN_FROZEN_U30,,IDENTITY,0057520300766395bd9eca9eda3c0cdc08717c7804cff77a92ec50f66cd9582c
Allen VBN,1069458330,544837,UNIT,0.3,proportion,2,FORMAL_ANCHOR,,nan,25,nan,MAIN_FROZEN_U30,,IDENTITY,0057520300766395bd9eca9eda3c0cdc08717c7804cff77a92ec50f66cd9582c
Allen VBN,1069458330,544837,UNIT,0.3,proportion,3,FORMAL_ANCHOR,,nan,25,nan,MAIN_FROZEN_U30,,IDENTITY,0057520300766395bd9eca9eda3c0cdc08717c7804cff77a92ec50f66cd9582c
Allen VBN,1069458330,544837,UNIT,0.3,proportion,4,FORMAL_ANCHOR,,nan,25,nan,MAIN_FROZEN_U30,,IDENTITY,0057520300766395bd9eca9eda3c0cdc08717c7804cff77a92ec50f66cd9582c
Allen VBN,1069458330,544837,TEMPORAL,5.0,bins,0,FORMAL_ANCHOR,,nan,25,nan,MAIN_FROZEN_T5,,IDENTITY,0057520300766395bd9eca9eda3c0cdc08717c7804cff77a92ec50f66cd9582c
Allen VBN,1069458330,544837,TEMPORAL,5.0,bins,1,FORMAL_ANCHOR,,nan,25,nan,MAIN_FROZEN_T5,,IDENTITY,0057520300766395bd9eca9eda3c0cdc08717c7804cff77a92ec50f66cd9582c
Allen VBN,1069458330,544837,TEMPORAL,5.0,bins,2,FORMAL_ANCHOR,,nan,25,nan,MAIN_FROZEN_T5,,IDENTITY,0057520300766395bd9eca9eda3c0cdc08717c7804cff77a92ec50f66cd9582c
Allen VBN,1069458330,544837,TEMPORAL,5.0,bins,3,FORMAL_ANCHOR,,nan,25,nan,MAIN_FROZEN_T5,,IDENTITY,0057520300766395bd9eca9eda3c0cdc08717c7804cff77a92ec50f66cd9582c
Allen VBN,1069458330,544837,TEMPORAL,5.0,bins,4,FORMAL_ANCHOR,,nan,25,nan,MAIN_FROZEN_T5,,IDENTITY,0057520300766395bd9eca9eda3c0cdc08717c7804cff77a92ec50f66cd9582c
Allen VBN,1072567062,546507,UNIT,0.1,proportion,0,761469519,,131.0,25,0.0,NEW_SUPP_S1_FIXED_SEED,,421d2cba8cbb59ab0cd1708c854e3357fd8ee9a653c2735b93c1546120f2a81e,0057520300766395bd9eca9eda3c0cdc08717c7804cff77a92ec50f66cd9582c
Allen VBN,1072567062,546507,UNIT,0.1,proportion,1,2702721634,,131.0,25,0.0,NEW_SUPP_S1_FIXED_SEED,,2592704f57e118541bd836207d6472ee54b9add2624a3062f5a4d45457c2f52a,0057520300766395bd9eca9eda3c0cdc08717c7804cff77a92ec50f66cd9582c
Allen VBN,1072567062,546507,UNIT,0.1,proportion,2,765153954,,131.0,25,0.0,NEW_SUPP_S1_FIXED_SEED,,2ae73338a38285088a2f932220d57ef51dc1d3c3a9bc2a9af641fb4995a7742e,0057520300766395bd9eca9eda3c0cdc08717c7804cff77a92ec50f66cd9582c
Allen VBN,1072567062,546507,UNIT,0.1,proportion,3,2159027378,,131.0,25,0.0,NEW_SUPP_S1_FIXED_SEED,,adf1587df81774e1b44cb66bb5f4a80683be81e178dc7e4ed854e718af9c0dfe,0057520300766395bd9eca9eda3c0cdc08717c7804cff77a92ec50f66cd9582c
Allen VBN,1072567062,546507,UNIT,0.1,proportion,4,682057663,,131.0,25,0.0,NEW_SUPP_S1_FIXED_SEED,,d27e6342c5a10cde8700348c4dcb922c7e5ae25feb40a2b1cb8c3d96d9c44aba,0057520300766395bd9eca9eda3c0cdc08717c7804cff77a92ec50f66cd9582c
Allen VBN,1072567062,546507,UNIT,0.2,proportion,0,3691474222,,262.0,25,0.0,NEW_SUPP_S1_FIXED_SEED,,56ee7f155528187b7a794a7ec32e88baeb0217a1d54ff7b25368a1e4292a54b7,0057520300766395bd9eca9eda3c0cdc08717c7804cff77a92ec50f66cd9582c
Allen VBN,1072567062,546507,UNIT,0.2,proportion,1,3942457533,,262.0,25,0.0,NEW_SUPP_S1_FIXED_SEED,,c1eecda9586012da0dd06e6b869711c27ac2fae87b7c3ccb3476a7de687feb8c,0057520300766395bd9eca9eda3c0cdc08717c7804cff77a92ec50f66cd9582c
Allen VBN,1072567062,546507,UNIT,0.2,proportion,2,2670096569,,262.0,25,0.0,NEW_SUPP_S1_FIXED_SEED,,5846c3efa3a37260de027f2f90f4f565e6515747ed2bc9a65c4a7c0ba040db7a,0057520300766395bd9eca9eda3c0cdc08717c7804cff77a92ec50f66cd9582c
Allen VBN,1072567062,546507,UNIT,0.2,proportion,3,1308767549,,262.0,25,0.0,NEW_SUPP_S1_FIXED_SEED,,3d2a455800685b987d497eae23d30912be7089bf65614cb5cd2015e441884706,0057520300766395bd9eca9eda3c0cdc08717c7804cff77a92ec50f66cd9582c
Allen VBN,1072567062,546507,UNIT,0.2,proportion,4,311486870,,262.0,25,0.0,NEW_SUPP_S1_FIXED_SEED,,43b7638a1068a70a9fca3f1072b042eb879c8dc5388861b5e04f4cf231083422,0057520300766395bd9eca9eda3c0cdc08717c7804cff77a92ec50f66cd9582c
Allen VBN,1072567062,546507,UNIT,0.3,proportion,0,FORMAL_ANCHOR,,nan,25,nan,MAIN_FROZEN_U30,,c96d518b815a738cd14946b6771df46c893fc6c57846327c2c748fe0a11d9317,0057520300766395bd9eca9eda3c0cdc08717c7804cff77a92ec50f66cd9582c
Allen VBN,1072567062,546507,UNIT,0.3,proportion,1,FORMAL_ANCHOR,,nan,25,nan,MAIN_FROZEN_U30,,4c727e1dd16171ebbcaed2c0e01f5521a86d16b67a5439faff629896ac9898e1,0057520300766395bd9eca9eda3c0cdc08717c7804cff77a92ec50f66cd9582c
Allen VBN,1072567062,546507,UNIT,0.3,proportion,2,FORMAL_ANCHOR,,nan,25,nan,MAIN_FROZEN_U30,,1f7e3a9c11b5d8ac257e6e8b85d24c899ce977d373b013a1b90fe5a30fce8965,0057520300766395bd9eca9eda3c0cdc08717c7804cff77a92ec50f66cd9582c
Allen VBN,1072567062,546507,UNIT,0.3,proportion,3,FORMAL_ANCHOR,,nan,25,nan,MAIN_FROZEN_U30,,a7531a7fd005707805b211c88b6912218d135e16bdf467ad13100a12c9aec76a,0057520300766395bd9eca9eda3c0cdc08717c7804cff77a92ec50f66cd9582c
Allen VBN,1072567062,546507,UNIT,0.3,proportion,4,FORMAL_ANCHOR,,nan,25,nan,MAIN_FROZEN_U30,,364c87ace58ef1f081f01008afece854d3e5caa468ef8b90aaed3c436ec6b108,0057520300766395bd9eca9eda3c0cdc08717c7804cff77a92ec50f66cd9582c
Allen VBN,1072567062,546507,UNIT,0.4,proportion,0,3688980774,,524.0,25,0.0,NEW_SUPP_S1_FIXED_SEED,,eee578e775b721cd2974899ffd1516ee58334f1ae19171b4fda1efba309ccef2,0057520300766395bd9eca9eda3c0cdc08717c7804cff77a92ec50f66cd9582c
Allen VBN,1072567062,546507,UNIT,0.4,proportion,1,2237335590,,524.0,25,0.0,NEW_SUPP_S1_FIXED_SEED,,1b463e87cb58b22267487059787303becd99e359f1e8a1d315a2070536302500,0057520300766395bd9eca9eda3c0cdc08717c7804cff77a92ec50f66cd9582c
Allen VBN,1072567062,546507,UNIT,0.4,proportion,2,2308181992,,524.0,25,0.0,NEW_SUPP_S1_FIXED_SEED,,4598e6648289e575a9499f02245ed839b2cc4c430a48ed4bbbdc7682fe647739,0057520300766395bd9eca9eda3c0cdc08717c7804cff77a92ec50f66cd9582c
Allen VBN,1072567062,546507,UNIT,0.4,proportion,3,3679068650,,524.0,25,0.0,NEW_SUPP_S1_FIXED_SEED,,02bd074550d1cb964646832267df67ca9a5e806f44da752d2d4f28e8e9d13868,0057520300766395bd9eca9eda3c0cdc08717c7804cff77a92ec50f66cd9582c
Allen VBN,1072567062,546507,UNIT,0.4,proportion,4,121167609,,524.0,25,0.0,NEW_SUPP_S1_FIXED_SEED,,460ecece6e8df3a8d0ad26093f905ffffd659848ac9e7076a640dd337adac0c6,0057520300766395bd9eca9eda3c0cdc08717c7804cff77a92ec50f66cd9582c
Allen VBN,1072567062,546507,UNIT,0.5,proportion,0,24643363,,656.0,25,0.0,NEW_SUPP_S1_FIXED_SEED,,63e689915a10e1a1c83d91207a928ab6630c15d74f49ba3a08475f244ef75c34,0057520300766395bd9eca9eda3c0cdc08717c7804cff77a92ec50f66cd9582c
Allen VBN,1072567062,546507,UNIT,0.5,proportion,1,168485446,,656.0,25,0.0,NEW_SUPP_S1_FIXED_SEED,,2c61126c5ca21b380192c24f2040ee70d9b201dfe98ba317032752c901ba0737,0057520300766395bd9eca9eda3c0cdc08717c7804cff77a92ec50f66cd9582c
Allen VBN,1072567062,546507,UNIT,0.5,proportion,2,2076253048,,656.0,25,0.0,NEW_SUPP_S1_FIXED_SEED,,7062c5378cab57076967431958349f7f1fecfe7b4d6bddcc2fc9231c0d4fe482,0057520300766395bd9eca9eda3c0cdc08717c7804cff77a92ec50f66cd9582c
Allen VBN,1072567062,546507,UNIT,0.5,proportion,3,2984999736,,656.0,25,0.0,NEW_SUPP_S1_FIXED_SEED,,5b069a1f51f0c14b9bc70b1f29e57d87d02e620acdcb0c9279c284c25ea132c1,0057520300766395bd9eca9eda3c0cdc08717c7804cff77a92ec50f66cd9582c
Allen VBN,1072567062,546507,UNIT,0.5,proportion,4,3612067842,,656.0,25,0.0,NEW_SUPP_S1_FIXED_SEED,,fab278ed258348c1977aab8b672de34719d6546ca743621f2ef8b5b4b68870b8,0057520300766395bd9eca9eda3c0cdc08717c7804cff77a92ec50f66cd9582c
Allen VBN,1072567062,546507,TEMPORAL,2.0,bins,0,3453047502,,0.0,25,2.0,NEW_SUPP_S1_FIXED_SEED,,20d6d27fcef1c4ca83e6ff518c27bf83d4d41c6fbbdcc7e7387ebdc17a70e405,0057520300766395bd9eca9eda3c0cdc08717c7804cff77a92ec50f66cd9582c
Allen VBN,1072567062,546507,TEMPORAL,2.0,bins,1,1747828776,,0.0,25,2.0,NEW_SUPP_S1_FIXED_SEED,,b60bbeeae0e43516bc58aab09b6108c62eadf2c391c333df8ba57d8e39789acb,0057520300766395bd9eca9eda3c0cdc08717c7804cff77a92ec50f66cd9582c
Allen VBN,1072567062,546507,TEMPORAL,2.0,bins,2,2730122053,,0.0,25,2.0,NEW_SUPP_S1_FIXED_SEED,,73adb26ad3d43afedab6b6977d8f4f1e888d38303509ad8237fa39877c4cdf34,0057520300766395bd9eca9eda3c0cdc08717c7804cff77a92ec50f66cd9582c
Allen VBN,1072567062,546507,TEMPORAL,2.0,bins,3,2999797544,,0.0,25,2.0,NEW_SUPP_S1_FIXED_SEED,,023cd6ba45270220adfd0874d0f2dba130c90275f65b1fce972309d13502d66f,0057520300766395bd9eca9eda3c0cdc08717c7804cff77a92ec50f66cd9582c
Allen VBN,1072567062,546507,TEMPORAL,2.0,bins,4,3831103585,,0.0,25,2.0,NEW_SUPP_S1_FIXED_SEED,,061cec222714467c721f745a1ad27419864913bc21039141ce0d4fad4734fa07,0057520300766395bd9eca9eda3c0cdc08717c7804cff77a92ec50f66cd9582c
Allen VBN,1072567062,546507,TEMPORAL,3.0,bins,0,24703422,,0.0,25,3.0,NEW_SUPP_S1_FIXED_SEED,,eb8a6653d4735d064d8ce49b915ef1550d8e2d094daf930672425b0c36f1c613,0057520300766395bd9eca9eda3c0cdc08717c7804cff77a92ec50f66cd9582c
Allen VBN,1072567062,546507,TEMPORAL,3.0,bins,1,78638526,,0.0,25,3.0,NEW_SUPP_S1_FIXED_SEED,,f6e5cdf727effcb64d661aad171289729b720f1e994290e50d0692ba4abde8bf,0057520300766395bd9eca9eda3c0cdc08717c7804cff77a92ec50f66cd9582c
Allen VBN,1072567062,546507,TEMPORAL,3.0,bins,2,1637733306,,0.0,25,3.0,NEW_SUPP_S1_FIXED_SEED,,11d493dd33566f5b3af775ff95b236acbfb090c2b758b0de72a887bff63e34d2,0057520300766395bd9eca9eda3c0cdc08717c7804cff77a92ec50f66cd9582c
Allen VBN,1072567062,546507,TEMPORAL,3.0,bins,3,2756504143,,0.0,25,3.0,NEW_SUPP_S1_FIXED_SEED,,6993b78be6bd7d1b14be19de012361b4055e0bb13f9238daaea276b3b5f2f7a6,0057520300766395bd9eca9eda3c0cdc08717c7804cff77a92ec50f66cd9582c
Allen VBN,1072567062,546507,TEMPORAL,3.0,bins,4,488088869,,0.0,25,3.0,NEW_SUPP_S1_FIXED_SEED,,4482c984f007aaf4f52940aa152eb5eadc4bd5791a037d68c30ccae0746d0e6c,0057520300766395bd9eca9eda3c0cdc08717c7804cff77a92ec50f66cd9582c
Allen VBN,1072567062,546507,TEMPORAL,5.0,bins,0,FORMAL_ANCHOR,,nan,25,nan,MAIN_FROZEN_T5,,4426abd737b352631f3bab987069d314026f21dc12e6493d8abfa50a11bca5d9,0057520300766395bd9eca9eda3c0cdc08717c7804cff77a92ec50f66cd9582c
Allen VBN,1072567062,546507,TEMPORAL,5.0,bins,1,FORMAL_ANCHOR,,nan,25,nan,MAIN_FROZEN_T5,,8d8296d6607e5796df07e3cf9d69960f8181a110f2319935ec4aef869d5ea93f,0057520300766395bd9eca9eda3c0cdc08717c7804cff77a92ec50f66cd9582c
Allen VBN,1072567062,546507,TEMPORAL,5.0,bins,2,FORMAL_ANCHOR,,nan,25,nan,MAIN_FROZEN_T5,,812e9bc0b089b4850b428ce94db26b97adf589b1e30d72672ecf633f74de0905,0057520300766395bd9eca9eda3c0cdc08717c7804cff77a92ec50f66cd9582c
Allen VBN,1072567062,546507,TEMPORAL,5.0,bins,3,FORMAL_ANCHOR,,nan,25,nan,MAIN_FROZEN_T5,,3f2891dad642b0cbf1903ba46a6929dade0eb98aa1b61b5a25b1b3b154d2b19f,0057520300766395bd9eca9eda3c0cdc08717c7804cff77a92ec50f66cd9582c
Allen VBN,1072567062,546507,TEMPORAL,5.0,bins,4,FORMAL_ANCHOR,,nan,25,nan,MAIN_FROZEN_T5,,97966573115972c2accb564c65eea381d4b3470a4096b2c5efa19b97fcbde52b,0057520300766395bd9eca9eda3c0cdc08717c7804cff77a92ec50f66cd9582c
Allen VBN,1072567062,546507,TEMPORAL,7.0,bins,0,752675469,,0.0,25,7.0,NEW_SUPP_S1_FIXED_SEED,,f188356e54af183508f046343a281fabe608d04702001de42d80b2e5f1cd3916,0057520300766395bd9eca9eda3c0cdc08717c7804cff77a92ec50f66cd9582c
Allen VBN,1072567062,546507,TEMPORAL,7.0,bins,1,1059663352,,0.0,25,7.0,NEW_SUPP_S1_FIXED_SEED,,cd683bf6336df70c5826f96b0487dfb331aa3af141a12db8cc0029bb94caa8aa,0057520300766395bd9eca9eda3c0cdc08717c7804cff77a92ec50f66cd9582c
Allen VBN,1072567062,546507,TEMPORAL,7.0,bins,2,1985929530,,0.0,25,7.0,NEW_SUPP_S1_FIXED_SEED,,3d445bd3617c920f7d06ac177510995d9f0fb573b7331a8fac80bf94231a0e26,0057520300766395bd9eca9eda3c0cdc08717c7804cff77a92ec50f66cd9582c
Allen VBN,1072567062,546507,TEMPORAL,7.0,bins,3,3554613132,,0.0,25,7.0,NEW_SUPP_S1_FIXED_SEED,,0457143c557d0aece364be209aa7b1474d86d3ae9483ef44b384872438b2a672,0057520300766395bd9eca9eda3c0cdc08717c7804cff77a92ec50f66cd9582c
Allen VBN,1072567062,546507,TEMPORAL,7.0,bins,4,666419535,,0.0,25,7.0,NEW_SUPP_S1_FIXED_SEED,,503075e1e9ee0bd11bac4792745253f1f13e79ec2bb99691495280bf1e8ab2e7,0057520300766395bd9eca9eda3c0cdc08717c7804cff77a92ec50f66cd9582c
Allen VBN,1072567062,546507,TEMPORAL,10.0,bins,0,3941119455,,0.0,25,10.0,NEW_SUPP_S1_FIXED_SEED,,8f2743193bbe5fa5ff8ee7b0c5f9b3ab928097bb6cfe6ed04156ca6516151286,0057520300766395bd9eca9eda3c0cdc08717c7804cff77a92ec50f66cd9582c
Allen VBN,1072567062,546507,TEMPORAL,10.0,bins,1,1679669593,,0.0,25,10.0,NEW_SUPP_S1_FIXED_SEED,,fe0589295f874460aae614aea4bb75d1197a4ae98dd0b148bcc7d2bda6bddcc5,0057520300766395bd9eca9eda3c0cdc08717c7804cff77a92ec50f66cd9582c
Allen VBN,1072567062,546507,TEMPORAL,10.0,bins,2,2934257120,,0.0,25,10.0,NEW_SUPP_S1_FIXED_SEED,,1da0475bd345f647a9bf212cdb364cb6d8f249c8b207bfa36428576d8ff58c9c,0057520300766395bd9eca9eda3c0cdc08717c7804cff77a92ec50f66cd9582c
Allen VBN,1072567062,546507,TEMPORAL,10.0,bins,3,1020345278,,0.0,25,10.0,NEW_SUPP_S1_FIXED_SEED,,0f4df176eec2ca3e78be50d48aeac0209eec3e4e7c056de007877fa77305c424,0057520300766395bd9eca9eda3c0cdc08717c7804cff77a92ec50f66cd9582c
Allen VBN,1072567062,546507,TEMPORAL,10.0,bins,4,320792471,,0.0,25,10.0,NEW_SUPP_S1_FIXED_SEED,,d4b9f816410810f770f4585d6dff9adede39555a26452c6d073640195330ae9a,0057520300766395bd9eca9eda3c0cdc08717c7804cff77a92ec50f66cd9582c
Allen VBN,1072567062,546507,UNIT,0.3,proportion,0,FORMAL_ANCHOR,,nan,25,nan,MAIN_FROZEN_U30,,IDENTITY,0057520300766395bd9eca9eda3c0cdc08717c7804cff77a92ec50f66cd9582c
Allen VBN,1072567062,546507,UNIT,0.3,proportion,1,FORMAL_ANCHOR,,nan,25,nan,MAIN_FROZEN_U30,,IDENTITY,0057520300766395bd9eca9eda3c0cdc08717c7804cff77a92ec50f66cd9582c
Allen VBN,1072567062,546507,UNIT,0.3,proportion,2,FORMAL_ANCHOR,,nan,25,nan,MAIN_FROZEN_U30,,IDENTITY,0057520300766395bd9eca9eda3c0cdc08717c7804cff77a92ec50f66cd9582c
Allen VBN,1072567062,546507,UNIT,0.3,proportion,3,FORMAL_ANCHOR,,nan,25,nan,MAIN_FROZEN_U30,,IDENTITY,0057520300766395bd9eca9eda3c0cdc08717c7804cff77a92ec50f66cd9582c
Allen VBN,1072567062,546507,UNIT,0.3,proportion,4,FORMAL_ANCHOR,,nan,25,nan,MAIN_FROZEN_U30,,IDENTITY,0057520300766395bd9eca9eda3c0cdc08717c7804cff77a92ec50f66cd9582c
Allen VBN,1072567062,546507,TEMPORAL,5.0,bins,0,FORMAL_ANCHOR,,nan,25,nan,MAIN_FROZEN_T5,,IDENTITY,0057520300766395bd9eca9eda3c0cdc08717c7804cff77a92ec50f66cd9582c
Allen VBN,1072567062,546507,TEMPORAL,5.0,bins,1,FORMAL_ANCHOR,,nan,25,nan,MAIN_FROZEN_T5,,IDENTITY,0057520300766395bd9eca9eda3c0cdc08717c7804cff77a92ec50f66cd9582c
Allen VBN,1072567062,546507,TEMPORAL,5.0,bins,2,FORMAL_ANCHOR,,nan,25,nan,MAIN_FROZEN_T5,,IDENTITY,0057520300766395bd9eca9eda3c0cdc08717c7804cff77a92ec50f66cd9582c
Allen VBN,1072567062,546507,TEMPORAL,5.0,bins,3,FORMAL_ANCHOR,,nan,25,nan,MAIN_FROZEN_T5,,IDENTITY,0057520300766395bd9eca9eda3c0cdc08717c7804cff77a92ec50f66cd9582c
Allen VBN,1072567062,546507,TEMPORAL,5.0,bins,4,FORMAL_ANCHOR,,nan,25,nan,MAIN_FROZEN_T5,,IDENTITY,0057520300766395bd9eca9eda3c0cdc08717c7804cff77a92ec50f66cd9582c
Allen VBN,1104289498,563497,UNIT,0.1,proportion,0,1126385539,,110.0,25,0.0,NEW_SUPP_S1_FIXED_SEED,,bc2f5d55534e3cd029849f4cc54086d03db9550289f8c6c8e11dabc8f54ec30b,0057520300766395bd9eca9eda3c0cdc08717c7804cff77a92ec50f66cd9582c
Allen VBN,1104289498,563497,UNIT,0.1,proportion,1,335431261,,110.0,25,0.0,NEW_SUPP_S1_FIXED_SEED,,a94fc746aba965e094c7d6e5e62ccbc953a3766c6a3ac1e6970d286eca547f92,0057520300766395bd9eca9eda3c0cdc08717c7804cff77a92ec50f66cd9582c
Allen VBN,1104289498,563497,UNIT,0.1,proportion,2,2045038271,,110.0,25,0.0,NEW_SUPP_S1_FIXED_SEED,,dcf09adbaefb110b96bdce2feedc75cbf6191e2c87172fb5e82630d1508b4f4e,0057520300766395bd9eca9eda3c0cdc08717c7804cff77a92ec50f66cd9582c
Allen VBN,1104289498,563497,UNIT,0.1,proportion,3,4201009475,,110.0,25,0.0,NEW_SUPP_S1_FIXED_SEED,,baecf679d0fcd812d2f7b76c1d5b634255f3724e16716a03ceaf1c952812c337,0057520300766395bd9eca9eda3c0cdc08717c7804cff77a92ec50f66cd9582c
Allen VBN,1104289498,563497,UNIT,0.1,proportion,4,4032705449,,110.0,25,0.0,NEW_SUPP_S1_FIXED_SEED,,4ea3e1d7136904de75489229c38bb9c84f7ad915e26f4c940d3c19e74bab1e16,0057520300766395bd9eca9eda3c0cdc08717c7804cff77a92ec50f66cd9582c
Allen VBN,1104289498,563497,UNIT,0.2,proportion,0,3751609965,,221.0,25,0.0,NEW_SUPP_S1_FIXED_SEED,,9929e8c3c119e3f57f9a545d337487207c429dc97c0376f482f5f709ce76bbd1,0057520300766395bd9eca9eda3c0cdc08717c7804cff77a92ec50f66cd9582c
Allen VBN,1104289498,563497,UNIT,0.2,proportion,1,3710997285,,221.0,25,0.0,NEW_SUPP_S1_FIXED_SEED,,5fec4c413e33984d4acf4c41eb68ae37061389e84759c0f4ce3896b1553dcba7,0057520300766395bd9eca9eda3c0cdc08717c7804cff77a92ec50f66cd9582c
Allen VBN,1104289498,563497,UNIT,0.2,proportion,2,4170839733,,221.0,25,0.0,NEW_SUPP_S1_FIXED_SEED,,8342c3a4560878c8eeb20eae410165f8c237dd42ad79c60585d91802ccf3b677,0057520300766395bd9eca9eda3c0cdc08717c7804cff77a92ec50f66cd9582c
Allen VBN,1104289498,563497,UNIT,0.2,proportion,3,2471880123,,221.0,25,0.0,NEW_SUPP_S1_FIXED_SEED,,4d54a6b4b3259ba69caafc27ca590137940893017e00589e33d3e2a9a9ae8c81,0057520300766395bd9eca9eda3c0cdc08717c7804cff77a92ec50f66cd9582c
Allen VBN,1104289498,563497,UNIT,0.2,proportion,4,2054260760,,221.0,25,0.0,NEW_SUPP_S1_FIXED_SEED,,c56edf45bade3648a28d2eb1ae3ebc0b739ce69d33a8086e32708abc9f401798,0057520300766395bd9eca9eda3c0cdc08717c7804cff77a92ec50f66cd9582c
Allen VBN,1104289498,563497,UNIT,0.3,proportion,0,FORMAL_ANCHOR,,nan,25,nan,MAIN_FROZEN_U30,,005b10f7e03fcd01d10d19de1867c746e50c1cb190e14920c6ce54f61c841aeb,0057520300766395bd9eca9eda3c0cdc08717c7804cff77a92ec50f66cd9582c
Allen VBN,1104289498,563497,UNIT,0.3,proportion,1,FORMAL_ANCHOR,,nan,25,nan,MAIN_FROZEN_U30,,ef515253d0a3ef8637af223938ddf001bdd939a00cd935d06a681d94e1443491,0057520300766395bd9eca9eda3c0cdc08717c7804cff77a92ec50f66cd9582c
Allen VBN,1104289498,563497,UNIT,0.3,proportion,2,FORMAL_ANCHOR,,nan,25,nan,MAIN_FROZEN_U30,,a64f6b6e2cb7f098d76583224dfa22b70828b60a32360b1bf269b2f6ca6621a1,0057520300766395bd9eca9eda3c0cdc08717c7804cff77a92ec50f66cd9582c
Allen VBN,1104289498,563497,UNIT,0.3,proportion,3,FORMAL_ANCHOR,,nan,25,nan,MAIN_FROZEN_U30,,93552a79cbce2c9176fcb9f95c0fc9c43397c242094714b7fa900e6df3537ec4,0057520300766395bd9eca9eda3c0cdc08717c7804cff77a92ec50f66cd9582c
Allen VBN,1104289498,563497,UNIT,0.3,proportion,4,FORMAL_ANCHOR,,nan,25,nan,MAIN_FROZEN_U30,,114f53e5b03d1faf2435ee5428edf80c5110d06340282f2fd2a13974cbb466e2,0057520300766395bd9eca9eda3c0cdc08717c7804cff77a92ec50f66cd9582c
Allen VBN,1104289498,563497,UNIT,0.4,proportion,0,304872331,,441.0,25,0.0,NEW_SUPP_S1_FIXED_SEED,,11a4b29a4f51241b3170c6025bde4de7b36decef64f723053cab1f7cddb11215,0057520300766395bd9eca9eda3c0cdc08717c7804cff77a92ec50f66cd9582c
Allen VBN,1104289498,563497,UNIT,0.4,proportion,1,2848938616,,441.0,25,0.0,NEW_SUPP_S1_FIXED_SEED,,a7e17f9d3d87b85b3ded55e9f03c1bb66c45bd8c708ef0fc0ae6e28efc5133fb,0057520300766395bd9eca9eda3c0cdc08717c7804cff77a92ec50f66cd9582c
Allen VBN,1104289498,563497,UNIT,0.4,proportion,2,1808226334,,441.0,25,0.0,NEW_SUPP_S1_FIXED_SEED,,b74265bfa9be7c67a800c0d7024322b4b946168b66e662b7c3bd55d9963c6751,0057520300766395bd9eca9eda3c0cdc08717c7804cff77a92ec50f66cd9582c
Allen VBN,1104289498,563497,UNIT,0.4,proportion,3,3926977507,,441.0,25,0.0,NEW_SUPP_S1_FIXED_SEED,,7967265492fded185272270abf5a8bf12671757e8ebb4a33b84e2b07a4a57488,0057520300766395bd9eca9eda3c0cdc08717c7804cff77a92ec50f66cd9582c
Allen VBN,1104289498,563497,UNIT,0.4,proportion,4,721246543,,441.0,25,0.0,NEW_SUPP_S1_FIXED_SEED,,2e70454516c86fd5c2f059253c4a6c9c3b1f07c07784b95dde010f09a6122dee,0057520300766395bd9eca9eda3c0cdc08717c7804cff77a92ec50f66cd9582c
Allen VBN,1104289498,563497,UNIT,0.5,proportion,0,471880890,,552.0,25,0.0,NEW_SUPP_S1_FIXED_SEED,,7d20b4e716ad3fed0609b0d1f1782d564908f73eb718b0f474ed0c97f4314f5a,0057520300766395bd9eca9eda3c0cdc08717c7804cff77a92ec50f66cd9582c
Allen VBN,1104289498,563497,UNIT,0.5,proportion,1,461076827,,552.0,25,0.0,NEW_SUPP_S1_FIXED_SEED,,a25615e9ef95434370f518c022383172539ae1a9046993e5b830c3af1df1f5a3,0057520300766395bd9eca9eda3c0cdc08717c7804cff77a92ec50f66cd9582c
Allen VBN,1104289498,563497,UNIT,0.5,proportion,2,1627874219,,552.0,25,0.0,NEW_SUPP_S1_FIXED_SEED,,b0568f8fa86565467ea24ed1b169d1bd185d7253a8dc67af625571997a666d93,0057520300766395bd9eca9eda3c0cdc08717c7804cff77a92ec50f66cd9582c
Allen VBN,1104289498,563497,UNIT,0.5,proportion,3,521432128,,552.0,25,0.0,NEW_SUPP_S1_FIXED_SEED,,5baa675d9f20ea0087ce70ce8c5289adc7db027eace1a0a540e89e70fc488c18,0057520300766395bd9eca9eda3c0cdc08717c7804cff77a92ec50f66cd9582c
Allen VBN,1104289498,563497,UNIT,0.5,proportion,4,907712253,,552.0,25,0.0,NEW_SUPP_S1_FIXED_SEED,,fca418ec83e80912c9f5f1a595be97648b083f5d9ba41c82145401b9afac1757,0057520300766395bd9eca9eda3c0cdc08717c7804cff77a92ec50f66cd9582c
Allen VBN,1104289498,563497,TEMPORAL,2.0,bins,0,2227227644,,0.0,25,2.0,NEW_SUPP_S1_FIXED_SEED,,933e120ce45a97d644d1460ebc391630c686bec75152357ea466ba1fcac56ca7,0057520300766395bd9eca9eda3c0cdc08717c7804cff77a92ec50f66cd9582c
Allen VBN,1104289498,563497,TEMPORAL,2.0,bins,1,4288801323,,0.0,25,2.0,NEW_SUPP_S1_FIXED_SEED,,c71c002f9de2cdbe508f2c0d5ad2b080f8b2f6c3e8b8ef0c4a734a2f17febe73,0057520300766395bd9eca9eda3c0cdc08717c7804cff77a92ec50f66cd9582c
Allen VBN,1104289498,563497,TEMPORAL,2.0,bins,2,1588071910,,0.0,25,2.0,NEW_SUPP_S1_FIXED_SEED,,5a8e9f48ccf0eaece70364fe37f17c542b8c7d7b50a99973d4dcdcb41484937f,0057520300766395bd9eca9eda3c0cdc08717c7804cff77a92ec50f66cd9582c
Allen VBN,1104289498,563497,TEMPORAL,2.0,bins,3,3935472162,,0.0,25,2.0,NEW_SUPP_S1_FIXED_SEED,,e659598e608722f6d069a48fcc98b836dd8ca12f37f374a57ba2cd08805eee32,0057520300766395bd9eca9eda3c0cdc08717c7804cff77a92ec50f66cd9582c
Allen VBN,1104289498,563497,TEMPORAL,2.0,bins,4,1856302573,,0.0,25,2.0,NEW_SUPP_S1_FIXED_SEED,,1f238e9e5002b4d315f2eabe7a477c94931e7d02340ae8a59368bfd5a75f62f0,0057520300766395bd9eca9eda3c0cdc08717c7804cff77a92ec50f66cd9582c
Allen VBN,1104289498,563497,TEMPORAL,3.0,bins,0,2219370818,,0.0,25,3.0,NEW_SUPP_S1_FIXED_SEED,,f6f78948fc69cc66d5088422cb313dba8b834c5ff562b5b1761e85ebca23daee,0057520300766395bd9eca9eda3c0cdc08717c7804cff77a92ec50f66cd9582c
Allen VBN,1104289498,563497,TEMPORAL,3.0,bins,1,2539714698,,0.0,25,3.0,NEW_SUPP_S1_FIXED_SEED,,c336dccba25c248edcf6d3d716ec497cc25ec565de7d31667d5c9849816c990e,0057520300766395bd9eca9eda3c0cdc08717c7804cff77a92ec50f66cd9582c
Allen VBN,1104289498,563497,TEMPORAL,3.0,bins,2,2107152805,,0.0,25,3.0,NEW_SUPP_S1_FIXED_SEED,,dec9b0959d3c3c8e6ea0877ce792f6670083408b610209b53cf819392eec6e7d,0057520300766395bd9eca9eda3c0cdc08717c7804cff77a92ec50f66cd9582c
Allen VBN,1104289498,563497,TEMPORAL,3.0,bins,3,3542080980,,0.0,25,3.0,NEW_SUPP_S1_FIXED_SEED,,dff30a5dff1cac22bec997d94f57dc4c6318de81f6b1fb47d0ffacdde35e40a7,0057520300766395bd9eca9eda3c0cdc08717c7804cff77a92ec50f66cd9582c
Allen VBN,1104289498,563497,TEMPORAL,3.0,bins,4,1955545293,,0.0,25,3.0,NEW_SUPP_S1_FIXED_SEED,,6d336426d7e044e1dbc1555b4ec66bd6ae899e4e72f4e1dff207fcea3a4c72e9,0057520300766395bd9eca9eda3c0cdc08717c7804cff77a92ec50f66cd9582c
Allen VBN,1104289498,563497,TEMPORAL,5.0,bins,0,FORMAL_ANCHOR,,nan,25,nan,MAIN_FROZEN_T5,,a7d695547a61cdac24ea46d8373b2ff4e722992e21456fc7da36605ffaae09e9,0057520300766395bd9eca9eda3c0cdc08717c7804cff77a92ec50f66cd9582c
Allen VBN,1104289498,563497,TEMPORAL,5.0,bins,1,FORMAL_ANCHOR,,nan,25,nan,MAIN_FROZEN_T5,,1b921602726b0254f6838c41613a5ba5be5aac467496d79d7524bacc11ee068b,0057520300766395bd9eca9eda3c0cdc08717c7804cff77a92ec50f66cd9582c
Allen VBN,1104289498,563497,TEMPORAL,5.0,bins,2,FORMAL_ANCHOR,,nan,25,nan,MAIN_FROZEN_T5,,dfab8450b3e564d7c31e221346846f5e15c4b33b0a7b5cc7933e8bbf0beba17b,0057520300766395bd9eca9eda3c0cdc08717c7804cff77a92ec50f66cd9582c
Allen VBN,1104289498,563497,TEMPORAL,5.0,bins,3,FORMAL_ANCHOR,,nan,25,nan,MAIN_FROZEN_T5,,6ca7b2f3c0690502c635f6fd31cd6efc4c60e85e2d023a8940eda66608826558,0057520300766395bd9eca9eda3c0cdc08717c7804cff77a92ec50f66cd9582c
Allen VBN,1104289498,563497,TEMPORAL,5.0,bins,4,FORMAL_ANCHOR,,nan,25,nan,MAIN_FROZEN_T5,,52a418ef830276bd40520885853e757fc00b801b089920217a63fe002e4263d2,0057520300766395bd9eca9eda3c0cdc08717c7804cff77a92ec50f66cd9582c
Allen VBN,1104289498,563497,TEMPORAL,7.0,bins,0,2515115364,,0.0,25,7.0,NEW_SUPP_S1_FIXED_SEED,,27f4f1d1f277d742bad1e610e4d45d22e9c1037d7daf0b2ba96731eb5b55fa8f,0057520300766395bd9eca9eda3c0cdc08717c7804cff77a92ec50f66cd9582c
Allen VBN,1104289498,563497,TEMPORAL,7.0,bins,1,999477972,,0.0,25,7.0,NEW_SUPP_S1_FIXED_SEED,,df98467facfd5f32de9e9b2790a94d22da7fb0e870f327d1595ca3decfe4ae11,0057520300766395bd9eca9eda3c0cdc08717c7804cff77a92ec50f66cd9582c
Allen VBN,1104289498,563497,TEMPORAL,7.0,bins,2,3308193068,,0.0,25,7.0,NEW_SUPP_S1_FIXED_SEED,,bbb0b8f4d4917eb2aecef41f05622f7cb765c841ba7428695f9a43c06fe48cfc,0057520300766395bd9eca9eda3c0cdc08717c7804cff77a92ec50f66cd9582c
Allen VBN,1104289498,563497,TEMPORAL,7.0,bins,3,3325858965,,0.0,25,7.0,NEW_SUPP_S1_FIXED_SEED,,1e3f6516ec9184882d9e7aa1a9713f0c30a572f91ca7fbb1b5baccccfae72892,0057520300766395bd9eca9eda3c0cdc08717c7804cff77a92ec50f66cd9582c
Allen VBN,1104289498,563497,TEMPORAL,7.0,bins,4,4006938126,,0.0,25,7.0,NEW_SUPP_S1_FIXED_SEED,,e30b8f5d671f270815911126a93cfee13e1bc5bddaeb5a14e21468f453ffa05c,0057520300766395bd9eca9eda3c0cdc08717c7804cff77a92ec50f66cd9582c
Allen VBN,1104289498,563497,TEMPORAL,10.0,bins,0,75374447,,0.0,25,10.0,NEW_SUPP_S1_FIXED_SEED,,dba7f341251c3021c7a9247aeb4395de41b7e98105b58b9c1cc7edb29a70f99f,0057520300766395bd9eca9eda3c0cdc08717c7804cff77a92ec50f66cd9582c
Allen VBN,1104289498,563497,TEMPORAL,10.0,bins,1,1266846456,,0.0,25,10.0,NEW_SUPP_S1_FIXED_SEED,,ff6eb53f0cec0b75b8f2422411005007265fd65ceb577e4cd6aa44d32de1b9f5,0057520300766395bd9eca9eda3c0cdc08717c7804cff77a92ec50f66cd9582c
Allen VBN,1104289498,563497,TEMPORAL,10.0,bins,2,776728599,,0.0,25,10.0,NEW_SUPP_S1_FIXED_SEED,,a90d078bb158fe17aaf59bf76c2ff827883ee54cd04e46f0f6a11df79514510f,0057520300766395bd9eca9eda3c0cdc08717c7804cff77a92ec50f66cd9582c
Allen VBN,1104289498,563497,TEMPORAL,10.0,bins,3,2384259727,,0.0,25,10.0,NEW_SUPP_S1_FIXED_SEED,,5ee4fa1cdda0a29da27c6796653b9ed9a1995f9879c198a09a4bbc6362784c95,0057520300766395bd9eca9eda3c0cdc08717c7804cff77a92ec50f66cd9582c
Allen VBN,1104289498,563497,TEMPORAL,10.0,bins,4,324901666,,0.0,25,10.0,NEW_SUPP_S1_FIXED_SEED,,7054dcabab1812981d41f21be491d57f3801eb127f8fab33473a949eac5252f4,0057520300766395bd9eca9eda3c0cdc08717c7804cff77a92ec50f66cd9582c
Allen VBN,1104289498,563497,UNIT,0.3,proportion,0,FORMAL_ANCHOR,,nan,25,nan,MAIN_FROZEN_U30,,IDENTITY,0057520300766395bd9eca9eda3c0cdc08717c7804cff77a92ec50f66cd9582c
Allen VBN,1104289498,563497,UNIT,0.3,proportion,1,FORMAL_ANCHOR,,nan,25,nan,MAIN_FROZEN_U30,,IDENTITY,0057520300766395bd9eca9eda3c0cdc08717c7804cff77a92ec50f66cd9582c
Allen VBN,1104289498,563497,UNIT,0.3,proportion,2,FORMAL_ANCHOR,,nan,25,nan,MAIN_FROZEN_U30,,IDENTITY,0057520300766395bd9eca9eda3c0cdc08717c7804cff77a92ec50f66cd9582c
Allen VBN,1104289498,563497,UNIT,0.3,proportion,3,FORMAL_ANCHOR,,nan,25,nan,MAIN_FROZEN_U30,,IDENTITY,0057520300766395bd9eca9eda3c0cdc08717c7804cff77a92ec50f66cd9582c
Allen VBN,1104289498,563497,UNIT,0.3,proportion,4,FORMAL_ANCHOR,,nan,25,nan,MAIN_FROZEN_U30,,IDENTITY,0057520300766395bd9eca9eda3c0cdc08717c7804cff77a92ec50f66cd9582c
Allen VBN,1104289498,563497,TEMPORAL,5.0,bins,0,FORMAL_ANCHOR,,nan,25,nan,MAIN_FROZEN_T5,,IDENTITY,0057520300766395bd9eca9eda3c0cdc08717c7804cff77a92ec50f66cd9582c
Allen VBN,1104289498,563497,TEMPORAL,5.0,bins,1,FORMAL_ANCHOR,,nan,25,nan,MAIN_FROZEN_T5,,IDENTITY,0057520300766395bd9eca9eda3c0cdc08717c7804cff77a92ec50f66cd9582c
Allen VBN,1104289498,563497,TEMPORAL,5.0,bins,2,FORMAL_ANCHOR,,nan,25,nan,MAIN_FROZEN_T5,,IDENTITY,0057520300766395bd9eca9eda3c0cdc08717c7804cff77a92ec50f66cd9582c
Allen VBN,1104289498,563497,TEMPORAL,5.0,bins,3,FORMAL_ANCHOR,,nan,25,nan,MAIN_FROZEN_T5,,IDENTITY,0057520300766395bd9eca9eda3c0cdc08717c7804cff77a92ec50f66cd9582c
Allen VBN,1104289498,563497,TEMPORAL,5.0,bins,4,FORMAL_ANCHOR,,nan,25,nan,MAIN_FROZEN_T5,,IDENTITY,0057520300766395bd9eca9eda3c0cdc08717c7804cff77a92ec50f66cd9582c
Allen VBN,1104058216,563497,UNIT,0.1,proportion,0,4113166448,,141.0,25,0.0,NEW_SUPP_S1_FIXED_SEED,,c74fb6e57f25c8539b48f7be2eb518038792e3491089514e1c840dcda435a744,0057520300766395bd9eca9eda3c0cdc08717c7804cff77a92ec50f66cd9582c
Allen VBN,1104058216,563497,UNIT,0.1,proportion,1,2967037093,,141.0,25,0.0,NEW_SUPP_S1_FIXED_SEED,,d4f6cdbb126adf14c1ed38b2f425f710a4b3383c9bf4c133fe3913bc705440b0,0057520300766395bd9eca9eda3c0cdc08717c7804cff77a92ec50f66cd9582c
Allen VBN,1104058216,563497,UNIT,0.1,proportion,2,2347723589,,141.0,25,0.0,NEW_SUPP_S1_FIXED_SEED,,64b025d4f1e75bddff47d1f85d3008ab657dcf1f4271fdcb61623e114509a5ce,0057520300766395bd9eca9eda3c0cdc08717c7804cff77a92ec50f66cd9582c
Allen VBN,1104058216,563497,UNIT,0.1,proportion,3,2360184519,,141.0,25,0.0,NEW_SUPP_S1_FIXED_SEED,,3fb41e71e805727555c7d4f6ad7870281a1e055618c7344391ca2bf1c727dbfb,0057520300766395bd9eca9eda3c0cdc08717c7804cff77a92ec50f66cd9582c
Allen VBN,1104058216,563497,UNIT,0.1,proportion,4,3144169520,,141.0,25,0.0,NEW_SUPP_S1_FIXED_SEED,,25d4891b89a5d539e534c653e331426356935fc2b71d720a5b2d224dedddb67a,0057520300766395bd9eca9eda3c0cdc08717c7804cff77a92ec50f66cd9582c
Allen VBN,1104058216,563497,UNIT,0.2,proportion,0,1658352582,,281.0,25,0.0,NEW_SUPP_S1_FIXED_SEED,,87a745b4a69113e4368147a2a9966d1fde93af1cb7903d98d01b7e580e0189b2,0057520300766395bd9eca9eda3c0cdc08717c7804cff77a92ec50f66cd9582c
Allen VBN,1104058216,563497,UNIT,0.2,proportion,1,1827814947,,281.0,25,0.0,NEW_SUPP_S1_FIXED_SEED,,a0e222904165b832512c55922df4fd126254b12c0ef96678cde2f6ae807698e5,0057520300766395bd9eca9eda3c0cdc08717c7804cff77a92ec50f66cd9582c
Allen VBN,1104058216,563497,UNIT,0.2,proportion,2,3877684217,,281.0,25,0.0,NEW_SUPP_S1_FIXED_SEED,,1e398b384582e6191811c7087833a768df500c790dee2f7b42bae8c9d621c696,0057520300766395bd9eca9eda3c0cdc08717c7804cff77a92ec50f66cd9582c
Allen VBN,1104058216,563497,UNIT,0.2,proportion,3,3942469993,,281.0,25,0.0,NEW_SUPP_S1_FIXED_SEED,,328b04f854ab6a1f292b0e2dd904a538402ad0b5479b994fb1280af2b0cec998,0057520300766395bd9eca9eda3c0cdc08717c7804cff77a92ec50f66cd9582c
Allen VBN,1104058216,563497,UNIT,0.2,proportion,4,3208829486,,281.0,25,0.0,NEW_SUPP_S1_FIXED_SEED,,f0c2e15e88a83d61a25f06390157baea3345f1cf65246d24d9c40281bfb0db8e,0057520300766395bd9eca9eda3c0cdc08717c7804cff77a92ec50f66cd9582c
Allen VBN,1104058216,563497,UNIT,0.3,proportion,0,FORMAL_ANCHOR,,nan,25,nan,MAIN_FROZEN_U30,,8e73083afabd25b5534d981e5624e11a580563e78edc21aa23cdff70a4f4e9f8,0057520300766395bd9eca9eda3c0cdc08717c7804cff77a92ec50f66cd9582c
Allen VBN,1104058216,563497,UNIT,0.3,proportion,1,FORMAL_ANCHOR,,nan,25,nan,MAIN_FROZEN_U30,,aad50e06d30351b05306e9b1d6d1538e33af4768c4f11f2539d1a5abe64ef1a3,0057520300766395bd9eca9eda3c0cdc08717c7804cff77a92ec50f66cd9582c
Allen VBN,1104058216,563497,UNIT,0.3,proportion,2,FORMAL_ANCHOR,,nan,25,nan,MAIN_FROZEN_U30,,dee250b882e988c5d3977223a57301f9d91dead9f0c9e20ad4b45d560430016a,0057520300766395bd9eca9eda3c0cdc08717c7804cff77a92ec50f66cd9582c
Allen VBN,1104058216,563497,UNIT,0.3,proportion,3,FORMAL_ANCHOR,,nan,25,nan,MAIN_FROZEN_U30,,20431887ed368937212237fbcf93727157b2215840920e21e88dda372885f78a,0057520300766395bd9eca9eda3c0cdc08717c7804cff77a92ec50f66cd9582c
Allen VBN,1104058216,563497,UNIT,0.3,proportion,4,FORMAL_ANCHOR,,nan,25,nan,MAIN_FROZEN_U30,,a27f104b9d69e7c1a908c46c024705611a52d7934dd43a829a4ce0a5764cde1d,0057520300766395bd9eca9eda3c0cdc08717c7804cff77a92ec50f66cd9582c
Allen VBN,1104058216,563497,UNIT,0.4,proportion,0,3060904392,,562.0,25,0.0,NEW_SUPP_S1_FIXED_SEED,,d63d12953eef50e5dbe2b5c0b5f13b160c1867a43b367c90bf48ef19760eb533,0057520300766395bd9eca9eda3c0cdc08717c7804cff77a92ec50f66cd9582c
Allen VBN,1104058216,563497,UNIT,0.4,proportion,1,1409113484,,562.0,25,0.0,NEW_SUPP_S1_FIXED_SEED,,5b946bd365282281a48ddab2a335c411b0e7bddc60d5fba9e98e9875d77f9f5d,0057520300766395bd9eca9eda3c0cdc08717c7804cff77a92ec50f66cd9582c
Allen VBN,1104058216,563497,UNIT,0.4,proportion,2,1204573660,,562.0,25,0.0,NEW_SUPP_S1_FIXED_SEED,,5d81fc4af4d97a46702286518b418ab2e8b057ce6d77e1137eeb2c1a48de2681,0057520300766395bd9eca9eda3c0cdc08717c7804cff77a92ec50f66cd9582c
Allen VBN,1104058216,563497,UNIT,0.4,proportion,3,554280871,,562.0,25,0.0,NEW_SUPP_S1_FIXED_SEED,,9f58b5a606fc5ff7b4f587dfe3694a55205d1d02f695b164ba91673e891827f7,0057520300766395bd9eca9eda3c0cdc08717c7804cff77a92ec50f66cd9582c
Allen VBN,1104058216,563497,UNIT,0.4,proportion,4,155973250,,562.0,25,0.0,NEW_SUPP_S1_FIXED_SEED,,7d89172091122898ab4d92c9619975e62012314f9382e91e0f3408aa5e531409,0057520300766395bd9eca9eda3c0cdc08717c7804cff77a92ec50f66cd9582c
Allen VBN,1104058216,563497,UNIT,0.5,proportion,0,2632054897,,703.0,25,0.0,NEW_SUPP_S1_FIXED_SEED,,865976d8f7e4b99d84662d4b520a5c0e3aba281b43568e3ae57eb8565da0ac32,0057520300766395bd9eca9eda3c0cdc08717c7804cff77a92ec50f66cd9582c
Allen VBN,1104058216,563497,UNIT,0.5,proportion,1,3876406530,,703.0,25,0.0,NEW_SUPP_S1_FIXED_SEED,,0069dc830942645d2e5dbe784f8fd3f778da16f513018176792af80cd762b802,0057520300766395bd9eca9eda3c0cdc08717c7804cff77a92ec50f66cd9582c
Allen VBN,1104058216,563497,UNIT,0.5,proportion,2,3719267268,,703.0,25,0.0,NEW_SUPP_S1_FIXED_SEED,,e270da11b63aa31b7707a39b473107801420a0235d6197fc2780b0dc5410b8ff,0057520300766395bd9eca9eda3c0cdc08717c7804cff77a92ec50f66cd9582c
Allen VBN,1104058216,563497,UNIT,0.5,proportion,3,172987298,,703.0,25,0.0,NEW_SUPP_S1_FIXED_SEED,,e15dcfb102249126988e285b0257f186eb62d0ac77e8734c13da646db40c52ba,0057520300766395bd9eca9eda3c0cdc08717c7804cff77a92ec50f66cd9582c
Allen VBN,1104058216,563497,UNIT,0.5,proportion,4,897772920,,703.0,25,0.0,NEW_SUPP_S1_FIXED_SEED,,65719bbf57fc56d76e01d5119b01117ac61a12e8c8c19f47b7f7429f5a92552f,0057520300766395bd9eca9eda3c0cdc08717c7804cff77a92ec50f66cd9582c
Allen VBN,1104058216,563497,TEMPORAL,2.0,bins,0,960908117,,0.0,25,2.0,NEW_SUPP_S1_FIXED_SEED,,7ed7556f9d78329104f688947fa400d6175df5af362d3841b948268cfa3f9725,0057520300766395bd9eca9eda3c0cdc08717c7804cff77a92ec50f66cd9582c
Allen VBN,1104058216,563497,TEMPORAL,2.0,bins,1,247999181,,0.0,25,2.0,NEW_SUPP_S1_FIXED_SEED,,a8f6e307a531dfb40e0b123201d496ad1eaec27afd19811ec54b20265a26926a,0057520300766395bd9eca9eda3c0cdc08717c7804cff77a92ec50f66cd9582c
Allen VBN,1104058216,563497,TEMPORAL,2.0,bins,2,1297050008,,0.0,25,2.0,NEW_SUPP_S1_FIXED_SEED,,98887e680ae9167f1de1c33c9123339729e86bd35088ef93a17d3686fcdda966,0057520300766395bd9eca9eda3c0cdc08717c7804cff77a92ec50f66cd9582c
Allen VBN,1104058216,563497,TEMPORAL,2.0,bins,3,275095868,,0.0,25,2.0,NEW_SUPP_S1_FIXED_SEED,,1a9d4e6b68d411c3f01b8173a227ecc3483dd55a9a264c0012e64346e0fef255,0057520300766395bd9eca9eda3c0cdc08717c7804cff77a92ec50f66cd9582c
Allen VBN,1104058216,563497,TEMPORAL,2.0,bins,4,3475628008,,0.0,25,2.0,NEW_SUPP_S1_FIXED_SEED,,cc3e139655c85e0e687574c5ed056e72b6e6b48a7a887e870a21416738a27a13,0057520300766395bd9eca9eda3c0cdc08717c7804cff77a92ec50f66cd9582c
Allen VBN,1104058216,563497,TEMPORAL,3.0,bins,0,2489222908,,0.0,25,3.0,NEW_SUPP_S1_FIXED_SEED,,ae409055db8d08039f3ff6301eee08c448d60ce23ed0f305f60e09efc2b22cfb,0057520300766395bd9eca9eda3c0cdc08717c7804cff77a92ec50f66cd9582c
Allen VBN,1104058216,563497,TEMPORAL,3.0,bins,1,3994306111,,0.0,25,3.0,NEW_SUPP_S1_FIXED_SEED,,095ae9d314dcf6a042ec03647983c241314d873ca11be48025bf7e812fee0aa6,0057520300766395bd9eca9eda3c0cdc08717c7804cff77a92ec50f66cd9582c
Allen VBN,1104058216,563497,TEMPORAL,3.0,bins,2,2133628486,,0.0,25,3.0,NEW_SUPP_S1_FIXED_SEED,,9b8ce8a21f35b675b7649d0df30fdd1bb6272b7c75f8b1b8add9e5d97de9ea7c,0057520300766395bd9eca9eda3c0cdc08717c7804cff77a92ec50f66cd9582c
Allen VBN,1104058216,563497,TEMPORAL,3.0,bins,3,3591409318,,0.0,25,3.0,NEW_SUPP_S1_FIXED_SEED,,4ffcab78d1f754192f0d55bc16735ca176a6e76625549f13581e48c8c68cd5b4,0057520300766395bd9eca9eda3c0cdc08717c7804cff77a92ec50f66cd9582c
Allen VBN,1104058216,563497,TEMPORAL,3.0,bins,4,3736707314,,0.0,25,3.0,NEW_SUPP_S1_FIXED_SEED,,73b95f63043c0ef6f9cc10239d3e78be048db551d23f30314edf6f75918f9231,0057520300766395bd9eca9eda3c0cdc08717c7804cff77a92ec50f66cd9582c
Allen VBN,1104058216,563497,TEMPORAL,5.0,bins,0,FORMAL_ANCHOR,,nan,25,nan,MAIN_FROZEN_T5,,6dd2b999769d00616fe8684881cc561e7fe255d7708885a395ece9be8fcbff3e,0057520300766395bd9eca9eda3c0cdc08717c7804cff77a92ec50f66cd9582c
Allen VBN,1104058216,563497,TEMPORAL,5.0,bins,1,FORMAL_ANCHOR,,nan,25,nan,MAIN_FROZEN_T5,,e8e19f93e01054cc42f98dbbccff33b4816e4af5939a3bcbfd7ab2b4fc46180e,0057520300766395bd9eca9eda3c0cdc08717c7804cff77a92ec50f66cd9582c
Allen VBN,1104058216,563497,TEMPORAL,5.0,bins,2,FORMAL_ANCHOR,,nan,25,nan,MAIN_FROZEN_T5,,81a390f4f1647dac618e7a3a2740cfcb4f3ec0b6fc310e2bece9ddfe5e257e70,0057520300766395bd9eca9eda3c0cdc08717c7804cff77a92ec50f66cd9582c
Allen VBN,1104058216,563497,TEMPORAL,5.0,bins,3,FORMAL_ANCHOR,,nan,25,nan,MAIN_FROZEN_T5,,80af7849f9879b5c09b59f5c10d698005502fcc1c9b0ebba3c3e2c26b46245e2,0057520300766395bd9eca9eda3c0cdc08717c7804cff77a92ec50f66cd9582c
Allen VBN,1104058216,563497,TEMPORAL,5.0,bins,4,FORMAL_ANCHOR,,nan,25,nan,MAIN_FROZEN_T5,,5474ec122bd6ab426da428a39af09ccf0135e8b4554ebdf95c8c192a99e7b0b7,0057520300766395bd9eca9eda3c0cdc08717c7804cff77a92ec50f66cd9582c
Allen VBN,1104058216,563497,TEMPORAL,7.0,bins,0,4196153621,,0.0,25,7.0,NEW_SUPP_S1_FIXED_SEED,,8625f0089422d6b55861df4d204d120a2d4874839202a95289dd6bbf84dc7966,0057520300766395bd9eca9eda3c0cdc08717c7804cff77a92ec50f66cd9582c
Allen VBN,1104058216,563497,TEMPORAL,7.0,bins,1,967737749,,0.0,25,7.0,NEW_SUPP_S1_FIXED_SEED,,691694789349d21a89a14d27904c40e579edfed9a168fb8653b1ac1db521058d,0057520300766395bd9eca9eda3c0cdc08717c7804cff77a92ec50f66cd9582c
Allen VBN,1104058216,563497,TEMPORAL,7.0,bins,2,4196899529,,0.0,25,7.0,NEW_SUPP_S1_FIXED_SEED,,aa3654d0a53f756075bb01435b2e2df8da29d7718621ee9a260cc8e58d0ab6c8,0057520300766395bd9eca9eda3c0cdc08717c7804cff77a92ec50f66cd9582c
Allen VBN,1104058216,563497,TEMPORAL,7.0,bins,3,2308970928,,0.0,25,7.0,NEW_SUPP_S1_FIXED_SEED,,90e649e107f72750d9977114e78cca945e1aa54aba554de9d55928dbc78b8331,0057520300766395bd9eca9eda3c0cdc08717c7804cff77a92ec50f66cd9582c
Allen VBN,1104058216,563497,TEMPORAL,7.0,bins,4,1987352654,,0.0,25,7.0,NEW_SUPP_S1_FIXED_SEED,,089713109cd053569f4fa6b40b1c8bc208e5804c832fe6a9de7ad84b1647e7bf,0057520300766395bd9eca9eda3c0cdc08717c7804cff77a92ec50f66cd9582c
Allen VBN,1104058216,563497,TEMPORAL,10.0,bins,0,893344311,,0.0,25,10.0,NEW_SUPP_S1_FIXED_SEED,,dd14d17d00cb6f0d5b30aa5d2ec0bf58dd7eb9b1db2b81a946e9bad29c57c815,0057520300766395bd9eca9eda3c0cdc08717c7804cff77a92ec50f66cd9582c
Allen VBN,1104058216,563497,TEMPORAL,10.0,bins,1,1990129454,,0.0,25,10.0,NEW_SUPP_S1_FIXED_SEED,,abf716f339b2695b64d1c3f75b9fe53b39bc7301f903835da8c3daa9bdadc638,0057520300766395bd9eca9eda3c0cdc08717c7804cff77a92ec50f66cd9582c
Allen VBN,1104058216,563497,TEMPORAL,10.0,bins,2,648049815,,0.0,25,10.0,NEW_SUPP_S1_FIXED_SEED,,cac8d8f63c43c4d03390cf9179a6bc0558885780d7372ba30cacb1c84b3b06c3,0057520300766395bd9eca9eda3c0cdc08717c7804cff77a92ec50f66cd9582c
Allen VBN,1104058216,563497,TEMPORAL,10.0,bins,3,3226947895,,0.0,25,10.0,NEW_SUPP_S1_FIXED_SEED,,5ed44d6428b8f99218fca3932a27470bd2663b6500f4cad98629c091be84a123,0057520300766395bd9eca9eda3c0cdc08717c7804cff77a92ec50f66cd9582c
Allen VBN,1104058216,563497,TEMPORAL,10.0,bins,4,1801746275,,0.0,25,10.0,NEW_SUPP_S1_FIXED_SEED,,6cf7920c2274dc3de16c99762ba24c34df8ca688f0e53c541b6602db0058478c,0057520300766395bd9eca9eda3c0cdc08717c7804cff77a92ec50f66cd9582c
Allen VBN,1104058216,563497,UNIT,0.3,proportion,0,FORMAL_ANCHOR,,nan,25,nan,MAIN_FROZEN_U30,,IDENTITY,0057520300766395bd9eca9eda3c0cdc08717c7804cff77a92ec50f66cd9582c
Allen VBN,1104058216,563497,UNIT,0.3,proportion,1,FORMAL_ANCHOR,,nan,25,nan,MAIN_FROZEN_U30,,IDENTITY,0057520300766395bd9eca9eda3c0cdc08717c7804cff77a92ec50f66cd9582c
Allen VBN,1104058216,563497,UNIT,0.3,proportion,2,FORMAL_ANCHOR,,nan,25,nan,MAIN_FROZEN_U30,,IDENTITY,0057520300766395bd9eca9eda3c0cdc08717c7804cff77a92ec50f66cd9582c
Allen VBN,1104058216,563497,UNIT,0.3,proportion,3,FORMAL_ANCHOR,,nan,25,nan,MAIN_FROZEN_U30,,IDENTITY,0057520300766395bd9eca9eda3c0cdc08717c7804cff77a92ec50f66cd9582c
Allen VBN,1104058216,563497,UNIT,0.3,proportion,4,FORMAL_ANCHOR,,nan,25,nan,MAIN_FROZEN_U30,,IDENTITY,0057520300766395bd9eca9eda3c0cdc08717c7804cff77a92ec50f66cd9582c
Allen VBN,1104058216,563497,TEMPORAL,5.0,bins,0,FORMAL_ANCHOR,,nan,25,nan,MAIN_FROZEN_T5,,IDENTITY,0057520300766395bd9eca9eda3c0cdc08717c7804cff77a92ec50f66cd9582c
Allen VBN,1104058216,563497,TEMPORAL,5.0,bins,1,FORMAL_ANCHOR,,nan,25,nan,MAIN_FROZEN_T5,,IDENTITY,0057520300766395bd9eca9eda3c0cdc08717c7804cff77a92ec50f66cd9582c
Allen VBN,1104058216,563497,TEMPORAL,5.0,bins,2,FORMAL_ANCHOR,,nan,25,nan,MAIN_FROZEN_T5,,IDENTITY,0057520300766395bd9eca9eda3c0cdc08717c7804cff77a92ec50f66cd9582c
Allen VBN,1104058216,563497,TEMPORAL,5.0,bins,3,FORMAL_ANCHOR,,nan,25,nan,MAIN_FROZEN_T5,,IDENTITY,0057520300766395bd9eca9eda3c0cdc08717c7804cff77a92ec50f66cd9582c
Allen VBN,1104058216,563497,TEMPORAL,5.0,bins,4,FORMAL_ANCHOR,,nan,25,nan,MAIN_FROZEN_T5,,IDENTITY,0057520300766395bd9eca9eda3c0cdc08717c7804cff77a92ec50f66cd9582c
Allen VBN,1105798776,567286,UNIT,0.1,proportion,0,3180056536,,128.0,25,0.0,NEW_SUPP_S1_FIXED_SEED,,7ee0247685a5f8fa5db0a8a4722410245469c93da93a54749d7f70edff091a3c,0057520300766395bd9eca9eda3c0cdc08717c7804cff77a92ec50f66cd9582c
Allen VBN,1105798776,567286,UNIT,0.1,proportion,1,1348508543,,128.0,25,0.0,NEW_SUPP_S1_FIXED_SEED,,afa605fa3ddf7a13a7eb1a2eadf6456d1659107bd27f2fcfa810739912f40c5a,0057520300766395bd9eca9eda3c0cdc08717c7804cff77a92ec50f66cd9582c
Allen VBN,1105798776,567286,UNIT,0.1,proportion,2,475348909,,128.0,25,0.0,NEW_SUPP_S1_FIXED_SEED,,d4ed8a18b07d2582a47022bc13dacfc64030e3af320be02d82688641ac33663f,0057520300766395bd9eca9eda3c0cdc08717c7804cff77a92ec50f66cd9582c
Allen VBN,1105798776,567286,UNIT,0.1,proportion,3,359625609,,128.0,25,0.0,NEW_SUPP_S1_FIXED_SEED,,78ea73a57a43386fb2c959533f335f9fda6a9bbdcab4e5504384554e544716ad,0057520300766395bd9eca9eda3c0cdc08717c7804cff77a92ec50f66cd9582c
Allen VBN,1105798776,567286,UNIT,0.1,proportion,4,1984366199,,128.0,25,0.0,NEW_SUPP_S1_FIXED_SEED,,b8c28705cc442bb15efbd34f0e0e8f7104a41778bfc45609276c6e8d10439add,0057520300766395bd9eca9eda3c0cdc08717c7804cff77a92ec50f66cd9582c
Allen VBN,1105798776,567286,UNIT,0.2,proportion,0,1812360947,,256.0,25,0.0,NEW_SUPP_S1_FIXED_SEED,,4de83e09e89b17994d938e88fd6e6d7db1ed84807fc85ddc65d8832d7ff0da3b,0057520300766395bd9eca9eda3c0cdc08717c7804cff77a92ec50f66cd9582c
Allen VBN,1105798776,567286,UNIT,0.2,proportion,1,2652224568,,256.0,25,0.0,NEW_SUPP_S1_FIXED_SEED,,4bf8fb7e9a1337e25ff6930676af1b019236186039e279fff9738ee7e4e7acb7,0057520300766395bd9eca9eda3c0cdc08717c7804cff77a92ec50f66cd9582c
Allen VBN,1105798776,567286,UNIT,0.2,proportion,2,2183081471,,256.0,25,0.0,NEW_SUPP_S1_FIXED_SEED,,cb775fe9ee218bfa6ca99135f73c809cc123fad12a9a614813ab34bf572d4e7d,0057520300766395bd9eca9eda3c0cdc08717c7804cff77a92ec50f66cd9582c
Allen VBN,1105798776,567286,UNIT,0.2,proportion,3,706453549,,256.0,25,0.0,NEW_SUPP_S1_FIXED_SEED,,99f9103401073aa82b80df2ae45a1ac4ee4842cd861cd7fcae9e13a4f5a77e74,0057520300766395bd9eca9eda3c0cdc08717c7804cff77a92ec50f66cd9582c
Allen VBN,1105798776,567286,UNIT,0.2,proportion,4,3621212535,,256.0,25,0.0,NEW_SUPP_S1_FIXED_SEED,,dcbdb4f6e33675cb20716c8c2576e06c8bc34dd3678d6dcb0decf2f2e150bf63,0057520300766395bd9eca9eda3c0cdc08717c7804cff77a92ec50f66cd9582c
Allen VBN,1105798776,567286,UNIT,0.3,proportion,0,FORMAL_ANCHOR,,nan,25,nan,MAIN_FROZEN_U30,,6fb67568156c96ca4ef0e6d3e008f181689abd9f306bd27654ea38c972a62ba1,0057520300766395bd9eca9eda3c0cdc08717c7804cff77a92ec50f66cd9582c
Allen VBN,1105798776,567286,UNIT,0.3,proportion,1,FORMAL_ANCHOR,,nan,25,nan,MAIN_FROZEN_U30,,5cf8bc8ffeaee3ec26172728ecda0e656a59f6d542b65bba1aa83b756cd1a3a5,0057520300766395bd9eca9eda3c0cdc08717c7804cff77a92ec50f66cd9582c
Allen VBN,1105798776,567286,UNIT,0.3,proportion,2,FORMAL_ANCHOR,,nan,25,nan,MAIN_FROZEN_U30,,376e1b1a9879c8101695408defc1f2b993c176084fbb50c45a8862585464c332,0057520300766395bd9eca9eda3c0cdc08717c7804cff77a92ec50f66cd9582c
Allen VBN,1105798776,567286,UNIT,0.3,proportion,3,FORMAL_ANCHOR,,nan,25,nan,MAIN_FROZEN_U30,,909c4948b43f37fafae8bcc6d1f4ef9776495fb82d7869c757b1b80ba1263b19,0057520300766395bd9eca9eda3c0cdc08717c7804cff77a92ec50f66cd9582c
Allen VBN,1105798776,567286,UNIT,0.3,proportion,4,FORMAL_ANCHOR,,nan,25,nan,MAIN_FROZEN_U30,,fab01ef7b49643e4806e08b1942143198c0e9b3dd8c0aecdf2ece7092264d95a,0057520300766395bd9eca9eda3c0cdc08717c7804cff77a92ec50f66cd9582c
Allen VBN,1105798776,567286,UNIT,0.4,proportion,0,3750447903,,512.0,25,0.0,NEW_SUPP_S1_FIXED_SEED,,0fd30dbc8bd029e36909e6e3907d4c1b50fb6aac1be69beebc4ccb9370d09aec,0057520300766395bd9eca9eda3c0cdc08717c7804cff77a92ec50f66cd9582c
Allen VBN,1105798776,567286,UNIT,0.4,proportion,1,522936186,,512.0,25,0.0,NEW_SUPP_S1_FIXED_SEED,,e9c524713e3f0d297e72c5880f41fcb743bc117d75a2c8a3e14ed4acf2bdd2e7,0057520300766395bd9eca9eda3c0cdc08717c7804cff77a92ec50f66cd9582c
Allen VBN,1105798776,567286,UNIT,0.4,proportion,2,1852087084,,512.0,25,0.0,NEW_SUPP_S1_FIXED_SEED,,7e49569efc5f96436f20413f40aaa7843a912b474c4e4a7f96a20a5e79d5bfe4,0057520300766395bd9eca9eda3c0cdc08717c7804cff77a92ec50f66cd9582c
Allen VBN,1105798776,567286,UNIT,0.4,proportion,3,825564412,,512.0,25,0.0,NEW_SUPP_S1_FIXED_SEED,,5ea06c148bb646fdfdd7058e1afde62adea70d0b19b984794e969ffe5b1460b8,0057520300766395bd9eca9eda3c0cdc08717c7804cff77a92ec50f66cd9582c
Allen VBN,1105798776,567286,UNIT,0.4,proportion,4,366690655,,512.0,25,0.0,NEW_SUPP_S1_FIXED_SEED,,6eacfa7e728f74b596f4c323d89efbefbb4dbb9174cc1798d333a8ed5d882ba6,0057520300766395bd9eca9eda3c0cdc08717c7804cff77a92ec50f66cd9582c
Allen VBN,1105798776,567286,UNIT,0.5,proportion,0,1588451935,,641.0,25,0.0,NEW_SUPP_S1_FIXED_SEED,,142bdcf22f55a20133be6624887aa87dadb6b40ae369806101b0a1d11276ce30,0057520300766395bd9eca9eda3c0cdc08717c7804cff77a92ec50f66cd9582c
Allen VBN,1105798776,567286,UNIT,0.5,proportion,1,1373249222,,641.0,25,0.0,NEW_SUPP_S1_FIXED_SEED,,511f3355bb88496650ca3d63eb4828181b4b3f3892a0292005fdf531294ab8f9,0057520300766395bd9eca9eda3c0cdc08717c7804cff77a92ec50f66cd9582c
Allen VBN,1105798776,567286,UNIT,0.5,proportion,2,3232481236,,641.0,25,0.0,NEW_SUPP_S1_FIXED_SEED,,2dd8338e25dea7e646586b0e73e70d5103ae4b76f63ffcc96f74f4d7a2a7de69,0057520300766395bd9eca9eda3c0cdc08717c7804cff77a92ec50f66cd9582c
Allen VBN,1105798776,567286,UNIT,0.5,proportion,3,1333250108,,641.0,25,0.0,NEW_SUPP_S1_FIXED_SEED,,9c381e86ca5c3239343c94767cf1ce40ef299367e87551b19983adcc033d5759,0057520300766395bd9eca9eda3c0cdc08717c7804cff77a92ec50f66cd9582c
Allen VBN,1105798776,567286,UNIT,0.5,proportion,4,3916925407,,641.0,25,0.0,NEW_SUPP_S1_FIXED_SEED,,dc69555e0760706bb5d1f0e08e67cb5bb80f746c2639b0a33d84d900c14fd1bd,0057520300766395bd9eca9eda3c0cdc08717c7804cff77a92ec50f66cd9582c
Allen VBN,1105798776,567286,TEMPORAL,2.0,bins,0,3488562053,,0.0,25,2.0,NEW_SUPP_S1_FIXED_SEED,,2cbc978a9848f43833f3db07ccd5ac643cce5785d3ed58d497983edcdfcdc694,0057520300766395bd9eca9eda3c0cdc08717c7804cff77a92ec50f66cd9582c
Allen VBN,1105798776,567286,TEMPORAL,2.0,bins,1,626575361,,0.0,25,2.0,NEW_SUPP_S1_FIXED_SEED,,8fe529148a18115064a8a713b3f65829dbae257b832aedb5eaee0476f9bca0fb,0057520300766395bd9eca9eda3c0cdc08717c7804cff77a92ec50f66cd9582c
Allen VBN,1105798776,567286,TEMPORAL,2.0,bins,2,3116109350,,0.0,25,2.0,NEW_SUPP_S1_FIXED_SEED,,980810aa724250fe9e12d3bdd4fab4b520deeaeae9a9c20074e52868c0734fc9,0057520300766395bd9eca9eda3c0cdc08717c7804cff77a92ec50f66cd9582c
Allen VBN,1105798776,567286,TEMPORAL,2.0,bins,3,1842485217,,0.0,25,2.0,NEW_SUPP_S1_FIXED_SEED,,81f5b71e9a5a789d4ded14afb39491236399a6cf1a02c3168e59adfe24c3faf0,0057520300766395bd9eca9eda3c0cdc08717c7804cff77a92ec50f66cd9582c
Allen VBN,1105798776,567286,TEMPORAL,2.0,bins,4,2856951795,,0.0,25,2.0,NEW_SUPP_S1_FIXED_SEED,,26b3c3c73fbe25d5c76efcc422b34973315d0340f8205ced4592bf969433bb01,0057520300766395bd9eca9eda3c0cdc08717c7804cff77a92ec50f66cd9582c
Allen VBN,1105798776,567286,TEMPORAL,3.0,bins,0,1434732763,,0.0,25,3.0,NEW_SUPP_S1_FIXED_SEED,,35e8d3b73a412da2ce41fd20e7435a269d62119bf5d552d24632312cd920965f,0057520300766395bd9eca9eda3c0cdc08717c7804cff77a92ec50f66cd9582c
Allen VBN,1105798776,567286,TEMPORAL,3.0,bins,1,1856462201,,0.0,25,3.0,NEW_SUPP_S1_FIXED_SEED,,425975722a82490332643ffe4aba1d56366a07fbe7b4fc67d9076b789e1f5246,0057520300766395bd9eca9eda3c0cdc08717c7804cff77a92ec50f66cd9582c
Allen VBN,1105798776,567286,TEMPORAL,3.0,bins,2,2172654137,,0.0,25,3.0,NEW_SUPP_S1_FIXED_SEED,,b51f8dba3d3c13b5e1c73f115e7b1c7b9e5002dd9053eb2eca9dda41cc2c28ee,0057520300766395bd9eca9eda3c0cdc08717c7804cff77a92ec50f66cd9582c
Allen VBN,1105798776,567286,TEMPORAL,3.0,bins,3,4219458326,,0.0,25,3.0,NEW_SUPP_S1_FIXED_SEED,,05cd932c0121e65658c85ba73f54b7447d30a8ecd26c8ee0e18ba27c1d93f60b,0057520300766395bd9eca9eda3c0cdc08717c7804cff77a92ec50f66cd9582c
Allen VBN,1105798776,567286,TEMPORAL,3.0,bins,4,1126129672,,0.0,25,3.0,NEW_SUPP_S1_FIXED_SEED,,728a01b8da72e47fd25b2f1ea641b78941d796976749a2404c4fa467ce235e8b,0057520300766395bd9eca9eda3c0cdc08717c7804cff77a92ec50f66cd9582c
Allen VBN,1105798776,567286,TEMPORAL,5.0,bins,0,FORMAL_ANCHOR,,nan,25,nan,MAIN_FROZEN_T5,,f0e5c4bdc42ff75d2bd2309d76d2b83a8519397f05b129cd6a7c7afcc374b680,0057520300766395bd9eca9eda3c0cdc08717c7804cff77a92ec50f66cd9582c
Allen VBN,1105798776,567286,TEMPORAL,5.0,bins,1,FORMAL_ANCHOR,,nan,25,nan,MAIN_FROZEN_T5,,22f15561803756b40b16865e01a9bdb9d30a63edcc3668a9b0a399a89c2141f6,0057520300766395bd9eca9eda3c0cdc08717c7804cff77a92ec50f66cd9582c
Allen VBN,1105798776,567286,TEMPORAL,5.0,bins,2,FORMAL_ANCHOR,,nan,25,nan,MAIN_FROZEN_T5,,6cf962992f4945e922f2226f8a9bd13fe15808add6aea8e74cc7a2e25cc1d557,0057520300766395bd9eca9eda3c0cdc08717c7804cff77a92ec50f66cd9582c
Allen VBN,1105798776,567286,TEMPORAL,5.0,bins,3,FORMAL_ANCHOR,,nan,25,nan,MAIN_FROZEN_T5,,29a7975550b618d3d40ab3e5d87e813f7c6a37b6d9c37495c5c2ad80e09927c6,0057520300766395bd9eca9eda3c0cdc08717c7804cff77a92ec50f66cd9582c
Allen VBN,1105798776,567286,TEMPORAL,5.0,bins,4,FORMAL_ANCHOR,,nan,25,nan,MAIN_FROZEN_T5,,ce6a971cf1906ab9cb78d4ca5b55de4db7510b54b8d316bc08b7b72050033fd6,0057520300766395bd9eca9eda3c0cdc08717c7804cff77a92ec50f66cd9582c
Allen VBN,1105798776,567286,TEMPORAL,7.0,bins,0,4194543181,,0.0,25,7.0,NEW_SUPP_S1_FIXED_SEED,,980323c32588492205842c4e832e34f6b3d40cc03514629fd57b8bb56c365350,0057520300766395bd9eca9eda3c0cdc08717c7804cff77a92ec50f66cd9582c
Allen VBN,1105798776,567286,TEMPORAL,7.0,bins,1,3148520495,,0.0,25,7.0,NEW_SUPP_S1_FIXED_SEED,,c6e65c142186ac58abaedcd1b78c82d50b185d0bfff8a127868e19e584588de4,0057520300766395bd9eca9eda3c0cdc08717c7804cff77a92ec50f66cd9582c
Allen VBN,1105798776,567286,TEMPORAL,7.0,bins,2,2345624094,,0.0,25,7.0,NEW_SUPP_S1_FIXED_SEED,,1fb4936b59af7571a4ce3c2cb15c24f471662a38ac6689621db9f98bdf778996,0057520300766395bd9eca9eda3c0cdc08717c7804cff77a92ec50f66cd9582c
Allen VBN,1105798776,567286,TEMPORAL,7.0,bins,3,642558912,,0.0,25,7.0,NEW_SUPP_S1_FIXED_SEED,,c1ae8f092d51f396d43117ce72bc5cc0f76d6530d87792cbf96c57f1643d1066,0057520300766395bd9eca9eda3c0cdc08717c7804cff77a92ec50f66cd9582c
Allen VBN,1105798776,567286,TEMPORAL,7.0,bins,4,3622003895,,0.0,25,7.0,NEW_SUPP_S1_FIXED_SEED,,4c8921f4de7044a1d329de0f2b1d497c758c41ec1d423d67ef3ac3fddfefef67,0057520300766395bd9eca9eda3c0cdc08717c7804cff77a92ec50f66cd9582c
Allen VBN,1105798776,567286,TEMPORAL,10.0,bins,0,1535169651,,0.0,25,10.0,NEW_SUPP_S1_FIXED_SEED,,4dc26edeca0af191156715e72e08bc4049086a9b7c79f63dfa5fbc851115975d,0057520300766395bd9eca9eda3c0cdc08717c7804cff77a92ec50f66cd9582c
Allen VBN,1105798776,567286,TEMPORAL,10.0,bins,1,3617313766,,0.0,25,10.0,NEW_SUPP_S1_FIXED_SEED,,1e2bde1d762d557586b666194af6bc07e9c47f7fa9363da442fa39ff65027968,0057520300766395bd9eca9eda3c0cdc08717c7804cff77a92ec50f66cd9582c
Allen VBN,1105798776,567286,TEMPORAL,10.0,bins,2,773288882,,0.0,25,10.0,NEW_SUPP_S1_FIXED_SEED,,ffef0e18fbbe3859d0f45f6e0a0dba6e7ed2884333632864ea6da8456e56f603,0057520300766395bd9eca9eda3c0cdc08717c7804cff77a92ec50f66cd9582c
Allen VBN,1105798776,567286,TEMPORAL,10.0,bins,3,2707981648,,0.0,25,10.0,NEW_SUPP_S1_FIXED_SEED,,a1b26bad1a2d5acd81f8d6880369b65a92a11e433f42921b9c66204102b528aa,0057520300766395bd9eca9eda3c0cdc08717c7804cff77a92ec50f66cd9582c
Allen VBN,1105798776,567286,TEMPORAL,10.0,bins,4,2189994625,,0.0,25,10.0,NEW_SUPP_S1_FIXED_SEED,,c5cc6f442681d523dd2fcd9989dca68f588e32ba3005fce82cddd00b6e4bda27,0057520300766395bd9eca9eda3c0cdc08717c7804cff77a92ec50f66cd9582c
Allen VBN,1105798776,567286,UNIT,0.3,proportion,0,FORMAL_ANCHOR,,nan,25,nan,MAIN_FROZEN_U30,,IDENTITY,0057520300766395bd9eca9eda3c0cdc08717c7804cff77a92ec50f66cd9582c
Allen VBN,1105798776,567286,UNIT,0.3,proportion,1,FORMAL_ANCHOR,,nan,25,nan,MAIN_FROZEN_U30,,IDENTITY,0057520300766395bd9eca9eda3c0cdc08717c7804cff77a92ec50f66cd9582c
Allen VBN,1105798776,567286,UNIT,0.3,proportion,2,FORMAL_ANCHOR,,nan,25,nan,MAIN_FROZEN_U30,,IDENTITY,0057520300766395bd9eca9eda3c0cdc08717c7804cff77a92ec50f66cd9582c
Allen VBN,1105798776,567286,UNIT,0.3,proportion,3,FORMAL_ANCHOR,,nan,25,nan,MAIN_FROZEN_U30,,IDENTITY,0057520300766395bd9eca9eda3c0cdc08717c7804cff77a92ec50f66cd9582c
Allen VBN,1105798776,567286,UNIT,0.3,proportion,4,FORMAL_ANCHOR,,nan,25,nan,MAIN_FROZEN_U30,,IDENTITY,0057520300766395bd9eca9eda3c0cdc08717c7804cff77a92ec50f66cd9582c
Allen VBN,1105798776,567286,TEMPORAL,5.0,bins,0,FORMAL_ANCHOR,,nan,25,nan,MAIN_FROZEN_T5,,IDENTITY,0057520300766395bd9eca9eda3c0cdc08717c7804cff77a92ec50f66cd9582c
Allen VBN,1105798776,567286,TEMPORAL,5.0,bins,1,FORMAL_ANCHOR,,nan,25,nan,MAIN_FROZEN_T5,,IDENTITY,0057520300766395bd9eca9eda3c0cdc08717c7804cff77a92ec50f66cd9582c
Allen VBN,1105798776,567286,TEMPORAL,5.0,bins,2,FORMAL_ANCHOR,,nan,25,nan,MAIN_FROZEN_T5,,IDENTITY,0057520300766395bd9eca9eda3c0cdc08717c7804cff77a92ec50f66cd9582c
Allen VBN,1105798776,567286,TEMPORAL,5.0,bins,3,FORMAL_ANCHOR,,nan,25,nan,MAIN_FROZEN_T5,,IDENTITY,0057520300766395bd9eca9eda3c0cdc08717c7804cff77a92ec50f66cd9582c
Allen VBN,1105798776,567286,TEMPORAL,5.0,bins,4,FORMAL_ANCHOR,,nan,25,nan,MAIN_FROZEN_T5,,IDENTITY,0057520300766395bd9eca9eda3c0cdc08717c7804cff77a92ec50f66cd9582c
Allen VBN,1108531612,570301,UNIT,0.1,proportion,0,3422338725,,134.0,25,0.0,NEW_SUPP_S1_FIXED_SEED,,a6431069fc839f8693d591d9da3291bc9f4c03341bff876d475a8e9a19b9f6b4,0057520300766395bd9eca9eda3c0cdc08717c7804cff77a92ec50f66cd9582c
Allen VBN,1108531612,570301,UNIT,0.1,proportion,1,1826019168,,134.0,25,0.0,NEW_SUPP_S1_FIXED_SEED,,4e7d9f45e1175cf752ac0a44b4d89bd57c5437ff3f5168ed48b3713bf867bf42,0057520300766395bd9eca9eda3c0cdc08717c7804cff77a92ec50f66cd9582c
Allen VBN,1108531612,570301,UNIT,0.1,proportion,2,1198154670,,134.0,25,0.0,NEW_SUPP_S1_FIXED_SEED,,89e26b282f196b9a4b98f2c26d4554a860091fef9e3f900b270442ee781fa179,0057520300766395bd9eca9eda3c0cdc08717c7804cff77a92ec50f66cd9582c
Allen VBN,1108531612,570301,UNIT,0.1,proportion,3,1279189280,,134.0,25,0.0,NEW_SUPP_S1_FIXED_SEED,,0940352b6b909ada0310bf109496d01ba5856a294a81024d75dd6093362205e4,0057520300766395bd9eca9eda3c0cdc08717c7804cff77a92ec50f66cd9582c
Allen VBN,1108531612,570301,UNIT,0.1,proportion,4,391266734,,134.0,25,0.0,NEW_SUPP_S1_FIXED_SEED,,a5028bcc05f124efe49762b54326e9cda04362f8b5a569c66f6bb4db6e898cc1,0057520300766395bd9eca9eda3c0cdc08717c7804cff77a92ec50f66cd9582c
Allen VBN,1108531612,570301,UNIT,0.2,proportion,0,3675032786,,269.0,25,0.0,NEW_SUPP_S1_FIXED_SEED,,99d624e57b028220266f41f906500f128b8a3b1676791695f99d4c213adf2e1f,0057520300766395bd9eca9eda3c0cdc08717c7804cff77a92ec50f66cd9582c
Allen VBN,1108531612,570301,UNIT,0.2,proportion,1,1752343293,,269.0,25,0.0,NEW_SUPP_S1_FIXED_SEED,,520cc05ee383339c2d44f290b96ba51573170c74641cc532b789b57b9253cae0,0057520300766395bd9eca9eda3c0cdc08717c7804cff77a92ec50f66cd9582c
Allen VBN,1108531612,570301,UNIT,0.2,proportion,2,945120503,,269.0,25,0.0,NEW_SUPP_S1_FIXED_SEED,,fbdc37f52ffdc5169685e5a7888d752de011e3c42cbaecdc8d3674a102679f8e,0057520300766395bd9eca9eda3c0cdc08717c7804cff77a92ec50f66cd9582c
Allen VBN,1108531612,570301,UNIT,0.2,proportion,3,3298906015,,269.0,25,0.0,NEW_SUPP_S1_FIXED_SEED,,7fba83f891eb5403623d00f7f4c86cde5122ac761df3e5859c99fc56a5eb30e2,0057520300766395bd9eca9eda3c0cdc08717c7804cff77a92ec50f66cd9582c
Allen VBN,1108531612,570301,UNIT,0.2,proportion,4,312706713,,269.0,25,0.0,NEW_SUPP_S1_FIXED_SEED,,38aac6a9ff78bb70177445c91ec77cd627098859d54d8470443aeb873b9d1051,0057520300766395bd9eca9eda3c0cdc08717c7804cff77a92ec50f66cd9582c
Allen VBN,1108531612,570301,UNIT,0.3,proportion,0,FORMAL_ANCHOR,,nan,25,nan,MAIN_FROZEN_U30,,768042ce5c124140bd71a656ac3c62ee47b4b3618ca4664785dc0c2e71e4a27c,0057520300766395bd9eca9eda3c0cdc08717c7804cff77a92ec50f66cd9582c
Allen VBN,1108531612,570301,UNIT,0.3,proportion,1,FORMAL_ANCHOR,,nan,25,nan,MAIN_FROZEN_U30,,135376dc982b523a377737aac31346b76d17f8504316592ae6a98fe0ac7616e6,0057520300766395bd9eca9eda3c0cdc08717c7804cff77a92ec50f66cd9582c
Allen VBN,1108531612,570301,UNIT,0.3,proportion,2,FORMAL_ANCHOR,,nan,25,nan,MAIN_FROZEN_U30,,10d4b77c6689544ca50aa1ff456a8035d855ed9d63ce8bfbd6cc460888cbd6e0,0057520300766395bd9eca9eda3c0cdc08717c7804cff77a92ec50f66cd9582c
Allen VBN,1108531612,570301,UNIT,0.3,proportion,3,FORMAL_ANCHOR,,nan,25,nan,MAIN_FROZEN_U30,,8738f8b4e837ef4453e9ac7b83ebb819a238253b4ccf3ad73f656c6fc95d5f36,0057520300766395bd9eca9eda3c0cdc08717c7804cff77a92ec50f66cd9582c
Allen VBN,1108531612,570301,UNIT,0.3,proportion,4,FORMAL_ANCHOR,,nan,25,nan,MAIN_FROZEN_U30,,ce8d80922fa3e7c5d9a58013ca02bb95c580b65a33c860c2be12e939a4f1cfa4,0057520300766395bd9eca9eda3c0cdc08717c7804cff77a92ec50f66cd9582c
Allen VBN,1108531612,570301,UNIT,0.4,proportion,0,2235163041,,538.0,25,0.0,NEW_SUPP_S1_FIXED_SEED,,dc17a01560f23b834aeb53a53855a847c7d7e931ae7c2e98701aa1c6d60e0ab9,0057520300766395bd9eca9eda3c0cdc08717c7804cff77a92ec50f66cd9582c
Allen VBN,1108531612,570301,UNIT,0.4,proportion,1,601131903,,538.0,25,0.0,NEW_SUPP_S1_FIXED_SEED,,a5496777b8fe08f667d8de55c86d692845e7356c50f45a8b66fad677bda0be55,0057520300766395bd9eca9eda3c0cdc08717c7804cff77a92ec50f66cd9582c
Allen VBN,1108531612,570301,UNIT,0.4,proportion,2,1518662622,,538.0,25,0.0,NEW_SUPP_S1_FIXED_SEED,,3767cdfcabcb829c337dfdfa1a0e02f122764ad81d4968e316a32c5a9a83b8a0,0057520300766395bd9eca9eda3c0cdc08717c7804cff77a92ec50f66cd9582c
Allen VBN,1108531612,570301,UNIT,0.4,proportion,3,209541294,,538.0,25,0.0,NEW_SUPP_S1_FIXED_SEED,,f881222fd9e69efa932a5fd473b17fda98970ac483f5a7e20a0e30fbbdea238c,0057520300766395bd9eca9eda3c0cdc08717c7804cff77a92ec50f66cd9582c
Allen VBN,1108531612,570301,UNIT,0.4,proportion,4,1357920889,,538.0,25,0.0,NEW_SUPP_S1_FIXED_SEED,,ff80617dd27e1d36143606ea86dfa3675ccdd7798bd4ce872d8e1010c9346c9e,0057520300766395bd9eca9eda3c0cdc08717c7804cff77a92ec50f66cd9582c
Allen VBN,1108531612,570301,UNIT,0.5,proportion,0,1722892501,,672.0,25,0.0,NEW_SUPP_S1_FIXED_SEED,,6c177b41835cddca93da5aa5671fa384c83ae267f21309955908f35f19ead20d,0057520300766395bd9eca9eda3c0cdc08717c7804cff77a92ec50f66cd9582c
Allen VBN,1108531612,570301,UNIT,0.5,proportion,1,40369026,,672.0,25,0.0,NEW_SUPP_S1_FIXED_SEED,,cdfb8d5f8f758f4a1ffb7fcb91a5f7f1d773fa1d217736aa33d568d05595d8e2,0057520300766395bd9eca9eda3c0cdc08717c7804cff77a92ec50f66cd9582c
Allen VBN,1108531612,570301,UNIT,0.5,proportion,2,3754085317,,672.0,25,0.0,NEW_SUPP_S1_FIXED_SEED,,232eba40e4faa6cd258cc08c4ddee4472cc1a83fdfebee9a6e21782f6791f4cd,0057520300766395bd9eca9eda3c0cdc08717c7804cff77a92ec50f66cd9582c
Allen VBN,1108531612,570301,UNIT,0.5,proportion,3,208841994,,672.0,25,0.0,NEW_SUPP_S1_FIXED_SEED,,9a0a86d42de54081f7a3bbf93ba8e88507ca7a30a53bb543689985df0f9d90d0,0057520300766395bd9eca9eda3c0cdc08717c7804cff77a92ec50f66cd9582c
Allen VBN,1108531612,570301,UNIT,0.5,proportion,4,3497148920,,672.0,25,0.0,NEW_SUPP_S1_FIXED_SEED,,ef77c9c4c8ce16ba6fe241b8d63d01ff51553f0a24c8a90d9d98cfeff5089d57,0057520300766395bd9eca9eda3c0cdc08717c7804cff77a92ec50f66cd9582c
Allen VBN,1108531612,570301,TEMPORAL,2.0,bins,0,730675806,,0.0,25,2.0,NEW_SUPP_S1_FIXED_SEED,,1a258432f1f94b93890e26d6b9135605c3c0a5dcc9ffd517955c274b277cf36c,0057520300766395bd9eca9eda3c0cdc08717c7804cff77a92ec50f66cd9582c
Allen VBN,1108531612,570301,TEMPORAL,2.0,bins,1,241256034,,0.0,25,2.0,NEW_SUPP_S1_FIXED_SEED,,1280c5bd68da823bbeb33c1cde4f718c4d27afe86b08dec96da5ad64a36b8d17,0057520300766395bd9eca9eda3c0cdc08717c7804cff77a92ec50f66cd9582c
Allen VBN,1108531612,570301,TEMPORAL,2.0,bins,2,2287912608,,0.0,25,2.0,NEW_SUPP_S1_FIXED_SEED,,02e574ec1ff6ae98e8510f70d6f6a5409b0c2f719be63837ebcae6be5b4a1fbe,0057520300766395bd9eca9eda3c0cdc08717c7804cff77a92ec50f66cd9582c
Allen VBN,1108531612,570301,TEMPORAL,2.0,bins,3,3595763703,,0.0,25,2.0,NEW_SUPP_S1_FIXED_SEED,,d3d27d6b54490e52c777bf97c68959bca1f93988fee80b07e145e9e33a7f2fa7,0057520300766395bd9eca9eda3c0cdc08717c7804cff77a92ec50f66cd9582c
Allen VBN,1108531612,570301,TEMPORAL,2.0,bins,4,4033108567,,0.0,25,2.0,NEW_SUPP_S1_FIXED_SEED,,6b0ba7bc049b7ecda4199848df54468ab54ef3500550fb6add9f00e3995f821f,0057520300766395bd9eca9eda3c0cdc08717c7804cff77a92ec50f66cd9582c
Allen VBN,1108531612,570301,TEMPORAL,3.0,bins,0,1897477013,,0.0,25,3.0,NEW_SUPP_S1_FIXED_SEED,,e8ae676008d84175717fbf74a3a1df0ed323edae7ee388e4fa4cbc4dd8a767d4,0057520300766395bd9eca9eda3c0cdc08717c7804cff77a92ec50f66cd9582c
Allen VBN,1108531612,570301,TEMPORAL,3.0,bins,1,602352049,,0.0,25,3.0,NEW_SUPP_S1_FIXED_SEED,,f322a385d4258dd66049af640f566c760629cb27ac68d410c885d4a611dc3293,0057520300766395bd9eca9eda3c0cdc08717c7804cff77a92ec50f66cd9582c
Allen VBN,1108531612,570301,TEMPORAL,3.0,bins,2,3606562559,,0.0,25,3.0,NEW_SUPP_S1_FIXED_SEED,,1c24a1b76bf5bc2062e0fa286f0ee8dfb60af0d71c0cb10a2f301b6fa6db54bb,0057520300766395bd9eca9eda3c0cdc08717c7804cff77a92ec50f66cd9582c
Allen VBN,1108531612,570301,TEMPORAL,3.0,bins,3,4110669045,,0.0,25,3.0,NEW_SUPP_S1_FIXED_SEED,,1c96789dceb86a86755224cd7137b5bf629b8da5b88439e9ed98113ce42b8a8b,0057520300766395bd9eca9eda3c0cdc08717c7804cff77a92ec50f66cd9582c
Allen VBN,1108531612,570301,TEMPORAL,3.0,bins,4,1625548290,,0.0,25,3.0,NEW_SUPP_S1_FIXED_SEED,,94cbeede38acfb6d2b9ba2ca935170caad894bd1ac1bcc46b7ae48c9919c41ff,0057520300766395bd9eca9eda3c0cdc08717c7804cff77a92ec50f66cd9582c
Allen VBN,1108531612,570301,TEMPORAL,5.0,bins,0,FORMAL_ANCHOR,,nan,25,nan,MAIN_FROZEN_T5,,520c8374850bce71bd388f4c2d5ee756a836cb079c6aad780aebf08dd43dfb49,0057520300766395bd9eca9eda3c0cdc08717c7804cff77a92ec50f66cd9582c
Allen VBN,1108531612,570301,TEMPORAL,5.0,bins,1,FORMAL_ANCHOR,,nan,25,nan,MAIN_FROZEN_T5,,6d901f857353e83b52ca25cb37eb035fe3b6ca4838fccab5fb5a2229bacf843c,0057520300766395bd9eca9eda3c0cdc08717c7804cff77a92ec50f66cd9582c
Allen VBN,1108531612,570301,TEMPORAL,5.0,bins,2,FORMAL_ANCHOR,,nan,25,nan,MAIN_FROZEN_T5,,1d3c50486c1d85270577311e8ac0e231164bf53a2e84caa1f31bd3f88c349363,0057520300766395bd9eca9eda3c0cdc08717c7804cff77a92ec50f66cd9582c
Allen VBN,1108531612,570301,TEMPORAL,5.0,bins,3,FORMAL_ANCHOR,,nan,25,nan,MAIN_FROZEN_T5,,0302a88eedea1185eececedbf3564ecfa636090caa68b7fa146207a3f162e7fa,0057520300766395bd9eca9eda3c0cdc08717c7804cff77a92ec50f66cd9582c
Allen VBN,1108531612,570301,TEMPORAL,5.0,bins,4,FORMAL_ANCHOR,,nan,25,nan,MAIN_FROZEN_T5,,2387935d12837e5dd11bd7e93e857b8dfb1bc98f5a8f7d86ae8620bdf1b1541a,0057520300766395bd9eca9eda3c0cdc08717c7804cff77a92ec50f66cd9582c
Allen VBN,1108531612,570301,TEMPORAL,7.0,bins,0,2365746066,,0.0,25,7.0,NEW_SUPP_S1_FIXED_SEED,,075d094890a113ea7e8b4c31da839279c45f311310dbeb4816e84e9868c40acd,0057520300766395bd9eca9eda3c0cdc08717c7804cff77a92ec50f66cd9582c
Allen VBN,1108531612,570301,TEMPORAL,7.0,bins,1,3999933066,,0.0,25,7.0,NEW_SUPP_S1_FIXED_SEED,,19482ec0d00ffe13bfb81499a7a44147948851d9040246e2c8ecb79c125dd853,0057520300766395bd9eca9eda3c0cdc08717c7804cff77a92ec50f66cd9582c
Allen VBN,1108531612,570301,TEMPORAL,7.0,bins,2,2518485262,,0.0,25,7.0,NEW_SUPP_S1_FIXED_SEED,,b693f8f0b63ee10f7615e1652a6c82846f553035581da9b400e4d9851a54f0e0,0057520300766395bd9eca9eda3c0cdc08717c7804cff77a92ec50f66cd9582c
Allen VBN,1108531612,570301,TEMPORAL,7.0,bins,3,2686691776,,0.0,25,7.0,NEW_SUPP_S1_FIXED_SEED,,32ce57080d99f9589b64bfb74a4ad791cbc908bde118287bc00c314877fefcd4,0057520300766395bd9eca9eda3c0cdc08717c7804cff77a92ec50f66cd9582c
Allen VBN,1108531612,570301,TEMPORAL,7.0,bins,4,2301295607,,0.0,25,7.0,NEW_SUPP_S1_FIXED_SEED,,21417439f36a35b949f0da274b226e37c3176fc879de633d47805ed38a2a2ad4,0057520300766395bd9eca9eda3c0cdc08717c7804cff77a92ec50f66cd9582c
Allen VBN,1108531612,570301,TEMPORAL,10.0,bins,0,959108818,,0.0,25,10.0,NEW_SUPP_S1_FIXED_SEED,,6100b42eda39989fecfd2d7fc6151bc514a7cec2554fb4ca69530f07233e5a77,0057520300766395bd9eca9eda3c0cdc08717c7804cff77a92ec50f66cd9582c
Allen VBN,1108531612,570301,TEMPORAL,10.0,bins,1,2821773162,,0.0,25,10.0,NEW_SUPP_S1_FIXED_SEED,,e655d50a7885cf8de13e3059ef5de83c879ee32cc18a896011d8337bc382d9d0,0057520300766395bd9eca9eda3c0cdc08717c7804cff77a92ec50f66cd9582c
Allen VBN,1108531612,570301,TEMPORAL,10.0,bins,2,1354946455,,0.0,25,10.0,NEW_SUPP_S1_FIXED_SEED,,555080dbdb1ef1ae32e4e338f1d02a6ca5d250239de22d19b4c7733c3331f292,0057520300766395bd9eca9eda3c0cdc08717c7804cff77a92ec50f66cd9582c
Allen VBN,1108531612,570301,TEMPORAL,10.0,bins,3,1120325632,,0.0,25,10.0,NEW_SUPP_S1_FIXED_SEED,,df69db790ea535e7db4c981a181832017de85c9a43b6696be0c26fa3eb6823da,0057520300766395bd9eca9eda3c0cdc08717c7804cff77a92ec50f66cd9582c
Allen VBN,1108531612,570301,TEMPORAL,10.0,bins,4,4021873332,,0.0,25,10.0,NEW_SUPP_S1_FIXED_SEED,,68d3637f154c833faa4095032bd0c5942c9a4138deb9c3073f0c6e072721b002,0057520300766395bd9eca9eda3c0cdc08717c7804cff77a92ec50f66cd9582c
Allen VBN,1108531612,570301,UNIT,0.3,proportion,0,FORMAL_ANCHOR,,nan,25,nan,MAIN_FROZEN_U30,,IDENTITY,0057520300766395bd9eca9eda3c0cdc08717c7804cff77a92ec50f66cd9582c
Allen VBN,1108531612,570301,UNIT,0.3,proportion,1,FORMAL_ANCHOR,,nan,25,nan,MAIN_FROZEN_U30,,IDENTITY,0057520300766395bd9eca9eda3c0cdc08717c7804cff77a92ec50f66cd9582c
Allen VBN,1108531612,570301,UNIT,0.3,proportion,2,FORMAL_ANCHOR,,nan,25,nan,MAIN_FROZEN_U30,,IDENTITY,0057520300766395bd9eca9eda3c0cdc08717c7804cff77a92ec50f66cd9582c
Allen VBN,1108531612,570301,UNIT,0.3,proportion,3,FORMAL_ANCHOR,,nan,25,nan,MAIN_FROZEN_U30,,IDENTITY,0057520300766395bd9eca9eda3c0cdc08717c7804cff77a92ec50f66cd9582c
Allen VBN,1108531612,570301,UNIT,0.3,proportion,4,FORMAL_ANCHOR,,nan,25,nan,MAIN_FROZEN_U30,,IDENTITY,0057520300766395bd9eca9eda3c0cdc08717c7804cff77a92ec50f66cd9582c
Allen VBN,1108531612,570301,TEMPORAL,5.0,bins,0,FORMAL_ANCHOR,,nan,25,nan,MAIN_FROZEN_T5,,IDENTITY,0057520300766395bd9eca9eda3c0cdc08717c7804cff77a92ec50f66cd9582c
Allen VBN,1108531612,570301,TEMPORAL,5.0,bins,1,FORMAL_ANCHOR,,nan,25,nan,MAIN_FROZEN_T5,,IDENTITY,0057520300766395bd9eca9eda3c0cdc08717c7804cff77a92ec50f66cd9582c
Allen VBN,1108531612,570301,TEMPORAL,5.0,bins,2,FORMAL_ANCHOR,,nan,25,nan,MAIN_FROZEN_T5,,IDENTITY,0057520300766395bd9eca9eda3c0cdc08717c7804cff77a92ec50f66cd9582c
Allen VBN,1108531612,570301,TEMPORAL,5.0,bins,3,FORMAL_ANCHOR,,nan,25,nan,MAIN_FROZEN_T5,,IDENTITY,0057520300766395bd9eca9eda3c0cdc08717c7804cff77a92ec50f66cd9582c
Allen VBN,1108531612,570301,TEMPORAL,5.0,bins,4,FORMAL_ANCHOR,,nan,25,nan,MAIN_FROZEN_T5,,IDENTITY,0057520300766395bd9eca9eda3c0cdc08717c7804cff77a92ec50f66cd9582c
Allen VBN,1044016459,506940,UNIT,0.1,proportion,0,706963538,,237.0,25,0.0,NEW_SUPP_S1_FIXED_SEED,,d8e61d6d2eac5e38d343da4ad3fe23d7b118b48213e4f38ac1da741040b56b88,0057520300766395bd9eca9eda3c0cdc08717c7804cff77a92ec50f66cd9582c
Allen VBN,1044016459,506940,UNIT,0.1,proportion,1,3823852636,,237.0,25,0.0,NEW_SUPP_S1_FIXED_SEED,,9be6b86ade5dd55fafb230059ff7e07799472f45f5960c1ef5eac64d11f82b7f,0057520300766395bd9eca9eda3c0cdc08717c7804cff77a92ec50f66cd9582c
Allen VBN,1044016459,506940,UNIT,0.1,proportion,2,1047770317,,237.0,25,0.0,NEW_SUPP_S1_FIXED_SEED,,549c8eb562b04af031bbfb1275d628290ee7ec86982f3efb65d008dc0efabc01,0057520300766395bd9eca9eda3c0cdc08717c7804cff77a92ec50f66cd9582c
Allen VBN,1044016459,506940,UNIT,0.1,proportion,3,1086222281,,237.0,25,0.0,NEW_SUPP_S1_FIXED_SEED,,5237130341fb449e993d3f14b672c3b9335ca87eb714f0d5e0d8e91c58ad2ae7,0057520300766395bd9eca9eda3c0cdc08717c7804cff77a92ec50f66cd9582c
Allen VBN,1044016459,506940,UNIT,0.1,proportion,4,708186306,,237.0,25,0.0,NEW_SUPP_S1_FIXED_SEED,,0c82748b3d715b0a5a9e42920b30a68d6ba7cde443a306aa201904266d4ebd78,0057520300766395bd9eca9eda3c0cdc08717c7804cff77a92ec50f66cd9582c
Allen VBN,1044016459,506940,UNIT,0.2,proportion,0,231675247,,473.0,25,0.0,NEW_SUPP_S1_FIXED_SEED,,abf16574ee875122bb92322cf42921d01a1de4dde13f036d146311330fbdb6c9,0057520300766395bd9eca9eda3c0cdc08717c7804cff77a92ec50f66cd9582c
Allen VBN,1044016459,506940,UNIT,0.2,proportion,1,2223917615,,473.0,25,0.0,NEW_SUPP_S1_FIXED_SEED,,af46bb67fd611c9ae264b813b4f6ee7931e014030c1d890d32b56bf9b5d60725,0057520300766395bd9eca9eda3c0cdc08717c7804cff77a92ec50f66cd9582c
Allen VBN,1044016459,506940,UNIT,0.2,proportion,2,3055515314,,473.0,25,0.0,NEW_SUPP_S1_FIXED_SEED,,75f66d36bdb7fdf065a5658ff3b3d370cee6997295c305ec6c4a83cb8f7fee91,0057520300766395bd9eca9eda3c0cdc08717c7804cff77a92ec50f66cd9582c
Allen VBN,1044016459,506940,UNIT,0.2,proportion,3,3127188604,,473.0,25,0.0,NEW_SUPP_S1_FIXED_SEED,,a89c5c02af3073bb049d1008583f4661034380af7d2d51620b080d0f8ccd9317,0057520300766395bd9eca9eda3c0cdc08717c7804cff77a92ec50f66cd9582c
Allen VBN,1044016459,506940,UNIT,0.2,proportion,4,3695352789,,473.0,25,0.0,NEW_SUPP_S1_FIXED_SEED,,8f66ebc930019752e2ac191632e158fd0696c1f341a93858f9eb06bf4910c80b,0057520300766395bd9eca9eda3c0cdc08717c7804cff77a92ec50f66cd9582c
Allen VBN,1044016459,506940,UNIT,0.3,proportion,0,FORMAL_ANCHOR,,nan,25,nan,MAIN_FROZEN_U30,,143b448f03c14da7828c84e9788d769d0687b969397f6e36e544e6ca2c37459d,0057520300766395bd9eca9eda3c0cdc08717c7804cff77a92ec50f66cd9582c
Allen VBN,1044016459,506940,UNIT,0.3,proportion,1,FORMAL_ANCHOR,,nan,25,nan,MAIN_FROZEN_U30,,036eaca018ff3bb208af8ec7bc76c72fa23f27fb3725f8b7ad353f0873aba2a8,0057520300766395bd9eca9eda3c0cdc08717c7804cff77a92ec50f66cd9582c
Allen VBN,1044016459,506940,UNIT,0.3,proportion,2,FORMAL_ANCHOR,,nan,25,nan,MAIN_FROZEN_U30,,c51c417f6cfb45734c5b520783a24c220d0229834884e60cfa29eda43936d4c5,0057520300766395bd9eca9eda3c0cdc08717c7804cff77a92ec50f66cd9582c
Allen VBN,1044016459,506940,UNIT,0.3,proportion,3,FORMAL_ANCHOR,,nan,25,nan,MAIN_FROZEN_U30,,dc865c1f59e3b2b4b0f4d4c2f6b765390e7fc79ed10d1aa224edd8b0376127bf,0057520300766395bd9eca9eda3c0cdc08717c7804cff77a92ec50f66cd9582c
Allen VBN,1044016459,506940,UNIT,0.3,proportion,4,FORMAL_ANCHOR,,nan,25,nan,MAIN_FROZEN_U30,,cd02404b95545487d07cbe82db096cf13d3adb06cbe81a9c41f99e4913bdc0cd,0057520300766395bd9eca9eda3c0cdc08717c7804cff77a92ec50f66cd9582c
Allen VBN,1044016459,506940,UNIT,0.4,proportion,0,508128456,,946.0,25,0.0,NEW_SUPP_S1_FIXED_SEED,,c71c877a61dedd45af4cea0f5f31919d9f94749e2a7e54a8f969526778c11dc8,0057520300766395bd9eca9eda3c0cdc08717c7804cff77a92ec50f66cd9582c
Allen VBN,1044016459,506940,UNIT,0.4,proportion,1,2628186763,,946.0,25,0.0,NEW_SUPP_S1_FIXED_SEED,,40e9d2eddb63ee42602ec8f7559544d4a0ce6175d617455a9ee0c34555e1551e,0057520300766395bd9eca9eda3c0cdc08717c7804cff77a92ec50f66cd9582c
Allen VBN,1044016459,506940,UNIT,0.4,proportion,2,1157102649,,946.0,25,0.0,NEW_SUPP_S1_FIXED_SEED,,ff288b9be82f02ffbf9e18dc54831d1e6d2dbf7edf26309a696f3131d041d6d7,0057520300766395bd9eca9eda3c0cdc08717c7804cff77a92ec50f66cd9582c
Allen VBN,1044016459,506940,UNIT,0.4,proportion,3,3977610159,,946.0,25,0.0,NEW_SUPP_S1_FIXED_SEED,,1b55568393c3ea6e9cfebe873cd92a8e00f608cda2e5b603698abab96ca6e5ee,0057520300766395bd9eca9eda3c0cdc08717c7804cff77a92ec50f66cd9582c
Allen VBN,1044016459,506940,UNIT,0.4,proportion,4,1071280707,,946.0,25,0.0,NEW_SUPP_S1_FIXED_SEED,,c571af2ba65c4457e42d72264e939473ff4692a38c8dbf4041ab0422632aaccf,0057520300766395bd9eca9eda3c0cdc08717c7804cff77a92ec50f66cd9582c
Allen VBN,1044016459,506940,UNIT,0.5,proportion,0,4162818061,,1183.0,25,0.0,NEW_SUPP_S1_FIXED_SEED,,0810f975c17cbf81dcb1ba401cdf6702011d18943a483f6493abb316eb3e73b3,0057520300766395bd9eca9eda3c0cdc08717c7804cff77a92ec50f66cd9582c
Allen VBN,1044016459,506940,UNIT,0.5,proportion,1,3859942248,,1183.0,25,0.0,NEW_SUPP_S1_FIXED_SEED,,90c467f89c3db195dc5f848207a28db4dadc5fc87d625311927601655006de65,0057520300766395bd9eca9eda3c0cdc08717c7804cff77a92ec50f66cd9582c
Allen VBN,1044016459,506940,UNIT,0.5,proportion,2,2133613482,,1183.0,25,0.0,NEW_SUPP_S1_FIXED_SEED,,bda1d9dfd4304f880ac62cc6c2c380f350ecef4df85c13c681a319bf4109ce4b,0057520300766395bd9eca9eda3c0cdc08717c7804cff77a92ec50f66cd9582c
Allen VBN,1044016459,506940,UNIT,0.5,proportion,3,2342790806,,1183.0,25,0.0,NEW_SUPP_S1_FIXED_SEED,,5e3dd9c99c82cf5244955bc769495b44abeafd5b366eefb97139d6c6dd3254e0,0057520300766395bd9eca9eda3c0cdc08717c7804cff77a92ec50f66cd9582c
Allen VBN,1044016459,506940,UNIT,0.5,proportion,4,2503034407,,1183.0,25,0.0,NEW_SUPP_S1_FIXED_SEED,,f674c8944446c521c719cee204649d5c99901501f75012a42cbd7adcda8b7d34,0057520300766395bd9eca9eda3c0cdc08717c7804cff77a92ec50f66cd9582c
Allen VBN,1044016459,506940,TEMPORAL,2.0,bins,0,97777740,,0.0,25,2.0,NEW_SUPP_S1_FIXED_SEED,,8fda7ab58186cdc34e7229cb7462bf30d47a7b249ca73fc395a0687ea993d082,0057520300766395bd9eca9eda3c0cdc08717c7804cff77a92ec50f66cd9582c
Allen VBN,1044016459,506940,TEMPORAL,2.0,bins,1,2179580198,,0.0,25,2.0,NEW_SUPP_S1_FIXED_SEED,,11cae4322411d71344cabb89b4c7e9351bfa695c1816b75b8cfe52b31fd67bdb,0057520300766395bd9eca9eda3c0cdc08717c7804cff77a92ec50f66cd9582c
Allen VBN,1044016459,506940,TEMPORAL,2.0,bins,2,304706486,,0.0,25,2.0,NEW_SUPP_S1_FIXED_SEED,,979b04caee168f179e26ab94c0d1574550fa7330020da6a32324aaf9a95c534e,0057520300766395bd9eca9eda3c0cdc08717c7804cff77a92ec50f66cd9582c
Allen VBN,1044016459,506940,TEMPORAL,2.0,bins,3,1156120845,,0.0,25,2.0,NEW_SUPP_S1_FIXED_SEED,,a206b6f7a87b04320c3d2d5f508a7f4b48712f3e4b7fcdc09b52c6767b1f592d,0057520300766395bd9eca9eda3c0cdc08717c7804cff77a92ec50f66cd9582c
Allen VBN,1044016459,506940,TEMPORAL,2.0,bins,4,726637713,,0.0,25,2.0,NEW_SUPP_S1_FIXED_SEED,,3615049221f1942ef30e770e3dfd12bb8817e2e27eb394c14266c361d4cac038,0057520300766395bd9eca9eda3c0cdc08717c7804cff77a92ec50f66cd9582c
Allen VBN,1044016459,506940,TEMPORAL,3.0,bins,0,3056360225,,0.0,25,3.0,NEW_SUPP_S1_FIXED_SEED,,3bc73362882fb05654c4889f40509306911c2a9a963e1b727455c08bd1eccbc5,0057520300766395bd9eca9eda3c0cdc08717c7804cff77a92ec50f66cd9582c
Allen VBN,1044016459,506940,TEMPORAL,3.0,bins,1,2028025248,,0.0,25,3.0,NEW_SUPP_S1_FIXED_SEED,,0430afcb8b51fc43a868de2232b6672d90c49d679869832cc5605a8e86e55016,0057520300766395bd9eca9eda3c0cdc08717c7804cff77a92ec50f66cd9582c
Allen VBN,1044016459,506940,TEMPORAL,3.0,bins,2,398215361,,0.0,25,3.0,NEW_SUPP_S1_FIXED_SEED,,a5c775cc815b659dba3b1fcee6ea3c6d3b9137ba061d3cab1643446a53ebc790,0057520300766395bd9eca9eda3c0cdc08717c7804cff77a92ec50f66cd9582c
Allen VBN,1044016459,506940,TEMPORAL,3.0,bins,3,1903994694,,0.0,25,3.0,NEW_SUPP_S1_FIXED_SEED,,2594dac59d056f59c0bff77585c7cd4532d8e10dda9007ebf2053532f0aa890e,0057520300766395bd9eca9eda3c0cdc08717c7804cff77a92ec50f66cd9582c
Allen VBN,1044016459,506940,TEMPORAL,3.0,bins,4,1398544166,,0.0,25,3.0,NEW_SUPP_S1_FIXED_SEED,,0f19d2d6d44a49036cbfda4f6682220b41c8d7920e1e19e3c9e548173c7148ce,0057520300766395bd9eca9eda3c0cdc08717c7804cff77a92ec50f66cd9582c
Allen VBN,1044016459,506940,TEMPORAL,5.0,bins,0,FORMAL_ANCHOR,,nan,25,nan,MAIN_FROZEN_T5,,c136613eab63a6751facee4b62d343072d79efaeba32182a62877744d50a8d13,0057520300766395bd9eca9eda3c0cdc08717c7804cff77a92ec50f66cd9582c
Allen VBN,1044016459,506940,TEMPORAL,5.0,bins,1,FORMAL_ANCHOR,,nan,25,nan,MAIN_FROZEN_T5,,171e21dd442aee02849fbff6cbe2ddebce4633552e5c07e5ea5a1316d9b84938,0057520300766395bd9eca9eda3c0cdc08717c7804cff77a92ec50f66cd9582c
Allen VBN,1044016459,506940,TEMPORAL,5.0,bins,2,FORMAL_ANCHOR,,nan,25,nan,MAIN_FROZEN_T5,,30b5859cca9b45dbc2931d22f56135b14a2e456e6d294d2127b4f2c793dac9d7,0057520300766395bd9eca9eda3c0cdc08717c7804cff77a92ec50f66cd9582c
Allen VBN,1044016459,506940,TEMPORAL,5.0,bins,3,FORMAL_ANCHOR,,nan,25,nan,MAIN_FROZEN_T5,,5c3322cc85433af5c4a04608541a747f06201d573f71465e47cb04e53023fc60,0057520300766395bd9eca9eda3c0cdc08717c7804cff77a92ec50f66cd9582c
Allen VBN,1044016459,506940,TEMPORAL,5.0,bins,4,FORMAL_ANCHOR,,nan,25,nan,MAIN_FROZEN_T5,,e2cbc5b42e898bd2713de3915359ca5d63247ae6b4d09fbfb96514ac8273d1a9,0057520300766395bd9eca9eda3c0cdc08717c7804cff77a92ec50f66cd9582c
Allen VBN,1044016459,506940,TEMPORAL,7.0,bins,0,2378450656,,0.0,25,7.0,NEW_SUPP_S1_FIXED_SEED,,ce787e8fc81b8d3a286b4fc418485a90942d9851a25b59eb3380881af3cc677c,0057520300766395bd9eca9eda3c0cdc08717c7804cff77a92ec50f66cd9582c
Allen VBN,1044016459,506940,TEMPORAL,7.0,bins,1,4237566160,,0.0,25,7.0,NEW_SUPP_S1_FIXED_SEED,,392f910b799a9778a18086ac81b95d7f8f506935467d5e67b26192f354480581,0057520300766395bd9eca9eda3c0cdc08717c7804cff77a92ec50f66cd9582c
Allen VBN,1044016459,506940,TEMPORAL,7.0,bins,2,2334402352,,0.0,25,7.0,NEW_SUPP_S1_FIXED_SEED,,1e239d7f11fbf918bdb517992781b3b8b4571fcf060803cbda6463d7688f2a5d,0057520300766395bd9eca9eda3c0cdc08717c7804cff77a92ec50f66cd9582c
Allen VBN,1044016459,506940,TEMPORAL,7.0,bins,3,1690136470,,0.0,25,7.0,NEW_SUPP_S1_FIXED_SEED,,7bf829e0f14f718e73834a1cecff42fec1700218644fe0defede18311709b45a,0057520300766395bd9eca9eda3c0cdc08717c7804cff77a92ec50f66cd9582c
Allen VBN,1044016459,506940,TEMPORAL,7.0,bins,4,2261963874,,0.0,25,7.0,NEW_SUPP_S1_FIXED_SEED,,b19000bcb158a2613937379d977b20c2bb66dfce25535b56e678f03c0518514c,0057520300766395bd9eca9eda3c0cdc08717c7804cff77a92ec50f66cd9582c
Allen VBN,1044016459,506940,TEMPORAL,10.0,bins,0,884131903,,0.0,25,10.0,NEW_SUPP_S1_FIXED_SEED,,6d310c4d6d1f5e9ce04a0fd39b1cd22f9bddec4a80c46177b96c18049ec7d1f1,0057520300766395bd9eca9eda3c0cdc08717c7804cff77a92ec50f66cd9582c
Allen VBN,1044016459,506940,TEMPORAL,10.0,bins,1,1177406111,,0.0,25,10.0,NEW_SUPP_S1_FIXED_SEED,,6e9fd85d384cead24cd41affa0854bb6a679109faf78487ebb78500626429b0c,0057520300766395bd9eca9eda3c0cdc08717c7804cff77a92ec50f66cd9582c
Allen VBN,1044016459,506940,TEMPORAL,10.0,bins,2,2149874788,,0.0,25,10.0,NEW_SUPP_S1_FIXED_SEED,,0c46bb595fe4454e6e3c110ec1b6485c8f571e2beb8c234e6e7dc8cc8e7fecb6,0057520300766395bd9eca9eda3c0cdc08717c7804cff77a92ec50f66cd9582c
Allen VBN,1044016459,506940,TEMPORAL,10.0,bins,3,548899024,,0.0,25,10.0,NEW_SUPP_S1_FIXED_SEED,,376c262e7eb4a04420dc7d1a7a67e2aef3ea5ef04865bef97f90838956882e22,0057520300766395bd9eca9eda3c0cdc08717c7804cff77a92ec50f66cd9582c
Allen VBN,1044016459,506940,TEMPORAL,10.0,bins,4,3306611081,,0.0,25,10.0,NEW_SUPP_S1_FIXED_SEED,,c65c6739682d38cdf6293373aeae986175ad587214ad6cd33cfeaa01a25f1465,0057520300766395bd9eca9eda3c0cdc08717c7804cff77a92ec50f66cd9582c
Allen VBN,1044016459,506940,UNIT,0.3,proportion,0,FORMAL_ANCHOR,,nan,25,nan,MAIN_FROZEN_U30,,IDENTITY,0057520300766395bd9eca9eda3c0cdc08717c7804cff77a92ec50f66cd9582c
Allen VBN,1044016459,506940,UNIT,0.3,proportion,1,FORMAL_ANCHOR,,nan,25,nan,MAIN_FROZEN_U30,,IDENTITY,0057520300766395bd9eca9eda3c0cdc08717c7804cff77a92ec50f66cd9582c
Allen VBN,1044016459,506940,UNIT,0.3,proportion,2,FORMAL_ANCHOR,,nan,25,nan,MAIN_FROZEN_U30,,IDENTITY,0057520300766395bd9eca9eda3c0cdc08717c7804cff77a92ec50f66cd9582c
Allen VBN,1044016459,506940,UNIT,0.3,proportion,3,FORMAL_ANCHOR,,nan,25,nan,MAIN_FROZEN_U30,,IDENTITY,0057520300766395bd9eca9eda3c0cdc08717c7804cff77a92ec50f66cd9582c
Allen VBN,1044016459,506940,UNIT,0.3,proportion,4,FORMAL_ANCHOR,,nan,25,nan,MAIN_FROZEN_U30,,IDENTITY,0057520300766395bd9eca9eda3c0cdc08717c7804cff77a92ec50f66cd9582c
Allen VBN,1044016459,506940,TEMPORAL,5.0,bins,0,FORMAL_ANCHOR,,nan,25,nan,MAIN_FROZEN_T5,,IDENTITY,0057520300766395bd9eca9eda3c0cdc08717c7804cff77a92ec50f66cd9582c
Allen VBN,1044016459,506940,TEMPORAL,5.0,bins,1,FORMAL_ANCHOR,,nan,25,nan,MAIN_FROZEN_T5,,IDENTITY,0057520300766395bd9eca9eda3c0cdc08717c7804cff77a92ec50f66cd9582c
Allen VBN,1044016459,506940,TEMPORAL,5.0,bins,2,FORMAL_ANCHOR,,nan,25,nan,MAIN_FROZEN_T5,,IDENTITY,0057520300766395bd9eca9eda3c0cdc08717c7804cff77a92ec50f66cd9582c
Allen VBN,1044016459,506940,TEMPORAL,5.0,bins,3,FORMAL_ANCHOR,,nan,25,nan,MAIN_FROZEN_T5,,IDENTITY,0057520300766395bd9eca9eda3c0cdc08717c7804cff77a92ec50f66cd9582c
Allen VBN,1044016459,506940,TEMPORAL,5.0,bins,4,FORMAL_ANCHOR,,nan,25,nan,MAIN_FROZEN_T5,,IDENTITY,0057520300766395bd9eca9eda3c0cdc08717c7804cff77a92ec50f66cd9582c
Allen VBN,1044385384,524761,UNIT,0.1,proportion,0,3799914454,,218.0,25,0.0,NEW_SUPP_S1_FIXED_SEED,,5ad7a3be5ace8f08f5aa80afa8742cb8689a1e1b1dc45b64a2d08f3650056287,0057520300766395bd9eca9eda3c0cdc08717c7804cff77a92ec50f66cd9582c
Allen VBN,1044385384,524761,UNIT,0.1,proportion,1,3697579449,,218.0,25,0.0,NEW_SUPP_S1_FIXED_SEED,,6560dab49ec75da4bf099cc5b78d5851c319ea61114cf126b0914ce42fcd47b3,0057520300766395bd9eca9eda3c0cdc08717c7804cff77a92ec50f66cd9582c
Allen VBN,1044385384,524761,UNIT,0.1,proportion,2,705015023,,218.0,25,0.0,NEW_SUPP_S1_FIXED_SEED,,1ee162d5b82190a8698ec4f0419fec7346070f3a9839d944ccfc6cd895650544,0057520300766395bd9eca9eda3c0cdc08717c7804cff77a92ec50f66cd9582c
Allen VBN,1044385384,524761,UNIT,0.1,proportion,3,1963218124,,218.0,25,0.0,NEW_SUPP_S1_FIXED_SEED,,40483220e25d9fbfd5d48dca5648129ab0e46251f7879e09feb8228067c8ec2a,0057520300766395bd9eca9eda3c0cdc08717c7804cff77a92ec50f66cd9582c
Allen VBN,1044385384,524761,UNIT,0.1,proportion,4,679178374,,218.0,25,0.0,NEW_SUPP_S1_FIXED_SEED,,d0b9864eec98ad9beff9abaeb3e3970083124a2f0e651271401f469b8755ee5d,0057520300766395bd9eca9eda3c0cdc08717c7804cff77a92ec50f66cd9582c
Allen VBN,1044385384,524761,UNIT,0.2,proportion,0,2605922349,,436.0,25,0.0,NEW_SUPP_S1_FIXED_SEED,,19c61b28b327a120e4434ef87e5222edca5e1dcc9a6d7ba6a92938118b0d1870,0057520300766395bd9eca9eda3c0cdc08717c7804cff77a92ec50f66cd9582c
Allen VBN,1044385384,524761,UNIT,0.2,proportion,1,1466228249,,436.0,25,0.0,NEW_SUPP_S1_FIXED_SEED,,9044abfdada4087cca0b6f4e83c2ae0acda544f0dd1f1955691bef1913172033,0057520300766395bd9eca9eda3c0cdc08717c7804cff77a92ec50f66cd9582c
Allen VBN,1044385384,524761,UNIT,0.2,proportion,2,4009148173,,436.0,25,0.0,NEW_SUPP_S1_FIXED_SEED,,2a27ca9caf5c3c5e72ba510f2472f9ae19155a901a59dc7d5797ef83543a7a24,0057520300766395bd9eca9eda3c0cdc08717c7804cff77a92ec50f66cd9582c
Allen VBN,1044385384,524761,UNIT,0.2,proportion,3,1703899202,,436.0,25,0.0,NEW_SUPP_S1_FIXED_SEED,,852e7f75c019c2f3d2959f03be3cdf13cc0aa46f0cef19e276c7f8cf2d25fbee,0057520300766395bd9eca9eda3c0cdc08717c7804cff77a92ec50f66cd9582c
Allen VBN,1044385384,524761,UNIT,0.2,proportion,4,384853522,,436.0,25,0.0,NEW_SUPP_S1_FIXED_SEED,,1a8b72e56680797f22a88dc02760f9f602e2eeacd3599f8e0e4ffc4176071cad,0057520300766395bd9eca9eda3c0cdc08717c7804cff77a92ec50f66cd9582c
Allen VBN,1044385384,524761,UNIT,0.3,proportion,0,FORMAL_ANCHOR,,nan,25,nan,MAIN_FROZEN_U30,,4daae8f28be6896d00a8a159623f016060eb1ff2186f33d5f16509accd6b62bc,0057520300766395bd9eca9eda3c0cdc08717c7804cff77a92ec50f66cd9582c
Allen VBN,1044385384,524761,UNIT,0.3,proportion,1,FORMAL_ANCHOR,,nan,25,nan,MAIN_FROZEN_U30,,047d0fc251a09efe8c94bd96c99305d975f1a4fa57ee708d43c9553e0abcbc38,0057520300766395bd9eca9eda3c0cdc08717c7804cff77a92ec50f66cd9582c
Allen VBN,1044385384,524761,UNIT,0.3,proportion,2,FORMAL_ANCHOR,,nan,25,nan,MAIN_FROZEN_U30,,6fc40e4c61b5d08372d96ecd79190fb68308d74ea7db53bca4d393f527e837a7,0057520300766395bd9eca9eda3c0cdc08717c7804cff77a92ec50f66cd9582c
Allen VBN,1044385384,524761,UNIT,0.3,proportion,3,FORMAL_ANCHOR,,nan,25,nan,MAIN_FROZEN_U30,,b40da351eaf41946348f7d32689dc2e7246f89bc4de08128e69d1f797a83a92e,0057520300766395bd9eca9eda3c0cdc08717c7804cff77a92ec50f66cd9582c
Allen VBN,1044385384,524761,UNIT,0.3,proportion,4,FORMAL_ANCHOR,,nan,25,nan,MAIN_FROZEN_U30,,e9c63b0f9030a2e29c10478471ac79b14c531133d40ccb54d02752b667749692,0057520300766395bd9eca9eda3c0cdc08717c7804cff77a92ec50f66cd9582c
Allen VBN,1044385384,524761,UNIT,0.4,proportion,0,1142346454,,872.0,25,0.0,NEW_SUPP_S1_FIXED_SEED,,0a81bdbe655e14ef5178ce6ef3c222cc1653beba8acbe1770adbafd496b890e0,0057520300766395bd9eca9eda3c0cdc08717c7804cff77a92ec50f66cd9582c
Allen VBN,1044385384,524761,UNIT,0.4,proportion,1,3426664218,,872.0,25,0.0,NEW_SUPP_S1_FIXED_SEED,,6b2c32d56d1949336ff90a4750965b9e06a9289a666d92a74a29d8b968a77924,0057520300766395bd9eca9eda3c0cdc08717c7804cff77a92ec50f66cd9582c
Allen VBN,1044385384,524761,UNIT,0.4,proportion,2,2764915724,,872.0,25,0.0,NEW_SUPP_S1_FIXED_SEED,,1a8ed5d08f7e8d5bc4f1354faefdad53aa15cba69b1ff420fee41a40deab5df7,0057520300766395bd9eca9eda3c0cdc08717c7804cff77a92ec50f66cd9582c
Allen VBN,1044385384,524761,UNIT,0.4,proportion,3,1246911921,,872.0,25,0.0,NEW_SUPP_S1_FIXED_SEED,,97f1a020086f92ad834c95a1d586f35157587818d9cb5043dfb9ebfd5efe789e,0057520300766395bd9eca9eda3c0cdc08717c7804cff77a92ec50f66cd9582c
Allen VBN,1044385384,524761,UNIT,0.4,proportion,4,1928107024,,872.0,25,0.0,NEW_SUPP_S1_FIXED_SEED,,ca9861dae05d062580866336201f7aa86d9c03d1a55389e32416b58507b2744d,0057520300766395bd9eca9eda3c0cdc08717c7804cff77a92ec50f66cd9582c
Allen VBN,1044385384,524761,UNIT,0.5,proportion,0,960276643,,1090.0,25,0.0,NEW_SUPP_S1_FIXED_SEED,,4cdce6203d060e31a365093a11b9af4c4a86e384cc9939ac2f60a85c7a434c5d,0057520300766395bd9eca9eda3c0cdc08717c7804cff77a92ec50f66cd9582c
Allen VBN,1044385384,524761,UNIT,0.5,proportion,1,2925409948,,1090.0,25,0.0,NEW_SUPP_S1_FIXED_SEED,,4b1527725f058eb4d34647ad5469fad1715f1b4a044d72c741c7f4d40aa0aa25,0057520300766395bd9eca9eda3c0cdc08717c7804cff77a92ec50f66cd9582c
Allen VBN,1044385384,524761,UNIT,0.5,proportion,2,2859906014,,1090.0,25,0.0,NEW_SUPP_S1_FIXED_SEED,,779ad1485cae0de37e18e0e5c1efcb93966391c15a49ff518fc3b004abaca3b0,0057520300766395bd9eca9eda3c0cdc08717c7804cff77a92ec50f66cd9582c
Allen VBN,1044385384,524761,UNIT,0.5,proportion,3,2999489252,,1090.0,25,0.0,NEW_SUPP_S1_FIXED_SEED,,1be78f424eac599430a19a96c063f44725d7a235384593fdfe0a51a7c49218cc,0057520300766395bd9eca9eda3c0cdc08717c7804cff77a92ec50f66cd9582c
Allen VBN,1044385384,524761,UNIT,0.5,proportion,4,226058361,,1090.0,25,0.0,NEW_SUPP_S1_FIXED_SEED,,7d3b66736cb0e4c2dea5b48e146f8b230a97a1a8004ad5b327c2bd2b5f97e8c7,0057520300766395bd9eca9eda3c0cdc08717c7804cff77a92ec50f66cd9582c
Allen VBN,1044385384,524761,TEMPORAL,2.0,bins,0,3087395902,,0.0,25,2.0,NEW_SUPP_S1_FIXED_SEED,,9f7c25379f1db7d0c384c8effe16bea24a12f771ff5b884c08196e422d158d12,0057520300766395bd9eca9eda3c0cdc08717c7804cff77a92ec50f66cd9582c
Allen VBN,1044385384,524761,TEMPORAL,2.0,bins,1,1637956520,,0.0,25,2.0,NEW_SUPP_S1_FIXED_SEED,,850969bf4fc22f8069b89611fd0ffc501e65e15332a434b6ee11e02413fdf767,0057520300766395bd9eca9eda3c0cdc08717c7804cff77a92ec50f66cd9582c
Allen VBN,1044385384,524761,TEMPORAL,2.0,bins,2,545444637,,0.0,25,2.0,NEW_SUPP_S1_FIXED_SEED,,3cc3a525bf7333115e416175e2dfeb1d8f60a173819d91fefae268c79bf87d57,0057520300766395bd9eca9eda3c0cdc08717c7804cff77a92ec50f66cd9582c
Allen VBN,1044385384,524761,TEMPORAL,2.0,bins,3,583514230,,0.0,25,2.0,NEW_SUPP_S1_FIXED_SEED,,e9c358d48ca762d4836022d96db57ff4bb131c631ea46fd5943363dec30730df,0057520300766395bd9eca9eda3c0cdc08717c7804cff77a92ec50f66cd9582c
Allen VBN,1044385384,524761,TEMPORAL,2.0,bins,4,379904311,,0.0,25,2.0,NEW_SUPP_S1_FIXED_SEED,,ee4f9a65a3c59c099f1161086096369f1652cc7706cda3e6e9df89bef64dc64e,0057520300766395bd9eca9eda3c0cdc08717c7804cff77a92ec50f66cd9582c
Allen VBN,1044385384,524761,TEMPORAL,3.0,bins,0,1706530877,,0.0,25,3.0,NEW_SUPP_S1_FIXED_SEED,,9881352d9402945a8c98f3e63eb3df44f4870345388782e9b0f6fbbc3bd926a2,0057520300766395bd9eca9eda3c0cdc08717c7804cff77a92ec50f66cd9582c
Allen VBN,1044385384,524761,TEMPORAL,3.0,bins,1,3739862373,,0.0,25,3.0,NEW_SUPP_S1_FIXED_SEED,,dee847ddbbea891801322861850d697acf634d178bc57f2b61b3722ed73a4679,0057520300766395bd9eca9eda3c0cdc08717c7804cff77a92ec50f66cd9582c
Allen VBN,1044385384,524761,TEMPORAL,3.0,bins,2,2889503123,,0.0,25,3.0,NEW_SUPP_S1_FIXED_SEED,,3e779b23ad690be2c587a94e41dd2dd8d6110b510a35fe5f2dcf2eef57d0c264,0057520300766395bd9eca9eda3c0cdc08717c7804cff77a92ec50f66cd9582c
Allen VBN,1044385384,524761,TEMPORAL,3.0,bins,3,1584540667,,0.0,25,3.0,NEW_SUPP_S1_FIXED_SEED,,d9fe735877d1badadc871f503fb39083669645b394702c647d49d8e1e3adea2d,0057520300766395bd9eca9eda3c0cdc08717c7804cff77a92ec50f66cd9582c
Allen VBN,1044385384,524761,TEMPORAL,3.0,bins,4,2230621678,,0.0,25,3.0,NEW_SUPP_S1_FIXED_SEED,,35c068c1ebf31d5384b11bf04c840d19879532d911abda85f5221cfce58058b4,0057520300766395bd9eca9eda3c0cdc08717c7804cff77a92ec50f66cd9582c
Allen VBN,1044385384,524761,TEMPORAL,5.0,bins,0,FORMAL_ANCHOR,,nan,25,nan,MAIN_FROZEN_T5,,81cb2cb85b276fda82df0a36dc5bc7580c336f24564407d9636c491cc978f6a4,0057520300766395bd9eca9eda3c0cdc08717c7804cff77a92ec50f66cd9582c
Allen VBN,1044385384,524761,TEMPORAL,5.0,bins,1,FORMAL_ANCHOR,,nan,25,nan,MAIN_FROZEN_T5,,fdd4614dddbda580fd9602ded31d44bc8e814c8df057e49c690640630bf8b0ee,0057520300766395bd9eca9eda3c0cdc08717c7804cff77a92ec50f66cd9582c
Allen VBN,1044385384,524761,TEMPORAL,5.0,bins,2,FORMAL_ANCHOR,,nan,25,nan,MAIN_FROZEN_T5,,9fe480ce6d50c9c48ae0b885595d0c3f032f80634a362cdc51d988f1326ea5f3,0057520300766395bd9eca9eda3c0cdc08717c7804cff77a92ec50f66cd9582c
Allen VBN,1044385384,524761,TEMPORAL,5.0,bins,3,FORMAL_ANCHOR,,nan,25,nan,MAIN_FROZEN_T5,,acd06260ae2ef8b5fc0b154e91eec68e9cb5ae3c34e02f67576dceb27ad74c32,0057520300766395bd9eca9eda3c0cdc08717c7804cff77a92ec50f66cd9582c
Allen VBN,1044385384,524761,TEMPORAL,5.0,bins,4,FORMAL_ANCHOR,,nan,25,nan,MAIN_FROZEN_T5,,153653361174bdd7604d71082db9d0ee7157b2bda3482a33abbb566c3ad9855a,0057520300766395bd9eca9eda3c0cdc08717c7804cff77a92ec50f66cd9582c
Allen VBN,1044385384,524761,TEMPORAL,7.0,bins,0,2960482330,,0.0,25,7.0,NEW_SUPP_S1_FIXED_SEED,,2169cffb4d4894f8427735b983cae51e41f8406fb1a4bcb00edf2dce784e18cb,0057520300766395bd9eca9eda3c0cdc08717c7804cff77a92ec50f66cd9582c
Allen VBN,1044385384,524761,TEMPORAL,7.0,bins,1,1882442482,,0.0,25,7.0,NEW_SUPP_S1_FIXED_SEED,,aa206147806bc926e87170ca937364aaf4ed7a5fc3417d01ed9de59bcdd2a722,0057520300766395bd9eca9eda3c0cdc08717c7804cff77a92ec50f66cd9582c
Allen VBN,1044385384,524761,TEMPORAL,7.0,bins,2,990093380,,0.0,25,7.0,NEW_SUPP_S1_FIXED_SEED,,ff871425f92746716418938136657288a0080765b6bb50b5c0dc0761e8a7d2e2,0057520300766395bd9eca9eda3c0cdc08717c7804cff77a92ec50f66cd9582c
Allen VBN,1044385384,524761,TEMPORAL,7.0,bins,3,1531472533,,0.0,25,7.0,NEW_SUPP_S1_FIXED_SEED,,75f7bc351c3eafeec1b5339addc0e9ccffb725453a188f3e3ae1682b0da20601,0057520300766395bd9eca9eda3c0cdc08717c7804cff77a92ec50f66cd9582c
Allen VBN,1044385384,524761,TEMPORAL,7.0,bins,4,1114247756,,0.0,25,7.0,NEW_SUPP_S1_FIXED_SEED,,02f78b3eec57438218bde4972773dc773865df1e55923c8f68aacd01c62a30ee,0057520300766395bd9eca9eda3c0cdc08717c7804cff77a92ec50f66cd9582c
Allen VBN,1044385384,524761,TEMPORAL,10.0,bins,0,1281067478,,0.0,25,10.0,NEW_SUPP_S1_FIXED_SEED,,b938c174a785356f6e840647f0d65db5ae6a9db51e2854564fdd040d67a07d03,0057520300766395bd9eca9eda3c0cdc08717c7804cff77a92ec50f66cd9582c
Allen VBN,1044385384,524761,TEMPORAL,10.0,bins,1,1520583216,,0.0,25,10.0,NEW_SUPP_S1_FIXED_SEED,,6e9efc09d5f27fc243f9e928f9c3ab85be1ba80ffcd2372c17ff7a077a889433,0057520300766395bd9eca9eda3c0cdc08717c7804cff77a92ec50f66cd9582c
Allen VBN,1044385384,524761,TEMPORAL,10.0,bins,2,2725563374,,0.0,25,10.0,NEW_SUPP_S1_FIXED_SEED,,111b9cc76a090d9f1616143bccc9e9b72005713ac3bc7600780e5cf6965f1e25,0057520300766395bd9eca9eda3c0cdc08717c7804cff77a92ec50f66cd9582c
Allen VBN,1044385384,524761,TEMPORAL,10.0,bins,3,3560238622,,0.0,25,10.0,NEW_SUPP_S1_FIXED_SEED,,11e0bb715a61fd67b659ea4e3c2e2a8f51ac8938733c62447c87ff9c586cc974,0057520300766395bd9eca9eda3c0cdc08717c7804cff77a92ec50f66cd9582c
Allen VBN,1044385384,524761,TEMPORAL,10.0,bins,4,1357157705,,0.0,25,10.0,NEW_SUPP_S1_FIXED_SEED,,b8808c09d6b9f6102e715332e3ee9393421d5c4cc0a493d607ba8ce9d75086ad,0057520300766395bd9eca9eda3c0cdc08717c7804cff77a92ec50f66cd9582c
Allen VBN,1044385384,524761,UNIT,0.3,proportion,0,FORMAL_ANCHOR,,nan,25,nan,MAIN_FROZEN_U30,,IDENTITY,0057520300766395bd9eca9eda3c0cdc08717c7804cff77a92ec50f66cd9582c
Allen VBN,1044385384,524761,UNIT,0.3,proportion,1,FORMAL_ANCHOR,,nan,25,nan,MAIN_FROZEN_U30,,IDENTITY,0057520300766395bd9eca9eda3c0cdc08717c7804cff77a92ec50f66cd9582c
Allen VBN,1044385384,524761,UNIT,0.3,proportion,2,FORMAL_ANCHOR,,nan,25,nan,MAIN_FROZEN_U30,,IDENTITY,0057520300766395bd9eca9eda3c0cdc08717c7804cff77a92ec50f66cd9582c
Allen VBN,1044385384,524761,UNIT,0.3,proportion,3,FORMAL_ANCHOR,,nan,25,nan,MAIN_FROZEN_U30,,IDENTITY,0057520300766395bd9eca9eda3c0cdc08717c7804cff77a92ec50f66cd9582c
Allen VBN,1044385384,524761,UNIT,0.3,proportion,4,FORMAL_ANCHOR,,nan,25,nan,MAIN_FROZEN_U30,,IDENTITY,0057520300766395bd9eca9eda3c0cdc08717c7804cff77a92ec50f66cd9582c
Allen VBN,1044385384,524761,TEMPORAL,5.0,bins,0,FORMAL_ANCHOR,,nan,25,nan,MAIN_FROZEN_T5,,IDENTITY,0057520300766395bd9eca9eda3c0cdc08717c7804cff77a92ec50f66cd9582c
Allen VBN,1044385384,524761,TEMPORAL,5.0,bins,1,FORMAL_ANCHOR,,nan,25,nan,MAIN_FROZEN_T5,,IDENTITY,0057520300766395bd9eca9eda3c0cdc08717c7804cff77a92ec50f66cd9582c
Allen VBN,1044385384,524761,TEMPORAL,5.0,bins,2,FORMAL_ANCHOR,,nan,25,nan,MAIN_FROZEN_T5,,IDENTITY,0057520300766395bd9eca9eda3c0cdc08717c7804cff77a92ec50f66cd9582c
Allen VBN,1044385384,524761,TEMPORAL,5.0,bins,3,FORMAL_ANCHOR,,nan,25,nan,MAIN_FROZEN_T5,,IDENTITY,0057520300766395bd9eca9eda3c0cdc08717c7804cff77a92ec50f66cd9582c
Allen VBN,1044385384,524761,TEMPORAL,5.0,bins,4,FORMAL_ANCHOR,,nan,25,nan,MAIN_FROZEN_T5,,IDENTITY,0057520300766395bd9eca9eda3c0cdc08717c7804cff77a92ec50f66cd9582c
Allen VBN,1044389060,510589,UNIT,0.1,proportion,0,2044000529,,165.0,25,0.0,NEW_SUPP_S1_FIXED_SEED,,d56b8219ae81e86a49b987a29d276dd1710588c748996681be7d183d84c714c9,0057520300766395bd9eca9eda3c0cdc08717c7804cff77a92ec50f66cd9582c
Allen VBN,1044389060,510589,UNIT,0.1,proportion,1,2510648239,,165.0,25,0.0,NEW_SUPP_S1_FIXED_SEED,,30338f0583b38d4e35302b676d7f21526afa386a459cdf764ecdc0fb6c4f5f8c,0057520300766395bd9eca9eda3c0cdc08717c7804cff77a92ec50f66cd9582c
Allen VBN,1044389060,510589,UNIT,0.1,proportion,2,292474771,,165.0,25,0.0,NEW_SUPP_S1_FIXED_SEED,,390314cdd94e623f880920736690f5ce90e6269016d2e0a2434faafd9a3e74f1,0057520300766395bd9eca9eda3c0cdc08717c7804cff77a92ec50f66cd9582c
Allen VBN,1044389060,510589,UNIT,0.1,proportion,3,2829445841,,165.0,25,0.0,NEW_SUPP_S1_FIXED_SEED,,79e5a929224dd0d2a91b9fdcfc6684e4f7837ace8d1567652ddd059d8b7d630c,0057520300766395bd9eca9eda3c0cdc08717c7804cff77a92ec50f66cd9582c
Allen VBN,1044389060,510589,UNIT,0.1,proportion,4,793502259,,165.0,25,0.0,NEW_SUPP_S1_FIXED_SEED,,e0c9b9578355a697689cef01e4e11d95126315c594e7fafbfe13babae012d51a,0057520300766395bd9eca9eda3c0cdc08717c7804cff77a92ec50f66cd9582c
Allen VBN,1044389060,510589,UNIT,0.2,proportion,0,4183711747,,329.0,25,0.0,NEW_SUPP_S1_FIXED_SEED,,032c5f2f18df9f7daa61dd2d6ccb7f59ae7e2fff9e0370f436199d2ed90ca8e9,0057520300766395bd9eca9eda3c0cdc08717c7804cff77a92ec50f66cd9582c
Allen VBN,1044389060,510589,UNIT,0.2,proportion,1,2933091989,,329.0,25,0.0,NEW_SUPP_S1_FIXED_SEED,,d623a3ac2f877169104440fa467651edebb32b8ca0a698417391bcce2a46bda9,0057520300766395bd9eca9eda3c0cdc08717c7804cff77a92ec50f66cd9582c
Allen VBN,1044389060,510589,UNIT,0.2,proportion,2,3232301829,,329.0,25,0.0,NEW_SUPP_S1_FIXED_SEED,,9c10606ad35c11de750d095795be04d6b6198576739bcc9b45d4f3fe82256515,0057520300766395bd9eca9eda3c0cdc08717c7804cff77a92ec50f66cd9582c
Allen VBN,1044389060,510589,UNIT,0.2,proportion,3,3855382788,,329.0,25,0.0,NEW_SUPP_S1_FIXED_SEED,,da41983f382640b4d5ff1d1082a8d690d34cdd0f8eff47c54c2ac9a715d66dea,0057520300766395bd9eca9eda3c0cdc08717c7804cff77a92ec50f66cd9582c
Allen VBN,1044389060,510589,UNIT,0.2,proportion,4,3225688277,,329.0,25,0.0,NEW_SUPP_S1_FIXED_SEED,,562fe447fb5747a4be3e88800a9d2bf02e72e13b83023601cb55aab42b931111,0057520300766395bd9eca9eda3c0cdc08717c7804cff77a92ec50f66cd9582c
Allen VBN,1044389060,510589,UNIT,0.3,proportion,0,FORMAL_ANCHOR,,nan,25,nan,MAIN_FROZEN_U30,,8e8ec5518c4e4f8249c3721ff1d1b646df5f73adb37940507d42d2e7690412e4,0057520300766395bd9eca9eda3c0cdc08717c7804cff77a92ec50f66cd9582c
Allen VBN,1044389060,510589,UNIT,0.3,proportion,1,FORMAL_ANCHOR,,nan,25,nan,MAIN_FROZEN_U30,,84ec3f69424c5d8fb401aa3fe3f185b4a3c8f87d65b3570f0ad24ba430ef2ead,0057520300766395bd9eca9eda3c0cdc08717c7804cff77a92ec50f66cd9582c
Allen VBN,1044389060,510589,UNIT,0.3,proportion,2,FORMAL_ANCHOR,,nan,25,nan,MAIN_FROZEN_U30,,5b67b4e083007037b9ccbf89cf9c3f62d118815d77db24accd00aee3be168c42,0057520300766395bd9eca9eda3c0cdc08717c7804cff77a92ec50f66cd9582c
Allen VBN,1044389060,510589,UNIT,0.3,proportion,3,FORMAL_ANCHOR,,nan,25,nan,MAIN_FROZEN_U30,,e3988b6c3482c72fab87320b017a8e6f959067c56871300ff3874d509484e875,0057520300766395bd9eca9eda3c0cdc08717c7804cff77a92ec50f66cd9582c
Allen VBN,1044389060,510589,UNIT,0.3,proportion,4,FORMAL_ANCHOR,,nan,25,nan,MAIN_FROZEN_U30,,946a5f937eac132ba7af8eb240e8e3b46f2981686bd1d04bd7c2009c2093424d,0057520300766395bd9eca9eda3c0cdc08717c7804cff77a92ec50f66cd9582c
Allen VBN,1044389060,510589,UNIT,0.4,proportion,0,1964861154,,658.0,25,0.0,NEW_SUPP_S1_FIXED_SEED,,4830f9241e348ebcae80c8c6d99cabebb627ba8a29cfb32aa8128e538d7ecd62,0057520300766395bd9eca9eda3c0cdc08717c7804cff77a92ec50f66cd9582c
Allen VBN,1044389060,510589,UNIT,0.4,proportion,1,3128464998,,658.0,25,0.0,NEW_SUPP_S1_FIXED_SEED,,9ecce71b04ba2adf5bdfd7b8e47566edf7f2fc8fc82d135265b02e912fdb5314,0057520300766395bd9eca9eda3c0cdc08717c7804cff77a92ec50f66cd9582c
Allen VBN,1044389060,510589,UNIT,0.4,proportion,2,1062413114,,658.0,25,0.0,NEW_SUPP_S1_FIXED_SEED,,beb2a80f36521d71d64535cf87070b0fc1f153e6477014ad0f8af4b890f03e60,0057520300766395bd9eca9eda3c0cdc08717c7804cff77a92ec50f66cd9582c
Allen VBN,1044389060,510589,UNIT,0.4,proportion,3,1268546537,,658.0,25,0.0,NEW_SUPP_S1_FIXED_SEED,,16cb4788025927b849b6fb3030f7dc2a86006afe5bc02c066f619ab1657ac98e,0057520300766395bd9eca9eda3c0cdc08717c7804cff77a92ec50f66cd9582c
Allen VBN,1044389060,510589,UNIT,0.4,proportion,4,1639956757,,658.0,25,0.0,NEW_SUPP_S1_FIXED_SEED,,8800722c694289de9357269bd27dec077ae67c2d802e8327a40ec7291433aa3b,0057520300766395bd9eca9eda3c0cdc08717c7804cff77a92ec50f66cd9582c
Allen VBN,1044389060,510589,UNIT,0.5,proportion,0,1753566124,,823.0,25,0.0,NEW_SUPP_S1_FIXED_SEED,,fb53dc91f9af6d8a8e9869d96094f1be57ea657f5b383ddb5be2183cd596dda1,0057520300766395bd9eca9eda3c0cdc08717c7804cff77a92ec50f66cd9582c
Allen VBN,1044389060,510589,UNIT,0.5,proportion,1,3302142060,,823.0,25,0.0,NEW_SUPP_S1_FIXED_SEED,,2be4664778035bedc8b9388c6f25790496ef5a4ef2693dd6ecf57825562d7b40,0057520300766395bd9eca9eda3c0cdc08717c7804cff77a92ec50f66cd9582c
Allen VBN,1044389060,510589,UNIT,0.5,proportion,2,1289776441,,823.0,25,0.0,NEW_SUPP_S1_FIXED_SEED,,b87d5b5aae2abb80cd70ed16ee7c75d19d91ad88b7887861b7105505c42f387f,0057520300766395bd9eca9eda3c0cdc08717c7804cff77a92ec50f66cd9582c
Allen VBN,1044389060,510589,UNIT,0.5,proportion,3,3678938895,,823.0,25,0.0,NEW_SUPP_S1_FIXED_SEED,,d3400a9a640f4bdb916bba3664e5ba359d3d250cd33994cb391fc6a9c455ed34,0057520300766395bd9eca9eda3c0cdc08717c7804cff77a92ec50f66cd9582c
Allen VBN,1044389060,510589,UNIT,0.5,proportion,4,3229965118,,823.0,25,0.0,NEW_SUPP_S1_FIXED_SEED,,cd41ee4ae98903f4a938a621d68dcfb008316501f8eba23f0ba603939bf608aa,0057520300766395bd9eca9eda3c0cdc08717c7804cff77a92ec50f66cd9582c
Allen VBN,1044389060,510589,TEMPORAL,2.0,bins,0,2907792786,,0.0,25,2.0,NEW_SUPP_S1_FIXED_SEED,,377152f07b1fdea4dcd27426797c10ff650b669f63081a12ad13e611caf1e6b1,0057520300766395bd9eca9eda3c0cdc08717c7804cff77a92ec50f66cd9582c
Allen VBN,1044389060,510589,TEMPORAL,2.0,bins,1,879375769,,0.0,25,2.0,NEW_SUPP_S1_FIXED_SEED,,facbcb6b47493b48067268ba8911e0109acf5a6b94f3c72312bfd9197ea9f8a6,0057520300766395bd9eca9eda3c0cdc08717c7804cff77a92ec50f66cd9582c
Allen VBN,1044389060,510589,TEMPORAL,2.0,bins,2,3616040627,,0.0,25,2.0,NEW_SUPP_S1_FIXED_SEED,,c7ef6e1caf9b8eca066cc783d94a57eee6afbf603dac56ea66d519745640793c,0057520300766395bd9eca9eda3c0cdc08717c7804cff77a92ec50f66cd9582c
Allen VBN,1044389060,510589,TEMPORAL,2.0,bins,3,2398420198,,0.0,25,2.0,NEW_SUPP_S1_FIXED_SEED,,061728fb03adf953625d5e6f8c99d7fd40f4f1cf95b8041bf2b43a3756d73940,0057520300766395bd9eca9eda3c0cdc08717c7804cff77a92ec50f66cd9582c
Allen VBN,1044389060,510589,TEMPORAL,2.0,bins,4,305427327,,0.0,25,2.0,NEW_SUPP_S1_FIXED_SEED,,b98000418a0a24d248049fbb7adc0a06bf0c6960eb888a9193e88490fbfbf660,0057520300766395bd9eca9eda3c0cdc08717c7804cff77a92ec50f66cd9582c
Allen VBN,1044389060,510589,TEMPORAL,3.0,bins,0,1909066880,,0.0,25,3.0,NEW_SUPP_S1_FIXED_SEED,,42d615b2e855167d48f27faf2048fb73fc27c75f6fefcd06c8a054087e0dbe2b,0057520300766395bd9eca9eda3c0cdc08717c7804cff77a92ec50f66cd9582c
Allen VBN,1044389060,510589,TEMPORAL,3.0,bins,1,2878458819,,0.0,25,3.0,NEW_SUPP_S1_FIXED_SEED,,12abd29d7ffa49fa3a52a4c2d1353c18730ff909a074d62ebb78cffd60ebd9e1,0057520300766395bd9eca9eda3c0cdc08717c7804cff77a92ec50f66cd9582c
Allen VBN,1044389060,510589,TEMPORAL,3.0,bins,2,1893945692,,0.0,25,3.0,NEW_SUPP_S1_FIXED_SEED,,5d270efe9f2d2e16b00374329abc1382260abee7123eda73224f78e2a3b77ff6,0057520300766395bd9eca9eda3c0cdc08717c7804cff77a92ec50f66cd9582c
Allen VBN,1044389060,510589,TEMPORAL,3.0,bins,3,3461349669,,0.0,25,3.0,NEW_SUPP_S1_FIXED_SEED,,d95389bc4d61358243f36a059e847487bd87762397cb318d224885d121ef3702,0057520300766395bd9eca9eda3c0cdc08717c7804cff77a92ec50f66cd9582c
Allen VBN,1044389060,510589,TEMPORAL,3.0,bins,4,1893262635,,0.0,25,3.0,NEW_SUPP_S1_FIXED_SEED,,ff79cbf8b1f999cf3e63f67af564c2a9422cf95f808373fdbaa084f94534205e,0057520300766395bd9eca9eda3c0cdc08717c7804cff77a92ec50f66cd9582c
Allen VBN,1044389060,510589,TEMPORAL,5.0,bins,0,FORMAL_ANCHOR,,nan,25,nan,MAIN_FROZEN_T5,,e8d2028dcb359917626ea7b6187e6e8de3c14f522b21aaab0be5c53d4242c5f2,0057520300766395bd9eca9eda3c0cdc08717c7804cff77a92ec50f66cd9582c
Allen VBN,1044389060,510589,TEMPORAL,5.0,bins,1,FORMAL_ANCHOR,,nan,25,nan,MAIN_FROZEN_T5,,8b653e89360e68ba3c67b223c7b09a19ac00e7af96fad2435dd99eae0fe7ab8e,0057520300766395bd9eca9eda3c0cdc08717c7804cff77a92ec50f66cd9582c
Allen VBN,1044389060,510589,TEMPORAL,5.0,bins,2,FORMAL_ANCHOR,,nan,25,nan,MAIN_FROZEN_T5,,d2043755695cfd36bb2f9f7bb4b04f214addb9f3ede4c811d59ba04a57b8f7f9,0057520300766395bd9eca9eda3c0cdc08717c7804cff77a92ec50f66cd9582c
Allen VBN,1044389060,510589,TEMPORAL,5.0,bins,3,FORMAL_ANCHOR,,nan,25,nan,MAIN_FROZEN_T5,,7ecdd138ebdf04ad6d7b7dc57b166da35301e2144e931ba2e96a102c163dcfb3,0057520300766395bd9eca9eda3c0cdc08717c7804cff77a92ec50f66cd9582c
Allen VBN,1044389060,510589,TEMPORAL,5.0,bins,4,FORMAL_ANCHOR,,nan,25,nan,MAIN_FROZEN_T5,,a665fc121ed0d4580e29af204ec5e4c2acb7bcdd346ef9f33ab55cc09b31b4e4,0057520300766395bd9eca9eda3c0cdc08717c7804cff77a92ec50f66cd9582c
Allen VBN,1044389060,510589,TEMPORAL,7.0,bins,0,1659105637,,0.0,25,7.0,NEW_SUPP_S1_FIXED_SEED,,f1c61db57240933ba0a12282fa7e612772025037b0ef07331dd7d29b43aa0341,0057520300766395bd9eca9eda3c0cdc08717c7804cff77a92ec50f66cd9582c
Allen VBN,1044389060,510589,TEMPORAL,7.0,bins,1,2352708086,,0.0,25,7.0,NEW_SUPP_S1_FIXED_SEED,,51d829770b8eb919ee7bc1ec671f2ee564850513577c90ed3d443933ebb9a503,0057520300766395bd9eca9eda3c0cdc08717c7804cff77a92ec50f66cd9582c
Allen VBN,1044389060,510589,TEMPORAL,7.0,bins,2,220892913,,0.0,25,7.0,NEW_SUPP_S1_FIXED_SEED,,35bd5259ebcce96a4cea855b3f15050b5e3ee20753fce6bcc777a4b8d4f6996f,0057520300766395bd9eca9eda3c0cdc08717c7804cff77a92ec50f66cd9582c
Allen VBN,1044389060,510589,TEMPORAL,7.0,bins,3,3229982406,,0.0,25,7.0,NEW_SUPP_S1_FIXED_SEED,,14b1bcbc3094695eca84771b5c778dad870d8c2c4636691508aca8bce3fe02c3,0057520300766395bd9eca9eda3c0cdc08717c7804cff77a92ec50f66cd9582c
Allen VBN,1044389060,510589,TEMPORAL,7.0,bins,4,2343702187,,0.0,25,7.0,NEW_SUPP_S1_FIXED_SEED,,50b3323b163f083a2a91f2d62bcd9654874d1aa0f4370d5970c41b19a0128604,0057520300766395bd9eca9eda3c0cdc08717c7804cff77a92ec50f66cd9582c
Allen VBN,1044389060,510589,TEMPORAL,10.0,bins,0,3219348276,,0.0,25,10.0,NEW_SUPP_S1_FIXED_SEED,,363f1d94b1483f907daa25a7a3533226de2d2e45eb05cecaf3e0d0f5f8ea1c5e,0057520300766395bd9eca9eda3c0cdc08717c7804cff77a92ec50f66cd9582c
Allen VBN,1044389060,510589,TEMPORAL,10.0,bins,1,2909206366,,0.0,25,10.0,NEW_SUPP_S1_FIXED_SEED,,9634c58fb9181685c2e02abd931198f63f7bc12c4dc146469e4fab27ab59c8dd,0057520300766395bd9eca9eda3c0cdc08717c7804cff77a92ec50f66cd9582c
Allen VBN,1044389060,510589,TEMPORAL,10.0,bins,2,2464621962,,0.0,25,10.0,NEW_SUPP_S1_FIXED_SEED,,75a39209c5eabe27a71be3b876cb454ff45ddd70befe887480c4e02ca03313df,0057520300766395bd9eca9eda3c0cdc08717c7804cff77a92ec50f66cd9582c
Allen VBN,1044389060,510589,TEMPORAL,10.0,bins,3,3390602597,,0.0,25,10.0,NEW_SUPP_S1_FIXED_SEED,,1afef321360147b0c721b184867668f9193f7d9402ee14bd2b025912212b2bd1,0057520300766395bd9eca9eda3c0cdc08717c7804cff77a92ec50f66cd9582c
Allen VBN,1044389060,510589,TEMPORAL,10.0,bins,4,1044165957,,0.0,25,10.0,NEW_SUPP_S1_FIXED_SEED,,fff45882dce4e2c3b3f538a1c0937f418ef6146dab81d8e4166b519c48d3a2d5,0057520300766395bd9eca9eda3c0cdc08717c7804cff77a92ec50f66cd9582c
Allen VBN,1044389060,510589,UNIT,0.3,proportion,0,FORMAL_ANCHOR,,nan,25,nan,MAIN_FROZEN_U30,,IDENTITY,0057520300766395bd9eca9eda3c0cdc08717c7804cff77a92ec50f66cd9582c
Allen VBN,1044389060,510589,UNIT,0.3,proportion,1,FORMAL_ANCHOR,,nan,25,nan,MAIN_FROZEN_U30,,IDENTITY,0057520300766395bd9eca9eda3c0cdc08717c7804cff77a92ec50f66cd9582c
Allen VBN,1044389060,510589,UNIT,0.3,proportion,2,FORMAL_ANCHOR,,nan,25,nan,MAIN_FROZEN_U30,,IDENTITY,0057520300766395bd9eca9eda3c0cdc08717c7804cff77a92ec50f66cd9582c
Allen VBN,1044389060,510589,UNIT,0.3,proportion,3,FORMAL_ANCHOR,,nan,25,nan,MAIN_FROZEN_U30,,IDENTITY,0057520300766395bd9eca9eda3c0cdc08717c7804cff77a92ec50f66cd9582c
Allen VBN,1044389060,510589,UNIT,0.3,proportion,4,FORMAL_ANCHOR,,nan,25,nan,MAIN_FROZEN_U30,,IDENTITY,0057520300766395bd9eca9eda3c0cdc08717c7804cff77a92ec50f66cd9582c
Allen VBN,1044389060,510589,TEMPORAL,5.0,bins,0,FORMAL_ANCHOR,,nan,25,nan,MAIN_FROZEN_T5,,IDENTITY,0057520300766395bd9eca9eda3c0cdc08717c7804cff77a92ec50f66cd9582c
Allen VBN,1044389060,510589,TEMPORAL,5.0,bins,1,FORMAL_ANCHOR,,nan,25,nan,MAIN_FROZEN_T5,,IDENTITY,0057520300766395bd9eca9eda3c0cdc08717c7804cff77a92ec50f66cd9582c
Allen VBN,1044389060,510589,TEMPORAL,5.0,bins,2,FORMAL_ANCHOR,,nan,25,nan,MAIN_FROZEN_T5,,IDENTITY,0057520300766395bd9eca9eda3c0cdc08717c7804cff77a92ec50f66cd9582c
Allen VBN,1044389060,510589,TEMPORAL,5.0,bins,3,FORMAL_ANCHOR,,nan,25,nan,MAIN_FROZEN_T5,,IDENTITY,0057520300766395bd9eca9eda3c0cdc08717c7804cff77a92ec50f66cd9582c
Allen VBN,1044389060,510589,TEMPORAL,5.0,bins,4,FORMAL_ANCHOR,,nan,25,nan,MAIN_FROZEN_T5,,IDENTITY,0057520300766395bd9eca9eda3c0cdc08717c7804cff77a92ec50f66cd9582c
Allen VBN,1044594870,524761,UNIT,0.1,proportion,0,2732999994,,210.0,25,0.0,NEW_SUPP_S1_FIXED_SEED,,7224e19b345673f7f29cd8e2dce61b989a32d5e0878ea3de78925fb2cae35c7d,0057520300766395bd9eca9eda3c0cdc08717c7804cff77a92ec50f66cd9582c
Allen VBN,1044594870,524761,UNIT,0.1,proportion,1,887912853,,210.0,25,0.0,NEW_SUPP_S1_FIXED_SEED,,8ea4475d7b4897db0fe1c6aea520b3bafd84ce2439a242af85cc8385fe5a8e8c,0057520300766395bd9eca9eda3c0cdc08717c7804cff77a92ec50f66cd9582c
Allen VBN,1044594870,524761,UNIT,0.1,proportion,2,338679128,,210.0,25,0.0,NEW_SUPP_S1_FIXED_SEED,,9128786a782640d6c296c0a7d4d9f2266e8266d896c36b25ed79adac573b363e,0057520300766395bd9eca9eda3c0cdc08717c7804cff77a92ec50f66cd9582c
Allen VBN,1044594870,524761,UNIT,0.1,proportion,3,1615024576,,210.0,25,0.0,NEW_SUPP_S1_FIXED_SEED,,0e008e2bc5089972d4f126fec5fd341756567a923f6219ad2196120b40b7eb01,0057520300766395bd9eca9eda3c0cdc08717c7804cff77a92ec50f66cd9582c
Allen VBN,1044594870,524761,UNIT,0.1,proportion,4,1008054943,,210.0,25,0.0,NEW_SUPP_S1_FIXED_SEED,,161df134fdbdebe1ed3b196bf9a91b9b78e0865697d55c4eef1d81a8e5d2bd55,0057520300766395bd9eca9eda3c0cdc08717c7804cff77a92ec50f66cd9582c
Allen VBN,1044594870,524761,UNIT,0.2,proportion,0,3671290262,,421.0,25,0.0,NEW_SUPP_S1_FIXED_SEED,,e5038324f1f3fb229f649fda78e02f47a5368179348f82471390d9decf2fee0c,0057520300766395bd9eca9eda3c0cdc08717c7804cff77a92ec50f66cd9582c
Allen VBN,1044594870,524761,UNIT,0.2,proportion,1,2728387554,,421.0,25,0.0,NEW_SUPP_S1_FIXED_SEED,,4e6c432bc70dd98fef480d0a8951ca4d1ff8277db911a6dca7229fd9e24cdab4,0057520300766395bd9eca9eda3c0cdc08717c7804cff77a92ec50f66cd9582c
Allen VBN,1044594870,524761,UNIT,0.2,proportion,2,2586631004,,421.0,25,0.0,NEW_SUPP_S1_FIXED_SEED,,bad4138054314fed45c7498f2730a800d88099919da7597d3551f18884ad6ae3,0057520300766395bd9eca9eda3c0cdc08717c7804cff77a92ec50f66cd9582c
Allen VBN,1044594870,524761,UNIT,0.2,proportion,3,2681153866,,421.0,25,0.0,NEW_SUPP_S1_FIXED_SEED,,8d749fa574eb25e61485c07445060265e57340c7dedacb0223d95fb38b22ecd8,0057520300766395bd9eca9eda3c0cdc08717c7804cff77a92ec50f66cd9582c
Allen VBN,1044594870,524761,UNIT,0.2,proportion,4,3421550928,,421.0,25,0.0,NEW_SUPP_S1_FIXED_SEED,,e37f2cf5a0d329a401cde1008ac299f1011df39ec9d6d76b281551974eaa7925,0057520300766395bd9eca9eda3c0cdc08717c7804cff77a92ec50f66cd9582c
Allen VBN,1044594870,524761,UNIT,0.3,proportion,0,FORMAL_ANCHOR,,nan,25,nan,MAIN_FROZEN_U30,,d2997ff844c13bc0aa3e3293549110eeb845c2388b6440903961d83052e829fd,0057520300766395bd9eca9eda3c0cdc08717c7804cff77a92ec50f66cd9582c
Allen VBN,1044594870,524761,UNIT,0.3,proportion,1,FORMAL_ANCHOR,,nan,25,nan,MAIN_FROZEN_U30,,e843998b96bd812be425872c1d92a754d97e8d4d94e2baafa953334c9cf5877d,0057520300766395bd9eca9eda3c0cdc08717c7804cff77a92ec50f66cd9582c
Allen VBN,1044594870,524761,UNIT,0.3,proportion,2,FORMAL_ANCHOR,,nan,25,nan,MAIN_FROZEN_U30,,4dc82fadde665b6efc273dbaa8670d38f0515c7d9dbe84dbc7d8be7fd2f5774a,0057520300766395bd9eca9eda3c0cdc08717c7804cff77a92ec50f66cd9582c
Allen VBN,1044594870,524761,UNIT,0.3,proportion,3,FORMAL_ANCHOR,,nan,25,nan,MAIN_FROZEN_U30,,405122109a72128eadd305bef493325448926a21ef42bd6052a1946585134d2e,0057520300766395bd9eca9eda3c0cdc08717c7804cff77a92ec50f66cd9582c
Allen VBN,1044594870,524761,UNIT,0.3,proportion,4,FORMAL_ANCHOR,,nan,25,nan,MAIN_FROZEN_U30,,10d1eba1aac1463c5ff4ff0c8efa21904d22cfe4d86ec228ebdedbb757db7225,0057520300766395bd9eca9eda3c0cdc08717c7804cff77a92ec50f66cd9582c
Allen VBN,1044594870,524761,UNIT,0.4,proportion,0,2585425784,,841.0,25,0.0,NEW_SUPP_S1_FIXED_SEED,,ade4b1e07f3e3cab621e109a354b9f3a6733930609e9b50f40833caeb70b2481,0057520300766395bd9eca9eda3c0cdc08717c7804cff77a92ec50f66cd9582c
Allen VBN,1044594870,524761,UNIT,0.4,proportion,1,832934894,,841.0,25,0.0,NEW_SUPP_S1_FIXED_SEED,,d905cc64010554bbf548f25a2d18037b704c31b04bd83ad2c97905f37b9c1905,0057520300766395bd9eca9eda3c0cdc08717c7804cff77a92ec50f66cd9582c
Allen VBN,1044594870,524761,UNIT,0.4,proportion,2,2621613126,,841.0,25,0.0,NEW_SUPP_S1_FIXED_SEED,,06f3bfb0e1d163bef260fb05dc38e2737608c248086d15b835adc0f4e68d84b8,0057520300766395bd9eca9eda3c0cdc08717c7804cff77a92ec50f66cd9582c
Allen VBN,1044594870,524761,UNIT,0.4,proportion,3,1177392304,,841.0,25,0.0,NEW_SUPP_S1_FIXED_SEED,,9b53cf270ff987ad79810cf390abd9fe45a4877eb27cdceace2df3b16c0ee053,0057520300766395bd9eca9eda3c0cdc08717c7804cff77a92ec50f66cd9582c
Allen VBN,1044594870,524761,UNIT,0.4,proportion,4,819586641,,841.0,25,0.0,NEW_SUPP_S1_FIXED_SEED,,0098600ae710caa7fd88f9bbfd59f6afda32add206332a28d699d1356a38391e,0057520300766395bd9eca9eda3c0cdc08717c7804cff77a92ec50f66cd9582c
Allen VBN,1044594870,524761,UNIT,0.5,proportion,0,257707730,,1052.0,25,0.0,NEW_SUPP_S1_FIXED_SEED,,3ad19785be8bfbbf836d01640e5e1fecd9e663432e7e53c450372f6ba4b8a2f4,0057520300766395bd9eca9eda3c0cdc08717c7804cff77a92ec50f66cd9582c
Allen VBN,1044594870,524761,UNIT,0.5,proportion,1,3289745324,,1052.0,25,0.0,NEW_SUPP_S1_FIXED_SEED,,8e0d4e490672d2d47c1def8f77c8d07509ad331bcce475daa9a9e563dc05873f,0057520300766395bd9eca9eda3c0cdc08717c7804cff77a92ec50f66cd9582c
Allen VBN,1044594870,524761,UNIT,0.5,proportion,2,1635692993,,1052.0,25,0.0,NEW_SUPP_S1_FIXED_SEED,,d76ed04fb1fed3ee9b0d72aaa8dadd1f512ae94af8e20682cd895a5bf7ad290e,0057520300766395bd9eca9eda3c0cdc08717c7804cff77a92ec50f66cd9582c
Allen VBN,1044594870,524761,UNIT,0.5,proportion,3,3537772986,,1052.0,25,0.0,NEW_SUPP_S1_FIXED_SEED,,884f180dc2f22777fdc5d0c4b30390cc0edceb6582b7563a0a51b0fbbd99ec04,0057520300766395bd9eca9eda3c0cdc08717c7804cff77a92ec50f66cd9582c
Allen VBN,1044594870,524761,UNIT,0.5,proportion,4,1864212206,,1052.0,25,0.0,NEW_SUPP_S1_FIXED_SEED,,60fbea89d124ef61e8bed5d070057e85e0bae569848eaba76d2d93c8e3f08a8d,0057520300766395bd9eca9eda3c0cdc08717c7804cff77a92ec50f66cd9582c
Allen VBN,1044594870,524761,TEMPORAL,2.0,bins,0,422505700,,0.0,25,2.0,NEW_SUPP_S1_FIXED_SEED,,17365eebf6447f3d5fcf9a4ef60b22f6780793d890a12ed5e116200c0c46b0ea,0057520300766395bd9eca9eda3c0cdc08717c7804cff77a92ec50f66cd9582c
Allen VBN,1044594870,524761,TEMPORAL,2.0,bins,1,2557494402,,0.0,25,2.0,NEW_SUPP_S1_FIXED_SEED,,4ec046d3a0d30dff38cadda2c28f2e1ec28d33db3530e524496b6bb330c0227a,0057520300766395bd9eca9eda3c0cdc08717c7804cff77a92ec50f66cd9582c
Allen VBN,1044594870,524761,TEMPORAL,2.0,bins,2,2247036324,,0.0,25,2.0,NEW_SUPP_S1_FIXED_SEED,,61c649e388e86edb7afc0dea355db441ed54e2483e75c1207113174db380771b,0057520300766395bd9eca9eda3c0cdc08717c7804cff77a92ec50f66cd9582c
Allen VBN,1044594870,524761,TEMPORAL,2.0,bins,3,361571615,,0.0,25,2.0,NEW_SUPP_S1_FIXED_SEED,,b861270191407d033b03c7537282b11a840605acd7e93325b7e8dccbc3cf331f,0057520300766395bd9eca9eda3c0cdc08717c7804cff77a92ec50f66cd9582c
Allen VBN,1044594870,524761,TEMPORAL,2.0,bins,4,2854642979,,0.0,25,2.0,NEW_SUPP_S1_FIXED_SEED,,f3c52a6cea7c991225b171a62bb5b6e31c93f7ea0989ac939ea662f3358a4172,0057520300766395bd9eca9eda3c0cdc08717c7804cff77a92ec50f66cd9582c
Allen VBN,1044594870,524761,TEMPORAL,3.0,bins,0,1275577485,,0.0,25,3.0,NEW_SUPP_S1_FIXED_SEED,,c4f23b5edd6af35e6d61f48da5c65c7202e0fe4d75084b8c9c6798606298b426,0057520300766395bd9eca9eda3c0cdc08717c7804cff77a92ec50f66cd9582c
Allen VBN,1044594870,524761,TEMPORAL,3.0,bins,1,42567691,,0.0,25,3.0,NEW_SUPP_S1_FIXED_SEED,,a8181d30c33d472c3ef6aa9bf7d7ddb2dc55e9e3eaa95480dcae4b7cd213c6e2,0057520300766395bd9eca9eda3c0cdc08717c7804cff77a92ec50f66cd9582c
Allen VBN,1044594870,524761,TEMPORAL,3.0,bins,2,958826887,,0.0,25,3.0,NEW_SUPP_S1_FIXED_SEED,,01fce696b03d6f64ceb9d83bc5548a6afbe317b5e0ef7ac16fc494f4f52ec4e7,0057520300766395bd9eca9eda3c0cdc08717c7804cff77a92ec50f66cd9582c
Allen VBN,1044594870,524761,TEMPORAL,3.0,bins,3,3166681727,,0.0,25,3.0,NEW_SUPP_S1_FIXED_SEED,,c3b749d76b4e184843ac4e3537c402ba136e55c124b74e462d71ddc167c8a2ca,0057520300766395bd9eca9eda3c0cdc08717c7804cff77a92ec50f66cd9582c
Allen VBN,1044594870,524761,TEMPORAL,3.0,bins,4,2174371391,,0.0,25,3.0,NEW_SUPP_S1_FIXED_SEED,,5ad4627caae1b94a265f17d67270949c7c36cd24b4dd42ebe9bf732077593df8,0057520300766395bd9eca9eda3c0cdc08717c7804cff77a92ec50f66cd9582c
Allen VBN,1044594870,524761,TEMPORAL,5.0,bins,0,FORMAL_ANCHOR,,nan,25,nan,MAIN_FROZEN_T5,,d331790c3a15166359d18f04f041fc9d666e680c6acca33aeffff779c8461222,0057520300766395bd9eca9eda3c0cdc08717c7804cff77a92ec50f66cd9582c
Allen VBN,1044594870,524761,TEMPORAL,5.0,bins,1,FORMAL_ANCHOR,,nan,25,nan,MAIN_FROZEN_T5,,dc6f03e05fd5fc90c960f2aa17fb069c04d5aebc6ebb060c4f737f7830962aea,0057520300766395bd9eca9eda3c0cdc08717c7804cff77a92ec50f66cd9582c
Allen VBN,1044594870,524761,TEMPORAL,5.0,bins,2,FORMAL_ANCHOR,,nan,25,nan,MAIN_FROZEN_T5,,ad70795d53f7645da62bf07385c70a22a7571a24b386e837c0a706cb553ff14f,0057520300766395bd9eca9eda3c0cdc08717c7804cff77a92ec50f66cd9582c
Allen VBN,1044594870,524761,TEMPORAL,5.0,bins,3,FORMAL_ANCHOR,,nan,25,nan,MAIN_FROZEN_T5,,de67de27b484233db434bc2eab86437ba55f9a8e0366fbdabdba0fc1710fa0b6,0057520300766395bd9eca9eda3c0cdc08717c7804cff77a92ec50f66cd9582c
Allen VBN,1044594870,524761,TEMPORAL,5.0,bins,4,FORMAL_ANCHOR,,nan,25,nan,MAIN_FROZEN_T5,,fe5b425aa77aa60a6bf6869874d62ee59059eac26900eb3b88388f5b85ee4a0f,0057520300766395bd9eca9eda3c0cdc08717c7804cff77a92ec50f66cd9582c
Allen VBN,1044594870,524761,TEMPORAL,7.0,bins,0,3199838953,,0.0,25,7.0,NEW_SUPP_S1_FIXED_SEED,,74bda1ab4d0edb441a12adb69ff70f7c210d3a4c0bbc0ebc8c647725bc3379ea,0057520300766395bd9eca9eda3c0cdc08717c7804cff77a92ec50f66cd9582c
Allen VBN,1044594870,524761,TEMPORAL,7.0,bins,1,2001430887,,0.0,25,7.0,NEW_SUPP_S1_FIXED_SEED,,f12c4432487b02c5457d3d3405197d935c5df210eb678225786cece5dcf3649c,0057520300766395bd9eca9eda3c0cdc08717c7804cff77a92ec50f66cd9582c
Allen VBN,1044594870,524761,TEMPORAL,7.0,bins,2,3880227361,,0.0,25,7.0,NEW_SUPP_S1_FIXED_SEED,,914f3165c9afdce7300ce57d2dab2f2d65666431bbe44609a20c2d35f01eac4c,0057520300766395bd9eca9eda3c0cdc08717c7804cff77a92ec50f66cd9582c
Allen VBN,1044594870,524761,TEMPORAL,7.0,bins,3,1147377231,,0.0,25,7.0,NEW_SUPP_S1_FIXED_SEED,,8b145148d6281ba8e5d476c34a94cb59dc6ed4e5e20493a2c69d72a98e5ae811,0057520300766395bd9eca9eda3c0cdc08717c7804cff77a92ec50f66cd9582c
Allen VBN,1044594870,524761,TEMPORAL,7.0,bins,4,3668479769,,0.0,25,7.0,NEW_SUPP_S1_FIXED_SEED,,23551590e56e71e41d6ec028f614acf48478fe1f37fa8dda0ae8ba8726fe046a,0057520300766395bd9eca9eda3c0cdc08717c7804cff77a92ec50f66cd9582c
Allen VBN,1044594870,524761,TEMPORAL,10.0,bins,0,4187055743,,0.0,25,10.0,NEW_SUPP_S1_FIXED_SEED,,add23a80bb249495827215056c1be16cbbd67503ca0d15a37094075a2a67ffe7,0057520300766395bd9eca9eda3c0cdc08717c7804cff77a92ec50f66cd9582c
Allen VBN,1044594870,524761,TEMPORAL,10.0,bins,1,2961953005,,0.0,25,10.0,NEW_SUPP_S1_FIXED_SEED,,a1da80fdb4504e2cb1f39015e1667585d1c05e3882492c0999f738c1ae521849,0057520300766395bd9eca9eda3c0cdc08717c7804cff77a92ec50f66cd9582c
Allen VBN,1044594870,524761,TEMPORAL,10.0,bins,2,559958529,,0.0,25,10.0,NEW_SUPP_S1_FIXED_SEED,,d82f30ebb5c1fe24c69dcf6173b67f5bb50d7d77cff373734d9a239d4cb73aed,0057520300766395bd9eca9eda3c0cdc08717c7804cff77a92ec50f66cd9582c
Allen VBN,1044594870,524761,TEMPORAL,10.0,bins,3,1101736577,,0.0,25,10.0,NEW_SUPP_S1_FIXED_SEED,,8c8ba5bd42af93bed68b966a8055103cdf132f1172041ff5fd1b38ea1309001d,0057520300766395bd9eca9eda3c0cdc08717c7804cff77a92ec50f66cd9582c
Allen VBN,1044594870,524761,TEMPORAL,10.0,bins,4,3021887204,,0.0,25,10.0,NEW_SUPP_S1_FIXED_SEED,,63dbdf1531381b9f1408af8613379648bb0301359ebc8a2515bb7338c58d17c5,0057520300766395bd9eca9eda3c0cdc08717c7804cff77a92ec50f66cd9582c
Allen VBN,1044594870,524761,UNIT,0.3,proportion,0,FORMAL_ANCHOR,,nan,25,nan,MAIN_FROZEN_U30,,IDENTITY,0057520300766395bd9eca9eda3c0cdc08717c7804cff77a92ec50f66cd9582c
Allen VBN,1044594870,524761,UNIT,0.3,proportion,1,FORMAL_ANCHOR,,nan,25,nan,MAIN_FROZEN_U30,,IDENTITY,0057520300766395bd9eca9eda3c0cdc08717c7804cff77a92ec50f66cd9582c
Allen VBN,1044594870,524761,UNIT,0.3,proportion,2,FORMAL_ANCHOR,,nan,25,nan,MAIN_FROZEN_U30,,IDENTITY,0057520300766395bd9eca9eda3c0cdc08717c7804cff77a92ec50f66cd9582c
Allen VBN,1044594870,524761,UNIT,0.3,proportion,3,FORMAL_ANCHOR,,nan,25,nan,MAIN_FROZEN_U30,,IDENTITY,0057520300766395bd9eca9eda3c0cdc08717c7804cff77a92ec50f66cd9582c
Allen VBN,1044594870,524761,UNIT,0.3,proportion,4,FORMAL_ANCHOR,,nan,25,nan,MAIN_FROZEN_U30,,IDENTITY,0057520300766395bd9eca9eda3c0cdc08717c7804cff77a92ec50f66cd9582c
Allen VBN,1044594870,524761,TEMPORAL,5.0,bins,0,FORMAL_ANCHOR,,nan,25,nan,MAIN_FROZEN_T5,,IDENTITY,0057520300766395bd9eca9eda3c0cdc08717c7804cff77a92ec50f66cd9582c
Allen VBN,1044594870,524761,TEMPORAL,5.0,bins,1,FORMAL_ANCHOR,,nan,25,nan,MAIN_FROZEN_T5,,IDENTITY,0057520300766395bd9eca9eda3c0cdc08717c7804cff77a92ec50f66cd9582c
Allen VBN,1044594870,524761,TEMPORAL,5.0,bins,2,FORMAL_ANCHOR,,nan,25,nan,MAIN_FROZEN_T5,,IDENTITY,0057520300766395bd9eca9eda3c0cdc08717c7804cff77a92ec50f66cd9582c
Allen VBN,1044594870,524761,TEMPORAL,5.0,bins,3,FORMAL_ANCHOR,,nan,25,nan,MAIN_FROZEN_T5,,IDENTITY,0057520300766395bd9eca9eda3c0cdc08717c7804cff77a92ec50f66cd9582c
Allen VBN,1044594870,524761,TEMPORAL,5.0,bins,4,FORMAL_ANCHOR,,nan,25,nan,MAIN_FROZEN_T5,,IDENTITY,0057520300766395bd9eca9eda3c0cdc08717c7804cff77a92ec50f66cd9582c
Allen VBN,1049514117,521466,UNIT,0.1,proportion,0,753561819,,193.0,25,0.0,NEW_SUPP_S1_FIXED_SEED,,bf26cabfb5f91786c0f58c91fb59748aaf599efa2602314726a5cbffa9cbf913,0057520300766395bd9eca9eda3c0cdc08717c7804cff77a92ec50f66cd9582c
Allen VBN,1049514117,521466,UNIT,0.1,proportion,1,3905022251,,193.0,25,0.0,NEW_SUPP_S1_FIXED_SEED,,2ca2ad2fd0d61980cfc59708e263f86f4128991a80cbcd38e383f2c02644f415,0057520300766395bd9eca9eda3c0cdc08717c7804cff77a92ec50f66cd9582c
Allen VBN,1049514117,521466,UNIT,0.1,proportion,2,51793522,,193.0,25,0.0,NEW_SUPP_S1_FIXED_SEED,,1a9f6c428d814dfd6d4b5a08160459a863900c6d25d8a403b53011ae7cddc4e8,0057520300766395bd9eca9eda3c0cdc08717c7804cff77a92ec50f66cd9582c
Allen VBN,1049514117,521466,UNIT,0.1,proportion,3,446303732,,193.0,25,0.0,NEW_SUPP_S1_FIXED_SEED,,8ca9dfa4c91075b5c8676251a27168f9eed05fb17e70199e3504c1e4c90788c4,0057520300766395bd9eca9eda3c0cdc08717c7804cff77a92ec50f66cd9582c
Allen VBN,1049514117,521466,UNIT,0.1,proportion,4,359465489,,193.0,25,0.0,NEW_SUPP_S1_FIXED_SEED,,2801bd4020654423cfd45d8ea3d8bde94b1d477ba46e66923bbed42eb38ec507,0057520300766395bd9eca9eda3c0cdc08717c7804cff77a92ec50f66cd9582c
Allen VBN,1049514117,521466,UNIT,0.2,proportion,0,3008863035,,385.0,25,0.0,NEW_SUPP_S1_FIXED_SEED,,8a7386c4fea22d48bbd8bcf78757c9bc583c6c39f4e51d6aace4c1df76a266a3,0057520300766395bd9eca9eda3c0cdc08717c7804cff77a92ec50f66cd9582c
Allen VBN,1049514117,521466,UNIT,0.2,proportion,1,3385715185,,385.0,25,0.0,NEW_SUPP_S1_FIXED_SEED,,8b5f5d14c7d0c4e657e192743d34299d4927cb139e54033c26abbb070a8b7631,0057520300766395bd9eca9eda3c0cdc08717c7804cff77a92ec50f66cd9582c
Allen VBN,1049514117,521466,UNIT,0.2,proportion,2,245976148,,385.0,25,0.0,NEW_SUPP_S1_FIXED_SEED,,d0cfc8f1087722ecc97d967f220f6d823701b9bda6220bf55592b26af96ccd8c,0057520300766395bd9eca9eda3c0cdc08717c7804cff77a92ec50f66cd9582c
Allen VBN,1049514117,521466,UNIT,0.2,proportion,3,4044191,,385.0,25,0.0,NEW_SUPP_S1_FIXED_SEED,,5ea6c853a0e951febd5e3f7a463014608951160f9ce5cdaa95bfc294e31c2aea,0057520300766395bd9eca9eda3c0cdc08717c7804cff77a92ec50f66cd9582c
Allen VBN,1049514117,521466,UNIT,0.2,proportion,4,3045185019,,385.0,25,0.0,NEW_SUPP_S1_FIXED_SEED,,beecd862ff94f42be32dea7554182512cd79d4987ac2fb5dff9943ad559eecc4,0057520300766395bd9eca9eda3c0cdc08717c7804cff77a92ec50f66cd9582c
Allen VBN,1049514117,521466,UNIT,0.3,proportion,0,FORMAL_ANCHOR,,nan,25,nan,MAIN_FROZEN_U30,,f5ec58fd3673551cd4735084b40bc167b86fc110b84925c09a84aee9e8b7065c,0057520300766395bd9eca9eda3c0cdc08717c7804cff77a92ec50f66cd9582c
Allen VBN,1049514117,521466,UNIT,0.3,proportion,1,FORMAL_ANCHOR,,nan,25,nan,MAIN_FROZEN_U30,,14d34c428b58c50dc8407f42653a962815c916f5ebd6c8a8648cb603a8cadd04,0057520300766395bd9eca9eda3c0cdc08717c7804cff77a92ec50f66cd9582c
Allen VBN,1049514117,521466,UNIT,0.3,proportion,2,FORMAL_ANCHOR,,nan,25,nan,MAIN_FROZEN_U30,,b5fc6dc53cc3a0e00278a68d4135dea5bee36ceb1fd8e052e21e277ec36d742d,0057520300766395bd9eca9eda3c0cdc08717c7804cff77a92ec50f66cd9582c
Allen VBN,1049514117,521466,UNIT,0.3,proportion,3,FORMAL_ANCHOR,,nan,25,nan,MAIN_FROZEN_U30,,4cbfe75ee4b9ba6a9d4d5e056a977797ee569213ec4341b56195ac06bbc775e6,0057520300766395bd9eca9eda3c0cdc08717c7804cff77a92ec50f66cd9582c
Allen VBN,1049514117,521466,UNIT,0.3,proportion,4,FORMAL_ANCHOR,,nan,25,nan,MAIN_FROZEN_U30,,2b3e11e93b5c84c231451c1e3b610203ec204b4f9ef159b7739feb809664a52d,0057520300766395bd9eca9eda3c0cdc08717c7804cff77a92ec50f66cd9582c
Allen VBN,1049514117,521466,UNIT,0.4,proportion,0,4233931784,,770.0,25,0.0,NEW_SUPP_S1_FIXED_SEED,,8f42f68b48f6bcaf94a058686706e1f97c1ac5903701ce43374dd7bb69525065,0057520300766395bd9eca9eda3c0cdc08717c7804cff77a92ec50f66cd9582c
Allen VBN,1049514117,521466,UNIT,0.4,proportion,1,4121239873,,770.0,25,0.0,NEW_SUPP_S1_FIXED_SEED,,980d307164cb4c07a236d640d6e429caccea718e6ea7ab3ebaf75b97e67ef1a3,0057520300766395bd9eca9eda3c0cdc08717c7804cff77a92ec50f66cd9582c
Allen VBN,1049514117,521466,UNIT,0.4,proportion,2,1139180593,,770.0,25,0.0,NEW_SUPP_S1_FIXED_SEED,,df824364ff6ff95f24be9364a8e2c4bf6874429cc91b7b417b1b72bacaa49133,0057520300766395bd9eca9eda3c0cdc08717c7804cff77a92ec50f66cd9582c
Allen VBN,1049514117,521466,UNIT,0.4,proportion,3,2658972871,,770.0,25,0.0,NEW_SUPP_S1_FIXED_SEED,,c97f147a36cb08b7ddc2cabd3f433f73ad3bcf36773611e5484cccee7bfbf526,0057520300766395bd9eca9eda3c0cdc08717c7804cff77a92ec50f66cd9582c
Allen VBN,1049514117,521466,UNIT,0.4,proportion,4,1309346522,,770.0,25,0.0,NEW_SUPP_S1_FIXED_SEED,,95d735a6d7777f12805b9350bbee1f65a687452347c5a01baa0bc3a149646f1c,0057520300766395bd9eca9eda3c0cdc08717c7804cff77a92ec50f66cd9582c
Allen VBN,1049514117,521466,UNIT,0.5,proportion,0,281006633,,963.0,25,0.0,NEW_SUPP_S1_FIXED_SEED,,f111497cbde78b9ae3c04abc998a22b50937f83318ab1d9852b5b4b55dc4dd83,0057520300766395bd9eca9eda3c0cdc08717c7804cff77a92ec50f66cd9582c
Allen VBN,1049514117,521466,UNIT,0.5,proportion,1,2139858914,,963.0,25,0.0,NEW_SUPP_S1_FIXED_SEED,,af2d54905844b10ddec07859367c61884d07caafc1bbbd3df369c2e4cef11f0d,0057520300766395bd9eca9eda3c0cdc08717c7804cff77a92ec50f66cd9582c
Allen VBN,1049514117,521466,UNIT,0.5,proportion,2,1036190129,,963.0,25,0.0,NEW_SUPP_S1_FIXED_SEED,,21e7f9bb9450a61e91fe87d007a926b9dbef12aecfab923dcb9968b9ef0c12b0,0057520300766395bd9eca9eda3c0cdc08717c7804cff77a92ec50f66cd9582c
Allen VBN,1049514117,521466,UNIT,0.5,proportion,3,1815866136,,963.0,25,0.0,NEW_SUPP_S1_FIXED_SEED,,c04998cbcee88f83dd25244156eba6344fafece3e12b1e65f670eb954bc60a12,0057520300766395bd9eca9eda3c0cdc08717c7804cff77a92ec50f66cd9582c
Allen VBN,1049514117,521466,UNIT,0.5,proportion,4,2765048893,,963.0,25,0.0,NEW_SUPP_S1_FIXED_SEED,,49397979d7009cb8a15c7f258942c8e54f1d34cd3cab7bed19dd804f0ef36f58,0057520300766395bd9eca9eda3c0cdc08717c7804cff77a92ec50f66cd9582c
Allen VBN,1049514117,521466,TEMPORAL,2.0,bins,0,911208409,,0.0,25,2.0,NEW_SUPP_S1_FIXED_SEED,,d5860f055b2832baea55ef5f533565e177febd9e5c6ccef5aa9b5994c26d6b06,0057520300766395bd9eca9eda3c0cdc08717c7804cff77a92ec50f66cd9582c
Allen VBN,1049514117,521466,TEMPORAL,2.0,bins,1,3836342499,,0.0,25,2.0,NEW_SUPP_S1_FIXED_SEED,,c6de63aa75ac942e15d87172188f90b6c130dbb9a0798336ff03f569aecb22d9,0057520300766395bd9eca9eda3c0cdc08717c7804cff77a92ec50f66cd9582c
Allen VBN,1049514117,521466,TEMPORAL,2.0,bins,2,2665022939,,0.0,25,2.0,NEW_SUPP_S1_FIXED_SEED,,1971c0050ba70efabf345be2aebb754ab3de33fe15e9c89373f187bdf68cb10b,0057520300766395bd9eca9eda3c0cdc08717c7804cff77a92ec50f66cd9582c
Allen VBN,1049514117,521466,TEMPORAL,2.0,bins,3,987701191,,0.0,25,2.0,NEW_SUPP_S1_FIXED_SEED,,ed325f7ba47c40504cebf554cc418ebe17aa47c480cf3cee24296f0a5f26427e,0057520300766395bd9eca9eda3c0cdc08717c7804cff77a92ec50f66cd9582c
Allen VBN,1049514117,521466,TEMPORAL,2.0,bins,4,3793194449,,0.0,25,2.0,NEW_SUPP_S1_FIXED_SEED,,01270dee8914ab986bf164b7c5d78c510a8d97e79034c2554368226a76e99411,0057520300766395bd9eca9eda3c0cdc08717c7804cff77a92ec50f66cd9582c
Allen VBN,1049514117,521466,TEMPORAL,3.0,bins,0,139151091,,0.0,25,3.0,NEW_SUPP_S1_FIXED_SEED,,1fac3d2557a059787efa635ed496ba4f0493cdebbb6e61238c3a5430a0631ab9,0057520300766395bd9eca9eda3c0cdc08717c7804cff77a92ec50f66cd9582c
Allen VBN,1049514117,521466,TEMPORAL,3.0,bins,1,2691319331,,0.0,25,3.0,NEW_SUPP_S1_FIXED_SEED,,b6d5479645993f13d74d8355da508174368939b1ef7d44139d6b583a63337a6c,0057520300766395bd9eca9eda3c0cdc08717c7804cff77a92ec50f66cd9582c
Allen VBN,1049514117,521466,TEMPORAL,3.0,bins,2,4195086445,,0.0,25,3.0,NEW_SUPP_S1_FIXED_SEED,,819027c90fa8edf1a0eded4b92bbe107211a4638b3f448f90344a989f2573b62,0057520300766395bd9eca9eda3c0cdc08717c7804cff77a92ec50f66cd9582c
Allen VBN,1049514117,521466,TEMPORAL,3.0,bins,3,963415623,,0.0,25,3.0,NEW_SUPP_S1_FIXED_SEED,,89964dcbe26ceb74f8882a2d86b6f93aa4b7ee63f6913edbb53e146363b0055f,0057520300766395bd9eca9eda3c0cdc08717c7804cff77a92ec50f66cd9582c
Allen VBN,1049514117,521466,TEMPORAL,3.0,bins,4,4044201838,,0.0,25,3.0,NEW_SUPP_S1_FIXED_SEED,,bb37a83ad6e62625b8e4685641582d09d5ad813705b887a60a09b664aa10f6b6,0057520300766395bd9eca9eda3c0cdc08717c7804cff77a92ec50f66cd9582c
Allen VBN,1049514117,521466,TEMPORAL,5.0,bins,0,FORMAL_ANCHOR,,nan,25,nan,MAIN_FROZEN_T5,,8a292ce8a4c6522d94a7f139e71a7b3f55a196d1b74cec00152e503950cefbc7,0057520300766395bd9eca9eda3c0cdc08717c7804cff77a92ec50f66cd9582c
Allen VBN,1049514117,521466,TEMPORAL,5.0,bins,1,FORMAL_ANCHOR,,nan,25,nan,MAIN_FROZEN_T5,,b39aa780e5a9375856775fe649663c3d699524fb304327c33ffb098649de4cfb,0057520300766395bd9eca9eda3c0cdc08717c7804cff77a92ec50f66cd9582c
Allen VBN,1049514117,521466,TEMPORAL,5.0,bins,2,FORMAL_ANCHOR,,nan,25,nan,MAIN_FROZEN_T5,,6a23a953faec2f4a100a103df18bbb53ee9dfe99e81448fe4872c3ebd6a7e079,0057520300766395bd9eca9eda3c0cdc08717c7804cff77a92ec50f66cd9582c
Allen VBN,1049514117,521466,TEMPORAL,5.0,bins,3,FORMAL_ANCHOR,,nan,25,nan,MAIN_FROZEN_T5,,3c565fc1df351d1de2d9c399b5a8830a1540785ba3de133b7d99caa5a8f3c685,0057520300766395bd9eca9eda3c0cdc08717c7804cff77a92ec50f66cd9582c
Allen VBN,1049514117,521466,TEMPORAL,5.0,bins,4,FORMAL_ANCHOR,,nan,25,nan,MAIN_FROZEN_T5,,64184b537594f810ad967a02982839a308e211e3cfeb1c20ab041ec62304f400,0057520300766395bd9eca9eda3c0cdc08717c7804cff77a92ec50f66cd9582c
Allen VBN,1049514117,521466,TEMPORAL,7.0,bins,0,2790507859,,0.0,25,7.0,NEW_SUPP_S1_FIXED_SEED,,8fbd1fa9a3aa07fb22995f42eb4e1d69773600b3b55d528710f717fc7773f162,0057520300766395bd9eca9eda3c0cdc08717c7804cff77a92ec50f66cd9582c
Allen VBN,1049514117,521466,TEMPORAL,7.0,bins,1,1094496671,,0.0,25,7.0,NEW_SUPP_S1_FIXED_SEED,,97c06f66443975d08f9dfa751f40b8d74c7eafb89551ce5f0a44ddf6c960655b,0057520300766395bd9eca9eda3c0cdc08717c7804cff77a92ec50f66cd9582c
Allen VBN,1049514117,521466,TEMPORAL,7.0,bins,2,674892275,,0.0,25,7.0,NEW_SUPP_S1_FIXED_SEED,,ccacfac2b5e6ae4bcef00e1bf7d6313204d9bc090c0f3edcb86a3f181a0039ac,0057520300766395bd9eca9eda3c0cdc08717c7804cff77a92ec50f66cd9582c
Allen VBN,1049514117,521466,TEMPORAL,7.0,bins,3,2878743452,,0.0,25,7.0,NEW_SUPP_S1_FIXED_SEED,,0686b5703a2a91f83eec4a506ea42dd4eb80c27d3e7ced79989502c4b8f53bf6,0057520300766395bd9eca9eda3c0cdc08717c7804cff77a92ec50f66cd9582c
Allen VBN,1049514117,521466,TEMPORAL,7.0,bins,4,947464058,,0.0,25,7.0,NEW_SUPP_S1_FIXED_SEED,,a356d5fbf354e26572d58c2594b675cec0d1d65718aeda104d6fc42d6b50685e,0057520300766395bd9eca9eda3c0cdc08717c7804cff77a92ec50f66cd9582c
Allen VBN,1049514117,521466,TEMPORAL,10.0,bins,0,2790774027,,0.0,25,10.0,NEW_SUPP_S1_FIXED_SEED,,97e8c04be7ce4fad5fc0a3e63df420deeae950c89da73e90abe2a31c3c226a53,0057520300766395bd9eca9eda3c0cdc08717c7804cff77a92ec50f66cd9582c
Allen VBN,1049514117,521466,TEMPORAL,10.0,bins,1,1939917520,,0.0,25,10.0,NEW_SUPP_S1_FIXED_SEED,,c68f6ea5c52e72383f18ea038d57f4acb4232f1eb8ec117b641a233702c6b49d,0057520300766395bd9eca9eda3c0cdc08717c7804cff77a92ec50f66cd9582c
Allen VBN,1049514117,521466,TEMPORAL,10.0,bins,2,3502316806,,0.0,25,10.0,NEW_SUPP_S1_FIXED_SEED,,4377abcfe174488213edcfb044ea6b46a297e6ae3f7e3f0ca63792bee0467222,0057520300766395bd9eca9eda3c0cdc08717c7804cff77a92ec50f66cd9582c
Allen VBN,1049514117,521466,TEMPORAL,10.0,bins,3,1982891466,,0.0,25,10.0,NEW_SUPP_S1_FIXED_SEED,,1fb73155778e8f70b52a5e49bce6fef8010d4e50dfe8cea7a01e703d1cecea1d,0057520300766395bd9eca9eda3c0cdc08717c7804cff77a92ec50f66cd9582c
Allen VBN,1049514117,521466,TEMPORAL,10.0,bins,4,3695874616,,0.0,25,10.0,NEW_SUPP_S1_FIXED_SEED,,b4880770e381f3b3a52752d7c59ccf034b10c66afc3cb3f51ca9729606aa7f09,0057520300766395bd9eca9eda3c0cdc08717c7804cff77a92ec50f66cd9582c
Allen VBN,1049514117,521466,UNIT,0.3,proportion,0,FORMAL_ANCHOR,,nan,25,nan,MAIN_FROZEN_U30,,IDENTITY,0057520300766395bd9eca9eda3c0cdc08717c7804cff77a92ec50f66cd9582c
Allen VBN,1049514117,521466,UNIT,0.3,proportion,1,FORMAL_ANCHOR,,nan,25,nan,MAIN_FROZEN_U30,,IDENTITY,0057520300766395bd9eca9eda3c0cdc08717c7804cff77a92ec50f66cd9582c
Allen VBN,1049514117,521466,UNIT,0.3,proportion,2,FORMAL_ANCHOR,,nan,25,nan,MAIN_FROZEN_U30,,IDENTITY,0057520300766395bd9eca9eda3c0cdc08717c7804cff77a92ec50f66cd9582c
Allen VBN,1049514117,521466,UNIT,0.3,proportion,3,FORMAL_ANCHOR,,nan,25,nan,MAIN_FROZEN_U30,,IDENTITY,0057520300766395bd9eca9eda3c0cdc08717c7804cff77a92ec50f66cd9582c
Allen VBN,1049514117,521466,UNIT,0.3,proportion,4,FORMAL_ANCHOR,,nan,25,nan,MAIN_FROZEN_U30,,IDENTITY,0057520300766395bd9eca9eda3c0cdc08717c7804cff77a92ec50f66cd9582c
Allen VBN,1049514117,521466,TEMPORAL,5.0,bins,0,FORMAL_ANCHOR,,nan,25,nan,MAIN_FROZEN_T5,,IDENTITY,0057520300766395bd9eca9eda3c0cdc08717c7804cff77a92ec50f66cd9582c
Allen VBN,1049514117,521466,TEMPORAL,5.0,bins,1,FORMAL_ANCHOR,,nan,25,nan,MAIN_FROZEN_T5,,IDENTITY,0057520300766395bd9eca9eda3c0cdc08717c7804cff77a92ec50f66cd9582c
Allen VBN,1049514117,521466,TEMPORAL,5.0,bins,2,FORMAL_ANCHOR,,nan,25,nan,MAIN_FROZEN_T5,,IDENTITY,0057520300766395bd9eca9eda3c0cdc08717c7804cff77a92ec50f66cd9582c
Allen VBN,1049514117,521466,TEMPORAL,5.0,bins,3,FORMAL_ANCHOR,,nan,25,nan,MAIN_FROZEN_T5,,IDENTITY,0057520300766395bd9eca9eda3c0cdc08717c7804cff77a92ec50f66cd9582c
Allen VBN,1049514117,521466,TEMPORAL,5.0,bins,4,FORMAL_ANCHOR,,nan,25,nan,MAIN_FROZEN_T5,,IDENTITY,0057520300766395bd9eca9eda3c0cdc08717c7804cff77a92ec50f66cd9582c
Allen VBN,1051155866,524760,UNIT,0.1,proportion,0,2673285555,,192.0,25,0.0,NEW_SUPP_S1_FIXED_SEED,,7319ed0f0a4b660e0932a0b99a014d0376394747c4d388541421700f71d0af7a,0057520300766395bd9eca9eda3c0cdc08717c7804cff77a92ec50f66cd9582c
Allen VBN,1051155866,524760,UNIT,0.1,proportion,1,164433867,,192.0,25,0.0,NEW_SUPP_S1_FIXED_SEED,,4442161fc8dcc50a02587dfac722c6ea9825c1f93a0e574d0b65453c5296dae5,0057520300766395bd9eca9eda3c0cdc08717c7804cff77a92ec50f66cd9582c
Allen VBN,1051155866,524760,UNIT,0.1,proportion,2,867080201,,192.0,25,0.0,NEW_SUPP_S1_FIXED_SEED,,e24745a968a79bd97d0acbc3be92e39a70ea4792cc01c428289948e587772e38,0057520300766395bd9eca9eda3c0cdc08717c7804cff77a92ec50f66cd9582c
Allen VBN,1051155866,524760,UNIT,0.1,proportion,3,1078248235,,192.0,25,0.0,NEW_SUPP_S1_FIXED_SEED,,75c65601623863a40dc23776e61308c372dee67d941d8ac5ab3e0af294e63055,0057520300766395bd9eca9eda3c0cdc08717c7804cff77a92ec50f66cd9582c
Allen VBN,1051155866,524760,UNIT,0.1,proportion,4,1306350828,,192.0,25,0.0,NEW_SUPP_S1_FIXED_SEED,,3bf5ecfb2a90b31879cad390cd2f0a139957267dc090539a365f7d1fbd7389c0,0057520300766395bd9eca9eda3c0cdc08717c7804cff77a92ec50f66cd9582c
Allen VBN,1051155866,524760,UNIT,0.2,proportion,0,4155553732,,384.0,25,0.0,NEW_SUPP_S1_FIXED_SEED,,30a81e0db4c1939defe2ed368dbd5f58b4125434894f4af0c30d8c57bdb521f0,0057520300766395bd9eca9eda3c0cdc08717c7804cff77a92ec50f66cd9582c
Allen VBN,1051155866,524760,UNIT,0.2,proportion,1,2169062951,,384.0,25,0.0,NEW_SUPP_S1_FIXED_SEED,,bf6113f0c7e3daf81c522854ef286be2b11a14b225fdde8344d97b50db9df3b6,0057520300766395bd9eca9eda3c0cdc08717c7804cff77a92ec50f66cd9582c
Allen VBN,1051155866,524760,UNIT,0.2,proportion,2,846229667,,384.0,25,0.0,NEW_SUPP_S1_FIXED_SEED,,0faff91c7f0a8c74b1cd8856e5741df6614cc1edead2e4ad023de9c8bc3d8af2,0057520300766395bd9eca9eda3c0cdc08717c7804cff77a92ec50f66cd9582c
Allen VBN,1051155866,524760,UNIT,0.2,proportion,3,3133597895,,384.0,25,0.0,NEW_SUPP_S1_FIXED_SEED,,80ba2eb658f52a516ee7af84107edafeba61f6ef864c72e02f9acc3aa0525977,0057520300766395bd9eca9eda3c0cdc08717c7804cff77a92ec50f66cd9582c
Allen VBN,1051155866,524760,UNIT,0.2,proportion,4,1230647490,,384.0,25,0.0,NEW_SUPP_S1_FIXED_SEED,,a0aa9be4e1b3d6402d254c0a0cff3f93e4ba21fb4afd27be6ca945da5001fe39,0057520300766395bd9eca9eda3c0cdc08717c7804cff77a92ec50f66cd9582c
Allen VBN,1051155866,524760,UNIT,0.3,proportion,0,FORMAL_ANCHOR,,nan,25,nan,MAIN_FROZEN_U30,,28e7f235005ec14daf3adf21db44bee318fe6a72c611fbba17070d457569c6f5,0057520300766395bd9eca9eda3c0cdc08717c7804cff77a92ec50f66cd9582c
Allen VBN,1051155866,524760,UNIT,0.3,proportion,1,FORMAL_ANCHOR,,nan,25,nan,MAIN_FROZEN_U30,,c01d9d035b71ce03a115cd3a94b5aaf49cb7cfb3def7d88cea82763ad545f542,0057520300766395bd9eca9eda3c0cdc08717c7804cff77a92ec50f66cd9582c
Allen VBN,1051155866,524760,UNIT,0.3,proportion,2,FORMAL_ANCHOR,,nan,25,nan,MAIN_FROZEN_U30,,5bba40637fced4e041e87bd93eb37dbb0b6dca9e9f734b0a2028630a2066eadc,0057520300766395bd9eca9eda3c0cdc08717c7804cff77a92ec50f66cd9582c
Allen VBN,1051155866,524760,UNIT,0.3,proportion,3,FORMAL_ANCHOR,,nan,25,nan,MAIN_FROZEN_U30,,99b389b8480d9ecc588d5216a013949e229c9955e863d1bab4260b216d0b6e48,0057520300766395bd9eca9eda3c0cdc08717c7804cff77a92ec50f66cd9582c
Allen VBN,1051155866,524760,UNIT,0.3,proportion,4,FORMAL_ANCHOR,,nan,25,nan,MAIN_FROZEN_U30,,644d17817f2d7208dbf303e84a9048f7f857efacb693af0433588423bb6c936c,0057520300766395bd9eca9eda3c0cdc08717c7804cff77a92ec50f66cd9582c
Allen VBN,1051155866,524760,UNIT,0.4,proportion,0,91503102,,769.0,25,0.0,NEW_SUPP_S1_FIXED_SEED,,da48bf8af41909d5f58342db148372050e9be2cd15ef8ae50b8907a4769c0bff,0057520300766395bd9eca9eda3c0cdc08717c7804cff77a92ec50f66cd9582c
Allen VBN,1051155866,524760,UNIT,0.4,proportion,1,939912440,,769.0,25,0.0,NEW_SUPP_S1_FIXED_SEED,,a96ae7b1950c2a18a17d210348625daf1c17094637eba3015b55fec584d2cae0,0057520300766395bd9eca9eda3c0cdc08717c7804cff77a92ec50f66cd9582c
Allen VBN,1051155866,524760,UNIT,0.4,proportion,2,2133728353,,769.0,25,0.0,NEW_SUPP_S1_FIXED_SEED,,50a76c4eb257ae55370076b1f90a07b41b4e60973b1cd3b669569af50f7a0723,0057520300766395bd9eca9eda3c0cdc08717c7804cff77a92ec50f66cd9582c
Allen VBN,1051155866,524760,UNIT,0.4,proportion,3,2753635531,,769.0,25,0.0,NEW_SUPP_S1_FIXED_SEED,,79493de1d39a026c2af20ccdc75034b171e135f51abf2ade04e8e44dd7ac6b58,0057520300766395bd9eca9eda3c0cdc08717c7804cff77a92ec50f66cd9582c
Allen VBN,1051155866,524760,UNIT,0.4,proportion,4,1442388163,,769.0,25,0.0,NEW_SUPP_S1_FIXED_SEED,,da23442f478a0846113432854c47721881fc53cb9c670c58bb33a0ac48a68404,0057520300766395bd9eca9eda3c0cdc08717c7804cff77a92ec50f66cd9582c
Allen VBN,1051155866,524760,UNIT,0.5,proportion,0,2812350563,,961.0,25,0.0,NEW_SUPP_S1_FIXED_SEED,,a37da571b2d3cee05674349903609efbe1b28785378afa5f262442d0062c1af5,0057520300766395bd9eca9eda3c0cdc08717c7804cff77a92ec50f66cd9582c
Allen VBN,1051155866,524760,UNIT,0.5,proportion,1,2647637034,,961.0,25,0.0,NEW_SUPP_S1_FIXED_SEED,,469dcb49862edd7cdf929752f2e361c24604d3018db10a33642d11f9c3e23bb2,0057520300766395bd9eca9eda3c0cdc08717c7804cff77a92ec50f66cd9582c
Allen VBN,1051155866,524760,UNIT,0.5,proportion,2,3208278914,,961.0,25,0.0,NEW_SUPP_S1_FIXED_SEED,,d582e33807af46cfa44b2b323c3ec8fc63b5f8da36bff834422e53d2700d9d42,0057520300766395bd9eca9eda3c0cdc08717c7804cff77a92ec50f66cd9582c
Allen VBN,1051155866,524760,UNIT,0.5,proportion,3,965278943,,961.0,25,0.0,NEW_SUPP_S1_FIXED_SEED,,2e647df7c28cebf2677a6ab8a20fddfc81bb9e18277831439ae707078564be2f,0057520300766395bd9eca9eda3c0cdc08717c7804cff77a92ec50f66cd9582c
Allen VBN,1051155866,524760,UNIT,0.5,proportion,4,1351304426,,961.0,25,0.0,NEW_SUPP_S1_FIXED_SEED,,3c1532b6f235931ec369b405a60f326d65ce4cd375600d00d61f2e8af4d3a865,0057520300766395bd9eca9eda3c0cdc08717c7804cff77a92ec50f66cd9582c
Allen VBN,1051155866,524760,TEMPORAL,2.0,bins,0,3358851794,,0.0,25,2.0,NEW_SUPP_S1_FIXED_SEED,,3b2ae8dfe2c6905ffcb3f746da3e772291e774e66c8b6e043b2a07e7ecdff60a,0057520300766395bd9eca9eda3c0cdc08717c7804cff77a92ec50f66cd9582c
Allen VBN,1051155866,524760,TEMPORAL,2.0,bins,1,1652647506,,0.0,25,2.0,NEW_SUPP_S1_FIXED_SEED,,ccbce513e4060701f6834ce66f68e4002e8454e06a28f5a09962e8c5f774a2bd,0057520300766395bd9eca9eda3c0cdc08717c7804cff77a92ec50f66cd9582c
Allen VBN,1051155866,524760,TEMPORAL,2.0,bins,2,2328197899,,0.0,25,2.0,NEW_SUPP_S1_FIXED_SEED,,bfd917f9f15f62756285a614208a939fdd42d5f63cad754eb110380e71949063,0057520300766395bd9eca9eda3c0cdc08717c7804cff77a92ec50f66cd9582c
Allen VBN,1051155866,524760,TEMPORAL,2.0,bins,3,3574095551,,0.0,25,2.0,NEW_SUPP_S1_FIXED_SEED,,9b17011bebd014fb2d53c132144e7824f325d9d112ec92b8334059906b9c4c29,0057520300766395bd9eca9eda3c0cdc08717c7804cff77a92ec50f66cd9582c
Allen VBN,1051155866,524760,TEMPORAL,2.0,bins,4,609168095,,0.0,25,2.0,NEW_SUPP_S1_FIXED_SEED,,02618dd04f548664e79e869b63dfc2cf20e6ffbfde44a305706b6570521cb41a,0057520300766395bd9eca9eda3c0cdc08717c7804cff77a92ec50f66cd9582c
Allen VBN,1051155866,524760,TEMPORAL,3.0,bins,0,3799498276,,0.0,25,3.0,NEW_SUPP_S1_FIXED_SEED,,d21c98025dea3b7100af0bd5d2f6061fc638bd12bc3fa15e5f99c98785afe327,0057520300766395bd9eca9eda3c0cdc08717c7804cff77a92ec50f66cd9582c
Allen VBN,1051155866,524760,TEMPORAL,3.0,bins,1,318302741,,0.0,25,3.0,NEW_SUPP_S1_FIXED_SEED,,1cfd575d869b9083a3f870e038865a1ea23d4254f93ebe06bef212c1bdd7101a,0057520300766395bd9eca9eda3c0cdc08717c7804cff77a92ec50f66cd9582c
Allen VBN,1051155866,524760,TEMPORAL,3.0,bins,2,2487087678,,0.0,25,3.0,NEW_SUPP_S1_FIXED_SEED,,07793c3a5f3988608acdf0537d86db9860a6dc5b3247df1de43caab7cc7a3b62,0057520300766395bd9eca9eda3c0cdc08717c7804cff77a92ec50f66cd9582c
Allen VBN,1051155866,524760,TEMPORAL,3.0,bins,3,2218321813,,0.0,25,3.0,NEW_SUPP_S1_FIXED_SEED,,d2193f203012fab95d68f6c27c8cc0527be5e708321410f204b982c9c18a18fb,0057520300766395bd9eca9eda3c0cdc08717c7804cff77a92ec50f66cd9582c
Allen VBN,1051155866,524760,TEMPORAL,3.0,bins,4,1340009400,,0.0,25,3.0,NEW_SUPP_S1_FIXED_SEED,,8a8589bba3e27e026fa1a16a8a948554aa12ea0a4458853b313b9df7c75d0728,0057520300766395bd9eca9eda3c0cdc08717c7804cff77a92ec50f66cd9582c
Allen VBN,1051155866,524760,TEMPORAL,5.0,bins,0,FORMAL_ANCHOR,,nan,25,nan,MAIN_FROZEN_T5,,bbf23d4ab7b6a4379c85ddebe09bb0154ab25b8a5f9260a2c4b6edf2603f486c,0057520300766395bd9eca9eda3c0cdc08717c7804cff77a92ec50f66cd9582c
Allen VBN,1051155866,524760,TEMPORAL,5.0,bins,1,FORMAL_ANCHOR,,nan,25,nan,MAIN_FROZEN_T5,,fec041f3f583fb4c0e93598b42f8b710087aa1f4cf26dd37fb9cad5b0c10115d,0057520300766395bd9eca9eda3c0cdc08717c7804cff77a92ec50f66cd9582c
Allen VBN,1051155866,524760,TEMPORAL,5.0,bins,2,FORMAL_ANCHOR,,nan,25,nan,MAIN_FROZEN_T5,,33bbf15aef13fe2a5167e5afd479dd15e0e2715344f6d1ea2a787eabd576caf0,0057520300766395bd9eca9eda3c0cdc08717c7804cff77a92ec50f66cd9582c
Allen VBN,1051155866,524760,TEMPORAL,5.0,bins,3,FORMAL_ANCHOR,,nan,25,nan,MAIN_FROZEN_T5,,d94b71ca3bf9fc505bdfefa4ac7dbe2bd1d5c392dc7c1ed2beabbd30c64b4e76,0057520300766395bd9eca9eda3c0cdc08717c7804cff77a92ec50f66cd9582c
Allen VBN,1051155866,524760,TEMPORAL,5.0,bins,4,FORMAL_ANCHOR,,nan,25,nan,MAIN_FROZEN_T5,,0e2c7e2f8efecd28b5e844167c2d47f6f27645a27dee61f7aeaa5e117eb77068,0057520300766395bd9eca9eda3c0cdc08717c7804cff77a92ec50f66cd9582c
Allen VBN,1051155866,524760,TEMPORAL,7.0,bins,0,307236009,,0.0,25,7.0,NEW_SUPP_S1_FIXED_SEED,,88e10f4fda863c69eab9993184c4cd0b16abba922145bac6dd9115e74a41eb8c,0057520300766395bd9eca9eda3c0cdc08717c7804cff77a92ec50f66cd9582c
Allen VBN,1051155866,524760,TEMPORAL,7.0,bins,1,2535761982,,0.0,25,7.0,NEW_SUPP_S1_FIXED_SEED,,56f22d163ca56f3d6027bf32c5c9da876a0124bcbafc2428f8296c52b9be561b,0057520300766395bd9eca9eda3c0cdc08717c7804cff77a92ec50f66cd9582c
Allen VBN,1051155866,524760,TEMPORAL,7.0,bins,2,3337709834,,0.0,25,7.0,NEW_SUPP_S1_FIXED_SEED,,2f3e2eac6530bf76ef4975f2fd8142425c7422f802cf62d040dd5d3408989b72,0057520300766395bd9eca9eda3c0cdc08717c7804cff77a92ec50f66cd9582c
Allen VBN,1051155866,524760,TEMPORAL,7.0,bins,3,1372571284,,0.0,25,7.0,NEW_SUPP_S1_FIXED_SEED,,59ef3bfc6a6e84242fbe9ac580ac0c66da1b32008968c09766b651b057027c7a,0057520300766395bd9eca9eda3c0cdc08717c7804cff77a92ec50f66cd9582c
Allen VBN,1051155866,524760,TEMPORAL,7.0,bins,4,2512040560,,0.0,25,7.0,NEW_SUPP_S1_FIXED_SEED,,cac56fd4c49b1b1fbadc34fd9455e1c68eb47cb1069c69b1792cee09e260f10f,0057520300766395bd9eca9eda3c0cdc08717c7804cff77a92ec50f66cd9582c
Allen VBN,1051155866,524760,TEMPORAL,10.0,bins,0,1874121333,,0.0,25,10.0,NEW_SUPP_S1_FIXED_SEED,,a9fc2c9091c83fba98827efd2a9cbced021ba1081e4f919194e7ffc3270d47bc,0057520300766395bd9eca9eda3c0cdc08717c7804cff77a92ec50f66cd9582c
Allen VBN,1051155866,524760,TEMPORAL,10.0,bins,1,2610993704,,0.0,25,10.0,NEW_SUPP_S1_FIXED_SEED,,043e31aef2b5ff696418cece8a580ee60bb8f89568a238439941d46008b90c75,0057520300766395bd9eca9eda3c0cdc08717c7804cff77a92ec50f66cd9582c
Allen VBN,1051155866,524760,TEMPORAL,10.0,bins,2,3778124998,,0.0,25,10.0,NEW_SUPP_S1_FIXED_SEED,,0d581764fcdd61c12120a9c30877bf2136f30cbfb56cf8ec80631c4cedaadc27,0057520300766395bd9eca9eda3c0cdc08717c7804cff77a92ec50f66cd9582c
Allen VBN,1051155866,524760,TEMPORAL,10.0,bins,3,2420186631,,0.0,25,10.0,NEW_SUPP_S1_FIXED_SEED,,4835426dc6f3d657be4170978368377415eefdede5a35434fab8d358731d37e3,0057520300766395bd9eca9eda3c0cdc08717c7804cff77a92ec50f66cd9582c
Allen VBN,1051155866,524760,TEMPORAL,10.0,bins,4,4028583829,,0.0,25,10.0,NEW_SUPP_S1_FIXED_SEED,,d204cbf5fd3791178ed4d5450463f1207820852e690e8979c7d8549b8cd3e825,0057520300766395bd9eca9eda3c0cdc08717c7804cff77a92ec50f66cd9582c
Allen VBN,1051155866,524760,UNIT,0.3,proportion,0,FORMAL_ANCHOR,,nan,25,nan,MAIN_FROZEN_U30,,IDENTITY,0057520300766395bd9eca9eda3c0cdc08717c7804cff77a92ec50f66cd9582c
Allen VBN,1051155866,524760,UNIT,0.3,proportion,1,FORMAL_ANCHOR,,nan,25,nan,MAIN_FROZEN_U30,,IDENTITY,0057520300766395bd9eca9eda3c0cdc08717c7804cff77a92ec50f66cd9582c
Allen VBN,1051155866,524760,UNIT,0.3,proportion,2,FORMAL_ANCHOR,,nan,25,nan,MAIN_FROZEN_U30,,IDENTITY,0057520300766395bd9eca9eda3c0cdc08717c7804cff77a92ec50f66cd9582c
Allen VBN,1051155866,524760,UNIT,0.3,proportion,3,FORMAL_ANCHOR,,nan,25,nan,MAIN_FROZEN_U30,,IDENTITY,0057520300766395bd9eca9eda3c0cdc08717c7804cff77a92ec50f66cd9582c
Allen VBN,1051155866,524760,UNIT,0.3,proportion,4,FORMAL_ANCHOR,,nan,25,nan,MAIN_FROZEN_U30,,IDENTITY,0057520300766395bd9eca9eda3c0cdc08717c7804cff77a92ec50f66cd9582c
Allen VBN,1051155866,524760,TEMPORAL,5.0,bins,0,FORMAL_ANCHOR,,nan,25,nan,MAIN_FROZEN_T5,,IDENTITY,0057520300766395bd9eca9eda3c0cdc08717c7804cff77a92ec50f66cd9582c
Allen VBN,1051155866,524760,TEMPORAL,5.0,bins,1,FORMAL_ANCHOR,,nan,25,nan,MAIN_FROZEN_T5,,IDENTITY,0057520300766395bd9eca9eda3c0cdc08717c7804cff77a92ec50f66cd9582c
Allen VBN,1051155866,524760,TEMPORAL,5.0,bins,2,FORMAL_ANCHOR,,nan,25,nan,MAIN_FROZEN_T5,,IDENTITY,0057520300766395bd9eca9eda3c0cdc08717c7804cff77a92ec50f66cd9582c
Allen VBN,1051155866,524760,TEMPORAL,5.0,bins,3,FORMAL_ANCHOR,,nan,25,nan,MAIN_FROZEN_T5,,IDENTITY,0057520300766395bd9eca9eda3c0cdc08717c7804cff77a92ec50f66cd9582c
Allen VBN,1051155866,524760,TEMPORAL,5.0,bins,4,FORMAL_ANCHOR,,nan,25,nan,MAIN_FROZEN_T5,,IDENTITY,0057520300766395bd9eca9eda3c0cdc08717c7804cff77a92ec50f66cd9582c
Allen VBN,1053718935,527749,UNIT,0.1,proportion,0,2034767248,,251.0,25,0.0,NEW_SUPP_S1_FIXED_SEED,,7e23e57e55fdb344fd426ae94b98df031c20a087e87d2be15bde41b39d0b6236,0057520300766395bd9eca9eda3c0cdc08717c7804cff77a92ec50f66cd9582c
Allen VBN,1053718935,527749,UNIT,0.1,proportion,1,3746820798,,251.0,25,0.0,NEW_SUPP_S1_FIXED_SEED,,05f18b82ed0fc8a486ba3055db51a287e6a2930c4d638c07c71d6a35712b2959,0057520300766395bd9eca9eda3c0cdc08717c7804cff77a92ec50f66cd9582c
Allen VBN,1053718935,527749,UNIT,0.1,proportion,2,3573575070,,251.0,25,0.0,NEW_SUPP_S1_FIXED_SEED,,15355cdfec5ccf341a9f23b16ee9abc8f7f82004da20595fc62bc3d34992e19c,0057520300766395bd9eca9eda3c0cdc08717c7804cff77a92ec50f66cd9582c
Allen VBN,1053718935,527749,UNIT,0.1,proportion,3,1533714635,,251.0,25,0.0,NEW_SUPP_S1_FIXED_SEED,,d35f98435f89bf07f5574ace4335e47cf6ad6172b8849eb4ce8fe32e8b9cf2b1,0057520300766395bd9eca9eda3c0cdc08717c7804cff77a92ec50f66cd9582c
Allen VBN,1053718935,527749,UNIT,0.1,proportion,4,569353230,,251.0,25,0.0,NEW_SUPP_S1_FIXED_SEED,,0421211b78ce6a55baf9c554b59c513caf6dedfc13cbba9ff3af48dcf4c1f273,0057520300766395bd9eca9eda3c0cdc08717c7804cff77a92ec50f66cd9582c
Allen VBN,1053718935,527749,UNIT,0.2,proportion,0,1213798291,,502.0,25,0.0,NEW_SUPP_S1_FIXED_SEED,,198ba3465e9b191d519508f8bc61ddd22253d64dbe303d3754109af755d97044,0057520300766395bd9eca9eda3c0cdc08717c7804cff77a92ec50f66cd9582c
Allen VBN,1053718935,527749,UNIT,0.2,proportion,1,3647881506,,502.0,25,0.0,NEW_SUPP_S1_FIXED_SEED,,15a25602b1dfdcac87e917d216782edf09f3d9c8230bfa8eb94ee55cb878d34c,0057520300766395bd9eca9eda3c0cdc08717c7804cff77a92ec50f66cd9582c
Allen VBN,1053718935,527749,UNIT,0.2,proportion,2,2944480222,,502.0,25,0.0,NEW_SUPP_S1_FIXED_SEED,,b183875f645c47e463207f08aeff4aee6ecfac7eb6f874a2c2b0ef4753f6b44b,0057520300766395bd9eca9eda3c0cdc08717c7804cff77a92ec50f66cd9582c
Allen VBN,1053718935,527749,UNIT,0.2,proportion,3,219457599,,502.0,25,0.0,NEW_SUPP_S1_FIXED_SEED,,3b0ee11d3498dc81b0b12b9a81b26c9c72e14a885d412a58ebfac436ae5424b6,0057520300766395bd9eca9eda3c0cdc08717c7804cff77a92ec50f66cd9582c
Allen VBN,1053718935,527749,UNIT,0.2,proportion,4,2959526634,,502.0,25,0.0,NEW_SUPP_S1_FIXED_SEED,,5c48909eaf34215a028d8f5f5dd23bcb0dadbde42cd71f3581d1913af42a98c2,0057520300766395bd9eca9eda3c0cdc08717c7804cff77a92ec50f66cd9582c
Allen VBN,1053718935,527749,UNIT,0.3,proportion,0,FORMAL_ANCHOR,,nan,25,nan,MAIN_FROZEN_U30,,4aca20d9149702338f196baa325d6b650f4a03ae91b4e7d2c6e5f4857f7eb689,0057520300766395bd9eca9eda3c0cdc08717c7804cff77a92ec50f66cd9582c
Allen VBN,1053718935,527749,UNIT,0.3,proportion,1,FORMAL_ANCHOR,,nan,25,nan,MAIN_FROZEN_U30,,37d38d4a45ca19052e4dd6975fdb6e202c62dabf1a896ddd675c3d16de5696bc,0057520300766395bd9eca9eda3c0cdc08717c7804cff77a92ec50f66cd9582c
Allen VBN,1053718935,527749,UNIT,0.3,proportion,2,FORMAL_ANCHOR,,nan,25,nan,MAIN_FROZEN_U30,,f34a9962f42274ca1c71d6d22644a169e0fdb38c6c018867fbd8903113985ab7,0057520300766395bd9eca9eda3c0cdc08717c7804cff77a92ec50f66cd9582c
Allen VBN,1053718935,527749,UNIT,0.3,proportion,3,FORMAL_ANCHOR,,nan,25,nan,MAIN_FROZEN_U30,,7ff5af039ec879ac7d1ebd418d6b2e85d004b8ca6314e035e28647764b59cd8b,0057520300766395bd9eca9eda3c0cdc08717c7804cff77a92ec50f66cd9582c
Allen VBN,1053718935,527749,UNIT,0.3,proportion,4,FORMAL_ANCHOR,,nan,25,nan,MAIN_FROZEN_U30,,1ed51df5fd84a2fa9efbf44beca48fcc157d1f2cbeafce6c8f10aff8d9487992,0057520300766395bd9eca9eda3c0cdc08717c7804cff77a92ec50f66cd9582c
Allen VBN,1053718935,527749,UNIT,0.4,proportion,0,1773818014,,1003.0,25,0.0,NEW_SUPP_S1_FIXED_SEED,,49c6756b5ea80db0f95fe1f6f8c90396cf977434555b26f25e532115a21f1d4d,0057520300766395bd9eca9eda3c0cdc08717c7804cff77a92ec50f66cd9582c
Allen VBN,1053718935,527749,UNIT,0.4,proportion,1,3741909876,,1003.0,25,0.0,NEW_SUPP_S1_FIXED_SEED,,5e6e69069268338edbbfc6cfb16c851aa97a1c107443d2b2b722a31c83b72ad2,0057520300766395bd9eca9eda3c0cdc08717c7804cff77a92ec50f66cd9582c
Allen VBN,1053718935,527749,UNIT,0.4,proportion,2,2097991421,,1003.0,25,0.0,NEW_SUPP_S1_FIXED_SEED,,ad0ecc67125c027ce4b7aa16578d2fe47439772ad50fb4df6924f0741e70c4d8,0057520300766395bd9eca9eda3c0cdc08717c7804cff77a92ec50f66cd9582c
Allen VBN,1053718935,527749,UNIT,0.4,proportion,3,3761519581,,1003.0,25,0.0,NEW_SUPP_S1_FIXED_SEED,,cb9884c8d767a9667fe7e2519ba9fbf9e0e9ea3688ada949ecb95632b42f7587,0057520300766395bd9eca9eda3c0cdc08717c7804cff77a92ec50f66cd9582c
Allen VBN,1053718935,527749,UNIT,0.4,proportion,4,3834672750,,1003.0,25,0.0,NEW_SUPP_S1_FIXED_SEED,,54ff88be92a972ec804028c463f8f613cbe857554a8cf36d814610bed3a05927,0057520300766395bd9eca9eda3c0cdc08717c7804cff77a92ec50f66cd9582c
Allen VBN,1053718935,527749,UNIT,0.5,proportion,0,655659419,,1254.0,25,0.0,NEW_SUPP_S1_FIXED_SEED,,66baa1b5f76dfd7dd186e8142ec228507a0c80546f07e0b19f2e550ad3ad13dc,0057520300766395bd9eca9eda3c0cdc08717c7804cff77a92ec50f66cd9582c
Allen VBN,1053718935,527749,UNIT,0.5,proportion,1,3404185608,,1254.0,25,0.0,NEW_SUPP_S1_FIXED_SEED,,c281b5043175d042042403b7fbeb871858cece38e2b595a690816f4e65b023ba,0057520300766395bd9eca9eda3c0cdc08717c7804cff77a92ec50f66cd9582c
Allen VBN,1053718935,527749,UNIT,0.5,proportion,2,1391627857,,1254.0,25,0.0,NEW_SUPP_S1_FIXED_SEED,,4a96a469a630d03a0c16feac28a618cca4614364b6d8b093dd95ccaf0d7ddecb,0057520300766395bd9eca9eda3c0cdc08717c7804cff77a92ec50f66cd9582c
Allen VBN,1053718935,527749,UNIT,0.5,proportion,3,3049517311,,1254.0,25,0.0,NEW_SUPP_S1_FIXED_SEED,,3e57806eb06d84650a85a0d102faba38a48c67837596db229307f87b635d16f1,0057520300766395bd9eca9eda3c0cdc08717c7804cff77a92ec50f66cd9582c
Allen VBN,1053718935,527749,UNIT,0.5,proportion,4,3581401750,,1254.0,25,0.0,NEW_SUPP_S1_FIXED_SEED,,034610dd0339ae13ebbcc4b60f847fe8be4ef8c2c1d7f1170f13d8a412b87723,0057520300766395bd9eca9eda3c0cdc08717c7804cff77a92ec50f66cd9582c
Allen VBN,1053718935,527749,TEMPORAL,2.0,bins,0,2208863377,,0.0,25,2.0,NEW_SUPP_S1_FIXED_SEED,,cd6a72df07c9528452f051b1489bad63115585427b6f165d3543b8673a662c11,0057520300766395bd9eca9eda3c0cdc08717c7804cff77a92ec50f66cd9582c
Allen VBN,1053718935,527749,TEMPORAL,2.0,bins,1,423240440,,0.0,25,2.0,NEW_SUPP_S1_FIXED_SEED,,44a9afd9d51866de838b8882919b9234fcfee0d53d3daa908cf9bc5e4469fdc2,0057520300766395bd9eca9eda3c0cdc08717c7804cff77a92ec50f66cd9582c
Allen VBN,1053718935,527749,TEMPORAL,2.0,bins,2,3667386059,,0.0,25,2.0,NEW_SUPP_S1_FIXED_SEED,,15af5f94f5950bcbea97b701acaa8d5ea33cc5d7bcd6beacd74be393f81b9221,0057520300766395bd9eca9eda3c0cdc08717c7804cff77a92ec50f66cd9582c
Allen VBN,1053718935,527749,TEMPORAL,2.0,bins,3,3536871552,,0.0,25,2.0,NEW_SUPP_S1_FIXED_SEED,,2c195b522eb98138e1d7e64c2542f04f4660102db03645f5d39ad62f47dbc15f,0057520300766395bd9eca9eda3c0cdc08717c7804cff77a92ec50f66cd9582c
Allen VBN,1053718935,527749,TEMPORAL,2.0,bins,4,1782091698,,0.0,25,2.0,NEW_SUPP_S1_FIXED_SEED,,0309631f02b76bd44208068f40386c844815ae32f0e2c1209e524affe8dd619c,0057520300766395bd9eca9eda3c0cdc08717c7804cff77a92ec50f66cd9582c
Allen VBN,1053718935,527749,TEMPORAL,3.0,bins,0,2379051903,,0.0,25,3.0,NEW_SUPP_S1_FIXED_SEED,,945834946fb0f3f8e6a060e7c1bf422678564880185e9412b37439d75b1db30e,0057520300766395bd9eca9eda3c0cdc08717c7804cff77a92ec50f66cd9582c
Allen VBN,1053718935,527749,TEMPORAL,3.0,bins,1,1215929359,,0.0,25,3.0,NEW_SUPP_S1_FIXED_SEED,,46ed2e84198cb71046fc15013d9fb7d7ce5e10acf542b82b3f825cd74409c6ad,0057520300766395bd9eca9eda3c0cdc08717c7804cff77a92ec50f66cd9582c
Allen VBN,1053718935,527749,TEMPORAL,3.0,bins,2,2652698550,,0.0,25,3.0,NEW_SUPP_S1_FIXED_SEED,,5b7526c383dae6faa2aa486de03a3118f1699e8ba8662686e425b830e044f4a6,0057520300766395bd9eca9eda3c0cdc08717c7804cff77a92ec50f66cd9582c
Allen VBN,1053718935,527749,TEMPORAL,3.0,bins,3,653126332,,0.0,25,3.0,NEW_SUPP_S1_FIXED_SEED,,226b8b8ae5352c56cd1f88e16f289eeb65667446c960d0fb5a555da9dcb14cbd,0057520300766395bd9eca9eda3c0cdc08717c7804cff77a92ec50f66cd9582c
Allen VBN,1053718935,527749,TEMPORAL,3.0,bins,4,3992870228,,0.0,25,3.0,NEW_SUPP_S1_FIXED_SEED,,6c5fab68e185b147619727d8166d166862377817c796bcad7715a1f7920d4dc4,0057520300766395bd9eca9eda3c0cdc08717c7804cff77a92ec50f66cd9582c
Allen VBN,1053718935,527749,TEMPORAL,5.0,bins,0,FORMAL_ANCHOR,,nan,25,nan,MAIN_FROZEN_T5,,86da1356745a11e87d3e42410c0d91eb965c591980908bf2896bd28344173c69,0057520300766395bd9eca9eda3c0cdc08717c7804cff77a92ec50f66cd9582c
Allen VBN,1053718935,527749,TEMPORAL,5.0,bins,1,FORMAL_ANCHOR,,nan,25,nan,MAIN_FROZEN_T5,,b1fceb9b0404369728e4dc79b20a72534156963696b733b671ce286daeba98f5,0057520300766395bd9eca9eda3c0cdc08717c7804cff77a92ec50f66cd9582c
Allen VBN,1053718935,527749,TEMPORAL,5.0,bins,2,FORMAL_ANCHOR,,nan,25,nan,MAIN_FROZEN_T5,,107293ffc2d50c103894b956f729f4628d3c3b8cda62c25e21ebf94c09db009c,0057520300766395bd9eca9eda3c0cdc08717c7804cff77a92ec50f66cd9582c
Allen VBN,1053718935,527749,TEMPORAL,5.0,bins,3,FORMAL_ANCHOR,,nan,25,nan,MAIN_FROZEN_T5,,9f16ddfc32f2cd102f62efec2cfb8f77c0e6337c3ced030e196ebd536164d934,0057520300766395bd9eca9eda3c0cdc08717c7804cff77a92ec50f66cd9582c
Allen VBN,1053718935,527749,TEMPORAL,5.0,bins,4,FORMAL_ANCHOR,,nan,25,nan,MAIN_FROZEN_T5,,bbe966c75258ae34f0d65925b683e058217752117083bedc51fd3eed9e94f50a,0057520300766395bd9eca9eda3c0cdc08717c7804cff77a92ec50f66cd9582c
Allen VBN,1053718935,527749,TEMPORAL,7.0,bins,0,803277457,,0.0,25,7.0,NEW_SUPP_S1_FIXED_SEED,,6455051b1d819d072002da863001f1a336959897fca9690b01bf73daa33beec6,0057520300766395bd9eca9eda3c0cdc08717c7804cff77a92ec50f66cd9582c
Allen VBN,1053718935,527749,TEMPORAL,7.0,bins,1,2927595658,,0.0,25,7.0,NEW_SUPP_S1_FIXED_SEED,,51072d72c14df73dc3e30acb507f4a2935f21e23ed955a8fd754ffda0728f33e,0057520300766395bd9eca9eda3c0cdc08717c7804cff77a92ec50f66cd9582c
Allen VBN,1053718935,527749,TEMPORAL,7.0,bins,2,2690449233,,0.0,25,7.0,NEW_SUPP_S1_FIXED_SEED,,8a925430c9ab4936ab52637cbdf7b80a70e0b29c23eb04a48ca33847095cf2cc,0057520300766395bd9eca9eda3c0cdc08717c7804cff77a92ec50f66cd9582c
Allen VBN,1053718935,527749,TEMPORAL,7.0,bins,3,2862613956,,0.0,25,7.0,NEW_SUPP_S1_FIXED_SEED,,f185bc601fb391a4051eb162e48cd9e11d5fab0fcad409652188bf6e23f51d75,0057520300766395bd9eca9eda3c0cdc08717c7804cff77a92ec50f66cd9582c
Allen VBN,1053718935,527749,TEMPORAL,7.0,bins,4,986448059,,0.0,25,7.0,NEW_SUPP_S1_FIXED_SEED,,ebcf423c9a407e90f93b0f11b662267a9d4e60ea003f384e649ea4c26f6cf89d,0057520300766395bd9eca9eda3c0cdc08717c7804cff77a92ec50f66cd9582c
Allen VBN,1053718935,527749,TEMPORAL,10.0,bins,0,2387361655,,0.0,25,10.0,NEW_SUPP_S1_FIXED_SEED,,4d530e058744653b222bdb4728809089202e4eebcb84ce22113fd62aec9ebfe9,0057520300766395bd9eca9eda3c0cdc08717c7804cff77a92ec50f66cd9582c
Allen VBN,1053718935,527749,TEMPORAL,10.0,bins,1,4245265420,,0.0,25,10.0,NEW_SUPP_S1_FIXED_SEED,,0412aa628c54e560c00960b2eab1f8ecf005a0caba1929fa9d15d5777a9c89ad,0057520300766395bd9eca9eda3c0cdc08717c7804cff77a92ec50f66cd9582c
Allen VBN,1053718935,527749,TEMPORAL,10.0,bins,2,3132179138,,0.0,25,10.0,NEW_SUPP_S1_FIXED_SEED,,babbd55c42e9cff38c9b99a5615ff8bb7edb96e1f2145f960e5378921616b650,0057520300766395bd9eca9eda3c0cdc08717c7804cff77a92ec50f66cd9582c
Allen VBN,1053718935,527749,TEMPORAL,10.0,bins,3,3016691995,,0.0,25,10.0,NEW_SUPP_S1_FIXED_SEED,,48dd25b76ccc79351b1e5890cddd313d9064e10012676bcaa0681caa04eec8fd,0057520300766395bd9eca9eda3c0cdc08717c7804cff77a92ec50f66cd9582c
Allen VBN,1053718935,527749,TEMPORAL,10.0,bins,4,1743167818,,0.0,25,10.0,NEW_SUPP_S1_FIXED_SEED,,32ad402f7dfba464db4582440260633f4d1d3f2b21927afdccf8eb55c4fd6e65,0057520300766395bd9eca9eda3c0cdc08717c7804cff77a92ec50f66cd9582c
Allen VBN,1053718935,527749,UNIT,0.3,proportion,0,FORMAL_ANCHOR,,nan,25,nan,MAIN_FROZEN_U30,,IDENTITY,0057520300766395bd9eca9eda3c0cdc08717c7804cff77a92ec50f66cd9582c
Allen VBN,1053718935,527749,UNIT,0.3,proportion,1,FORMAL_ANCHOR,,nan,25,nan,MAIN_FROZEN_U30,,IDENTITY,0057520300766395bd9eca9eda3c0cdc08717c7804cff77a92ec50f66cd9582c
Allen VBN,1053718935,527749,UNIT,0.3,proportion,2,FORMAL_ANCHOR,,nan,25,nan,MAIN_FROZEN_U30,,IDENTITY,0057520300766395bd9eca9eda3c0cdc08717c7804cff77a92ec50f66cd9582c
Allen VBN,1053718935,527749,UNIT,0.3,proportion,3,FORMAL_ANCHOR,,nan,25,nan,MAIN_FROZEN_U30,,IDENTITY,0057520300766395bd9eca9eda3c0cdc08717c7804cff77a92ec50f66cd9582c
Allen VBN,1053718935,527749,UNIT,0.3,proportion,4,FORMAL_ANCHOR,,nan,25,nan,MAIN_FROZEN_U30,,IDENTITY,0057520300766395bd9eca9eda3c0cdc08717c7804cff77a92ec50f66cd9582c
Allen VBN,1053718935,527749,TEMPORAL,5.0,bins,0,FORMAL_ANCHOR,,nan,25,nan,MAIN_FROZEN_T5,,IDENTITY,0057520300766395bd9eca9eda3c0cdc08717c7804cff77a92ec50f66cd9582c
Allen VBN,1053718935,527749,TEMPORAL,5.0,bins,1,FORMAL_ANCHOR,,nan,25,nan,MAIN_FROZEN_T5,,IDENTITY,0057520300766395bd9eca9eda3c0cdc08717c7804cff77a92ec50f66cd9582c
Allen VBN,1053718935,527749,TEMPORAL,5.0,bins,2,FORMAL_ANCHOR,,nan,25,nan,MAIN_FROZEN_T5,,IDENTITY,0057520300766395bd9eca9eda3c0cdc08717c7804cff77a92ec50f66cd9582c
Allen VBN,1053718935,527749,TEMPORAL,5.0,bins,3,FORMAL_ANCHOR,,nan,25,nan,MAIN_FROZEN_T5,,IDENTITY,0057520300766395bd9eca9eda3c0cdc08717c7804cff77a92ec50f66cd9582c
Allen VBN,1053718935,527749,TEMPORAL,5.0,bins,4,FORMAL_ANCHOR,,nan,25,nan,MAIN_FROZEN_T5,,IDENTITY,0057520300766395bd9eca9eda3c0cdc08717c7804cff77a92ec50f66cd9582c
Allen VBN,1056495334,531237,UNIT,0.1,proportion,0,3300489515,,274.0,25,0.0,NEW_SUPP_S1_FIXED_SEED,,9d9cb94ef13a21df987c07351fc0d9036f55da291070a677f38a09ce07d747ce,0057520300766395bd9eca9eda3c0cdc08717c7804cff77a92ec50f66cd9582c
Allen VBN,1056495334,531237,UNIT,0.1,proportion,1,2449241838,,274.0,25,0.0,NEW_SUPP_S1_FIXED_SEED,,c1910f74a64d8448b242f02468e4f0fa2d2effbd6a8f4bc3eedccf09340f2928,0057520300766395bd9eca9eda3c0cdc08717c7804cff77a92ec50f66cd9582c
Allen VBN,1056495334,531237,UNIT,0.1,proportion,2,2674870274,,274.0,25,0.0,NEW_SUPP_S1_FIXED_SEED,,334959af96ece308b13ebcdf0ff2b26d28a39c9c5c1747c20f18bed9724e5d39,0057520300766395bd9eca9eda3c0cdc08717c7804cff77a92ec50f66cd9582c
Allen VBN,1056495334,531237,UNIT,0.1,proportion,3,2178992104,,274.0,25,0.0,NEW_SUPP_S1_FIXED_SEED,,0bac6547b9b3dfdd7cd48db9244b5f2efb38c23a0fd2d5a3eb18780d84a6fec0,0057520300766395bd9eca9eda3c0cdc08717c7804cff77a92ec50f66cd9582c
Allen VBN,1056495334,531237,UNIT,0.1,proportion,4,1982271847,,274.0,25,0.0,NEW_SUPP_S1_FIXED_SEED,,9b17abeb2a00b0e78ddeba11840a8763ebe7c08f0d93405fde174cb7037688b9,0057520300766395bd9eca9eda3c0cdc08717c7804cff77a92ec50f66cd9582c
Allen VBN,1056495334,531237,UNIT,0.2,proportion,0,307017628,,549.0,25,0.0,NEW_SUPP_S1_FIXED_SEED,,6b7bdb735760f61db3d6013931c6cf52ad3661f09e9e4376428b23e4f378eeef,0057520300766395bd9eca9eda3c0cdc08717c7804cff77a92ec50f66cd9582c
Allen VBN,1056495334,531237,UNIT,0.2,proportion,1,3958827024,,549.0,25,0.0,NEW_SUPP_S1_FIXED_SEED,,fd7dbd6f28a0395a63ab08246e760cd6080670813aed58d433e75de969193fbf,0057520300766395bd9eca9eda3c0cdc08717c7804cff77a92ec50f66cd9582c
Allen VBN,1056495334,531237,UNIT,0.2,proportion,2,1388290972,,549.0,25,0.0,NEW_SUPP_S1_FIXED_SEED,,1702fc780f1d5ad83b91a01bdd0cb4373aa5c8634c667c36f38209f2e00b3b5b,0057520300766395bd9eca9eda3c0cdc08717c7804cff77a92ec50f66cd9582c
Allen VBN,1056495334,531237,UNIT,0.2,proportion,3,4284203824,,549.0,25,0.0,NEW_SUPP_S1_FIXED_SEED,,bccc22b4589e5ccef178cd467f1239915e9e94f3064281bfb19272b37f2ae58e,0057520300766395bd9eca9eda3c0cdc08717c7804cff77a92ec50f66cd9582c
Allen VBN,1056495334,531237,UNIT,0.2,proportion,4,2483629126,,549.0,25,0.0,NEW_SUPP_S1_FIXED_SEED,,ae01aa32e79037a6e0f607f976fafcbdfafbfa7f3109a1087ca6f42608414d85,0057520300766395bd9eca9eda3c0cdc08717c7804cff77a92ec50f66cd9582c
Allen VBN,1056495334,531237,UNIT,0.3,proportion,0,FORMAL_ANCHOR,,nan,25,nan,MAIN_FROZEN_U30,,8427882f3513ee8b6c0b870281f1149b01279408a9dc1ec427b211eb5952ff99,0057520300766395bd9eca9eda3c0cdc08717c7804cff77a92ec50f66cd9582c
Allen VBN,1056495334,531237,UNIT,0.3,proportion,1,FORMAL_ANCHOR,,nan,25,nan,MAIN_FROZEN_U30,,44387a05e3c3ccf80047dc48c6c43e4890e16bfdaa6b367d52dcc01f4d2fcf26,0057520300766395bd9eca9eda3c0cdc08717c7804cff77a92ec50f66cd9582c
Allen VBN,1056495334,531237,UNIT,0.3,proportion,2,FORMAL_ANCHOR,,nan,25,nan,MAIN_FROZEN_U30,,cc67e8a0cecbb2e2bf87f6bbb29fd31f000241f6f342a6ebe45a7728f535e17b,0057520300766395bd9eca9eda3c0cdc08717c7804cff77a92ec50f66cd9582c
Allen VBN,1056495334,531237,UNIT,0.3,proportion,3,FORMAL_ANCHOR,,nan,25,nan,MAIN_FROZEN_U30,,5df3400eb00449011070d656c77314ed707207c374e31ffa20723383847138f1,0057520300766395bd9eca9eda3c0cdc08717c7804cff77a92ec50f66cd9582c
Allen VBN,1056495334,531237,UNIT,0.3,proportion,4,FORMAL_ANCHOR,,nan,25,nan,MAIN_FROZEN_U30,,072dc2237f8ffd6480da1ccf62fe600e48683b833f1100252d80967af8dfef4f,0057520300766395bd9eca9eda3c0cdc08717c7804cff77a92ec50f66cd9582c
Allen VBN,1056495334,531237,UNIT,0.4,proportion,0,2376532229,,1098.0,25,0.0,NEW_SUPP_S1_FIXED_SEED,,6b44141c8c595ee15b93bac92f6a698c24692c9d9921ed44d0aa8ac43cc88918,0057520300766395bd9eca9eda3c0cdc08717c7804cff77a92ec50f66cd9582c
Allen VBN,1056495334,531237,UNIT,0.4,proportion,1,3019046050,,1098.0,25,0.0,NEW_SUPP_S1_FIXED_SEED,,2ed18f0c2d2258d1944d4f126779b7105b1b00cbd782a31f588d06a922180ff4,0057520300766395bd9eca9eda3c0cdc08717c7804cff77a92ec50f66cd9582c
Allen VBN,1056495334,531237,UNIT,0.4,proportion,2,416358404,,1098.0,25,0.0,NEW_SUPP_S1_FIXED_SEED,,db88d48bdd6d938f8f038e50506fdeeffea3f3a58d11cdb5aa89cccadff67d9b,0057520300766395bd9eca9eda3c0cdc08717c7804cff77a92ec50f66cd9582c
Allen VBN,1056495334,531237,UNIT,0.4,proportion,3,3130786874,,1098.0,25,0.0,NEW_SUPP_S1_FIXED_SEED,,592293e9f0c906cb509a91db7dee32a8cae9535cf8def3340cf2f759a35382a1,0057520300766395bd9eca9eda3c0cdc08717c7804cff77a92ec50f66cd9582c
Allen VBN,1056495334,531237,UNIT,0.4,proportion,4,2245519410,,1098.0,25,0.0,NEW_SUPP_S1_FIXED_SEED,,814dbac6571fe40e0c7245add246996eb68472d248a0b09a182af387d1da8adc,0057520300766395bd9eca9eda3c0cdc08717c7804cff77a92ec50f66cd9582c
Allen VBN,1056495334,531237,UNIT,0.5,proportion,0,3572300001,,1372.0,25,0.0,NEW_SUPP_S1_FIXED_SEED,,52370944d5107e8f172d751f046648515c96ea583e797bb2aabc01ee715749d1,0057520300766395bd9eca9eda3c0cdc08717c7804cff77a92ec50f66cd9582c
Allen VBN,1056495334,531237,UNIT,0.5,proportion,1,3461994832,,1372.0,25,0.0,NEW_SUPP_S1_FIXED_SEED,,a53540b95e1d247a8cc49cbf673d286a86ef65f040f051f5ebb8f0dcad636eef,0057520300766395bd9eca9eda3c0cdc08717c7804cff77a92ec50f66cd9582c
Allen VBN,1056495334,531237,UNIT,0.5,proportion,2,1709979253,,1372.0,25,0.0,NEW_SUPP_S1_FIXED_SEED,,42a1d13f4b5597d95c485ca3fb0dde2d2fdf82cfcbe35acf678e195b52010a51,0057520300766395bd9eca9eda3c0cdc08717c7804cff77a92ec50f66cd9582c
Allen VBN,1056495334,531237,UNIT,0.5,proportion,3,2265911636,,1372.0,25,0.0,NEW_SUPP_S1_FIXED_SEED,,2cf5b4fcf44419e7cff5f9e46d7f23acf7f923c0c27ffe138b57727e07e58dd8,0057520300766395bd9eca9eda3c0cdc08717c7804cff77a92ec50f66cd9582c
Allen VBN,1056495334,531237,UNIT,0.5,proportion,4,3755216564,,1372.0,25,0.0,NEW_SUPP_S1_FIXED_SEED,,e6852d585e750a4ffab88a5cd0a92f7a260770694f4e27d4da7a0c51932ae444,0057520300766395bd9eca9eda3c0cdc08717c7804cff77a92ec50f66cd9582c
Allen VBN,1056495334,531237,TEMPORAL,2.0,bins,0,1110643559,,0.0,25,2.0,NEW_SUPP_S1_FIXED_SEED,,14978f41a904ba6b09c617e95358242d5ad96c5435cb6fb59c599ce37581fbc3,0057520300766395bd9eca9eda3c0cdc08717c7804cff77a92ec50f66cd9582c
Allen VBN,1056495334,531237,TEMPORAL,2.0,bins,1,3363905645,,0.0,25,2.0,NEW_SUPP_S1_FIXED_SEED,,ffd6702c752051c4717559996fb9ff06e90a1d29d02d58e1a8205e99ef793b36,0057520300766395bd9eca9eda3c0cdc08717c7804cff77a92ec50f66cd9582c
Allen VBN,1056495334,531237,TEMPORAL,2.0,bins,2,1771891845,,0.0,25,2.0,NEW_SUPP_S1_FIXED_SEED,,7673d4b78ee856c86d802790a8518f185018dc3df5da438a919d5f975350d920,0057520300766395bd9eca9eda3c0cdc08717c7804cff77a92ec50f66cd9582c
Allen VBN,1056495334,531237,TEMPORAL,2.0,bins,3,841529652,,0.0,25,2.0,NEW_SUPP_S1_FIXED_SEED,,0e807785c91321f1a575b90d1ca8d5d84779f57074db6fef62fa01a5ee4bb282,0057520300766395bd9eca9eda3c0cdc08717c7804cff77a92ec50f66cd9582c
Allen VBN,1056495334,531237,TEMPORAL,2.0,bins,4,667309200,,0.0,25,2.0,NEW_SUPP_S1_FIXED_SEED,,6f64e614ad96dff2a70aa9ca0c43a70bf1bceac8818c9fac0b3b65e217e2b751,0057520300766395bd9eca9eda3c0cdc08717c7804cff77a92ec50f66cd9582c
Allen VBN,1056495334,531237,TEMPORAL,3.0,bins,0,2228879838,,0.0,25,3.0,NEW_SUPP_S1_FIXED_SEED,,c35cb4fe733e7d51ae9a458bacfc629f19193d14356a95ed46c98e3f308ef123,0057520300766395bd9eca9eda3c0cdc08717c7804cff77a92ec50f66cd9582c
Allen VBN,1056495334,531237,TEMPORAL,3.0,bins,1,694894124,,0.0,25,3.0,NEW_SUPP_S1_FIXED_SEED,,97900e5348d067efe70b5fef5be50d255cbe841a91259e64ee1e2a41b5d259e1,0057520300766395bd9eca9eda3c0cdc08717c7804cff77a92ec50f66cd9582c
Allen VBN,1056495334,531237,TEMPORAL,3.0,bins,2,2468078773,,0.0,25,3.0,NEW_SUPP_S1_FIXED_SEED,,ff89f0e9c03634268bab6fc367b4bf2120ea194047973f00def35e74e226ccb7,0057520300766395bd9eca9eda3c0cdc08717c7804cff77a92ec50f66cd9582c
Allen VBN,1056495334,531237,TEMPORAL,3.0,bins,3,1683607959,,0.0,25,3.0,NEW_SUPP_S1_FIXED_SEED,,8392288153761a1b2de0486161c16c0ac9caf00150459829d85b8c2ddb8c6673,0057520300766395bd9eca9eda3c0cdc08717c7804cff77a92ec50f66cd9582c
Allen VBN,1056495334,531237,TEMPORAL,3.0,bins,4,1959854312,,0.0,25,3.0,NEW_SUPP_S1_FIXED_SEED,,c6d6f160b92c0c1ccdb95a7a7c8b2051595ca62921c696332f82a7c4f7661e51,0057520300766395bd9eca9eda3c0cdc08717c7804cff77a92ec50f66cd9582c
Allen VBN,1056495334,531237,TEMPORAL,5.0,bins,0,FORMAL_ANCHOR,,nan,25,nan,MAIN_FROZEN_T5,,4593c4c23c532138bc4a147da89e3606c287ba029cca7471f4aeb88ac42afd05,0057520300766395bd9eca9eda3c0cdc08717c7804cff77a92ec50f66cd9582c
Allen VBN,1056495334,531237,TEMPORAL,5.0,bins,1,FORMAL_ANCHOR,,nan,25,nan,MAIN_FROZEN_T5,,c7d41737be578dee9a6c69c1fef1d6c1ddaf1a44516d73f340284911960ae512,0057520300766395bd9eca9eda3c0cdc08717c7804cff77a92ec50f66cd9582c
Allen VBN,1056495334,531237,TEMPORAL,5.0,bins,2,FORMAL_ANCHOR,,nan,25,nan,MAIN_FROZEN_T5,,15aadfab0eee2cbeeed554ccda55a84a7c86299335a79affc046cf174c02b6c7,0057520300766395bd9eca9eda3c0cdc08717c7804cff77a92ec50f66cd9582c
Allen VBN,1056495334,531237,TEMPORAL,5.0,bins,3,FORMAL_ANCHOR,,nan,25,nan,MAIN_FROZEN_T5,,54e6b188913a8c1f104aeffc076e69ff5e49936fc428fab617441db2b7f75ab3,0057520300766395bd9eca9eda3c0cdc08717c7804cff77a92ec50f66cd9582c
Allen VBN,1056495334,531237,TEMPORAL,5.0,bins,4,FORMAL_ANCHOR,,nan,25,nan,MAIN_FROZEN_T5,,9bbfeb774868184360bbd5ba77e5f908e8e4ab6e84155e67cffe9e918641acd8,0057520300766395bd9eca9eda3c0cdc08717c7804cff77a92ec50f66cd9582c
Allen VBN,1056495334,531237,TEMPORAL,7.0,bins,0,2321660664,,0.0,25,7.0,NEW_SUPP_S1_FIXED_SEED,,56e62ed8f1b44f2e6dfcfc6bda920c14207121a809ae21106cd2587d435a737b,0057520300766395bd9eca9eda3c0cdc08717c7804cff77a92ec50f66cd9582c
Allen VBN,1056495334,531237,TEMPORAL,7.0,bins,1,1522364076,,0.0,25,7.0,NEW_SUPP_S1_FIXED_SEED,,b16f181ead941a726b687d5e1674b80094b33c387333165972740489ea070b66,0057520300766395bd9eca9eda3c0cdc08717c7804cff77a92ec50f66cd9582c
Allen VBN,1056495334,531237,TEMPORAL,7.0,bins,2,683789868,,0.0,25,7.0,NEW_SUPP_S1_FIXED_SEED,,41b0817d31419e0ab8f380210a0c32cc42a6b3c2608ed246667a4422e822f3d5,0057520300766395bd9eca9eda3c0cdc08717c7804cff77a92ec50f66cd9582c
Allen VBN,1056495334,531237,TEMPORAL,7.0,bins,3,3030428803,,0.0,25,7.0,NEW_SUPP_S1_FIXED_SEED,,95ca88e9276331c138ffc1b8570797947b72d04ed8afe82202057f711048f319,0057520300766395bd9eca9eda3c0cdc08717c7804cff77a92ec50f66cd9582c
Allen VBN,1056495334,531237,TEMPORAL,7.0,bins,4,442463236,,0.0,25,7.0,NEW_SUPP_S1_FIXED_SEED,,68569f2a5adcd432c19c2d1cc7d67f0ab7a47661e944c1cf19f68fec1674d9cb,0057520300766395bd9eca9eda3c0cdc08717c7804cff77a92ec50f66cd9582c
Allen VBN,1056495334,531237,TEMPORAL,10.0,bins,0,3193789043,,0.0,25,10.0,NEW_SUPP_S1_FIXED_SEED,,d9ac5bf5b9b7f5ed54f0bb55fcf972827ae58e5b964a0ed31f2fbd6151ffd833,0057520300766395bd9eca9eda3c0cdc08717c7804cff77a92ec50f66cd9582c
Allen VBN,1056495334,531237,TEMPORAL,10.0,bins,1,2971929276,,0.0,25,10.0,NEW_SUPP_S1_FIXED_SEED,,da0c52ddc636902ffbaa240511d919265f977fcc679a4af1a4d771678c38a83c,0057520300766395bd9eca9eda3c0cdc08717c7804cff77a92ec50f66cd9582c
Allen VBN,1056495334,531237,TEMPORAL,10.0,bins,2,2831013138,,0.0,25,10.0,NEW_SUPP_S1_FIXED_SEED,,fb95f4bf565225f08aa97ec7cd363447ed17006e668f96581f2b4894abf8cc02,0057520300766395bd9eca9eda3c0cdc08717c7804cff77a92ec50f66cd9582c
Allen VBN,1056495334,531237,TEMPORAL,10.0,bins,3,3158416871,,0.0,25,10.0,NEW_SUPP_S1_FIXED_SEED,,03274495e7e81e5f90eb1681137189d5bbf6b3c30b9a90edaba46ecd3296a3bf,0057520300766395bd9eca9eda3c0cdc08717c7804cff77a92ec50f66cd9582c
Allen VBN,1056495334,531237,TEMPORAL,10.0,bins,4,3687636499,,0.0,25,10.0,NEW_SUPP_S1_FIXED_SEED,,20cc9dc9c7d5322a41c1d7de9a1b9b619dd7395be7a8edc57d1121c2e52cab9e,0057520300766395bd9eca9eda3c0cdc08717c7804cff77a92ec50f66cd9582c
Allen VBN,1056495334,531237,UNIT,0.3,proportion,0,FORMAL_ANCHOR,,nan,25,nan,MAIN_FROZEN_U30,,IDENTITY,0057520300766395bd9eca9eda3c0cdc08717c7804cff77a92ec50f66cd9582c
Allen VBN,1056495334,531237,UNIT,0.3,proportion,1,FORMAL_ANCHOR,,nan,25,nan,MAIN_FROZEN_U30,,IDENTITY,0057520300766395bd9eca9eda3c0cdc08717c7804cff77a92ec50f66cd9582c
Allen VBN,1056495334,531237,UNIT,0.3,proportion,2,FORMAL_ANCHOR,,nan,25,nan,MAIN_FROZEN_U30,,IDENTITY,0057520300766395bd9eca9eda3c0cdc08717c7804cff77a92ec50f66cd9582c
Allen VBN,1056495334,531237,UNIT,0.3,proportion,3,FORMAL_ANCHOR,,nan,25,nan,MAIN_FROZEN_U30,,IDENTITY,0057520300766395bd9eca9eda3c0cdc08717c7804cff77a92ec50f66cd9582c
Allen VBN,1056495334,531237,UNIT,0.3,proportion,4,FORMAL_ANCHOR,,nan,25,nan,MAIN_FROZEN_U30,,IDENTITY,0057520300766395bd9eca9eda3c0cdc08717c7804cff77a92ec50f66cd9582c
Allen VBN,1056495334,531237,TEMPORAL,5.0,bins,0,FORMAL_ANCHOR,,nan,25,nan,MAIN_FROZEN_T5,,IDENTITY,0057520300766395bd9eca9eda3c0cdc08717c7804cff77a92ec50f66cd9582c
Allen VBN,1056495334,531237,TEMPORAL,5.0,bins,1,FORMAL_ANCHOR,,nan,25,nan,MAIN_FROZEN_T5,,IDENTITY,0057520300766395bd9eca9eda3c0cdc08717c7804cff77a92ec50f66cd9582c
Allen VBN,1056495334,531237,TEMPORAL,5.0,bins,2,FORMAL_ANCHOR,,nan,25,nan,MAIN_FROZEN_T5,,IDENTITY,0057520300766395bd9eca9eda3c0cdc08717c7804cff77a92ec50f66cd9582c
Allen VBN,1056495334,531237,TEMPORAL,5.0,bins,3,FORMAL_ANCHOR,,nan,25,nan,MAIN_FROZEN_T5,,IDENTITY,0057520300766395bd9eca9eda3c0cdc08717c7804cff77a92ec50f66cd9582c
Allen VBN,1056495334,531237,TEMPORAL,5.0,bins,4,FORMAL_ANCHOR,,nan,25,nan,MAIN_FROZEN_T5,,IDENTITY,0057520300766395bd9eca9eda3c0cdc08717c7804cff77a92ec50f66cd9582c
CRCNS pvc-11,data_monkey1_gratings,monkey1,UNIT,0.1,proportion,0,325951598,,11.0,25,0.0,NEW_SUPP_S1_FIXED_SEED,,57f2f6336bfc7675a1a72d57526ab962d45b12a47832892cd6538c9bae984da2,0057520300766395bd9eca9eda3c0cdc08717c7804cff77a92ec50f66cd9582c
CRCNS pvc-11,data_monkey1_gratings,monkey1,UNIT,0.1,proportion,1,645955435,,11.0,25,0.0,NEW_SUPP_S1_FIXED_SEED,,7aaa7bc59d0a1a10732f2e324da967f54d611ec97e3cb0cfdeb1ad699286a5ce,0057520300766395bd9eca9eda3c0cdc08717c7804cff77a92ec50f66cd9582c
CRCNS pvc-11,data_monkey1_gratings,monkey1,UNIT,0.1,proportion,2,2773389058,,11.0,25,0.0,NEW_SUPP_S1_FIXED_SEED,,2e543a925e86d2a7804c427b5520b85b0c832cdba9413f18777b19cd218596d1,0057520300766395bd9eca9eda3c0cdc08717c7804cff77a92ec50f66cd9582c
CRCNS pvc-11,data_monkey1_gratings,monkey1,UNIT,0.1,proportion,3,2068491416,,11.0,25,0.0,NEW_SUPP_S1_FIXED_SEED,,77f9b7075fbdf4309ba88dcd7d49017a9808be383ee900c80b997743abff01ee,0057520300766395bd9eca9eda3c0cdc08717c7804cff77a92ec50f66cd9582c
CRCNS pvc-11,data_monkey1_gratings,monkey1,UNIT,0.1,proportion,4,3098699783,,11.0,25,0.0,NEW_SUPP_S1_FIXED_SEED,,54371216a2759310ec749e3bb0cde2c73e7345f2b6ef8978e6b543a89927718b,0057520300766395bd9eca9eda3c0cdc08717c7804cff77a92ec50f66cd9582c
CRCNS pvc-11,data_monkey1_gratings,monkey1,UNIT,0.2,proportion,0,3907807436,,21.0,25,0.0,NEW_SUPP_S1_FIXED_SEED,,592e80164a3f8eaf6b82348ed5c7f55a2e0d7aacaccb896a80c42d534b9c921a,0057520300766395bd9eca9eda3c0cdc08717c7804cff77a92ec50f66cd9582c
CRCNS pvc-11,data_monkey1_gratings,monkey1,UNIT,0.2,proportion,1,3348757614,,21.0,25,0.0,NEW_SUPP_S1_FIXED_SEED,,e1dfc2541b8c68c6217609300dd754005247dbdf44a9595003c9475c11b317e3,0057520300766395bd9eca9eda3c0cdc08717c7804cff77a92ec50f66cd9582c
CRCNS pvc-11,data_monkey1_gratings,monkey1,UNIT,0.2,proportion,2,3661008509,,21.0,25,0.0,NEW_SUPP_S1_FIXED_SEED,,48a5bb8c618b573a46e8c9109c80ba75dcb6bcd0c647e3bd8d8cffe1e1c6bd93,0057520300766395bd9eca9eda3c0cdc08717c7804cff77a92ec50f66cd9582c
CRCNS pvc-11,data_monkey1_gratings,monkey1,UNIT,0.2,proportion,3,921532800,,21.0,25,0.0,NEW_SUPP_S1_FIXED_SEED,,cf1a029b42d09519a094f4d1784a741ddd78fdb487a2b512ea6e9e34185c0ac0,0057520300766395bd9eca9eda3c0cdc08717c7804cff77a92ec50f66cd9582c
CRCNS pvc-11,data_monkey1_gratings,monkey1,UNIT,0.2,proportion,4,4164205556,,21.0,25,0.0,NEW_SUPP_S1_FIXED_SEED,,5b0b41f808eae4bdd58697b42a86999308cc50809a67d3dce7410658b70c04b7,0057520300766395bd9eca9eda3c0cdc08717c7804cff77a92ec50f66cd9582c
CRCNS pvc-11,data_monkey1_gratings,monkey1,UNIT,0.3,proportion,0,FORMAL_ANCHOR,,nan,25,nan,MAIN_FROZEN_U30,,d794b251579a5ad11ff439767d4087a20586c4d90984a3aee6c1a1406933a17a,0057520300766395bd9eca9eda3c0cdc08717c7804cff77a92ec50f66cd9582c
CRCNS pvc-11,data_monkey1_gratings,monkey1,UNIT,0.3,proportion,1,FORMAL_ANCHOR,,nan,25,nan,MAIN_FROZEN_U30,,7bd8721d15b66798f2233f2b578f8ff4af2039280b6ef7fd2d47a71a6e3a9786,0057520300766395bd9eca9eda3c0cdc08717c7804cff77a92ec50f66cd9582c
CRCNS pvc-11,data_monkey1_gratings,monkey1,UNIT,0.3,proportion,2,FORMAL_ANCHOR,,nan,25,nan,MAIN_FROZEN_U30,,29e5c3972a4f33d31d6e8c002326a9f21bb387904c460627792c90f81ae26a75,0057520300766395bd9eca9eda3c0cdc08717c7804cff77a92ec50f66cd9582c
CRCNS pvc-11,data_monkey1_gratings,monkey1,UNIT,0.3,proportion,3,FORMAL_ANCHOR,,nan,25,nan,MAIN_FROZEN_U30,,cde1ce59c9118d78582260119712d01b065b89ec85ae2a169f12449c7c36eaeb,0057520300766395bd9eca9eda3c0cdc08717c7804cff77a92ec50f66cd9582c
CRCNS pvc-11,data_monkey1_gratings,monkey1,UNIT,0.3,proportion,4,FORMAL_ANCHOR,,nan,25,nan,MAIN_FROZEN_U30,,56ccffb6af6ab5e289114b7491c54ce080af7b016c9bc20b61208b1b0d2bde14,0057520300766395bd9eca9eda3c0cdc08717c7804cff77a92ec50f66cd9582c
CRCNS pvc-11,data_monkey1_gratings,monkey1,UNIT,0.4,proportion,0,2435941281,,42.0,25,0.0,NEW_SUPP_S1_FIXED_SEED,,f76b70145926b9486c953d34312856e0593590212f13e79f14da6d30eb9bee5a,0057520300766395bd9eca9eda3c0cdc08717c7804cff77a92ec50f66cd9582c
CRCNS pvc-11,data_monkey1_gratings,monkey1,UNIT,0.4,proportion,1,200101030,,42.0,25,0.0,NEW_SUPP_S1_FIXED_SEED,,3e50c318cd2c9a74a9a0104068c00be90c6634f0b756bd57df02826b220158f9,0057520300766395bd9eca9eda3c0cdc08717c7804cff77a92ec50f66cd9582c
CRCNS pvc-11,data_monkey1_gratings,monkey1,UNIT,0.4,proportion,2,3569966559,,42.0,25,0.0,NEW_SUPP_S1_FIXED_SEED,,d02a532eedfac1bd87d3364c8f0ff028a46e830f3611e38ec74dbf2d54d3fd4e,0057520300766395bd9eca9eda3c0cdc08717c7804cff77a92ec50f66cd9582c
CRCNS pvc-11,data_monkey1_gratings,monkey1,UNIT,0.4,proportion,3,2364703417,,42.0,25,0.0,NEW_SUPP_S1_FIXED_SEED,,89b86b0d368cbdee5885f2bce84a48626324094de7d01dabec389f19a72ce2b6,0057520300766395bd9eca9eda3c0cdc08717c7804cff77a92ec50f66cd9582c
CRCNS pvc-11,data_monkey1_gratings,monkey1,UNIT,0.4,proportion,4,2779212168,,42.0,25,0.0,NEW_SUPP_S1_FIXED_SEED,,8324f094023658240334a6ca68b95233232a1b2ab3b79d55e2889e80ab90bc97,0057520300766395bd9eca9eda3c0cdc08717c7804cff77a92ec50f66cd9582c
CRCNS pvc-11,data_monkey1_gratings,monkey1,UNIT,0.5,proportion,0,2323153061,,53.0,25,0.0,NEW_SUPP_S1_FIXED_SEED,,4012de567fa25af2a7c5b2aa38dd49f84deeb23eb60ebaaa4f8948ec07398661,0057520300766395bd9eca9eda3c0cdc08717c7804cff77a92ec50f66cd9582c
CRCNS pvc-11,data_monkey1_gratings,monkey1,UNIT,0.5,proportion,1,1925519275,,53.0,25,0.0,NEW_SUPP_S1_FIXED_SEED,,db4b1c747765ab6f0f95843fffb83bd74240e4cb7d3beddf2a795e48b59d9af9,0057520300766395bd9eca9eda3c0cdc08717c7804cff77a92ec50f66cd9582c
CRCNS pvc-11,data_monkey1_gratings,monkey1,UNIT,0.5,proportion,2,3043866096,,53.0,25,0.0,NEW_SUPP_S1_FIXED_SEED,,85d5e872494fad36773145bc4b467018f3a5c962794848faf8f84fdcc4e0d2fa,0057520300766395bd9eca9eda3c0cdc08717c7804cff77a92ec50f66cd9582c
CRCNS pvc-11,data_monkey1_gratings,monkey1,UNIT,0.5,proportion,3,28196535,,53.0,25,0.0,NEW_SUPP_S1_FIXED_SEED,,6ad0a18ebaf1b31a960a94014f0533562d7548ebcc3bdac1b82dab9af75b1b2f,0057520300766395bd9eca9eda3c0cdc08717c7804cff77a92ec50f66cd9582c
CRCNS pvc-11,data_monkey1_gratings,monkey1,UNIT,0.5,proportion,4,901660624,,53.0,25,0.0,NEW_SUPP_S1_FIXED_SEED,,c1325fd54d22f0129bfd705aa51e4d219ff0464c4e7af287d14e1feaf98ab6a9,0057520300766395bd9eca9eda3c0cdc08717c7804cff77a92ec50f66cd9582c
CRCNS pvc-11,data_monkey1_gratings,monkey1,TEMPORAL,2.0,bins,0,1292504093,,0.0,25,2.0,NEW_SUPP_S1_FIXED_SEED,,e69f94018929426653303459ecd06c7d0b2f98d444db986f80f1614c0d3c1b64,0057520300766395bd9eca9eda3c0cdc08717c7804cff77a92ec50f66cd9582c
CRCNS pvc-11,data_monkey1_gratings,monkey1,TEMPORAL,2.0,bins,1,4072578639,,0.0,25,2.0,NEW_SUPP_S1_FIXED_SEED,,e0851e8b2ea322e4091c91bf985a2e7bf29852444c61ad205fe7fb2af67a0711,0057520300766395bd9eca9eda3c0cdc08717c7804cff77a92ec50f66cd9582c
CRCNS pvc-11,data_monkey1_gratings,monkey1,TEMPORAL,2.0,bins,2,1733576892,,0.0,25,2.0,NEW_SUPP_S1_FIXED_SEED,,3c5191109f8c4786b47cab6ccb418a6d0c87f0ae9e8085e51653c76960d9ae94,0057520300766395bd9eca9eda3c0cdc08717c7804cff77a92ec50f66cd9582c
CRCNS pvc-11,data_monkey1_gratings,monkey1,TEMPORAL,2.0,bins,3,3345043462,,0.0,25,2.0,NEW_SUPP_S1_FIXED_SEED,,c88fe6246ae8737e4a3b8c2b85fcf00d8a86c41033f2da44a38a309620b97bf8,0057520300766395bd9eca9eda3c0cdc08717c7804cff77a92ec50f66cd9582c
CRCNS pvc-11,data_monkey1_gratings,monkey1,TEMPORAL,2.0,bins,4,3699235626,,0.0,25,2.0,NEW_SUPP_S1_FIXED_SEED,,a33668f1e8c2d4d2c5b430b822499af4002c1a9f7bab4c5838fa8386dd131dd5,0057520300766395bd9eca9eda3c0cdc08717c7804cff77a92ec50f66cd9582c
CRCNS pvc-11,data_monkey1_gratings,monkey1,TEMPORAL,3.0,bins,0,117081044,,0.0,25,3.0,NEW_SUPP_S1_FIXED_SEED,,597bf222f9e368c366bb488302bd9b93f08c5d45eff8685552a00966ac61043d,0057520300766395bd9eca9eda3c0cdc08717c7804cff77a92ec50f66cd9582c
CRCNS pvc-11,data_monkey1_gratings,monkey1,TEMPORAL,3.0,bins,1,3090534490,,0.0,25,3.0,NEW_SUPP_S1_FIXED_SEED,,60fdcd294c006650e503fa281f7d4c98ac34c6f17c3f12b44507ba680029a871,0057520300766395bd9eca9eda3c0cdc08717c7804cff77a92ec50f66cd9582c
CRCNS pvc-11,data_monkey1_gratings,monkey1,TEMPORAL,3.0,bins,2,1594392199,,0.0,25,3.0,NEW_SUPP_S1_FIXED_SEED,,030e20ada437f7107c0ff14135ba789f3fa5cafb1c80c575be08133b6d981e36,0057520300766395bd9eca9eda3c0cdc08717c7804cff77a92ec50f66cd9582c
CRCNS pvc-11,data_monkey1_gratings,monkey1,TEMPORAL,3.0,bins,3,1737488980,,0.0,25,3.0,NEW_SUPP_S1_FIXED_SEED,,7263f07e62b4b9834eac9af5976daeda1549478625a33037a0da1ba58515f03a,0057520300766395bd9eca9eda3c0cdc08717c7804cff77a92ec50f66cd9582c
CRCNS pvc-11,data_monkey1_gratings,monkey1,TEMPORAL,3.0,bins,4,1721443873,,0.0,25,3.0,NEW_SUPP_S1_FIXED_SEED,,9bcd4ae517f3cefa755c4edb09ce484c3d064b44814f3b781b0d8dff513da1df,0057520300766395bd9eca9eda3c0cdc08717c7804cff77a92ec50f66cd9582c
CRCNS pvc-11,data_monkey1_gratings,monkey1,TEMPORAL,5.0,bins,0,FORMAL_ANCHOR,,nan,25,nan,MAIN_FROZEN_T5,,0d8dc989b88739b4bb8b8aad623bda37ba953f72a9dd1c6895d658c3ed6e1afd,0057520300766395bd9eca9eda3c0cdc08717c7804cff77a92ec50f66cd9582c
CRCNS pvc-11,data_monkey1_gratings,monkey1,TEMPORAL,5.0,bins,1,FORMAL_ANCHOR,,nan,25,nan,MAIN_FROZEN_T5,,8094403ef20f178c2d727ed565f9508ba47f1e0f8d76e1f50242dd2d6e105c58,0057520300766395bd9eca9eda3c0cdc08717c7804cff77a92ec50f66cd9582c
CRCNS pvc-11,data_monkey1_gratings,monkey1,TEMPORAL,5.0,bins,2,FORMAL_ANCHOR,,nan,25,nan,MAIN_FROZEN_T5,,e4e01b3734956bc4914554f6013a4d3ea2784794c0693567d28eca2459461ba9,0057520300766395bd9eca9eda3c0cdc08717c7804cff77a92ec50f66cd9582c
CRCNS pvc-11,data_monkey1_gratings,monkey1,TEMPORAL,5.0,bins,3,FORMAL_ANCHOR,,nan,25,nan,MAIN_FROZEN_T5,,d5323781bad63a82f4f6132e5001e216e1caef14fc8dfa7ee61924f0a214d6f8,0057520300766395bd9eca9eda3c0cdc08717c7804cff77a92ec50f66cd9582c
CRCNS pvc-11,data_monkey1_gratings,monkey1,TEMPORAL,5.0,bins,4,FORMAL_ANCHOR,,nan,25,nan,MAIN_FROZEN_T5,,e0f0d2cba8646b881ac6f66f8b28d766f61a9ec9c56d6aa87553a3ba4073d6c4,0057520300766395bd9eca9eda3c0cdc08717c7804cff77a92ec50f66cd9582c
CRCNS pvc-11,data_monkey1_gratings,monkey1,TEMPORAL,7.0,bins,0,2574048061,,0.0,25,7.0,NEW_SUPP_S1_FIXED_SEED,,3f32fac9571326cc7fa779fbb4a5face453cf301655f6492754f9226fb5ae687,0057520300766395bd9eca9eda3c0cdc08717c7804cff77a92ec50f66cd9582c
CRCNS pvc-11,data_monkey1_gratings,monkey1,TEMPORAL,7.0,bins,1,1518838275,,0.0,25,7.0,NEW_SUPP_S1_FIXED_SEED,,42c4b3a9e124ca81b1930733593d1d21b455e6db88d9075d154cd4e17740480f,0057520300766395bd9eca9eda3c0cdc08717c7804cff77a92ec50f66cd9582c
CRCNS pvc-11,data_monkey1_gratings,monkey1,TEMPORAL,7.0,bins,2,2088685004,,0.0,25,7.0,NEW_SUPP_S1_FIXED_SEED,,8258fe72b5e2d2b3bcc3631218e3ba3598c22dc686267956a59acf947f79f23c,0057520300766395bd9eca9eda3c0cdc08717c7804cff77a92ec50f66cd9582c
CRCNS pvc-11,data_monkey1_gratings,monkey1,TEMPORAL,7.0,bins,3,3790421745,,0.0,25,7.0,NEW_SUPP_S1_FIXED_SEED,,fea6848ce57f0d8c2d8dc17165c917c89bca6a1ace516144d4dcb6eb52793a0d,0057520300766395bd9eca9eda3c0cdc08717c7804cff77a92ec50f66cd9582c
CRCNS pvc-11,data_monkey1_gratings,monkey1,TEMPORAL,7.0,bins,4,3681822306,,0.0,25,7.0,NEW_SUPP_S1_FIXED_SEED,,c337bb3f96a51d177e8f0564fdc528fde4f0243683a9df2ac12f77a5b3ebc3e7,0057520300766395bd9eca9eda3c0cdc08717c7804cff77a92ec50f66cd9582c
CRCNS pvc-11,data_monkey1_gratings,monkey1,TEMPORAL,10.0,bins,0,9738422,,0.0,25,10.0,NEW_SUPP_S1_FIXED_SEED,,c42285f009c75ba011878c41277ce96687a243f61d22d88edfbbe0e9155cf5f5,0057520300766395bd9eca9eda3c0cdc08717c7804cff77a92ec50f66cd9582c
CRCNS pvc-11,data_monkey1_gratings,monkey1,TEMPORAL,10.0,bins,1,2626105016,,0.0,25,10.0,NEW_SUPP_S1_FIXED_SEED,,7320bd3e6375b5cb42f88c40ea5eda35edba62637fca29da114c94832476c647,0057520300766395bd9eca9eda3c0cdc08717c7804cff77a92ec50f66cd9582c
CRCNS pvc-11,data_monkey1_gratings,monkey1,TEMPORAL,10.0,bins,2,4045854205,,0.0,25,10.0,NEW_SUPP_S1_FIXED_SEED,,8bbd850a239abf0c2be58790c688738b4cf7b076f707a80d813572e1eb180853,0057520300766395bd9eca9eda3c0cdc08717c7804cff77a92ec50f66cd9582c
CRCNS pvc-11,data_monkey1_gratings,monkey1,TEMPORAL,10.0,bins,3,3578262752,,0.0,25,10.0,NEW_SUPP_S1_FIXED_SEED,,2a0bcb878354f242f4b5deba7cee0d9f81030853d5f78aa720c355e5e4657f0b,0057520300766395bd9eca9eda3c0cdc08717c7804cff77a92ec50f66cd9582c
CRCNS pvc-11,data_monkey1_gratings,monkey1,TEMPORAL,10.0,bins,4,609652659,,0.0,25,10.0,NEW_SUPP_S1_FIXED_SEED,,560b7abe36ecd033e97c7c5fe9a80b559026a8a04050008d32da3faefae25258,0057520300766395bd9eca9eda3c0cdc08717c7804cff77a92ec50f66cd9582c
CRCNS pvc-11,data_monkey2_gratings,monkey2,UNIT,0.1,proportion,0,1493404648,,9.0,25,0.0,NEW_SUPP_S1_FIXED_SEED,,bb40ecae7551a624cf75e752962843598c12e0b4d446dd09a9ef05a50b658e28,0057520300766395bd9eca9eda3c0cdc08717c7804cff77a92ec50f66cd9582c
CRCNS pvc-11,data_monkey2_gratings,monkey2,UNIT,0.1,proportion,1,1254282255,,9.0,25,0.0,NEW_SUPP_S1_FIXED_SEED,,35a2178918e9d7f6603baede61207782bea46e9a63ab2674ae0270033525380b,0057520300766395bd9eca9eda3c0cdc08717c7804cff77a92ec50f66cd9582c
CRCNS pvc-11,data_monkey2_gratings,monkey2,UNIT,0.1,proportion,2,1736378837,,9.0,25,0.0,NEW_SUPP_S1_FIXED_SEED,,ba63f5ec20a920925b5d4459266cd214490728d3ac248b9d0342135d18479c0c,0057520300766395bd9eca9eda3c0cdc08717c7804cff77a92ec50f66cd9582c
CRCNS pvc-11,data_monkey2_gratings,monkey2,UNIT,0.1,proportion,3,3979590935,,9.0,25,0.0,NEW_SUPP_S1_FIXED_SEED,,7b059e67a8edc74c9d4f787514d34aeb5363d3c69537e24eb93df1f1ac7d2504,0057520300766395bd9eca9eda3c0cdc08717c7804cff77a92ec50f66cd9582c
CRCNS pvc-11,data_monkey2_gratings,monkey2,UNIT,0.1,proportion,4,2766938797,,9.0,25,0.0,NEW_SUPP_S1_FIXED_SEED,,7f092c1619f72f820537205e8d3c75e6b4865edc9801d9bf5358c9e01d13804b,0057520300766395bd9eca9eda3c0cdc08717c7804cff77a92ec50f66cd9582c
CRCNS pvc-11,data_monkey2_gratings,monkey2,UNIT,0.2,proportion,0,2747334647,,18.0,25,0.0,NEW_SUPP_S1_FIXED_SEED,,fbfd3f03cb7cd2e7b0235b41d732b87fa07ba48896f6ef14d59f8162e5871e47,0057520300766395bd9eca9eda3c0cdc08717c7804cff77a92ec50f66cd9582c
CRCNS pvc-11,data_monkey2_gratings,monkey2,UNIT,0.2,proportion,1,3181008880,,18.0,25,0.0,NEW_SUPP_S1_FIXED_SEED,,2edb36af2eb0d3afa2960050329a6631a5d74dd3698cdd21a4179454cf47e167,0057520300766395bd9eca9eda3c0cdc08717c7804cff77a92ec50f66cd9582c
CRCNS pvc-11,data_monkey2_gratings,monkey2,UNIT,0.2,proportion,2,1380706732,,18.0,25,0.0,NEW_SUPP_S1_FIXED_SEED,,4cd11cc8eeb6b1e6bd3457d291a1eeb696b89f52622f2407a309c4526fc82f13,0057520300766395bd9eca9eda3c0cdc08717c7804cff77a92ec50f66cd9582c
CRCNS pvc-11,data_monkey2_gratings,monkey2,UNIT,0.2,proportion,3,3089793139,,18.0,25,0.0,NEW_SUPP_S1_FIXED_SEED,,92809f0172555d3c928dbd3fbb35751cb8505dec6f530407205f451ced9baf3a,0057520300766395bd9eca9eda3c0cdc08717c7804cff77a92ec50f66cd9582c
CRCNS pvc-11,data_monkey2_gratings,monkey2,UNIT,0.2,proportion,4,914177846,,18.0,25,0.0,NEW_SUPP_S1_FIXED_SEED,,152a7f424e6fb93511326079606d92753d3fa8ec05b0a258629cab8ee23c52da,0057520300766395bd9eca9eda3c0cdc08717c7804cff77a92ec50f66cd9582c
CRCNS pvc-11,data_monkey2_gratings,monkey2,UNIT,0.3,proportion,0,FORMAL_ANCHOR,,nan,25,nan,MAIN_FROZEN_U30,,ded38aba2215ebbd079a594d28a607f758ccb2c0ed1740906021a4e9c9dd4184,0057520300766395bd9eca9eda3c0cdc08717c7804cff77a92ec50f66cd9582c
CRCNS pvc-11,data_monkey2_gratings,monkey2,UNIT,0.3,proportion,1,FORMAL_ANCHOR,,nan,25,nan,MAIN_FROZEN_U30,,482884a3f7750f1d84182654d16dbd6d1f335e6eebb85c208f284adf77ccb4bd,0057520300766395bd9eca9eda3c0cdc08717c7804cff77a92ec50f66cd9582c
CRCNS pvc-11,data_monkey2_gratings,monkey2,UNIT,0.3,proportion,2,FORMAL_ANCHOR,,nan,25,nan,MAIN_FROZEN_U30,,cceb6f8b6cf9704804f85f8544027b0426e77a55087fbdfaa5c9a73704ce3296,0057520300766395bd9eca9eda3c0cdc08717c7804cff77a92ec50f66cd9582c
CRCNS pvc-11,data_monkey2_gratings,monkey2,UNIT,0.3,proportion,3,FORMAL_ANCHOR,,nan,25,nan,MAIN_FROZEN_U30,,7cd236d70adeef39412d1235e397608ce6be295e7d49cc84ec3f7b11f18a798c,0057520300766395bd9eca9eda3c0cdc08717c7804cff77a92ec50f66cd9582c
CRCNS pvc-11,data_monkey2_gratings,monkey2,UNIT,0.3,proportion,4,FORMAL_ANCHOR,,nan,25,nan,MAIN_FROZEN_U30,,1c013c7270e8290fc7bead2c5c14ddbf5a437af5d03319b8347b5032489114be,0057520300766395bd9eca9eda3c0cdc08717c7804cff77a92ec50f66cd9582c
CRCNS pvc-11,data_monkey2_gratings,monkey2,UNIT,0.4,proportion,0,2227314587,,35.0,25,0.0,NEW_SUPP_S1_FIXED_SEED,,aba1396411c309091c64dfa944c76bc78962380ff42e828c051e82c25261dea6,0057520300766395bd9eca9eda3c0cdc08717c7804cff77a92ec50f66cd9582c
CRCNS pvc-11,data_monkey2_gratings,monkey2,UNIT,0.4,proportion,1,2660818708,,35.0,25,0.0,NEW_SUPP_S1_FIXED_SEED,,72e236ef104bd56972fbbf5010da7a049bcdb004a6965096a57b6992e5815804,0057520300766395bd9eca9eda3c0cdc08717c7804cff77a92ec50f66cd9582c
CRCNS pvc-11,data_monkey2_gratings,monkey2,UNIT,0.4,proportion,2,2580322034,,35.0,25,0.0,NEW_SUPP_S1_FIXED_SEED,,5756ce16b67e004e84a2e7f69e16cb41e4bb9834f0d963775358e49f400f25ab,0057520300766395bd9eca9eda3c0cdc08717c7804cff77a92ec50f66cd9582c
CRCNS pvc-11,data_monkey2_gratings,monkey2,UNIT,0.4,proportion,3,516266125,,35.0,25,0.0,NEW_SUPP_S1_FIXED_SEED,,2288bf072ab1919005f9061b816c859be8bfe1b9aed0508a29413df3162d715c,0057520300766395bd9eca9eda3c0cdc08717c7804cff77a92ec50f66cd9582c
CRCNS pvc-11,data_monkey2_gratings,monkey2,UNIT,0.4,proportion,4,439895178,,35.0,25,0.0,NEW_SUPP_S1_FIXED_SEED,,11c18de9edff3055c5e7f3a47a5c08aa25ca19d8ead8c757d886785bcca6f9bc,0057520300766395bd9eca9eda3c0cdc08717c7804cff77a92ec50f66cd9582c
CRCNS pvc-11,data_monkey2_gratings,monkey2,UNIT,0.5,proportion,0,1904871425,,44.0,25,0.0,NEW_SUPP_S1_FIXED_SEED,,4590eb7fadbb2fe19324fc16ca66fe11b4fbef24c32ef176cf7a58102f0d8bfd,0057520300766395bd9eca9eda3c0cdc08717c7804cff77a92ec50f66cd9582c
CRCNS pvc-11,data_monkey2_gratings,monkey2,UNIT,0.5,proportion,1,4142334812,,44.0,25,0.0,NEW_SUPP_S1_FIXED_SEED,,21d7137d6fb12ba02beaa6bf7d40ab5ce2fdddfe7df9ff70e360bb116fa34cfd,0057520300766395bd9eca9eda3c0cdc08717c7804cff77a92ec50f66cd9582c
CRCNS pvc-11,data_monkey2_gratings,monkey2,UNIT,0.5,proportion,2,1312183769,,44.0,25,0.0,NEW_SUPP_S1_FIXED_SEED,,07abd2329c4d1afd6422a3be84c8abd36b777b37e51d723336de4d77df1a91f8,0057520300766395bd9eca9eda3c0cdc08717c7804cff77a92ec50f66cd9582c
CRCNS pvc-11,data_monkey2_gratings,monkey2,UNIT,0.5,proportion,3,4290813472,,44.0,25,0.0,NEW_SUPP_S1_FIXED_SEED,,49db72bd61407d56dd6e1a91de203604556707fb1ab4e538d5c3f5b1aaa564d1,0057520300766395bd9eca9eda3c0cdc08717c7804cff77a92ec50f66cd9582c
CRCNS pvc-11,data_monkey2_gratings,monkey2,UNIT,0.5,proportion,4,3899530829,,44.0,25,0.0,NEW_SUPP_S1_FIXED_SEED,,99934fa334337e51fb067d8a3f5944635d5666b713d586f14e7b07405fb66b77,0057520300766395bd9eca9eda3c0cdc08717c7804cff77a92ec50f66cd9582c
CRCNS pvc-11,data_monkey2_gratings,monkey2,TEMPORAL,2.0,bins,0,60097595,,0.0,25,2.0,NEW_SUPP_S1_FIXED_SEED,,23e6122f1e5db18b397a082238b4142b35229b54eeeccd922160e4955dcd9338,0057520300766395bd9eca9eda3c0cdc08717c7804cff77a92ec50f66cd9582c
CRCNS pvc-11,data_monkey2_gratings,monkey2,TEMPORAL,2.0,bins,1,2350702243,,0.0,25,2.0,NEW_SUPP_S1_FIXED_SEED,,76c5896d58ff5e63027a3ce932bee8ee8f44ff1dee4e5b3c3e08265a6302c019,0057520300766395bd9eca9eda3c0cdc08717c7804cff77a92ec50f66cd9582c
CRCNS pvc-11,data_monkey2_gratings,monkey2,TEMPORAL,2.0,bins,2,1543765924,,0.0,25,2.0,NEW_SUPP_S1_FIXED_SEED,,77ca5f0792d1169c31009223a68bf96a5bc336d39e947721c5ecf84d9c9a89e0,0057520300766395bd9eca9eda3c0cdc08717c7804cff77a92ec50f66cd9582c
CRCNS pvc-11,data_monkey2_gratings,monkey2,TEMPORAL,2.0,bins,3,1056006174,,0.0,25,2.0,NEW_SUPP_S1_FIXED_SEED,,badc0dae3234587395a2e01d3ae9b2ed68aabac2aabf717ce6d2fa6c1fd866c1,0057520300766395bd9eca9eda3c0cdc08717c7804cff77a92ec50f66cd9582c
CRCNS pvc-11,data_monkey2_gratings,monkey2,TEMPORAL,2.0,bins,4,3956945844,,0.0,25,2.0,NEW_SUPP_S1_FIXED_SEED,,524e4f8d7b9f997f1058f8c0aaccba7d709e49b626d0b437dc938e921ef34484,0057520300766395bd9eca9eda3c0cdc08717c7804cff77a92ec50f66cd9582c
CRCNS pvc-11,data_monkey2_gratings,monkey2,TEMPORAL,3.0,bins,0,3538349460,,0.0,25,3.0,NEW_SUPP_S1_FIXED_SEED,,05fbdd7d75dfc67774fe63f9b03dc423a2fa2012a44f08dda0c5b895dc08b38a,0057520300766395bd9eca9eda3c0cdc08717c7804cff77a92ec50f66cd9582c
CRCNS pvc-11,data_monkey2_gratings,monkey2,TEMPORAL,3.0,bins,1,2464376610,,0.0,25,3.0,NEW_SUPP_S1_FIXED_SEED,,a9946bd4837ea71909488afe96c65f5b4e96bfc00f3c0add0110657cd7989b48,0057520300766395bd9eca9eda3c0cdc08717c7804cff77a92ec50f66cd9582c
CRCNS pvc-11,data_monkey2_gratings,monkey2,TEMPORAL,3.0,bins,2,486127032,,0.0,25,3.0,NEW_SUPP_S1_FIXED_SEED,,f3d95b205a1afa51978f011717cad15ed97d004bdfa9746ce756f5b07f120ad2,0057520300766395bd9eca9eda3c0cdc08717c7804cff77a92ec50f66cd9582c
CRCNS pvc-11,data_monkey2_gratings,monkey2,TEMPORAL,3.0,bins,3,2276573751,,0.0,25,3.0,NEW_SUPP_S1_FIXED_SEED,,a3cadb5a706a5c9c31ba7baf963d5a2b3d1128924d81ccbeb95f9c251f25d204,0057520300766395bd9eca9eda3c0cdc08717c7804cff77a92ec50f66cd9582c
CRCNS pvc-11,data_monkey2_gratings,monkey2,TEMPORAL,3.0,bins,4,1058901198,,0.0,25,3.0,NEW_SUPP_S1_FIXED_SEED,,23fe1594a1e230480fa39bc2aa82d90b541be95556c06a86580ba07dce9fdb91,0057520300766395bd9eca9eda3c0cdc08717c7804cff77a92ec50f66cd9582c
CRCNS pvc-11,data_monkey2_gratings,monkey2,TEMPORAL,5.0,bins,0,FORMAL_ANCHOR,,nan,25,nan,MAIN_FROZEN_T5,,75d736363a6ab9ec1f4ef131cd0f3005bed4bd04dc189118918608390dbdf2bc,0057520300766395bd9eca9eda3c0cdc08717c7804cff77a92ec50f66cd9582c
CRCNS pvc-11,data_monkey2_gratings,monkey2,TEMPORAL,5.0,bins,1,FORMAL_ANCHOR,,nan,25,nan,MAIN_FROZEN_T5,,0457eb7c2d05519bd066c79e6aca6589c144baddd2d34ccd353c9d0666c1a6c1,0057520300766395bd9eca9eda3c0cdc08717c7804cff77a92ec50f66cd9582c
CRCNS pvc-11,data_monkey2_gratings,monkey2,TEMPORAL,5.0,bins,2,FORMAL_ANCHOR,,nan,25,nan,MAIN_FROZEN_T5,,e5f8953beaf27a84d8fe38236dca4b366b987cf6da261fe9f4ad65cf41d7691b,0057520300766395bd9eca9eda3c0cdc08717c7804cff77a92ec50f66cd9582c
CRCNS pvc-11,data_monkey2_gratings,monkey2,TEMPORAL,5.0,bins,3,FORMAL_ANCHOR,,nan,25,nan,MAIN_FROZEN_T5,,d752e8a1df4c8921fff1cb72ef3b47b4359292c081175f177628fae7879f7d33,0057520300766395bd9eca9eda3c0cdc08717c7804cff77a92ec50f66cd9582c
CRCNS pvc-11,data_monkey2_gratings,monkey2,TEMPORAL,5.0,bins,4,FORMAL_ANCHOR,,nan,25,nan,MAIN_FROZEN_T5,,34ea2e500a5be5cf1d8a0a0df5af08d62a8f23590b3f548070fb6a2136fcea97,0057520300766395bd9eca9eda3c0cdc08717c7804cff77a92ec50f66cd9582c
CRCNS pvc-11,data_monkey2_gratings,monkey2,TEMPORAL,7.0,bins,0,456893062,,0.0,25,7.0,NEW_SUPP_S1_FIXED_SEED,,3d12d308a414180daa56f0b00bd21faeeda483c9917265873918d2035d03eb0d,0057520300766395bd9eca9eda3c0cdc08717c7804cff77a92ec50f66cd9582c
CRCNS pvc-11,data_monkey2_gratings,monkey2,TEMPORAL,7.0,bins,1,3500879217,,0.0,25,7.0,NEW_SUPP_S1_FIXED_SEED,,eafa35055a42849c4c9c0b41181a2d2434403b2d41b261713149dc0b380bf417,0057520300766395bd9eca9eda3c0cdc08717c7804cff77a92ec50f66cd9582c
CRCNS pvc-11,data_monkey2_gratings,monkey2,TEMPORAL,7.0,bins,2,2471418344,,0.0,25,7.0,NEW_SUPP_S1_FIXED_SEED,,4ffdb420350c65d19645b27f18f8c89ad54d9fff8fe1dbfa3b7c6066af3b7d93,0057520300766395bd9eca9eda3c0cdc08717c7804cff77a92ec50f66cd9582c
CRCNS pvc-11,data_monkey2_gratings,monkey2,TEMPORAL,7.0,bins,3,2486305390,,0.0,25,7.0,NEW_SUPP_S1_FIXED_SEED,,13348104cfcf2466cbf4e072488a269ab55286d56e62e1ad0251025ca4129dcd,0057520300766395bd9eca9eda3c0cdc08717c7804cff77a92ec50f66cd9582c
CRCNS pvc-11,data_monkey2_gratings,monkey2,TEMPORAL,7.0,bins,4,1027626545,,0.0,25,7.0,NEW_SUPP_S1_FIXED_SEED,,628cedf070ee086379cb7ccc78f71e9583fc763c03e6cc6d259eb11fb8c2316f,0057520300766395bd9eca9eda3c0cdc08717c7804cff77a92ec50f66cd9582c
CRCNS pvc-11,data_monkey2_gratings,monkey2,TEMPORAL,10.0,bins,0,2294177028,,0.0,25,10.0,NEW_SUPP_S1_FIXED_SEED,,27f6d7f2b7516e774e58c3a1596c5600a4496157f09d7939cfb29b2e3de508f8,0057520300766395bd9eca9eda3c0cdc08717c7804cff77a92ec50f66cd9582c
CRCNS pvc-11,data_monkey2_gratings,monkey2,TEMPORAL,10.0,bins,1,145055860,,0.0,25,10.0,NEW_SUPP_S1_FIXED_SEED,,86aaf3182f9f02652b2b972257d035a4d2b0dceb234f46580f92d50fa651b6ff,0057520300766395bd9eca9eda3c0cdc08717c7804cff77a92ec50f66cd9582c
CRCNS pvc-11,data_monkey2_gratings,monkey2,TEMPORAL,10.0,bins,2,985771934,,0.0,25,10.0,NEW_SUPP_S1_FIXED_SEED,,25f2781b334de7db016d8a2bb9b2050505cb03e98a1cdfca46c326c721ca6d56,0057520300766395bd9eca9eda3c0cdc08717c7804cff77a92ec50f66cd9582c
CRCNS pvc-11,data_monkey2_gratings,monkey2,TEMPORAL,10.0,bins,3,1244947489,,0.0,25,10.0,NEW_SUPP_S1_FIXED_SEED,,2c9b36a974bf1587bae93d1a9ac68189f5446d35a71f30b97d50c050666ea69d,0057520300766395bd9eca9eda3c0cdc08717c7804cff77a92ec50f66cd9582c
CRCNS pvc-11,data_monkey2_gratings,monkey2,TEMPORAL,10.0,bins,4,3581044325,,0.0,25,10.0,NEW_SUPP_S1_FIXED_SEED,,7e63ab2680c51e552c282073e30714c61518c8ddb5b5bc43fab069c3f0fef80e,0057520300766395bd9eca9eda3c0cdc08717c7804cff77a92ec50f66cd9582c
CRCNS pvc-11,data_monkey3_gratings,monkey3,UNIT,0.1,proportion,0,3878361535,,11.0,25,0.0,NEW_SUPP_S1_FIXED_SEED,,2660270f588734defb8ebb80b1831928f02150f580cdd3207c7c7ceecdc652a3,0057520300766395bd9eca9eda3c0cdc08717c7804cff77a92ec50f66cd9582c
CRCNS pvc-11,data_monkey3_gratings,monkey3,UNIT,0.1,proportion,1,3018566285,,11.0,25,0.0,NEW_SUPP_S1_FIXED_SEED,,06832cd1b7de426e377593b9c47cc14f4870aeb17960bd910d26356136e3fc46,0057520300766395bd9eca9eda3c0cdc08717c7804cff77a92ec50f66cd9582c
CRCNS pvc-11,data_monkey3_gratings,monkey3,UNIT,0.1,proportion,2,2088186321,,11.0,25,0.0,NEW_SUPP_S1_FIXED_SEED,,27be6e8881204fdccb0d70b9ad0dc2d5927580253141d6c3fc6ff04020550423,0057520300766395bd9eca9eda3c0cdc08717c7804cff77a92ec50f66cd9582c
CRCNS pvc-11,data_monkey3_gratings,monkey3,UNIT,0.1,proportion,3,3197600115,,11.0,25,0.0,NEW_SUPP_S1_FIXED_SEED,,60499106d4b53734c4c7593c15cf4d0c93333586543b0c6f5df586d7f53627e6,0057520300766395bd9eca9eda3c0cdc08717c7804cff77a92ec50f66cd9582c
CRCNS pvc-11,data_monkey3_gratings,monkey3,UNIT,0.1,proportion,4,3223516834,,11.0,25,0.0,NEW_SUPP_S1_FIXED_SEED,,c12528ef57ad6bf3ea17f3043d94a18b54b80b903b70269750d9a3cea7ca82da,0057520300766395bd9eca9eda3c0cdc08717c7804cff77a92ec50f66cd9582c
CRCNS pvc-11,data_monkey3_gratings,monkey3,UNIT,0.2,proportion,0,1299313575,,22.0,25,0.0,NEW_SUPP_S1_FIXED_SEED,,8080671bb5c3dc75644b7207681c848b81c2fcd2bed0cda81a163937c4fac06a,0057520300766395bd9eca9eda3c0cdc08717c7804cff77a92ec50f66cd9582c
CRCNS pvc-11,data_monkey3_gratings,monkey3,UNIT,0.2,proportion,1,3281251272,,22.0,25,0.0,NEW_SUPP_S1_FIXED_SEED,,f08be84123d143e464f51952260180808b402fb27a53c83713249095e716ca1f,0057520300766395bd9eca9eda3c0cdc08717c7804cff77a92ec50f66cd9582c
CRCNS pvc-11,data_monkey3_gratings,monkey3,UNIT,0.2,proportion,2,2717603691,,22.0,25,0.0,NEW_SUPP_S1_FIXED_SEED,,997d93e65d00c99e440cc1c1a66b393c1f9a3190af6fca798bdfecfaeedb4495,0057520300766395bd9eca9eda3c0cdc08717c7804cff77a92ec50f66cd9582c
CRCNS pvc-11,data_monkey3_gratings,monkey3,UNIT,0.2,proportion,3,1350667960,,22.0,25,0.0,NEW_SUPP_S1_FIXED_SEED,,77e74776399ab3eb29fdc34cd25444bf0e0ddbacd6fa13ee7768bb507a464f98,0057520300766395bd9eca9eda3c0cdc08717c7804cff77a92ec50f66cd9582c
CRCNS pvc-11,data_monkey3_gratings,monkey3,UNIT,0.2,proportion,4,4162419241,,22.0,25,0.0,NEW_SUPP_S1_FIXED_SEED,,7e52afb35dee6159be17e271b7840df39b70b11df349cad23462780b46cde237,0057520300766395bd9eca9eda3c0cdc08717c7804cff77a92ec50f66cd9582c
CRCNS pvc-11,data_monkey3_gratings,monkey3,UNIT,0.3,proportion,0,FORMAL_ANCHOR,,nan,25,nan,MAIN_FROZEN_U30,,11d5374656a415d69121b5b36185dee3d42d3d6c55435d1646e71f6cc112e823,0057520300766395bd9eca9eda3c0cdc08717c7804cff77a92ec50f66cd9582c
CRCNS pvc-11,data_monkey3_gratings,monkey3,UNIT,0.3,proportion,1,FORMAL_ANCHOR,,nan,25,nan,MAIN_FROZEN_U30,,c03a6c14da1e557349f147eca0e24001c2574224b01757001cd6aed3beba2b7a,0057520300766395bd9eca9eda3c0cdc08717c7804cff77a92ec50f66cd9582c
CRCNS pvc-11,data_monkey3_gratings,monkey3,UNIT,0.3,proportion,2,FORMAL_ANCHOR,,nan,25,nan,MAIN_FROZEN_U30,,f342f69e86b7ba0b38afafa508a036393c1b3f96b18086cf20885bb494cebae1,0057520300766395bd9eca9eda3c0cdc08717c7804cff77a92ec50f66cd9582c
CRCNS pvc-11,data_monkey3_gratings,monkey3,UNIT,0.3,proportion,3,FORMAL_ANCHOR,,nan,25,nan,MAIN_FROZEN_U30,,c64d05987eb1cf882542cf5254f7b66716b4d213245f2d915de54baefe7d52a0,0057520300766395bd9eca9eda3c0cdc08717c7804cff77a92ec50f66cd9582c
CRCNS pvc-11,data_monkey3_gratings,monkey3,UNIT,0.3,proportion,4,FORMAL_ANCHOR,,nan,25,nan,MAIN_FROZEN_U30,,a324e60732cf80c49a773fff7fe0c544c0ec72377fa2e9d5321697992b6c2615,0057520300766395bd9eca9eda3c0cdc08717c7804cff77a92ec50f66cd9582c
CRCNS pvc-11,data_monkey3_gratings,monkey3,UNIT,0.4,proportion,0,2539993361,,45.0,25,0.0,NEW_SUPP_S1_FIXED_SEED,,49e3535ba99f5f16a6e0a86219fb27967d0ed52f76c6cf6649848a0321c474ba,0057520300766395bd9eca9eda3c0cdc08717c7804cff77a92ec50f66cd9582c
CRCNS pvc-11,data_monkey3_gratings,monkey3,UNIT,0.4,proportion,1,3498533686,,45.0,25,0.0,NEW_SUPP_S1_FIXED_SEED,,90685e6111fe0d136db81ee351872dacff0d0256c478e2121c1500648cd7cf8f,0057520300766395bd9eca9eda3c0cdc08717c7804cff77a92ec50f66cd9582c
CRCNS pvc-11,data_monkey3_gratings,monkey3,UNIT,0.4,proportion,2,2607011716,,45.0,25,0.0,NEW_SUPP_S1_FIXED_SEED,,2784c38d0e1c226174401ff106e901539c71b9a171b700eaa1d06a3583006ecc,0057520300766395bd9eca9eda3c0cdc08717c7804cff77a92ec50f66cd9582c
CRCNS pvc-11,data_monkey3_gratings,monkey3,UNIT,0.4,proportion,3,3925126842,,45.0,25,0.0,NEW_SUPP_S1_FIXED_SEED,,918289e5136d3f6070f095e49ffd1b051c52bca2155b28b71882f4aa11b581c9,0057520300766395bd9eca9eda3c0cdc08717c7804cff77a92ec50f66cd9582c
CRCNS pvc-11,data_monkey3_gratings,monkey3,UNIT,0.4,proportion,4,1321122767,,45.0,25,0.0,NEW_SUPP_S1_FIXED_SEED,,632d933c54be0e92803c61e13ff0413cbf6afdaedf8a3b626bbe13f24d08e72a,0057520300766395bd9eca9eda3c0cdc08717c7804cff77a92ec50f66cd9582c
CRCNS pvc-11,data_monkey3_gratings,monkey3,UNIT,0.5,proportion,0,3174758913,,56.0,25,0.0,NEW_SUPP_S1_FIXED_SEED,,318614c76664d5ba867fc3779b08b03bab93528281ee4b673e94f627df109eae,0057520300766395bd9eca9eda3c0cdc08717c7804cff77a92ec50f66cd9582c
CRCNS pvc-11,data_monkey3_gratings,monkey3,UNIT,0.5,proportion,1,1081940319,,56.0,25,0.0,NEW_SUPP_S1_FIXED_SEED,,12d5c76f41944a610bf62900a73a0f43a0ecdc2e4640ffc16ebfb3623e471669,0057520300766395bd9eca9eda3c0cdc08717c7804cff77a92ec50f66cd9582c
CRCNS pvc-11,data_monkey3_gratings,monkey3,UNIT,0.5,proportion,2,2863258963,,56.0,25,0.0,NEW_SUPP_S1_FIXED_SEED,,42003af58651f0c22f4774355a6431a2fec9369a8f6a2fbfaab027dc6b3f1e15,0057520300766395bd9eca9eda3c0cdc08717c7804cff77a92ec50f66cd9582c
CRCNS pvc-11,data_monkey3_gratings,monkey3,UNIT,0.5,proportion,3,1289783323,,56.0,25,0.0,NEW_SUPP_S1_FIXED_SEED,,63716c2d512578d46f1c9a3330b82b29d65ff36387ecddf54c8d5dca99e3579d,0057520300766395bd9eca9eda3c0cdc08717c7804cff77a92ec50f66cd9582c
CRCNS pvc-11,data_monkey3_gratings,monkey3,UNIT,0.5,proportion,4,319820071,,56.0,25,0.0,NEW_SUPP_S1_FIXED_SEED,,40ed374284e53e40db5e4ee0cd4f61764c5360172377467abdaa433c56bca71d,0057520300766395bd9eca9eda3c0cdc08717c7804cff77a92ec50f66cd9582c
CRCNS pvc-11,data_monkey3_gratings,monkey3,TEMPORAL,2.0,bins,0,2336938013,,0.0,25,2.0,NEW_SUPP_S1_FIXED_SEED,,674f446e2d9b7bf358fb6b1a2f8433862de681df1f180518de2e766f3b39ad8f,0057520300766395bd9eca9eda3c0cdc08717c7804cff77a92ec50f66cd9582c
CRCNS pvc-11,data_monkey3_gratings,monkey3,TEMPORAL,2.0,bins,1,1376012965,,0.0,25,2.0,NEW_SUPP_S1_FIXED_SEED,,0ff962437d66ea1bfc1557800b677469f5350987f149fa9114df663626dbf3d7,0057520300766395bd9eca9eda3c0cdc08717c7804cff77a92ec50f66cd9582c
CRCNS pvc-11,data_monkey3_gratings,monkey3,TEMPORAL,2.0,bins,2,2401912106,,0.0,25,2.0,NEW_SUPP_S1_FIXED_SEED,,a596e4537d806ba6fba88596dc7ae4d5e3598a33a1c98986e1b748c337a13358,0057520300766395bd9eca9eda3c0cdc08717c7804cff77a92ec50f66cd9582c
CRCNS pvc-11,data_monkey3_gratings,monkey3,TEMPORAL,2.0,bins,3,2940250936,,0.0,25,2.0,NEW_SUPP_S1_FIXED_SEED,,667dfdaacac3cd58450ec40b735b8e578af559879006b93f37e28649ccf950ad,0057520300766395bd9eca9eda3c0cdc08717c7804cff77a92ec50f66cd9582c
CRCNS pvc-11,data_monkey3_gratings,monkey3,TEMPORAL,2.0,bins,4,2839801935,,0.0,25,2.0,NEW_SUPP_S1_FIXED_SEED,,6a06eef73d9c289343545270704f91f4fa726bfaa191e6ac67acc5a69375f3c4,0057520300766395bd9eca9eda3c0cdc08717c7804cff77a92ec50f66cd9582c
CRCNS pvc-11,data_monkey3_gratings,monkey3,TEMPORAL,3.0,bins,0,3791432206,,0.0,25,3.0,NEW_SUPP_S1_FIXED_SEED,,87d29613e27ef579f26cd90b86c940a1d47751509cf39634c427066a646760ab,0057520300766395bd9eca9eda3c0cdc08717c7804cff77a92ec50f66cd9582c
CRCNS pvc-11,data_monkey3_gratings,monkey3,TEMPORAL,3.0,bins,1,3994112334,,0.0,25,3.0,NEW_SUPP_S1_FIXED_SEED,,1ca27b351a8261f32e0d3ede854eeaff3cc95fbcb5908acee1bf23882579d1a4,0057520300766395bd9eca9eda3c0cdc08717c7804cff77a92ec50f66cd9582c
CRCNS pvc-11,data_monkey3_gratings,monkey3,TEMPORAL,3.0,bins,2,3063794023,,0.0,25,3.0,NEW_SUPP_S1_FIXED_SEED,,b681ca504e056c707d7d94002e5c16356fed541ee76b930a016ec3823de0c3b2,0057520300766395bd9eca9eda3c0cdc08717c7804cff77a92ec50f66cd9582c
CRCNS pvc-11,data_monkey3_gratings,monkey3,TEMPORAL,3.0,bins,3,3489862998,,0.0,25,3.0,NEW_SUPP_S1_FIXED_SEED,,6dfa36f25fa8f785024806d687ed5c3375226272ae34ee102cb4a82fa6731918,0057520300766395bd9eca9eda3c0cdc08717c7804cff77a92ec50f66cd9582c
CRCNS pvc-11,data_monkey3_gratings,monkey3,TEMPORAL,3.0,bins,4,711566465,,0.0,25,3.0,NEW_SUPP_S1_FIXED_SEED,,7fca179ab23f29285162fb71e09da9c486f4c351eacb514a8e133e3b42f4934a,0057520300766395bd9eca9eda3c0cdc08717c7804cff77a92ec50f66cd9582c
CRCNS pvc-11,data_monkey3_gratings,monkey3,TEMPORAL,5.0,bins,0,FORMAL_ANCHOR,,nan,25,nan,MAIN_FROZEN_T5,,446cd193bd503ae45c5d68ef5ec5bdccab3fecd60d3070b4e30282ef414ac5e2,0057520300766395bd9eca9eda3c0cdc08717c7804cff77a92ec50f66cd9582c
CRCNS pvc-11,data_monkey3_gratings,monkey3,TEMPORAL,5.0,bins,1,FORMAL_ANCHOR,,nan,25,nan,MAIN_FROZEN_T5,,ad42afdc30be539a83488c5125400730c1e54c5de95961d009af487f7ea2469e,0057520300766395bd9eca9eda3c0cdc08717c7804cff77a92ec50f66cd9582c
CRCNS pvc-11,data_monkey3_gratings,monkey3,TEMPORAL,5.0,bins,2,FORMAL_ANCHOR,,nan,25,nan,MAIN_FROZEN_T5,,24f33b57625f60712643668b7415ad1f9bf049f12f5a047006027fffa52e154a,0057520300766395bd9eca9eda3c0cdc08717c7804cff77a92ec50f66cd9582c
CRCNS pvc-11,data_monkey3_gratings,monkey3,TEMPORAL,5.0,bins,3,FORMAL_ANCHOR,,nan,25,nan,MAIN_FROZEN_T5,,f52574cc872c3c4140c752c611bc2c4951c5befe855ac43c8ae523ace2f277d4,0057520300766395bd9eca9eda3c0cdc08717c7804cff77a92ec50f66cd9582c
CRCNS pvc-11,data_monkey3_gratings,monkey3,TEMPORAL,5.0,bins,4,FORMAL_ANCHOR,,nan,25,nan,MAIN_FROZEN_T5,,f26a73a74c4d59365760c17666df95874cf0ae52193b773091a772c2e7a47cf0,0057520300766395bd9eca9eda3c0cdc08717c7804cff77a92ec50f66cd9582c
CRCNS pvc-11,data_monkey3_gratings,monkey3,TEMPORAL,7.0,bins,0,1536372721,,0.0,25,7.0,NEW_SUPP_S1_FIXED_SEED,,bf1a360309e910ee40bdc9d09250f8d2a491bcaca5d6e6d2ca4d43bbd182da67,0057520300766395bd9eca9eda3c0cdc08717c7804cff77a92ec50f66cd9582c
CRCNS pvc-11,data_monkey3_gratings,monkey3,TEMPORAL,7.0,bins,1,2731011063,,0.0,25,7.0,NEW_SUPP_S1_FIXED_SEED,,84858904b25b7e7c1027c6dd02d0803916654fec7e4757a43771d16c59ebd9ad,0057520300766395bd9eca9eda3c0cdc08717c7804cff77a92ec50f66cd9582c
CRCNS pvc-11,data_monkey3_gratings,monkey3,TEMPORAL,7.0,bins,2,2913833427,,0.0,25,7.0,NEW_SUPP_S1_FIXED_SEED,,347c8ef32137d5639e73f29289bf79a87fe05ba1366ef2cc64e1cec7889593d9,0057520300766395bd9eca9eda3c0cdc08717c7804cff77a92ec50f66cd9582c
CRCNS pvc-11,data_monkey3_gratings,monkey3,TEMPORAL,7.0,bins,3,647482308,,0.0,25,7.0,NEW_SUPP_S1_FIXED_SEED,,9d26e8c2fbebab022d19a10bb26fb96cc68f43b5057758f04ae393d02c773d51,0057520300766395bd9eca9eda3c0cdc08717c7804cff77a92ec50f66cd9582c
CRCNS pvc-11,data_monkey3_gratings,monkey3,TEMPORAL,7.0,bins,4,2328774583,,0.0,25,7.0,NEW_SUPP_S1_FIXED_SEED,,691f272ed9d47d3b66ed15d0644bd6fde0496bd28becda8e0edb1c056e47bf52,0057520300766395bd9eca9eda3c0cdc08717c7804cff77a92ec50f66cd9582c
CRCNS pvc-11,data_monkey3_gratings,monkey3,TEMPORAL,10.0,bins,0,4270854768,,0.0,25,10.0,NEW_SUPP_S1_FIXED_SEED,,7c4f0166533ddf74e33de8b2ab1d644a541edee3a0e29eb40ae0dda04cacc2c0,0057520300766395bd9eca9eda3c0cdc08717c7804cff77a92ec50f66cd9582c
CRCNS pvc-11,data_monkey3_gratings,monkey3,TEMPORAL,10.0,bins,1,1614492106,,0.0,25,10.0,NEW_SUPP_S1_FIXED_SEED,,6ac6d6deddd9bc185993360e6cf568d32c08f4a99b564c3fda6e7f2b9d314238,0057520300766395bd9eca9eda3c0cdc08717c7804cff77a92ec50f66cd9582c
CRCNS pvc-11,data_monkey3_gratings,monkey3,TEMPORAL,10.0,bins,2,951326937,,0.0,25,10.0,NEW_SUPP_S1_FIXED_SEED,,dadc2d0904db54130cc0e1daae68070dc89af756a626ad81b3a43fe138f7f849,0057520300766395bd9eca9eda3c0cdc08717c7804cff77a92ec50f66cd9582c
CRCNS pvc-11,data_monkey3_gratings,monkey3,TEMPORAL,10.0,bins,3,1287214839,,0.0,25,10.0,NEW_SUPP_S1_FIXED_SEED,,a23c68b1d56da59606750d149807f610ec86e4aeebd1fd87f365561f31147fa9,0057520300766395bd9eca9eda3c0cdc08717c7804cff77a92ec50f66cd9582c
CRCNS pvc-11,data_monkey3_gratings,monkey3,TEMPORAL,10.0,bins,4,3125710194,,0.0,25,10.0,NEW_SUPP_S1_FIXED_SEED,,35d96595c522101a9fb40f34921d13e76b860ff59110d25c307be6f80fabd523,0057520300766395bd9eca9eda3c0cdc08717c7804cff77a92ec50f66cd9582c
