job_id,dataset,animal,session,model,model_id,model_seed,severity_type,severity_value,severity_unit,replicate,is_anchor,mask_source,planned_status
Allen VBN|1069458330|MM_RVD_A9_SELECTED_R6|0|CLEAN|0,Allen VBN,544837,1069458330,MM-RVD,MM_RVD_A9_SELECTED_R6,0,CLEAN_REFERENCE,0,none,0,False,R4_CLEAN_REFERENCE,PENDING
Allen VBN|1069458330|MM_RVD_A9_SELECTED_R6|0|UNIT|0.1|0,Allen VBN,544837,1069458330,MM-RVD,MM_RVD_A9_SELECTED_R6,0,UNIT,0.1,proportion,0,False,NEW_SUPP_S1_FIXED_SEED,PENDING
Allen VBN|1069458330|MM_RVD_A9_SELECTED_R6|0|UNIT|0.1|1,Allen VBN,544837,1069458330,MM-RVD,MM_RVD_A9_SELECTED_R6,0,UNIT,0.1,proportion,1,False,NEW_SUPP_S1_FIXED_SEED,PENDING
Allen VBN|1069458330|MM_RVD_A9_SELECTED_R6|0|UNIT|0.1|2,Allen VBN,544837,1069458330,MM-RVD,MM_RVD_A9_SELECTED_R6,0,UNIT,0.1,proportion,2,False,NEW_SUPP_S1_FIXED_SEED,PENDING
Allen VBN|1069458330|MM_RVD_A9_SELECTED_R6|0|UNIT|0.1|3,Allen VBN,544837,1069458330,MM-RVD,MM_RVD_A9_SELECTED_R6,0,UNIT,0.1,proportion,3,False,NEW_SUPP_S1_FIXED_SEED,PENDING
Allen VBN|1069458330|MM_RVD_A9_SELECTED_R6|0|UNIT|0.1|4,Allen VBN,544837,1069458330,MM-RVD,MM_RVD_A9_SELECTED_R6,0,UNIT,0.1,proportion,4,False,NEW_SUPP_S1_FIXED_SEED,PENDING
Allen VBN|1069458330|MM_RVD_A9_SELECTED_R6|0|UNIT|0.2|0,Allen VBN,544837,1069458330,MM-RVD,MM_RVD_A9_SELECTED_R6,0,UNIT,0.2,proportion,0,False,NEW_SUPP_S1_FIXED_SEED,PENDING
Allen VBN|1069458330|MM_RVD_A9_SELECTED_R6|0|UNIT|0.2|1,Allen VBN,544837,1069458330,MM-RVD,MM_RVD_A9_SELECTED_R6,0,UNIT,0.2,proportion,1,False,NEW_SUPP_S1_FIXED_SEED,PENDING
Allen VBN|1069458330|MM_RVD_A9_SELECTED_R6|0|UNIT|0.2|2,Allen VBN,544837,1069458330,MM-RVD,MM_RVD_A9_SELECTED_R6,0,UNIT,0.2,proportion,2,False,NEW_SUPP_S1_FIXED_SEED,PENDING
Allen VBN|1069458330|MM_RVD_A9_SELECTED_R6|0|UNIT|0.2|3,Allen VBN,544837,1069458330,MM-RVD,MM_RVD_A9_SELECTED_R6,0,UNIT,0.2,proportion,3,False,NEW_SUPP_S1_FIXED_SEED,PENDING
Allen VBN|1069458330|MM_RVD_A9_SELECTED_R6|0|UNIT|0.2|4,Allen VBN,544837,1069458330,MM-RVD,MM_RVD_A9_SELECTED_R6,0,UNIT,0.2,proportion,4,False,NEW_SUPP_S1_FIXED_SEED,PENDING
Allen VBN|1069458330|MM_RVD_A9_SELECTED_R6|0|UNIT|0.3|0,Allen VBN,544837,1069458330,MM-RVD,MM_RVD_A9_SELECTED_R6,0,UNIT,0.3,proportion,0,True,MAIN_FROZEN_U30,PENDING
Allen VBN|1069458330|MM_RVD_A9_SELECTED_R6|0|UNIT|0.3|1,Allen VBN,544837,1069458330,MM-RVD,MM_RVD_A9_SELECTED_R6,0,UNIT,0.3,proportion,1,True,MAIN_FROZEN_U30,PENDING
Allen VBN|1069458330|MM_RVD_A9_SELECTED_R6|0|UNIT|0.3|2,Allen VBN,544837,1069458330,MM-RVD,MM_RVD_A9_SELECTED_R6,0,UNIT,0.3,proportion,2,True,MAIN_FROZEN_U30,PENDING
Allen VBN|1069458330|MM_RVD_A9_SELECTED_R6|0|UNIT|0.3|3,Allen VBN,544837,1069458330,MM-RVD,MM_RVD_A9_SELECTED_R6,0,UNIT,0.3,proportion,3,True,MAIN_FROZEN_U30,PENDING
Allen VBN|1069458330|MM_RVD_A9_SELECTED_R6|0|UNIT|0.3|4,Allen VBN,544837,1069458330,MM-RVD,MM_RVD_A9_SELECTED_R6,0,UNIT,0.3,proportion,4,True,MAIN_FROZEN_U30,PENDING
Allen VBN|1069458330|MM_RVD_A9_SELECTED_R6|0|UNIT|0.4|0,Allen VBN,544837,1069458330,MM-RVD,MM_RVD_A9_SELECTED_R6,0,UNIT,0.4,proportion,0,False,NEW_SUPP_S1_FIXED_SEED,PENDING
Allen VBN|1069458330|MM_RVD_A9_SELECTED_R6|0|UNIT|0.4|1,Allen VBN,544837,1069458330,MM-RVD,MM_RVD_A9_SELECTED_R6,0,UNIT,0.4,proportion,1,False,NEW_SUPP_S1_FIXED_SEED,PENDING
Allen VBN|1069458330|MM_RVD_A9_SELECTED_R6|0|UNIT|0.4|2,Allen VBN,544837,1069458330,MM-RVD,MM_RVD_A9_SELECTED_R6,0,UNIT,0.4,proportion,2,False,NEW_SUPP_S1_FIXED_SEED,PENDING
Allen VBN|1069458330|MM_RVD_A9_SELECTED_R6|0|UNIT|0.4|3,Allen VBN,544837,1069458330,MM-RVD,MM_RVD_A9_SELECTED_R6,0,UNIT,0.4,proportion,3,False,NEW_SUPP_S1_FIXED_SEED,PENDING
Allen VBN|1069458330|MM_RVD_A9_SELECTED_R6|0|UNIT|0.4|4,Allen VBN,544837,1069458330,MM-RVD,MM_RVD_A9_SELECTED_R6,0,UNIT,0.4,proportion,4,False,NEW_SUPP_S1_FIXED_SEED,PENDING
Allen VBN|1069458330|MM_RVD_A9_SELECTED_R6|0|UNIT|0.5|0,Allen VBN,544837,1069458330,MM-RVD,MM_RVD_A9_SELECTED_R6,0,UNIT,0.5,proportion,0,False,NEW_SUPP_S1_FIXED_SEED,PENDING
Allen VBN|1069458330|MM_RVD_A9_SELECTED_R6|0|UNIT|0.5|1,Allen VBN,544837,1069458330,MM-RVD,MM_RVD_A9_SELECTED_R6,0,UNIT,0.5,proportion,1,False,NEW_SUPP_S1_FIXED_SEED,PENDING
Allen VBN|1069458330|MM_RVD_A9_SELECTED_R6|0|UNIT|0.5|2,Allen VBN,544837,1069458330,MM-RVD,MM_RVD_A9_SELECTED_R6,0,UNIT,0.5,proportion,2,False,NEW_SUPP_S1_FIXED_SEED,PENDING
Allen VBN|1069458330|MM_RVD_A9_SELECTED_R6|0|UNIT|0.5|3,Allen VBN,544837,1069458330,MM-RVD,MM_RVD_A9_SELECTED_R6,0,UNIT,0.5,proportion,3,False,NEW_SUPP_S1_FIXED_SEED,PENDING
Allen VBN|1069458330|MM_RVD_A9_SELECTED_R6|0|UNIT|0.5|4,Allen VBN,544837,1069458330,MM-RVD,MM_RVD_A9_SELECTED_R6,0,UNIT,0.5,proportion,4,False,NEW_SUPP_S1_FIXED_SEED,PENDING
Allen VBN|1069458330|MM_RVD_A9_SELECTED_R6|0|TEMPORAL|2|0,Allen VBN,544837,1069458330,MM-RVD,MM_RVD_A9_SELECTED_R6,0,TEMPORAL,2,bins,0,False,NEW_SUPP_S1_FIXED_SEED,PENDING
Allen VBN|1069458330|MM_RVD_A9_SELECTED_R6|0|TEMPORAL|2|1,Allen VBN,544837,1069458330,MM-RVD,MM_RVD_A9_SELECTED_R6,0,TEMPORAL,2,bins,1,False,NEW_SUPP_S1_FIXED_SEED,PENDING
Allen VBN|1069458330|MM_RVD_A9_SELECTED_R6|0|TEMPORAL|2|2,Allen VBN,544837,1069458330,MM-RVD,MM_RVD_A9_SELECTED_R6,0,TEMPORAL,2,bins,2,False,NEW_SUPP_S1_FIXED_SEED,PENDING
Allen VBN|1069458330|MM_RVD_A9_SELECTED_R6|0|TEMPORAL|2|3,Allen VBN,544837,1069458330,MM-RVD,MM_RVD_A9_SELECTED_R6,0,TEMPORAL,2,bins,3,False,NEW_SUPP_S1_FIXED_SEED,PENDING
Allen VBN|1069458330|MM_RVD_A9_SELECTED_R6|0|TEMPORAL|2|4,Allen VBN,544837,1069458330,MM-RVD,MM_RVD_A9_SELECTED_R6,0,TEMPORAL,2,bins,4,False,NEW_SUPP_S1_FIXED_SEED,PENDING
Allen VBN|1069458330|MM_RVD_A9_SELECTED_R6|0|TEMPORAL|3|0,Allen VBN,544837,1069458330,MM-RVD,MM_RVD_A9_SELECTED_R6,0,TEMPORAL,3,bins,0,False,NEW_SUPP_S1_FIXED_SEED,PENDING
Allen VBN|1069458330|MM_RVD_A9_SELECTED_R6|0|TEMPORAL|3|1,Allen VBN,544837,1069458330,MM-RVD,MM_RVD_A9_SELECTED_R6,0,TEMPORAL,3,bins,1,False,NEW_SUPP_S1_FIXED_SEED,PENDING
Allen VBN|1069458330|MM_RVD_A9_SELECTED_R6|0|TEMPORAL|3|2,Allen VBN,544837,1069458330,MM-RVD,MM_RVD_A9_SELECTED_R6,0,TEMPORAL,3,bins,2,False,NEW_SUPP_S1_FIXED_SEED,PENDING
Allen VBN|1069458330|MM_RVD_A9_SELECTED_R6|0|TEMPORAL|3|3,Allen VBN,544837,1069458330,MM-RVD,MM_RVD_A9_SELECTED_R6,0,TEMPORAL,3,bins,3,False,NEW_SUPP_S1_FIXED_SEED,PENDING
Allen VBN|1069458330|MM_RVD_A9_SELECTED_R6|0|TEMPORAL|3|4,Allen VBN,544837,1069458330,MM-RVD,MM_RVD_A9_SELECTED_R6,0,TEMPORAL,3,bins,4,False,NEW_SUPP_S1_FIXED_SEED,PENDING
Allen VBN|1069458330|MM_RVD_A9_SELECTED_R6|0|TEMPORAL|5|0,Allen VBN,544837,1069458330,MM-RVD,MM_RVD_A9_SELECTED_R6,0,TEMPORAL,5,bins,0,True,MAIN_FROZEN_T5,PENDING
Allen VBN|1069458330|MM_RVD_A9_SELECTED_R6|0|TEMPORAL|5|1,Allen VBN,544837,1069458330,MM-RVD,MM_RVD_A9_SELECTED_R6,0,TEMPORAL,5,bins,1,True,MAIN_FROZEN_T5,PENDING
Allen VBN|1069458330|MM_RVD_A9_SELECTED_R6|0|TEMPORAL|5|2,Allen VBN,544837,1069458330,MM-RVD,MM_RVD_A9_SELECTED_R6,0,TEMPORAL,5,bins,2,True,MAIN_FROZEN_T5,PENDING
Allen VBN|1069458330|MM_RVD_A9_SELECTED_R6|0|TEMPORAL|5|3,Allen VBN,544837,1069458330,MM-RVD,MM_RVD_A9_SELECTED_R6,0,TEMPORAL,5,bins,3,True,MAIN_FROZEN_T5,PENDING
Allen VBN|1069458330|MM_RVD_A9_SELECTED_R6|0|TEMPORAL|5|4,Allen VBN,544837,1069458330,MM-RVD,MM_RVD_A9_SELECTED_R6,0,TEMPORAL,5,bins,4,True,MAIN_FROZEN_T5,PENDING
Allen VBN|1069458330|MM_RVD_A9_SELECTED_R6|0|TEMPORAL|7|0,Allen VBN,544837,1069458330,MM-RVD,MM_RVD_A9_SELECTED_R6,0,TEMPORAL,7,bins,0,False,NEW_SUPP_S1_FIXED_SEED,PENDING
Allen VBN|1069458330|MM_RVD_A9_SELECTED_R6|0|TEMPORAL|7|1,Allen VBN,544837,1069458330,MM-RVD,MM_RVD_A9_SELECTED_R6,0,TEMPORAL,7,bins,1,False,NEW_SUPP_S1_FIXED_SEED,PENDING
Allen VBN|1069458330|MM_RVD_A9_SELECTED_R6|0|TEMPORAL|7|2,Allen VBN,544837,1069458330,MM-RVD,MM_RVD_A9_SELECTED_R6,0,TEMPORAL,7,bins,2,False,NEW_SUPP_S1_FIXED_SEED,PENDING
Allen VBN|1069458330|MM_RVD_A9_SELECTED_R6|0|TEMPORAL|7|3,Allen VBN,544837,1069458330,MM-RVD,MM_RVD_A9_SELECTED_R6,0,TEMPORAL,7,bins,3,False,NEW_SUPP_S1_FIXED_SEED,PENDING
Allen VBN|1069458330|MM_RVD_A9_SELECTED_R6|0|TEMPORAL|7|4,Allen VBN,544837,1069458330,MM-RVD,MM_RVD_A9_SELECTED_R6,0,TEMPORAL,7,bins,4,False,NEW_SUPP_S1_FIXED_SEED,PENDING
Allen VBN|1069458330|MM_RVD_A9_SELECTED_R6|0|TEMPORAL|10|0,Allen VBN,544837,1069458330,MM-RVD,MM_RVD_A9_SELECTED_R6,0,TEMPORAL,10,bins,0,False,NEW_SUPP_S1_FIXED_SEED,PENDING
Allen VBN|1069458330|MM_RVD_A9_SELECTED_R6|0|TEMPORAL|10|1,Allen VBN,544837,1069458330,MM-RVD,MM_RVD_A9_SELECTED_R6,0,TEMPORAL,10,bins,1,False,NEW_SUPP_S1_FIXED_SEED,PENDING
Allen VBN|1069458330|MM_RVD_A9_SELECTED_R6|0|TEMPORAL|10|2,Allen VBN,544837,1069458330,MM-RVD,MM_RVD_A9_SELECTED_R6,0,TEMPORAL,10,bins,2,False,NEW_SUPP_S1_FIXED_SEED,PENDING
Allen VBN|1069458330|MM_RVD_A9_SELECTED_R6|0|TEMPORAL|10|3,Allen VBN,544837,1069458330,MM-RVD,MM_RVD_A9_SELECTED_R6,0,TEMPORAL,10,bins,3,False,NEW_SUPP_S1_FIXED_SEED,PENDING
Allen VBN|1069458330|MM_RVD_A9_SELECTED_R6|0|TEMPORAL|10|4,Allen VBN,544837,1069458330,MM-RVD,MM_RVD_A9_SELECTED_R6,0,TEMPORAL,10,bins,4,False,NEW_SUPP_S1_FIXED_SEED,PENDING
Allen VBN|1069458330|MM_RVD_A9_SELECTED_R6|1|CLEAN|0,Allen VBN,544837,1069458330,MM-RVD,MM_RVD_A9_SELECTED_R6,1,CLEAN_REFERENCE,0,none,0,False,R4_CLEAN_REFERENCE,PENDING
Allen VBN|1069458330|MM_RVD_A9_SELECTED_R6|1|UNIT|0.1|0,Allen VBN,544837,1069458330,MM-RVD,MM_RVD_A9_SELECTED_R6,1,UNIT,0.1,proportion,0,False,NEW_SUPP_S1_FIXED_SEED,PENDING
Allen VBN|1069458330|MM_RVD_A9_SELECTED_R6|1|UNIT|0.1|1,Allen VBN,544837,1069458330,MM-RVD,MM_RVD_A9_SELECTED_R6,1,UNIT,0.1,proportion,1,False,NEW_SUPP_S1_FIXED_SEED,PENDING
Allen VBN|1069458330|MM_RVD_A9_SELECTED_R6|1|UNIT|0.1|2,Allen VBN,544837,1069458330,MM-RVD,MM_RVD_A9_SELECTED_R6,1,UNIT,0.1,proportion,2,False,NEW_SUPP_S1_FIXED_SEED,PENDING
Allen VBN|1069458330|MM_RVD_A9_SELECTED_R6|1|UNIT|0.1|3,Allen VBN,544837,1069458330,MM-RVD,MM_RVD_A9_SELECTED_R6,1,UNIT,0.1,proportion,3,False,NEW_SUPP_S1_FIXED_SEED,PENDING
Allen VBN|1069458330|MM_RVD_A9_SELECTED_R6|1|UNIT|0.1|4,Allen VBN,544837,1069458330,MM-RVD,MM_RVD_A9_SELECTED_R6,1,UNIT,0.1,proportion,4,False,NEW_SUPP_S1_FIXED_SEED,PENDING
Allen VBN|1069458330|MM_RVD_A9_SELECTED_R6|1|UNIT|0.2|0,Allen VBN,544837,1069458330,MM-RVD,MM_RVD_A9_SELECTED_R6,1,UNIT,0.2,proportion,0,False,NEW_SUPP_S1_FIXED_SEED,PENDING
Allen VBN|1069458330|MM_RVD_A9_SELECTED_R6|1|UNIT|0.2|1,Allen VBN,544837,1069458330,MM-RVD,MM_RVD_A9_SELECTED_R6,1,UNIT,0.2,proportion,1,False,NEW_SUPP_S1_FIXED_SEED,PENDING
Allen VBN|1069458330|MM_RVD_A9_SELECTED_R6|1|UNIT|0.2|2,Allen VBN,544837,1069458330,MM-RVD,MM_RVD_A9_SELECTED_R6,1,UNIT,0.2,proportion,2,False,NEW_SUPP_S1_FIXED_SEED,PENDING
Allen VBN|1069458330|MM_RVD_A9_SELECTED_R6|1|UNIT|0.2|3,Allen VBN,544837,1069458330,MM-RVD,MM_RVD_A9_SELECTED_R6,1,UNIT,0.2,proportion,3,False,NEW_SUPP_S1_FIXED_SEED,PENDING
Allen VBN|1069458330|MM_RVD_A9_SELECTED_R6|1|UNIT|0.2|4,Allen VBN,544837,1069458330,MM-RVD,MM_RVD_A9_SELECTED_R6,1,UNIT,0.2,proportion,4,False,NEW_SUPP_S1_FIXED_SEED,PENDING
Allen VBN|1069458330|MM_RVD_A9_SELECTED_R6|1|UNIT|0.3|0,Allen VBN,544837,1069458330,MM-RVD,MM_RVD_A9_SELECTED_R6,1,UNIT,0.3,proportion,0,True,MAIN_FROZEN_U30,PENDING
Allen VBN|1069458330|MM_RVD_A9_SELECTED_R6|1|UNIT|0.3|1,Allen VBN,544837,1069458330,MM-RVD,MM_RVD_A9_SELECTED_R6,1,UNIT,0.3,proportion,1,True,MAIN_FROZEN_U30,PENDING
Allen VBN|1069458330|MM_RVD_A9_SELECTED_R6|1|UNIT|0.3|2,Allen VBN,544837,1069458330,MM-RVD,MM_RVD_A9_SELECTED_R6,1,UNIT,0.3,proportion,2,True,MAIN_FROZEN_U30,PENDING
Allen VBN|1069458330|MM_RVD_A9_SELECTED_R6|1|UNIT|0.3|3,Allen VBN,544837,1069458330,MM-RVD,MM_RVD_A9_SELECTED_R6,1,UNIT,0.3,proportion,3,True,MAIN_FROZEN_U30,PENDING
Allen VBN|1069458330|MM_RVD_A9_SELECTED_R6|1|UNIT|0.3|4,Allen VBN,544837,1069458330,MM-RVD,MM_RVD_A9_SELECTED_R6,1,UNIT,0.3,proportion,4,True,MAIN_FROZEN_U30,PENDING
Allen VBN|1069458330|MM_RVD_A9_SELECTED_R6|1|UNIT|0.4|0,Allen VBN,544837,1069458330,MM-RVD,MM_RVD_A9_SELECTED_R6,1,UNIT,0.4,proportion,0,False,NEW_SUPP_S1_FIXED_SEED,PENDING
Allen VBN|1069458330|MM_RVD_A9_SELECTED_R6|1|UNIT|0.4|1,Allen VBN,544837,1069458330,MM-RVD,MM_RVD_A9_SELECTED_R6,1,UNIT,0.4,proportion,1,False,NEW_SUPP_S1_FIXED_SEED,PENDING
Allen VBN|1069458330|MM_RVD_A9_SELECTED_R6|1|UNIT|0.4|2,Allen VBN,544837,1069458330,MM-RVD,MM_RVD_A9_SELECTED_R6,1,UNIT,0.4,proportion,2,False,NEW_SUPP_S1_FIXED_SEED,PENDING
Allen VBN|1069458330|MM_RVD_A9_SELECTED_R6|1|UNIT|0.4|3,Allen VBN,544837,1069458330,MM-RVD,MM_RVD_A9_SELECTED_R6,1,UNIT,0.4,proportion,3,False,NEW_SUPP_S1_FIXED_SEED,PENDING
Allen VBN|1069458330|MM_RVD_A9_SELECTED_R6|1|UNIT|0.4|4,Allen VBN,544837,1069458330,MM-RVD,MM_RVD_A9_SELECTED_R6,1,UNIT,0.4,proportion,4,False,NEW_SUPP_S1_FIXED_SEED,PENDING
Allen VBN|1069458330|MM_RVD_A9_SELECTED_R6|1|UNIT|0.5|0,Allen VBN,544837,1069458330,MM-RVD,MM_RVD_A9_SELECTED_R6,1,UNIT,0.5,proportion,0,False,NEW_SUPP_S1_FIXED_SEED,PENDING
Allen VBN|1069458330|MM_RVD_A9_SELECTED_R6|1|UNIT|0.5|1,Allen VBN,544837,1069458330,MM-RVD,MM_RVD_A9_SELECTED_R6,1,UNIT,0.5,proportion,1,False,NEW_SUPP_S1_FIXED_SEED,PENDING
Allen VBN|1069458330|MM_RVD_A9_SELECTED_R6|1|UNIT|0.5|2,Allen VBN,544837,1069458330,MM-RVD,MM_RVD_A9_SELECTED_R6,1,UNIT,0.5,proportion,2,False,NEW_SUPP_S1_FIXED_SEED,PENDING
Allen VBN|1069458330|MM_RVD_A9_SELECTED_R6|1|UNIT|0.5|3,Allen VBN,544837,1069458330,MM-RVD,MM_RVD_A9_SELECTED_R6,1,UNIT,0.5,proportion,3,False,NEW_SUPP_S1_FIXED_SEED,PENDING
Allen VBN|1069458330|MM_RVD_A9_SELECTED_R6|1|UNIT|0.5|4,Allen VBN,544837,1069458330,MM-RVD,MM_RVD_A9_SELECTED_R6,1,UNIT,0.5,proportion,4,False,NEW_SUPP_S1_FIXED_SEED,PENDING
Allen VBN|1069458330|MM_RVD_A9_SELECTED_R6|1|TEMPORAL|2|0,Allen VBN,544837,1069458330,MM-RVD,MM_RVD_A9_SELECTED_R6,1,TEMPORAL,2,bins,0,False,NEW_SUPP_S1_FIXED_SEED,PENDING
Allen VBN|1069458330|MM_RVD_A9_SELECTED_R6|1|TEMPORAL|2|1,Allen VBN,544837,1069458330,MM-RVD,MM_RVD_A9_SELECTED_R6,1,TEMPORAL,2,bins,1,False,NEW_SUPP_S1_FIXED_SEED,PENDING
Allen VBN|1069458330|MM_RVD_A9_SELECTED_R6|1|TEMPORAL|2|2,Allen VBN,544837,1069458330,MM-RVD,MM_RVD_A9_SELECTED_R6,1,TEMPORAL,2,bins,2,False,NEW_SUPP_S1_FIXED_SEED,PENDING
Allen VBN|1069458330|MM_RVD_A9_SELECTED_R6|1|TEMPORAL|2|3,Allen VBN,544837,1069458330,MM-RVD,MM_RVD_A9_SELECTED_R6,1,TEMPORAL,2,bins,3,False,NEW_SUPP_S1_FIXED_SEED,PENDING
Allen VBN|1069458330|MM_RVD_A9_SELECTED_R6|1|TEMPORAL|2|4,Allen VBN,544837,1069458330,MM-RVD,MM_RVD_A9_SELECTED_R6,1,TEMPORAL,2,bins,4,False,NEW_SUPP_S1_FIXED_SEED,PENDING
Allen VBN|1069458330|MM_RVD_A9_SELECTED_R6|1|TEMPORAL|3|0,Allen VBN,544837,1069458330,MM-RVD,MM_RVD_A9_SELECTED_R6,1,TEMPORAL,3,bins,0,False,NEW_SUPP_S1_FIXED_SEED,PENDING
Allen VBN|1069458330|MM_RVD_A9_SELECTED_R6|1|TEMPORAL|3|1,Allen VBN,544837,1069458330,MM-RVD,MM_RVD_A9_SELECTED_R6,1,TEMPORAL,3,bins,1,False,NEW_SUPP_S1_FIXED_SEED,PENDING
Allen VBN|1069458330|MM_RVD_A9_SELECTED_R6|1|TEMPORAL|3|2,Allen VBN,544837,1069458330,MM-RVD,MM_RVD_A9_SELECTED_R6,1,TEMPORAL,3,bins,2,False,NEW_SUPP_S1_FIXED_SEED,PENDING
Allen VBN|1069458330|MM_RVD_A9_SELECTED_R6|1|TEMPORAL|3|3,Allen VBN,544837,1069458330,MM-RVD,MM_RVD_A9_SELECTED_R6,1,TEMPORAL,3,bins,3,False,NEW_SUPP_S1_FIXED_SEED,PENDING
Allen VBN|1069458330|MM_RVD_A9_SELECTED_R6|1|TEMPORAL|3|4,Allen VBN,544837,1069458330,MM-RVD,MM_RVD_A9_SELECTED_R6,1,TEMPORAL,3,bins,4,False,NEW_SUPP_S1_FIXED_SEED,PENDING
Allen VBN|1069458330|MM_RVD_A9_SELECTED_R6|1|TEMPORAL|5|0,Allen VBN,544837,1069458330,MM-RVD,MM_RVD_A9_SELECTED_R6,1,TEMPORAL,5,bins,0,True,MAIN_FROZEN_T5,PENDING
Allen VBN|1069458330|MM_RVD_A9_SELECTED_R6|1|TEMPORAL|5|1,Allen VBN,544837,1069458330,MM-RVD,MM_RVD_A9_SELECTED_R6,1,TEMPORAL,5,bins,1,True,MAIN_FROZEN_T5,PENDING
Allen VBN|1069458330|MM_RVD_A9_SELECTED_R6|1|TEMPORAL|5|2,Allen VBN,544837,1069458330,MM-RVD,MM_RVD_A9_SELECTED_R6,1,TEMPORAL,5,bins,2,True,MAIN_FROZEN_T5,PENDING
Allen VBN|1069458330|MM_RVD_A9_SELECTED_R6|1|TEMPORAL|5|3,Allen VBN,544837,1069458330,MM-RVD,MM_RVD_A9_SELECTED_R6,1,TEMPORAL,5,bins,3,True,MAIN_FROZEN_T5,PENDING
Allen VBN|1069458330|MM_RVD_A9_SELECTED_R6|1|TEMPORAL|5|4,Allen VBN,544837,1069458330,MM-RVD,MM_RVD_A9_SELECTED_R6,1,TEMPORAL,5,bins,4,True,MAIN_FROZEN_T5,PENDING
Allen VBN|1069458330|MM_RVD_A9_SELECTED_R6|1|TEMPORAL|7|0,Allen VBN,544837,1069458330,MM-RVD,MM_RVD_A9_SELECTED_R6,1,TEMPORAL,7,bins,0,False,NEW_SUPP_S1_FIXED_SEED,PENDING
Allen VBN|1069458330|MM_RVD_A9_SELECTED_R6|1|TEMPORAL|7|1,Allen VBN,544837,1069458330,MM-RVD,MM_RVD_A9_SELECTED_R6,1,TEMPORAL,7,bins,1,False,NEW_SUPP_S1_FIXED_SEED,PENDING
Allen VBN|1069458330|MM_RVD_A9_SELECTED_R6|1|TEMPORAL|7|2,Allen VBN,544837,1069458330,MM-RVD,MM_RVD_A9_SELECTED_R6,1,TEMPORAL,7,bins,2,False,NEW_SUPP_S1_FIXED_SEED,PENDING
Allen VBN|1069458330|MM_RVD_A9_SELECTED_R6|1|TEMPORAL|7|3,Allen VBN,544837,1069458330,MM-RVD,MM_RVD_A9_SELECTED_R6,1,TEMPORAL,7,bins,3,False,NEW_SUPP_S1_FIXED_SEED,PENDING
Allen VBN|1069458330|MM_RVD_A9_SELECTED_R6|1|TEMPORAL|7|4,Allen VBN,544837,1069458330,MM-RVD,MM_RVD_A9_SELECTED_R6,1,TEMPORAL,7,bins,4,False,NEW_SUPP_S1_FIXED_SEED,PENDING
Allen VBN|1069458330|MM_RVD_A9_SELECTED_R6|1|TEMPORAL|10|0,Allen VBN,544837,1069458330,MM-RVD,MM_RVD_A9_SELECTED_R6,1,TEMPORAL,10,bins,0,False,NEW_SUPP_S1_FIXED_SEED,PENDING
Allen VBN|1069458330|MM_RVD_A9_SELECTED_R6|1|TEMPORAL|10|1,Allen VBN,544837,1069458330,MM-RVD,MM_RVD_A9_SELECTED_R6,1,TEMPORAL,10,bins,1,False,NEW_SUPP_S1_FIXED_SEED,PENDING
Allen VBN|1069458330|MM_RVD_A9_SELECTED_R6|1|TEMPORAL|10|2,Allen VBN,544837,1069458330,MM-RVD,MM_RVD_A9_SELECTED_R6,1,TEMPORAL,10,bins,2,False,NEW_SUPP_S1_FIXED_SEED,PENDING
Allen VBN|1069458330|MM_RVD_A9_SELECTED_R6|1|TEMPORAL|10|3,Allen VBN,544837,1069458330,MM-RVD,MM_RVD_A9_SELECTED_R6,1,TEMPORAL,10,bins,3,False,NEW_SUPP_S1_FIXED_SEED,PENDING
Allen VBN|1069458330|MM_RVD_A9_SELECTED_R6|1|TEMPORAL|10|4,Allen VBN,544837,1069458330,MM-RVD,MM_RVD_A9_SELECTED_R6,1,TEMPORAL,10,bins,4,False,NEW_SUPP_S1_FIXED_SEED,PENDING
Allen VBN|1069458330|MEAN_RATE_LINEAR_SVM|0|CLEAN|0,Allen VBN,544837,1069458330,SVM,MEAN_RATE_LINEAR_SVM,0,CLEAN_REFERENCE,0,none,0,False,R4_CLEAN_REFERENCE,PENDING
Allen VBN|1069458330|MEAN_RATE_LINEAR_SVM|0|UNIT|0.1|0,Allen VBN,544837,1069458330,SVM,MEAN_RATE_LINEAR_SVM,0,UNIT,0.1,proportion,0,False,NEW_SUPP_S1_FIXED_SEED,PENDING
Allen VBN|1069458330|MEAN_RATE_LINEAR_SVM|0|UNIT|0.1|1,Allen VBN,544837,1069458330,SVM,MEAN_RATE_LINEAR_SVM,0,UNIT,0.1,proportion,1,False,NEW_SUPP_S1_FIXED_SEED,PENDING
Allen VBN|1069458330|MEAN_RATE_LINEAR_SVM|0|UNIT|0.1|2,Allen VBN,544837,1069458330,SVM,MEAN_RATE_LINEAR_SVM,0,UNIT,0.1,proportion,2,False,NEW_SUPP_S1_FIXED_SEED,PENDING
Allen VBN|1069458330|MEAN_RATE_LINEAR_SVM|0|UNIT|0.1|3,Allen VBN,544837,1069458330,SVM,MEAN_RATE_LINEAR_SVM,0,UNIT,0.1,proportion,3,False,NEW_SUPP_S1_FIXED_SEED,PENDING
Allen VBN|1069458330|MEAN_RATE_LINEAR_SVM|0|UNIT|0.1|4,Allen VBN,544837,1069458330,SVM,MEAN_RATE_LINEAR_SVM,0,UNIT,0.1,proportion,4,False,NEW_SUPP_S1_FIXED_SEED,PENDING
Allen VBN|1069458330|MEAN_RATE_LINEAR_SVM|0|UNIT|0.2|0,Allen VBN,544837,1069458330,SVM,MEAN_RATE_LINEAR_SVM,0,UNIT,0.2,proportion,0,False,NEW_SUPP_S1_FIXED_SEED,PENDING
Allen VBN|1069458330|MEAN_RATE_LINEAR_SVM|0|UNIT|0.2|1,Allen VBN,544837,1069458330,SVM,MEAN_RATE_LINEAR_SVM,0,UNIT,0.2,proportion,1,False,NEW_SUPP_S1_FIXED_SEED,PENDING
Allen VBN|1069458330|MEAN_RATE_LINEAR_SVM|0|UNIT|0.2|2,Allen VBN,544837,1069458330,SVM,MEAN_RATE_LINEAR_SVM,0,UNIT,0.2,proportion,2,False,NEW_SUPP_S1_FIXED_SEED,PENDING
Allen VBN|1069458330|MEAN_RATE_LINEAR_SVM|0|UNIT|0.2|3,Allen VBN,544837,1069458330,SVM,MEAN_RATE_LINEAR_SVM,0,UNIT,0.2,proportion,3,False,NEW_SUPP_S1_FIXED_SEED,PENDING
Allen VBN|1069458330|MEAN_RATE_LINEAR_SVM|0|UNIT|0.2|4,Allen VBN,544837,1069458330,SVM,MEAN_RATE_LINEAR_SVM,0,UNIT,0.2,proportion,4,False,NEW_SUPP_S1_FIXED_SEED,PENDING
Allen VBN|1069458330|MEAN_RATE_LINEAR_SVM|0|UNIT|0.3|0,Allen VBN,544837,1069458330,SVM,MEAN_RATE_LINEAR_SVM,0,UNIT,0.3,proportion,0,True,MAIN_FROZEN_U30,PENDING
Allen VBN|1069458330|MEAN_RATE_LINEAR_SVM|0|UNIT|0.3|1,Allen VBN,544837,1069458330,SVM,MEAN_RATE_LINEAR_SVM,0,UNIT,0.3,proportion,1,True,MAIN_FROZEN_U30,PENDING
Allen VBN|1069458330|MEAN_RATE_LINEAR_SVM|0|UNIT|0.3|2,Allen VBN,544837,1069458330,SVM,MEAN_RATE_LINEAR_SVM,0,UNIT,0.3,proportion,2,True,MAIN_FROZEN_U30,PENDING
Allen VBN|1069458330|MEAN_RATE_LINEAR_SVM|0|UNIT|0.3|3,Allen VBN,544837,1069458330,SVM,MEAN_RATE_LINEAR_SVM,0,UNIT,0.3,proportion,3,True,MAIN_FROZEN_U30,PENDING
Allen VBN|1069458330|MEAN_RATE_LINEAR_SVM|0|UNIT|0.3|4,Allen VBN,544837,1069458330,SVM,MEAN_RATE_LINEAR_SVM,0,UNIT,0.3,proportion,4,True,MAIN_FROZEN_U30,PENDING
Allen VBN|1069458330|MEAN_RATE_LINEAR_SVM|0|UNIT|0.4|0,Allen VBN,544837,1069458330,SVM,MEAN_RATE_LINEAR_SVM,0,UNIT,0.4,proportion,0,False,NEW_SUPP_S1_FIXED_SEED,PENDING
Allen VBN|1069458330|MEAN_RATE_LINEAR_SVM|0|UNIT|0.4|1,Allen VBN,544837,1069458330,SVM,MEAN_RATE_LINEAR_SVM,0,UNIT,0.4,proportion,1,False,NEW_SUPP_S1_FIXED_SEED,PENDING
Allen VBN|1069458330|MEAN_RATE_LINEAR_SVM|0|UNIT|0.4|2,Allen VBN,544837,1069458330,SVM,MEAN_RATE_LINEAR_SVM,0,UNIT,0.4,proportion,2,False,NEW_SUPP_S1_FIXED_SEED,PENDING
Allen VBN|1069458330|MEAN_RATE_LINEAR_SVM|0|UNIT|0.4|3,Allen VBN,544837,1069458330,SVM,MEAN_RATE_LINEAR_SVM,0,UNIT,0.4,proportion,3,False,NEW_SUPP_S1_FIXED_SEED,PENDING
Allen VBN|1069458330|MEAN_RATE_LINEAR_SVM|0|UNIT|0.4|4,Allen VBN,544837,1069458330,SVM,MEAN_RATE_LINEAR_SVM,0,UNIT,0.4,proportion,4,False,NEW_SUPP_S1_FIXED_SEED,PENDING
Allen VBN|1069458330|MEAN_RATE_LINEAR_SVM|0|UNIT|0.5|0,Allen VBN,544837,1069458330,SVM,MEAN_RATE_LINEAR_SVM,0,UNIT,0.5,proportion,0,False,NEW_SUPP_S1_FIXED_SEED,PENDING
Allen VBN|1069458330|MEAN_RATE_LINEAR_SVM|0|UNIT|0.5|1,Allen VBN,544837,1069458330,SVM,MEAN_RATE_LINEAR_SVM,0,UNIT,0.5,proportion,1,False,NEW_SUPP_S1_FIXED_SEED,PENDING
Allen VBN|1069458330|MEAN_RATE_LINEAR_SVM|0|UNIT|0.5|2,Allen VBN,544837,1069458330,SVM,MEAN_RATE_LINEAR_SVM,0,UNIT,0.5,proportion,2,False,NEW_SUPP_S1_FIXED_SEED,PENDING
Allen VBN|1069458330|MEAN_RATE_LINEAR_SVM|0|UNIT|0.5|3,Allen VBN,544837,1069458330,SVM,MEAN_RATE_LINEAR_SVM,0,UNIT,0.5,proportion,3,False,NEW_SUPP_S1_FIXED_SEED,PENDING
Allen VBN|1069458330|MEAN_RATE_LINEAR_SVM|0|UNIT|0.5|4,Allen VBN,544837,1069458330,SVM,MEAN_RATE_LINEAR_SVM,0,UNIT,0.5,proportion,4,False,NEW_SUPP_S1_FIXED_SEED,PENDING
Allen VBN|1069458330|MEAN_RATE_LINEAR_SVM|0|TEMPORAL|2|0,Allen VBN,544837,1069458330,SVM,MEAN_RATE_LINEAR_SVM,0,TEMPORAL,2,bins,0,False,NEW_SUPP_S1_FIXED_SEED,PENDING
Allen VBN|1069458330|MEAN_RATE_LINEAR_SVM|0|TEMPORAL|2|1,Allen VBN,544837,1069458330,SVM,MEAN_RATE_LINEAR_SVM,0,TEMPORAL,2,bins,1,False,NEW_SUPP_S1_FIXED_SEED,PENDING
Allen VBN|1069458330|MEAN_RATE_LINEAR_SVM|0|TEMPORAL|2|2,Allen VBN,544837,1069458330,SVM,MEAN_RATE_LINEAR_SVM,0,TEMPORAL,2,bins,2,False,NEW_SUPP_S1_FIXED_SEED,PENDING
Allen VBN|1069458330|MEAN_RATE_LINEAR_SVM|0|TEMPORAL|2|3,Allen VBN,544837,1069458330,SVM,MEAN_RATE_LINEAR_SVM,0,TEMPORAL,2,bins,3,False,NEW_SUPP_S1_FIXED_SEED,PENDING
Allen VBN|1069458330|MEAN_RATE_LINEAR_SVM|0|TEMPORAL|2|4,Allen VBN,544837,1069458330,SVM,MEAN_RATE_LINEAR_SVM,0,TEMPORAL,2,bins,4,False,NEW_SUPP_S1_FIXED_SEED,PENDING
Allen VBN|1069458330|MEAN_RATE_LINEAR_SVM|0|TEMPORAL|3|0,Allen VBN,544837,1069458330,SVM,MEAN_RATE_LINEAR_SVM,0,TEMPORAL,3,bins,0,False,NEW_SUPP_S1_FIXED_SEED,PENDING
Allen VBN|1069458330|MEAN_RATE_LINEAR_SVM|0|TEMPORAL|3|1,Allen VBN,544837,1069458330,SVM,MEAN_RATE_LINEAR_SVM,0,TEMPORAL,3,bins,1,False,NEW_SUPP_S1_FIXED_SEED,PENDING
Allen VBN|1069458330|MEAN_RATE_LINEAR_SVM|0|TEMPORAL|3|2,Allen VBN,544837,1069458330,SVM,MEAN_RATE_LINEAR_SVM,0,TEMPORAL,3,bins,2,False,NEW_SUPP_S1_FIXED_SEED,PENDING
Allen VBN|1069458330|MEAN_RATE_LINEAR_SVM|0|TEMPORAL|3|3,Allen VBN,544837,1069458330,SVM,MEAN_RATE_LINEAR_SVM,0,TEMPORAL,3,bins,3,False,NEW_SUPP_S1_FIXED_SEED,PENDING
Allen VBN|1069458330|MEAN_RATE_LINEAR_SVM|0|TEMPORAL|3|4,Allen VBN,544837,1069458330,SVM,MEAN_RATE_LINEAR_SVM,0,TEMPORAL,3,bins,4,False,NEW_SUPP_S1_FIXED_SEED,PENDING
Allen VBN|1069458330|MEAN_RATE_LINEAR_SVM|0|TEMPORAL|5|0,Allen VBN,544837,1069458330,SVM,MEAN_RATE_LINEAR_SVM,0,TEMPORAL,5,bins,0,True,MAIN_FROZEN_T5,PENDING
Allen VBN|1069458330|MEAN_RATE_LINEAR_SVM|0|TEMPORAL|5|1,Allen VBN,544837,1069458330,SVM,MEAN_RATE_LINEAR_SVM,0,TEMPORAL,5,bins,1,True,MAIN_FROZEN_T5,PENDING
Allen VBN|1069458330|MEAN_RATE_LINEAR_SVM|0|TEMPORAL|5|2,Allen VBN,544837,1069458330,SVM,MEAN_RATE_LINEAR_SVM,0,TEMPORAL,5,bins,2,True,MAIN_FROZEN_T5,PENDING
Allen VBN|1069458330|MEAN_RATE_LINEAR_SVM|0|TEMPORAL|5|3,Allen VBN,544837,1069458330,SVM,MEAN_RATE_LINEAR_SVM,0,TEMPORAL,5,bins,3,True,MAIN_FROZEN_T5,PENDING
Allen VBN|1069458330|MEAN_RATE_LINEAR_SVM|0|TEMPORAL|5|4,Allen VBN,544837,1069458330,SVM,MEAN_RATE_LINEAR_SVM,0,TEMPORAL,5,bins,4,True,MAIN_FROZEN_T5,PENDING
Allen VBN|1069458330|MEAN_RATE_LINEAR_SVM|0|TEMPORAL|7|0,Allen VBN,544837,1069458330,SVM,MEAN_RATE_LINEAR_SVM,0,TEMPORAL,7,bins,0,False,NEW_SUPP_S1_FIXED_SEED,PENDING
Allen VBN|1069458330|MEAN_RATE_LINEAR_SVM|0|TEMPORAL|7|1,Allen VBN,544837,1069458330,SVM,MEAN_RATE_LINEAR_SVM,0,TEMPORAL,7,bins,1,False,NEW_SUPP_S1_FIXED_SEED,PENDING
Allen VBN|1069458330|MEAN_RATE_LINEAR_SVM|0|TEMPORAL|7|2,Allen VBN,544837,1069458330,SVM,MEAN_RATE_LINEAR_SVM,0,TEMPORAL,7,bins,2,False,NEW_SUPP_S1_FIXED_SEED,PENDING
Allen VBN|1069458330|MEAN_RATE_LINEAR_SVM|0|TEMPORAL|7|3,Allen VBN,544837,1069458330,SVM,MEAN_RATE_LINEAR_SVM,0,TEMPORAL,7,bins,3,False,NEW_SUPP_S1_FIXED_SEED,PENDING
Allen VBN|1069458330|MEAN_RATE_LINEAR_SVM|0|TEMPORAL|7|4,Allen VBN,544837,1069458330,SVM,MEAN_RATE_LINEAR_SVM,0,TEMPORAL,7,bins,4,False,NEW_SUPP_S1_FIXED_SEED,PENDING
Allen VBN|1069458330|MEAN_RATE_LINEAR_SVM|0|TEMPORAL|10|0,Allen VBN,544837,1069458330,SVM,MEAN_RATE_LINEAR_SVM,0,TEMPORAL,10,bins,0,False,NEW_SUPP_S1_FIXED_SEED,PENDING
Allen VBN|1069458330|MEAN_RATE_LINEAR_SVM|0|TEMPORAL|10|1,Allen VBN,544837,1069458330,SVM,MEAN_RATE_LINEAR_SVM,0,TEMPORAL,10,bins,1,False,NEW_SUPP_S1_FIXED_SEED,PENDING
Allen VBN|1069458330|MEAN_RATE_LINEAR_SVM|0|TEMPORAL|10|2,Allen VBN,544837,1069458330,SVM,MEAN_RATE_LINEAR_SVM,0,TEMPORAL,10,bins,2,False,NEW_SUPP_S1_FIXED_SEED,PENDING
Allen VBN|1069458330|MEAN_RATE_LINEAR_SVM|0|TEMPORAL|10|3,Allen VBN,544837,1069458330,SVM,MEAN_RATE_LINEAR_SVM,0,TEMPORAL,10,bins,3,False,NEW_SUPP_S1_FIXED_SEED,PENDING
Allen VBN|1069458330|MEAN_RATE_LINEAR_SVM|0|TEMPORAL|10|4,Allen VBN,544837,1069458330,SVM,MEAN_RATE_LINEAR_SVM,0,TEMPORAL,10,bins,4,False,NEW_SUPP_S1_FIXED_SEED,PENDING
Allen VBN|1069458330|MEAN_RATE_LINEAR_SVM|1|CLEAN|0,Allen VBN,544837,1069458330,SVM,MEAN_RATE_LINEAR_SVM,1,CLEAN_REFERENCE,0,none,0,False,R4_CLEAN_REFERENCE,PENDING
Allen VBN|1069458330|MEAN_RATE_LINEAR_SVM|1|UNIT|0.1|0,Allen VBN,544837,1069458330,SVM,MEAN_RATE_LINEAR_SVM,1,UNIT,0.1,proportion,0,False,NEW_SUPP_S1_FIXED_SEED,PENDING
Allen VBN|1069458330|MEAN_RATE_LINEAR_SVM|1|UNIT|0.1|1,Allen VBN,544837,1069458330,SVM,MEAN_RATE_LINEAR_SVM,1,UNIT,0.1,proportion,1,False,NEW_SUPP_S1_FIXED_SEED,PENDING
Allen VBN|1069458330|MEAN_RATE_LINEAR_SVM|1|UNIT|0.1|2,Allen VBN,544837,1069458330,SVM,MEAN_RATE_LINEAR_SVM,1,UNIT,0.1,proportion,2,False,NEW_SUPP_S1_FIXED_SEED,PENDING
Allen VBN|1069458330|MEAN_RATE_LINEAR_SVM|1|UNIT|0.1|3,Allen VBN,544837,1069458330,SVM,MEAN_RATE_LINEAR_SVM,1,UNIT,0.1,proportion,3,False,NEW_SUPP_S1_FIXED_SEED,PENDING
Allen VBN|1069458330|MEAN_RATE_LINEAR_SVM|1|UNIT|0.1|4,Allen VBN,544837,1069458330,SVM,MEAN_RATE_LINEAR_SVM,1,UNIT,0.1,proportion,4,False,NEW_SUPP_S1_FIXED_SEED,PENDING
Allen VBN|1069458330|MEAN_RATE_LINEAR_SVM|1|UNIT|0.2|0,Allen VBN,544837,1069458330,SVM,MEAN_RATE_LINEAR_SVM,1,UNIT,0.2,proportion,0,False,NEW_SUPP_S1_FIXED_SEED,PENDING
Allen VBN|1069458330|MEAN_RATE_LINEAR_SVM|1|UNIT|0.2|1,Allen VBN,544837,1069458330,SVM,MEAN_RATE_LINEAR_SVM,1,UNIT,0.2,proportion,1,False,NEW_SUPP_S1_FIXED_SEED,PENDING
Allen VBN|1069458330|MEAN_RATE_LINEAR_SVM|1|UNIT|0.2|2,Allen VBN,544837,1069458330,SVM,MEAN_RATE_LINEAR_SVM,1,UNIT,0.2,proportion,2,False,NEW_SUPP_S1_FIXED_SEED,PENDING
Allen VBN|1069458330|MEAN_RATE_LINEAR_SVM|1|UNIT|0.2|3,Allen VBN,544837,1069458330,SVM,MEAN_RATE_LINEAR_SVM,1,UNIT,0.2,proportion,3,False,NEW_SUPP_S1_FIXED_SEED,PENDING
Allen VBN|1069458330|MEAN_RATE_LINEAR_SVM|1|UNIT|0.2|4,Allen VBN,544837,1069458330,SVM,MEAN_RATE_LINEAR_SVM,1,UNIT,0.2,proportion,4,False,NEW_SUPP_S1_FIXED_SEED,PENDING
Allen VBN|1069458330|MEAN_RATE_LINEAR_SVM|1|UNIT|0.3|0,Allen VBN,544837,1069458330,SVM,MEAN_RATE_LINEAR_SVM,1,UNIT,0.3,proportion,0,True,MAIN_FROZEN_U30,PENDING
Allen VBN|1069458330|MEAN_RATE_LINEAR_SVM|1|UNIT|0.3|1,Allen VBN,544837,1069458330,SVM,MEAN_RATE_LINEAR_SVM,1,UNIT,0.3,proportion,1,True,MAIN_FROZEN_U30,PENDING
Allen VBN|1069458330|MEAN_RATE_LINEAR_SVM|1|UNIT|0.3|2,Allen VBN,544837,1069458330,SVM,MEAN_RATE_LINEAR_SVM,1,UNIT,0.3,proportion,2,True,MAIN_FROZEN_U30,PENDING
Allen VBN|1069458330|MEAN_RATE_LINEAR_SVM|1|UNIT|0.3|3,Allen VBN,544837,1069458330,SVM,MEAN_RATE_LINEAR_SVM,1,UNIT,0.3,proportion,3,True,MAIN_FROZEN_U30,PENDING
Allen VBN|1069458330|MEAN_RATE_LINEAR_SVM|1|UNIT|0.3|4,Allen VBN,544837,1069458330,SVM,MEAN_RATE_LINEAR_SVM,1,UNIT,0.3,proportion,4,True,MAIN_FROZEN_U30,PENDING
Allen VBN|1069458330|MEAN_RATE_LINEAR_SVM|1|UNIT|0.4|0,Allen VBN,544837,1069458330,SVM,MEAN_RATE_LINEAR_SVM,1,UNIT,0.4,proportion,0,False,NEW_SUPP_S1_FIXED_SEED,PENDING
Allen VBN|1069458330|MEAN_RATE_LINEAR_SVM|1|UNIT|0.4|1,Allen VBN,544837,1069458330,SVM,MEAN_RATE_LINEAR_SVM,1,UNIT,0.4,proportion,1,False,NEW_SUPP_S1_FIXED_SEED,PENDING
Allen VBN|1069458330|MEAN_RATE_LINEAR_SVM|1|UNIT|0.4|2,Allen VBN,544837,1069458330,SVM,MEAN_RATE_LINEAR_SVM,1,UNIT,0.4,proportion,2,False,NEW_SUPP_S1_FIXED_SEED,PENDING
Allen VBN|1069458330|MEAN_RATE_LINEAR_SVM|1|UNIT|0.4|3,Allen VBN,544837,1069458330,SVM,MEAN_RATE_LINEAR_SVM,1,UNIT,0.4,proportion,3,False,NEW_SUPP_S1_FIXED_SEED,PENDING
Allen VBN|1069458330|MEAN_RATE_LINEAR_SVM|1|UNIT|0.4|4,Allen VBN,544837,1069458330,SVM,MEAN_RATE_LINEAR_SVM,1,UNIT,0.4,proportion,4,False,NEW_SUPP_S1_FIXED_SEED,PENDING
Allen VBN|1069458330|MEAN_RATE_LINEAR_SVM|1|UNIT|0.5|0,Allen VBN,544837,1069458330,SVM,MEAN_RATE_LINEAR_SVM,1,UNIT,0.5,proportion,0,False,NEW_SUPP_S1_FIXED_SEED,PENDING
Allen VBN|1069458330|MEAN_RATE_LINEAR_SVM|1|UNIT|0.5|1,Allen VBN,544837,1069458330,SVM,MEAN_RATE_LINEAR_SVM,1,UNIT,0.5,proportion,1,False,NEW_SUPP_S1_FIXED_SEED,PENDING
Allen VBN|1069458330|MEAN_RATE_LINEAR_SVM|1|UNIT|0.5|2,Allen VBN,544837,1069458330,SVM,MEAN_RATE_LINEAR_SVM,1,UNIT,0.5,proportion,2,False,NEW_SUPP_S1_FIXED_SEED,PENDING
Allen VBN|1069458330|MEAN_RATE_LINEAR_SVM|1|UNIT|0.5|3,Allen VBN,544837,1069458330,SVM,MEAN_RATE_LINEAR_SVM,1,UNIT,0.5,proportion,3,False,NEW_SUPP_S1_FIXED_SEED,PENDING
Allen VBN|1069458330|MEAN_RATE_LINEAR_SVM|1|UNIT|0.5|4,Allen VBN,544837,1069458330,SVM,MEAN_RATE_LINEAR_SVM,1,UNIT,0.5,proportion,4,False,NEW_SUPP_S1_FIXED_SEED,PENDING
Allen VBN|1069458330|MEAN_RATE_LINEAR_SVM|1|TEMPORAL|2|0,Allen VBN,544837,1069458330,SVM,MEAN_RATE_LINEAR_SVM,1,TEMPORAL,2,bins,0,False,NEW_SUPP_S1_FIXED_SEED,PENDING
Allen VBN|1069458330|MEAN_RATE_LINEAR_SVM|1|TEMPORAL|2|1,Allen VBN,544837,1069458330,SVM,MEAN_RATE_LINEAR_SVM,1,TEMPORAL,2,bins,1,False,NEW_SUPP_S1_FIXED_SEED,PENDING
Allen VBN|1069458330|MEAN_RATE_LINEAR_SVM|1|TEMPORAL|2|2,Allen VBN,544837,1069458330,SVM,MEAN_RATE_LINEAR_SVM,1,TEMPORAL,2,bins,2,False,NEW_SUPP_S1_FIXED_SEED,PENDING
Allen VBN|1069458330|MEAN_RATE_LINEAR_SVM|1|TEMPORAL|2|3,Allen VBN,544837,1069458330,SVM,MEAN_RATE_LINEAR_SVM,1,TEMPORAL,2,bins,3,False,NEW_SUPP_S1_FIXED_SEED,PENDING
Allen VBN|1069458330|MEAN_RATE_LINEAR_SVM|1|TEMPORAL|2|4,Allen VBN,544837,1069458330,SVM,MEAN_RATE_LINEAR_SVM,1,TEMPORAL,2,bins,4,False,NEW_SUPP_S1_FIXED_SEED,PENDING
Allen VBN|1069458330|MEAN_RATE_LINEAR_SVM|1|TEMPORAL|3|0,Allen VBN,544837,1069458330,SVM,MEAN_RATE_LINEAR_SVM,1,TEMPORAL,3,bins,0,False,NEW_SUPP_S1_FIXED_SEED,PENDING
Allen VBN|1069458330|MEAN_RATE_LINEAR_SVM|1|TEMPORAL|3|1,Allen VBN,544837,1069458330,SVM,MEAN_RATE_LINEAR_SVM,1,TEMPORAL,3,bins,1,False,NEW_SUPP_S1_FIXED_SEED,PENDING
Allen VBN|1069458330|MEAN_RATE_LINEAR_SVM|1|TEMPORAL|3|2,Allen VBN,544837,1069458330,SVM,MEAN_RATE_LINEAR_SVM,1,TEMPORAL,3,bins,2,False,NEW_SUPP_S1_FIXED_SEED,PENDING
Allen VBN|1069458330|MEAN_RATE_LINEAR_SVM|1|TEMPORAL|3|3,Allen VBN,544837,1069458330,SVM,MEAN_RATE_LINEAR_SVM,1,TEMPORAL,3,bins,3,False,NEW_SUPP_S1_FIXED_SEED,PENDING
Allen VBN|1069458330|MEAN_RATE_LINEAR_SVM|1|TEMPORAL|3|4,Allen VBN,544837,1069458330,SVM,MEAN_RATE_LINEAR_SVM,1,TEMPORAL,3,bins,4,False,NEW_SUPP_S1_FIXED_SEED,PENDING
Allen VBN|1069458330|MEAN_RATE_LINEAR_SVM|1|TEMPORAL|5|0,Allen VBN,544837,1069458330,SVM,MEAN_RATE_LINEAR_SVM,1,TEMPORAL,5,bins,0,True,MAIN_FROZEN_T5,PENDING
Allen VBN|1069458330|MEAN_RATE_LINEAR_SVM|1|TEMPORAL|5|1,Allen VBN,544837,1069458330,SVM,MEAN_RATE_LINEAR_SVM,1,TEMPORAL,5,bins,1,True,MAIN_FROZEN_T5,PENDING
Allen VBN|1069458330|MEAN_RATE_LINEAR_SVM|1|TEMPORAL|5|2,Allen VBN,544837,1069458330,SVM,MEAN_RATE_LINEAR_SVM,1,TEMPORAL,5,bins,2,True,MAIN_FROZEN_T5,PENDING
Allen VBN|1069458330|MEAN_RATE_LINEAR_SVM|1|TEMPORAL|5|3,Allen VBN,544837,1069458330,SVM,MEAN_RATE_LINEAR_SVM,1,TEMPORAL,5,bins,3,True,MAIN_FROZEN_T5,PENDING
Allen VBN|1069458330|MEAN_RATE_LINEAR_SVM|1|TEMPORAL|5|4,Allen VBN,544837,1069458330,SVM,MEAN_RATE_LINEAR_SVM,1,TEMPORAL,5,bins,4,True,MAIN_FROZEN_T5,PENDING
Allen VBN|1069458330|MEAN_RATE_LINEAR_SVM|1|TEMPORAL|7|0,Allen VBN,544837,1069458330,SVM,MEAN_RATE_LINEAR_SVM,1,TEMPORAL,7,bins,0,False,NEW_SUPP_S1_FIXED_SEED,PENDING
Allen VBN|1069458330|MEAN_RATE_LINEAR_SVM|1|TEMPORAL|7|1,Allen VBN,544837,1069458330,SVM,MEAN_RATE_LINEAR_SVM,1,TEMPORAL,7,bins,1,False,NEW_SUPP_S1_FIXED_SEED,PENDING
Allen VBN|1069458330|MEAN_RATE_LINEAR_SVM|1|TEMPORAL|7|2,Allen VBN,544837,1069458330,SVM,MEAN_RATE_LINEAR_SVM,1,TEMPORAL,7,bins,2,False,NEW_SUPP_S1_FIXED_SEED,PENDING
Allen VBN|1069458330|MEAN_RATE_LINEAR_SVM|1|TEMPORAL|7|3,Allen VBN,544837,1069458330,SVM,MEAN_RATE_LINEAR_SVM,1,TEMPORAL,7,bins,3,False,NEW_SUPP_S1_FIXED_SEED,PENDING
Allen VBN|1069458330|MEAN_RATE_LINEAR_SVM|1|TEMPORAL|7|4,Allen VBN,544837,1069458330,SVM,MEAN_RATE_LINEAR_SVM,1,TEMPORAL,7,bins,4,False,NEW_SUPP_S1_FIXED_SEED,PENDING
Allen VBN|1069458330|MEAN_RATE_LINEAR_SVM|1|TEMPORAL|10|0,Allen VBN,544837,1069458330,SVM,MEAN_RATE_LINEAR_SVM,1,TEMPORAL,10,bins,0,False,NEW_SUPP_S1_FIXED_SEED,PENDING
Allen VBN|1069458330|MEAN_RATE_LINEAR_SVM|1|TEMPORAL|10|1,Allen VBN,544837,1069458330,SVM,MEAN_RATE_LINEAR_SVM,1,TEMPORAL,10,bins,1,False,NEW_SUPP_S1_FIXED_SEED,PENDING
Allen VBN|1069458330|MEAN_RATE_LINEAR_SVM|1|TEMPORAL|10|2,Allen VBN,544837,1069458330,SVM,MEAN_RATE_LINEAR_SVM,1,TEMPORAL,10,bins,2,False,NEW_SUPP_S1_FIXED_SEED,PENDING
Allen VBN|1069458330|MEAN_RATE_LINEAR_SVM|1|TEMPORAL|10|3,Allen VBN,544837,1069458330,SVM,MEAN_RATE_LINEAR_SVM,1,TEMPORAL,10,bins,3,False,NEW_SUPP_S1_FIXED_SEED,PENDING
Allen VBN|1069458330|MEAN_RATE_LINEAR_SVM|1|TEMPORAL|10|4,Allen VBN,544837,1069458330,SVM,MEAN_RATE_LINEAR_SVM,1,TEMPORAL,10,bins,4,False,NEW_SUPP_S1_FIXED_SEED,PENDING
Allen VBN|1072567062|MM_RVD_A9_SELECTED_R6|0|CLEAN|0,Allen VBN,546507,1072567062,MM-RVD,MM_RVD_A9_SELECTED_R6,0,CLEAN_REFERENCE,0,none,0,False,R4_CLEAN_REFERENCE,PENDING
Allen VBN|1072567062|MM_RVD_A9_SELECTED_R6|0|UNIT|0.1|0,Allen VBN,546507,1072567062,MM-RVD,MM_RVD_A9_SELECTED_R6,0,UNIT,0.1,proportion,0,False,NEW_SUPP_S1_FIXED_SEED,PENDING
Allen VBN|1072567062|MM_RVD_A9_SELECTED_R6|0|UNIT|0.1|1,Allen VBN,546507,1072567062,MM-RVD,MM_RVD_A9_SELECTED_R6,0,UNIT,0.1,proportion,1,False,NEW_SUPP_S1_FIXED_SEED,PENDING
Allen VBN|1072567062|MM_RVD_A9_SELECTED_R6|0|UNIT|0.1|2,Allen VBN,546507,1072567062,MM-RVD,MM_RVD_A9_SELECTED_R6,0,UNIT,0.1,proportion,2,False,NEW_SUPP_S1_FIXED_SEED,PENDING
Allen VBN|1072567062|MM_RVD_A9_SELECTED_R6|0|UNIT|0.1|3,Allen VBN,546507,1072567062,MM-RVD,MM_RVD_A9_SELECTED_R6,0,UNIT,0.1,proportion,3,False,NEW_SUPP_S1_FIXED_SEED,PENDING
Allen VBN|1072567062|MM_RVD_A9_SELECTED_R6|0|UNIT|0.1|4,Allen VBN,546507,1072567062,MM-RVD,MM_RVD_A9_SELECTED_R6,0,UNIT,0.1,proportion,4,False,NEW_SUPP_S1_FIXED_SEED,PENDING
Allen VBN|1072567062|MM_RVD_A9_SELECTED_R6|0|UNIT|0.2|0,Allen VBN,546507,1072567062,MM-RVD,MM_RVD_A9_SELECTED_R6,0,UNIT,0.2,proportion,0,False,NEW_SUPP_S1_FIXED_SEED,PENDING
Allen VBN|1072567062|MM_RVD_A9_SELECTED_R6|0|UNIT|0.2|1,Allen VBN,546507,1072567062,MM-RVD,MM_RVD_A9_SELECTED_R6,0,UNIT,0.2,proportion,1,False,NEW_SUPP_S1_FIXED_SEED,PENDING
Allen VBN|1072567062|MM_RVD_A9_SELECTED_R6|0|UNIT|0.2|2,Allen VBN,546507,1072567062,MM-RVD,MM_RVD_A9_SELECTED_R6,0,UNIT,0.2,proportion,2,False,NEW_SUPP_S1_FIXED_SEED,PENDING
Allen VBN|1072567062|MM_RVD_A9_SELECTED_R6|0|UNIT|0.2|3,Allen VBN,546507,1072567062,MM-RVD,MM_RVD_A9_SELECTED_R6,0,UNIT,0.2,proportion,3,False,NEW_SUPP_S1_FIXED_SEED,PENDING
Allen VBN|1072567062|MM_RVD_A9_SELECTED_R6|0|UNIT|0.2|4,Allen VBN,546507,1072567062,MM-RVD,MM_RVD_A9_SELECTED_R6,0,UNIT,0.2,proportion,4,False,NEW_SUPP_S1_FIXED_SEED,PENDING
Allen VBN|1072567062|MM_RVD_A9_SELECTED_R6|0|UNIT|0.3|0,Allen VBN,546507,1072567062,MM-RVD,MM_RVD_A9_SELECTED_R6,0,UNIT,0.3,proportion,0,True,MAIN_FROZEN_U30,PENDING
Allen VBN|1072567062|MM_RVD_A9_SELECTED_R6|0|UNIT|0.3|1,Allen VBN,546507,1072567062,MM-RVD,MM_RVD_A9_SELECTED_R6,0,UNIT,0.3,proportion,1,True,MAIN_FROZEN_U30,PENDING
Allen VBN|1072567062|MM_RVD_A9_SELECTED_R6|0|UNIT|0.3|2,Allen VBN,546507,1072567062,MM-RVD,MM_RVD_A9_SELECTED_R6,0,UNIT,0.3,proportion,2,True,MAIN_FROZEN_U30,PENDING
Allen VBN|1072567062|MM_RVD_A9_SELECTED_R6|0|UNIT|0.3|3,Allen VBN,546507,1072567062,MM-RVD,MM_RVD_A9_SELECTED_R6,0,UNIT,0.3,proportion,3,True,MAIN_FROZEN_U30,PENDING
Allen VBN|1072567062|MM_RVD_A9_SELECTED_R6|0|UNIT|0.3|4,Allen VBN,546507,1072567062,MM-RVD,MM_RVD_A9_SELECTED_R6,0,UNIT,0.3,proportion,4,True,MAIN_FROZEN_U30,PENDING
Allen VBN|1072567062|MM_RVD_A9_SELECTED_R6|0|UNIT|0.4|0,Allen VBN,546507,1072567062,MM-RVD,MM_RVD_A9_SELECTED_R6,0,UNIT,0.4,proportion,0,False,NEW_SUPP_S1_FIXED_SEED,PENDING
Allen VBN|1072567062|MM_RVD_A9_SELECTED_R6|0|UNIT|0.4|1,Allen VBN,546507,1072567062,MM-RVD,MM_RVD_A9_SELECTED_R6,0,UNIT,0.4,proportion,1,False,NEW_SUPP_S1_FIXED_SEED,PENDING
Allen VBN|1072567062|MM_RVD_A9_SELECTED_R6|0|UNIT|0.4|2,Allen VBN,546507,1072567062,MM-RVD,MM_RVD_A9_SELECTED_R6,0,UNIT,0.4,proportion,2,False,NEW_SUPP_S1_FIXED_SEED,PENDING
Allen VBN|1072567062|MM_RVD_A9_SELECTED_R6|0|UNIT|0.4|3,Allen VBN,546507,1072567062,MM-RVD,MM_RVD_A9_SELECTED_R6,0,UNIT,0.4,proportion,3,False,NEW_SUPP_S1_FIXED_SEED,PENDING
Allen VBN|1072567062|MM_RVD_A9_SELECTED_R6|0|UNIT|0.4|4,Allen VBN,546507,1072567062,MM-RVD,MM_RVD_A9_SELECTED_R6,0,UNIT,0.4,proportion,4,False,NEW_SUPP_S1_FIXED_SEED,PENDING
Allen VBN|1072567062|MM_RVD_A9_SELECTED_R6|0|UNIT|0.5|0,Allen VBN,546507,1072567062,MM-RVD,MM_RVD_A9_SELECTED_R6,0,UNIT,0.5,proportion,0,False,NEW_SUPP_S1_FIXED_SEED,PENDING
Allen VBN|1072567062|MM_RVD_A9_SELECTED_R6|0|UNIT|0.5|1,Allen VBN,546507,1072567062,MM-RVD,MM_RVD_A9_SELECTED_R6,0,UNIT,0.5,proportion,1,False,NEW_SUPP_S1_FIXED_SEED,PENDING
Allen VBN|1072567062|MM_RVD_A9_SELECTED_R6|0|UNIT|0.5|2,Allen VBN,546507,1072567062,MM-RVD,MM_RVD_A9_SELECTED_R6,0,UNIT,0.5,proportion,2,False,NEW_SUPP_S1_FIXED_SEED,PENDING
Allen VBN|1072567062|MM_RVD_A9_SELECTED_R6|0|UNIT|0.5|3,Allen VBN,546507,1072567062,MM-RVD,MM_RVD_A9_SELECTED_R6,0,UNIT,0.5,proportion,3,False,NEW_SUPP_S1_FIXED_SEED,PENDING
Allen VBN|1072567062|MM_RVD_A9_SELECTED_R6|0|UNIT|0.5|4,Allen VBN,546507,1072567062,MM-RVD,MM_RVD_A9_SELECTED_R6,0,UNIT,0.5,proportion,4,False,NEW_SUPP_S1_FIXED_SEED,PENDING
Allen VBN|1072567062|MM_RVD_A9_SELECTED_R6|0|TEMPORAL|2|0,Allen VBN,546507,1072567062,MM-RVD,MM_RVD_A9_SELECTED_R6,0,TEMPORAL,2,bins,0,False,NEW_SUPP_S1_FIXED_SEED,PENDING
Allen VBN|1072567062|MM_RVD_A9_SELECTED_R6|0|TEMPORAL|2|1,Allen VBN,546507,1072567062,MM-RVD,MM_RVD_A9_SELECTED_R6,0,TEMPORAL,2,bins,1,False,NEW_SUPP_S1_FIXED_SEED,PENDING
Allen VBN|1072567062|MM_RVD_A9_SELECTED_R6|0|TEMPORAL|2|2,Allen VBN,546507,1072567062,MM-RVD,MM_RVD_A9_SELECTED_R6,0,TEMPORAL,2,bins,2,False,NEW_SUPP_S1_FIXED_SEED,PENDING
Allen VBN|1072567062|MM_RVD_A9_SELECTED_R6|0|TEMPORAL|2|3,Allen VBN,546507,1072567062,MM-RVD,MM_RVD_A9_SELECTED_R6,0,TEMPORAL,2,bins,3,False,NEW_SUPP_S1_FIXED_SEED,PENDING
Allen VBN|1072567062|MM_RVD_A9_SELECTED_R6|0|TEMPORAL|2|4,Allen VBN,546507,1072567062,MM-RVD,MM_RVD_A9_SELECTED_R6,0,TEMPORAL,2,bins,4,False,NEW_SUPP_S1_FIXED_SEED,PENDING
Allen VBN|1072567062|MM_RVD_A9_SELECTED_R6|0|TEMPORAL|3|0,Allen VBN,546507,1072567062,MM-RVD,MM_RVD_A9_SELECTED_R6,0,TEMPORAL,3,bins,0,False,NEW_SUPP_S1_FIXED_SEED,PENDING
Allen VBN|1072567062|MM_RVD_A9_SELECTED_R6|0|TEMPORAL|3|1,Allen VBN,546507,1072567062,MM-RVD,MM_RVD_A9_SELECTED_R6,0,TEMPORAL,3,bins,1,False,NEW_SUPP_S1_FIXED_SEED,PENDING
Allen VBN|1072567062|MM_RVD_A9_SELECTED_R6|0|TEMPORAL|3|2,Allen VBN,546507,1072567062,MM-RVD,MM_RVD_A9_SELECTED_R6,0,TEMPORAL,3,bins,2,False,NEW_SUPP_S1_FIXED_SEED,PENDING
Allen VBN|1072567062|MM_RVD_A9_SELECTED_R6|0|TEMPORAL|3|3,Allen VBN,546507,1072567062,MM-RVD,MM_RVD_A9_SELECTED_R6,0,TEMPORAL,3,bins,3,False,NEW_SUPP_S1_FIXED_SEED,PENDING
Allen VBN|1072567062|MM_RVD_A9_SELECTED_R6|0|TEMPORAL|3|4,Allen VBN,546507,1072567062,MM-RVD,MM_RVD_A9_SELECTED_R6,0,TEMPORAL,3,bins,4,False,NEW_SUPP_S1_FIXED_SEED,PENDING
Allen VBN|1072567062|MM_RVD_A9_SELECTED_R6|0|TEMPORAL|5|0,Allen VBN,546507,1072567062,MM-RVD,MM_RVD_A9_SELECTED_R6,0,TEMPORAL,5,bins,0,True,MAIN_FROZEN_T5,PENDING
Allen VBN|1072567062|MM_RVD_A9_SELECTED_R6|0|TEMPORAL|5|1,Allen VBN,546507,1072567062,MM-RVD,MM_RVD_A9_SELECTED_R6,0,TEMPORAL,5,bins,1,True,MAIN_FROZEN_T5,PENDING
Allen VBN|1072567062|MM_RVD_A9_SELECTED_R6|0|TEMPORAL|5|2,Allen VBN,546507,1072567062,MM-RVD,MM_RVD_A9_SELECTED_R6,0,TEMPORAL,5,bins,2,True,MAIN_FROZEN_T5,PENDING
Allen VBN|1072567062|MM_RVD_A9_SELECTED_R6|0|TEMPORAL|5|3,Allen VBN,546507,1072567062,MM-RVD,MM_RVD_A9_SELECTED_R6,0,TEMPORAL,5,bins,3,True,MAIN_FROZEN_T5,PENDING
Allen VBN|1072567062|MM_RVD_A9_SELECTED_R6|0|TEMPORAL|5|4,Allen VBN,546507,1072567062,MM-RVD,MM_RVD_A9_SELECTED_R6,0,TEMPORAL,5,bins,4,True,MAIN_FROZEN_T5,PENDING
Allen VBN|1072567062|MM_RVD_A9_SELECTED_R6|0|TEMPORAL|7|0,Allen VBN,546507,1072567062,MM-RVD,MM_RVD_A9_SELECTED_R6,0,TEMPORAL,7,bins,0,False,NEW_SUPP_S1_FIXED_SEED,PENDING
Allen VBN|1072567062|MM_RVD_A9_SELECTED_R6|0|TEMPORAL|7|1,Allen VBN,546507,1072567062,MM-RVD,MM_RVD_A9_SELECTED_R6,0,TEMPORAL,7,bins,1,False,NEW_SUPP_S1_FIXED_SEED,PENDING
Allen VBN|1072567062|MM_RVD_A9_SELECTED_R6|0|TEMPORAL|7|2,Allen VBN,546507,1072567062,MM-RVD,MM_RVD_A9_SELECTED_R6,0,TEMPORAL,7,bins,2,False,NEW_SUPP_S1_FIXED_SEED,PENDING
Allen VBN|1072567062|MM_RVD_A9_SELECTED_R6|0|TEMPORAL|7|3,Allen VBN,546507,1072567062,MM-RVD,MM_RVD_A9_SELECTED_R6,0,TEMPORAL,7,bins,3,False,NEW_SUPP_S1_FIXED_SEED,PENDING
Allen VBN|1072567062|MM_RVD_A9_SELECTED_R6|0|TEMPORAL|7|4,Allen VBN,546507,1072567062,MM-RVD,MM_RVD_A9_SELECTED_R6,0,TEMPORAL,7,bins,4,False,NEW_SUPP_S1_FIXED_SEED,PENDING
Allen VBN|1072567062|MM_RVD_A9_SELECTED_R6|0|TEMPORAL|10|0,Allen VBN,546507,1072567062,MM-RVD,MM_RVD_A9_SELECTED_R6,0,TEMPORAL,10,bins,0,False,NEW_SUPP_S1_FIXED_SEED,PENDING
Allen VBN|1072567062|MM_RVD_A9_SELECTED_R6|0|TEMPORAL|10|1,Allen VBN,546507,1072567062,MM-RVD,MM_RVD_A9_SELECTED_R6,0,TEMPORAL,10,bins,1,False,NEW_SUPP_S1_FIXED_SEED,PENDING
Allen VBN|1072567062|MM_RVD_A9_SELECTED_R6|0|TEMPORAL|10|2,Allen VBN,546507,1072567062,MM-RVD,MM_RVD_A9_SELECTED_R6,0,TEMPORAL,10,bins,2,False,NEW_SUPP_S1_FIXED_SEED,PENDING
Allen VBN|1072567062|MM_RVD_A9_SELECTED_R6|0|TEMPORAL|10|3,Allen VBN,546507,1072567062,MM-RVD,MM_RVD_A9_SELECTED_R6,0,TEMPORAL,10,bins,3,False,NEW_SUPP_S1_FIXED_SEED,PENDING
Allen VBN|1072567062|MM_RVD_A9_SELECTED_R6|0|TEMPORAL|10|4,Allen VBN,546507,1072567062,MM-RVD,MM_RVD_A9_SELECTED_R6,0,TEMPORAL,10,bins,4,False,NEW_SUPP_S1_FIXED_SEED,PENDING
Allen VBN|1072567062|MM_RVD_A9_SELECTED_R6|1|CLEAN|0,Allen VBN,546507,1072567062,MM-RVD,MM_RVD_A9_SELECTED_R6,1,CLEAN_REFERENCE,0,none,0,False,R4_CLEAN_REFERENCE,PENDING
Allen VBN|1072567062|MM_RVD_A9_SELECTED_R6|1|UNIT|0.1|0,Allen VBN,546507,1072567062,MM-RVD,MM_RVD_A9_SELECTED_R6,1,UNIT,0.1,proportion,0,False,NEW_SUPP_S1_FIXED_SEED,PENDING
Allen VBN|1072567062|MM_RVD_A9_SELECTED_R6|1|UNIT|0.1|1,Allen VBN,546507,1072567062,MM-RVD,MM_RVD_A9_SELECTED_R6,1,UNIT,0.1,proportion,1,False,NEW_SUPP_S1_FIXED_SEED,PENDING
Allen VBN|1072567062|MM_RVD_A9_SELECTED_R6|1|UNIT|0.1|2,Allen VBN,546507,1072567062,MM-RVD,MM_RVD_A9_SELECTED_R6,1,UNIT,0.1,proportion,2,False,NEW_SUPP_S1_FIXED_SEED,PENDING
Allen VBN|1072567062|MM_RVD_A9_SELECTED_R6|1|UNIT|0.1|3,Allen VBN,546507,1072567062,MM-RVD,MM_RVD_A9_SELECTED_R6,1,UNIT,0.1,proportion,3,False,NEW_SUPP_S1_FIXED_SEED,PENDING
Allen VBN|1072567062|MM_RVD_A9_SELECTED_R6|1|UNIT|0.1|4,Allen VBN,546507,1072567062,MM-RVD,MM_RVD_A9_SELECTED_R6,1,UNIT,0.1,proportion,4,False,NEW_SUPP_S1_FIXED_SEED,PENDING
Allen VBN|1072567062|MM_RVD_A9_SELECTED_R6|1|UNIT|0.2|0,Allen VBN,546507,1072567062,MM-RVD,MM_RVD_A9_SELECTED_R6,1,UNIT,0.2,proportion,0,False,NEW_SUPP_S1_FIXED_SEED,PENDING
Allen VBN|1072567062|MM_RVD_A9_SELECTED_R6|1|UNIT|0.2|1,Allen VBN,546507,1072567062,MM-RVD,MM_RVD_A9_SELECTED_R6,1,UNIT,0.2,proportion,1,False,NEW_SUPP_S1_FIXED_SEED,PENDING
Allen VBN|1072567062|MM_RVD_A9_SELECTED_R6|1|UNIT|0.2|2,Allen VBN,546507,1072567062,MM-RVD,MM_RVD_A9_SELECTED_R6,1,UNIT,0.2,proportion,2,False,NEW_SUPP_S1_FIXED_SEED,PENDING
Allen VBN|1072567062|MM_RVD_A9_SELECTED_R6|1|UNIT|0.2|3,Allen VBN,546507,1072567062,MM-RVD,MM_RVD_A9_SELECTED_R6,1,UNIT,0.2,proportion,3,False,NEW_SUPP_S1_FIXED_SEED,PENDING
Allen VBN|1072567062|MM_RVD_A9_SELECTED_R6|1|UNIT|0.2|4,Allen VBN,546507,1072567062,MM-RVD,MM_RVD_A9_SELECTED_R6,1,UNIT,0.2,proportion,4,False,NEW_SUPP_S1_FIXED_SEED,PENDING
Allen VBN|1072567062|MM_RVD_A9_SELECTED_R6|1|UNIT|0.3|0,Allen VBN,546507,1072567062,MM-RVD,MM_RVD_A9_SELECTED_R6,1,UNIT,0.3,proportion,0,True,MAIN_FROZEN_U30,PENDING
Allen VBN|1072567062|MM_RVD_A9_SELECTED_R6|1|UNIT|0.3|1,Allen VBN,546507,1072567062,MM-RVD,MM_RVD_A9_SELECTED_R6,1,UNIT,0.3,proportion,1,True,MAIN_FROZEN_U30,PENDING
Allen VBN|1072567062|MM_RVD_A9_SELECTED_R6|1|UNIT|0.3|2,Allen VBN,546507,1072567062,MM-RVD,MM_RVD_A9_SELECTED_R6,1,UNIT,0.3,proportion,2,True,MAIN_FROZEN_U30,PENDING
Allen VBN|1072567062|MM_RVD_A9_SELECTED_R6|1|UNIT|0.3|3,Allen VBN,546507,1072567062,MM-RVD,MM_RVD_A9_SELECTED_R6,1,UNIT,0.3,proportion,3,True,MAIN_FROZEN_U30,PENDING
Allen VBN|1072567062|MM_RVD_A9_SELECTED_R6|1|UNIT|0.3|4,Allen VBN,546507,1072567062,MM-RVD,MM_RVD_A9_SELECTED_R6,1,UNIT,0.3,proportion,4,True,MAIN_FROZEN_U30,PENDING
Allen VBN|1072567062|MM_RVD_A9_SELECTED_R6|1|UNIT|0.4|0,Allen VBN,546507,1072567062,MM-RVD,MM_RVD_A9_SELECTED_R6,1,UNIT,0.4,proportion,0,False,NEW_SUPP_S1_FIXED_SEED,PENDING
Allen VBN|1072567062|MM_RVD_A9_SELECTED_R6|1|UNIT|0.4|1,Allen VBN,546507,1072567062,MM-RVD,MM_RVD_A9_SELECTED_R6,1,UNIT,0.4,proportion,1,False,NEW_SUPP_S1_FIXED_SEED,PENDING
Allen VBN|1072567062|MM_RVD_A9_SELECTED_R6|1|UNIT|0.4|2,Allen VBN,546507,1072567062,MM-RVD,MM_RVD_A9_SELECTED_R6,1,UNIT,0.4,proportion,2,False,NEW_SUPP_S1_FIXED_SEED,PENDING
Allen VBN|1072567062|MM_RVD_A9_SELECTED_R6|1|UNIT|0.4|3,Allen VBN,546507,1072567062,MM-RVD,MM_RVD_A9_SELECTED_R6,1,UNIT,0.4,proportion,3,False,NEW_SUPP_S1_FIXED_SEED,PENDING
Allen VBN|1072567062|MM_RVD_A9_SELECTED_R6|1|UNIT|0.4|4,Allen VBN,546507,1072567062,MM-RVD,MM_RVD_A9_SELECTED_R6,1,UNIT,0.4,proportion,4,False,NEW_SUPP_S1_FIXED_SEED,PENDING
Allen VBN|1072567062|MM_RVD_A9_SELECTED_R6|1|UNIT|0.5|0,Allen VBN,546507,1072567062,MM-RVD,MM_RVD_A9_SELECTED_R6,1,UNIT,0.5,proportion,0,False,NEW_SUPP_S1_FIXED_SEED,PENDING
Allen VBN|1072567062|MM_RVD_A9_SELECTED_R6|1|UNIT|0.5|1,Allen VBN,546507,1072567062,MM-RVD,MM_RVD_A9_SELECTED_R6,1,UNIT,0.5,proportion,1,False,NEW_SUPP_S1_FIXED_SEED,PENDING
Allen VBN|1072567062|MM_RVD_A9_SELECTED_R6|1|UNIT|0.5|2,Allen VBN,546507,1072567062,MM-RVD,MM_RVD_A9_SELECTED_R6,1,UNIT,0.5,proportion,2,False,NEW_SUPP_S1_FIXED_SEED,PENDING
Allen VBN|1072567062|MM_RVD_A9_SELECTED_R6|1|UNIT|0.5|3,Allen VBN,546507,1072567062,MM-RVD,MM_RVD_A9_SELECTED_R6,1,UNIT,0.5,proportion,3,False,NEW_SUPP_S1_FIXED_SEED,PENDING
Allen VBN|1072567062|MM_RVD_A9_SELECTED_R6|1|UNIT|0.5|4,Allen VBN,546507,1072567062,MM-RVD,MM_RVD_A9_SELECTED_R6,1,UNIT,0.5,proportion,4,False,NEW_SUPP_S1_FIXED_SEED,PENDING
Allen VBN|1072567062|MM_RVD_A9_SELECTED_R6|1|TEMPORAL|2|0,Allen VBN,546507,1072567062,MM-RVD,MM_RVD_A9_SELECTED_R6,1,TEMPORAL,2,bins,0,False,NEW_SUPP_S1_FIXED_SEED,PENDING
Allen VBN|1072567062|MM_RVD_A9_SELECTED_R6|1|TEMPORAL|2|1,Allen VBN,546507,1072567062,MM-RVD,MM_RVD_A9_SELECTED_R6,1,TEMPORAL,2,bins,1,False,NEW_SUPP_S1_FIXED_SEED,PENDING
Allen VBN|1072567062|MM_RVD_A9_SELECTED_R6|1|TEMPORAL|2|2,Allen VBN,546507,1072567062,MM-RVD,MM_RVD_A9_SELECTED_R6,1,TEMPORAL,2,bins,2,False,NEW_SUPP_S1_FIXED_SEED,PENDING
Allen VBN|1072567062|MM_RVD_A9_SELECTED_R6|1|TEMPORAL|2|3,Allen VBN,546507,1072567062,MM-RVD,MM_RVD_A9_SELECTED_R6,1,TEMPORAL,2,bins,3,False,NEW_SUPP_S1_FIXED_SEED,PENDING
Allen VBN|1072567062|MM_RVD_A9_SELECTED_R6|1|TEMPORAL|2|4,Allen VBN,546507,1072567062,MM-RVD,MM_RVD_A9_SELECTED_R6,1,TEMPORAL,2,bins,4,False,NEW_SUPP_S1_FIXED_SEED,PENDING
Allen VBN|1072567062|MM_RVD_A9_SELECTED_R6|1|TEMPORAL|3|0,Allen VBN,546507,1072567062,MM-RVD,MM_RVD_A9_SELECTED_R6,1,TEMPORAL,3,bins,0,False,NEW_SUPP_S1_FIXED_SEED,PENDING
Allen VBN|1072567062|MM_RVD_A9_SELECTED_R6|1|TEMPORAL|3|1,Allen VBN,546507,1072567062,MM-RVD,MM_RVD_A9_SELECTED_R6,1,TEMPORAL,3,bins,1,False,NEW_SUPP_S1_FIXED_SEED,PENDING
Allen VBN|1072567062|MM_RVD_A9_SELECTED_R6|1|TEMPORAL|3|2,Allen VBN,546507,1072567062,MM-RVD,MM_RVD_A9_SELECTED_R6,1,TEMPORAL,3,bins,2,False,NEW_SUPP_S1_FIXED_SEED,PENDING
Allen VBN|1072567062|MM_RVD_A9_SELECTED_R6|1|TEMPORAL|3|3,Allen VBN,546507,1072567062,MM-RVD,MM_RVD_A9_SELECTED_R6,1,TEMPORAL,3,bins,3,False,NEW_SUPP_S1_FIXED_SEED,PENDING
Allen VBN|1072567062|MM_RVD_A9_SELECTED_R6|1|TEMPORAL|3|4,Allen VBN,546507,1072567062,MM-RVD,MM_RVD_A9_SELECTED_R6,1,TEMPORAL,3,bins,4,False,NEW_SUPP_S1_FIXED_SEED,PENDING
Allen VBN|1072567062|MM_RVD_A9_SELECTED_R6|1|TEMPORAL|5|0,Allen VBN,546507,1072567062,MM-RVD,MM_RVD_A9_SELECTED_R6,1,TEMPORAL,5,bins,0,True,MAIN_FROZEN_T5,PENDING
Allen VBN|1072567062|MM_RVD_A9_SELECTED_R6|1|TEMPORAL|5|1,Allen VBN,546507,1072567062,MM-RVD,MM_RVD_A9_SELECTED_R6,1,TEMPORAL,5,bins,1,True,MAIN_FROZEN_T5,PENDING
Allen VBN|1072567062|MM_RVD_A9_SELECTED_R6|1|TEMPORAL|5|2,Allen VBN,546507,1072567062,MM-RVD,MM_RVD_A9_SELECTED_R6,1,TEMPORAL,5,bins,2,True,MAIN_FROZEN_T5,PENDING
Allen VBN|1072567062|MM_RVD_A9_SELECTED_R6|1|TEMPORAL|5|3,Allen VBN,546507,1072567062,MM-RVD,MM_RVD_A9_SELECTED_R6,1,TEMPORAL,5,bins,3,True,MAIN_FROZEN_T5,PENDING
Allen VBN|1072567062|MM_RVD_A9_SELECTED_R6|1|TEMPORAL|5|4,Allen VBN,546507,1072567062,MM-RVD,MM_RVD_A9_SELECTED_R6,1,TEMPORAL,5,bins,4,True,MAIN_FROZEN_T5,PENDING
Allen VBN|1072567062|MM_RVD_A9_SELECTED_R6|1|TEMPORAL|7|0,Allen VBN,546507,1072567062,MM-RVD,MM_RVD_A9_SELECTED_R6,1,TEMPORAL,7,bins,0,False,NEW_SUPP_S1_FIXED_SEED,PENDING
Allen VBN|1072567062|MM_RVD_A9_SELECTED_R6|1|TEMPORAL|7|1,Allen VBN,546507,1072567062,MM-RVD,MM_RVD_A9_SELECTED_R6,1,TEMPORAL,7,bins,1,False,NEW_SUPP_S1_FIXED_SEED,PENDING
Allen VBN|1072567062|MM_RVD_A9_SELECTED_R6|1|TEMPORAL|7|2,Allen VBN,546507,1072567062,MM-RVD,MM_RVD_A9_SELECTED_R6,1,TEMPORAL,7,bins,2,False,NEW_SUPP_S1_FIXED_SEED,PENDING
Allen VBN|1072567062|MM_RVD_A9_SELECTED_R6|1|TEMPORAL|7|3,Allen VBN,546507,1072567062,MM-RVD,MM_RVD_A9_SELECTED_R6,1,TEMPORAL,7,bins,3,False,NEW_SUPP_S1_FIXED_SEED,PENDING
Allen VBN|1072567062|MM_RVD_A9_SELECTED_R6|1|TEMPORAL|7|4,Allen VBN,546507,1072567062,MM-RVD,MM_RVD_A9_SELECTED_R6,1,TEMPORAL,7,bins,4,False,NEW_SUPP_S1_FIXED_SEED,PENDING
Allen VBN|1072567062|MM_RVD_A9_SELECTED_R6|1|TEMPORAL|10|0,Allen VBN,546507,1072567062,MM-RVD,MM_RVD_A9_SELECTED_R6,1,TEMPORAL,10,bins,0,False,NEW_SUPP_S1_FIXED_SEED,PENDING
Allen VBN|1072567062|MM_RVD_A9_SELECTED_R6|1|TEMPORAL|10|1,Allen VBN,546507,1072567062,MM-RVD,MM_RVD_A9_SELECTED_R6,1,TEMPORAL,10,bins,1,False,NEW_SUPP_S1_FIXED_SEED,PENDING
Allen VBN|1072567062|MM_RVD_A9_SELECTED_R6|1|TEMPORAL|10|2,Allen VBN,546507,1072567062,MM-RVD,MM_RVD_A9_SELECTED_R6,1,TEMPORAL,10,bins,2,False,NEW_SUPP_S1_FIXED_SEED,PENDING
Allen VBN|1072567062|MM_RVD_A9_SELECTED_R6|1|TEMPORAL|10|3,Allen VBN,546507,1072567062,MM-RVD,MM_RVD_A9_SELECTED_R6,1,TEMPORAL,10,bins,3,False,NEW_SUPP_S1_FIXED_SEED,PENDING
Allen VBN|1072567062|MM_RVD_A9_SELECTED_R6|1|TEMPORAL|10|4,Allen VBN,546507,1072567062,MM-RVD,MM_RVD_A9_SELECTED_R6,1,TEMPORAL,10,bins,4,False,NEW_SUPP_S1_FIXED_SEED,PENDING
Allen VBN|1072567062|MEAN_RATE_LINEAR_SVM|0|CLEAN|0,Allen VBN,546507,1072567062,SVM,MEAN_RATE_LINEAR_SVM,0,CLEAN_REFERENCE,0,none,0,False,R4_CLEAN_REFERENCE,PENDING
Allen VBN|1072567062|MEAN_RATE_LINEAR_SVM|0|UNIT|0.1|0,Allen VBN,546507,1072567062,SVM,MEAN_RATE_LINEAR_SVM,0,UNIT,0.1,proportion,0,False,NEW_SUPP_S1_FIXED_SEED,PENDING
Allen VBN|1072567062|MEAN_RATE_LINEAR_SVM|0|UNIT|0.1|1,Allen VBN,546507,1072567062,SVM,MEAN_RATE_LINEAR_SVM,0,UNIT,0.1,proportion,1,False,NEW_SUPP_S1_FIXED_SEED,PENDING
Allen VBN|1072567062|MEAN_RATE_LINEAR_SVM|0|UNIT|0.1|2,Allen VBN,546507,1072567062,SVM,MEAN_RATE_LINEAR_SVM,0,UNIT,0.1,proportion,2,False,NEW_SUPP_S1_FIXED_SEED,PENDING
Allen VBN|1072567062|MEAN_RATE_LINEAR_SVM|0|UNIT|0.1|3,Allen VBN,546507,1072567062,SVM,MEAN_RATE_LINEAR_SVM,0,UNIT,0.1,proportion,3,False,NEW_SUPP_S1_FIXED_SEED,PENDING
Allen VBN|1072567062|MEAN_RATE_LINEAR_SVM|0|UNIT|0.1|4,Allen VBN,546507,1072567062,SVM,MEAN_RATE_LINEAR_SVM,0,UNIT,0.1,proportion,4,False,NEW_SUPP_S1_FIXED_SEED,PENDING
Allen VBN|1072567062|MEAN_RATE_LINEAR_SVM|0|UNIT|0.2|0,Allen VBN,546507,1072567062,SVM,MEAN_RATE_LINEAR_SVM,0,UNIT,0.2,proportion,0,False,NEW_SUPP_S1_FIXED_SEED,PENDING
Allen VBN|1072567062|MEAN_RATE_LINEAR_SVM|0|UNIT|0.2|1,Allen VBN,546507,1072567062,SVM,MEAN_RATE_LINEAR_SVM,0,UNIT,0.2,proportion,1,False,NEW_SUPP_S1_FIXED_SEED,PENDING
Allen VBN|1072567062|MEAN_RATE_LINEAR_SVM|0|UNIT|0.2|2,Allen VBN,546507,1072567062,SVM,MEAN_RATE_LINEAR_SVM,0,UNIT,0.2,proportion,2,False,NEW_SUPP_S1_FIXED_SEED,PENDING
Allen VBN|1072567062|MEAN_RATE_LINEAR_SVM|0|UNIT|0.2|3,Allen VBN,546507,1072567062,SVM,MEAN_RATE_LINEAR_SVM,0,UNIT,0.2,proportion,3,False,NEW_SUPP_S1_FIXED_SEED,PENDING
Allen VBN|1072567062|MEAN_RATE_LINEAR_SVM|0|UNIT|0.2|4,Allen VBN,546507,1072567062,SVM,MEAN_RATE_LINEAR_SVM,0,UNIT,0.2,proportion,4,False,NEW_SUPP_S1_FIXED_SEED,PENDING
Allen VBN|1072567062|MEAN_RATE_LINEAR_SVM|0|UNIT|0.3|0,Allen VBN,546507,1072567062,SVM,MEAN_RATE_LINEAR_SVM,0,UNIT,0.3,proportion,0,True,MAIN_FROZEN_U30,PENDING
Allen VBN|1072567062|MEAN_RATE_LINEAR_SVM|0|UNIT|0.3|1,Allen VBN,546507,1072567062,SVM,MEAN_RATE_LINEAR_SVM,0,UNIT,0.3,proportion,1,True,MAIN_FROZEN_U30,PENDING
Allen VBN|1072567062|MEAN_RATE_LINEAR_SVM|0|UNIT|0.3|2,Allen VBN,546507,1072567062,SVM,MEAN_RATE_LINEAR_SVM,0,UNIT,0.3,proportion,2,True,MAIN_FROZEN_U30,PENDING
Allen VBN|1072567062|MEAN_RATE_LINEAR_SVM|0|UNIT|0.3|3,Allen VBN,546507,1072567062,SVM,MEAN_RATE_LINEAR_SVM,0,UNIT,0.3,proportion,3,True,MAIN_FROZEN_U30,PENDING
Allen VBN|1072567062|MEAN_RATE_LINEAR_SVM|0|UNIT|0.3|4,Allen VBN,546507,1072567062,SVM,MEAN_RATE_LINEAR_SVM,0,UNIT,0.3,proportion,4,True,MAIN_FROZEN_U30,PENDING
Allen VBN|1072567062|MEAN_RATE_LINEAR_SVM|0|UNIT|0.4|0,Allen VBN,546507,1072567062,SVM,MEAN_RATE_LINEAR_SVM,0,UNIT,0.4,proportion,0,False,NEW_SUPP_S1_FIXED_SEED,PENDING
Allen VBN|1072567062|MEAN_RATE_LINEAR_SVM|0|UNIT|0.4|1,Allen VBN,546507,1072567062,SVM,MEAN_RATE_LINEAR_SVM,0,UNIT,0.4,proportion,1,False,NEW_SUPP_S1_FIXED_SEED,PENDING
Allen VBN|1072567062|MEAN_RATE_LINEAR_SVM|0|UNIT|0.4|2,Allen VBN,546507,1072567062,SVM,MEAN_RATE_LINEAR_SVM,0,UNIT,0.4,proportion,2,False,NEW_SUPP_S1_FIXED_SEED,PENDING
Allen VBN|1072567062|MEAN_RATE_LINEAR_SVM|0|UNIT|0.4|3,Allen VBN,546507,1072567062,SVM,MEAN_RATE_LINEAR_SVM,0,UNIT,0.4,proportion,3,False,NEW_SUPP_S1_FIXED_SEED,PENDING
Allen VBN|1072567062|MEAN_RATE_LINEAR_SVM|0|UNIT|0.4|4,Allen VBN,546507,1072567062,SVM,MEAN_RATE_LINEAR_SVM,0,UNIT,0.4,proportion,4,False,NEW_SUPP_S1_FIXED_SEED,PENDING
Allen VBN|1072567062|MEAN_RATE_LINEAR_SVM|0|UNIT|0.5|0,Allen VBN,546507,1072567062,SVM,MEAN_RATE_LINEAR_SVM,0,UNIT,0.5,proportion,0,False,NEW_SUPP_S1_FIXED_SEED,PENDING
Allen VBN|1072567062|MEAN_RATE_LINEAR_SVM|0|UNIT|0.5|1,Allen VBN,546507,1072567062,SVM,MEAN_RATE_LINEAR_SVM,0,UNIT,0.5,proportion,1,False,NEW_SUPP_S1_FIXED_SEED,PENDING
Allen VBN|1072567062|MEAN_RATE_LINEAR_SVM|0|UNIT|0.5|2,Allen VBN,546507,1072567062,SVM,MEAN_RATE_LINEAR_SVM,0,UNIT,0.5,proportion,2,False,NEW_SUPP_S1_FIXED_SEED,PENDING
Allen VBN|1072567062|MEAN_RATE_LINEAR_SVM|0|UNIT|0.5|3,Allen VBN,546507,1072567062,SVM,MEAN_RATE_LINEAR_SVM,0,UNIT,0.5,proportion,3,False,NEW_SUPP_S1_FIXED_SEED,PENDING
Allen VBN|1072567062|MEAN_RATE_LINEAR_SVM|0|UNIT|0.5|4,Allen VBN,546507,1072567062,SVM,MEAN_RATE_LINEAR_SVM,0,UNIT,0.5,proportion,4,False,NEW_SUPP_S1_FIXED_SEED,PENDING
Allen VBN|1072567062|MEAN_RATE_LINEAR_SVM|0|TEMPORAL|2|0,Allen VBN,546507,1072567062,SVM,MEAN_RATE_LINEAR_SVM,0,TEMPORAL,2,bins,0,False,NEW_SUPP_S1_FIXED_SEED,PENDING
Allen VBN|1072567062|MEAN_RATE_LINEAR_SVM|0|TEMPORAL|2|1,Allen VBN,546507,1072567062,SVM,MEAN_RATE_LINEAR_SVM,0,TEMPORAL,2,bins,1,False,NEW_SUPP_S1_FIXED_SEED,PENDING
Allen VBN|1072567062|MEAN_RATE_LINEAR_SVM|0|TEMPORAL|2|2,Allen VBN,546507,1072567062,SVM,MEAN_RATE_LINEAR_SVM,0,TEMPORAL,2,bins,2,False,NEW_SUPP_S1_FIXED_SEED,PENDING
Allen VBN|1072567062|MEAN_RATE_LINEAR_SVM|0|TEMPORAL|2|3,Allen VBN,546507,1072567062,SVM,MEAN_RATE_LINEAR_SVM,0,TEMPORAL,2,bins,3,False,NEW_SUPP_S1_FIXED_SEED,PENDING
Allen VBN|1072567062|MEAN_RATE_LINEAR_SVM|0|TEMPORAL|2|4,Allen VBN,546507,1072567062,SVM,MEAN_RATE_LINEAR_SVM,0,TEMPORAL,2,bins,4,False,NEW_SUPP_S1_FIXED_SEED,PENDING
Allen VBN|1072567062|MEAN_RATE_LINEAR_SVM|0|TEMPORAL|3|0,Allen VBN,546507,1072567062,SVM,MEAN_RATE_LINEAR_SVM,0,TEMPORAL,3,bins,0,False,NEW_SUPP_S1_FIXED_SEED,PENDING
Allen VBN|1072567062|MEAN_RATE_LINEAR_SVM|0|TEMPORAL|3|1,Allen VBN,546507,1072567062,SVM,MEAN_RATE_LINEAR_SVM,0,TEMPORAL,3,bins,1,False,NEW_SUPP_S1_FIXED_SEED,PENDING
Allen VBN|1072567062|MEAN_RATE_LINEAR_SVM|0|TEMPORAL|3|2,Allen VBN,546507,1072567062,SVM,MEAN_RATE_LINEAR_SVM,0,TEMPORAL,3,bins,2,False,NEW_SUPP_S1_FIXED_SEED,PENDING
Allen VBN|1072567062|MEAN_RATE_LINEAR_SVM|0|TEMPORAL|3|3,Allen VBN,546507,1072567062,SVM,MEAN_RATE_LINEAR_SVM,0,TEMPORAL,3,bins,3,False,NEW_SUPP_S1_FIXED_SEED,PENDING
Allen VBN|1072567062|MEAN_RATE_LINEAR_SVM|0|TEMPORAL|3|4,Allen VBN,546507,1072567062,SVM,MEAN_RATE_LINEAR_SVM,0,TEMPORAL,3,bins,4,False,NEW_SUPP_S1_FIXED_SEED,PENDING
Allen VBN|1072567062|MEAN_RATE_LINEAR_SVM|0|TEMPORAL|5|0,Allen VBN,546507,1072567062,SVM,MEAN_RATE_LINEAR_SVM,0,TEMPORAL,5,bins,0,True,MAIN_FROZEN_T5,PENDING
Allen VBN|1072567062|MEAN_RATE_LINEAR_SVM|0|TEMPORAL|5|1,Allen VBN,546507,1072567062,SVM,MEAN_RATE_LINEAR_SVM,0,TEMPORAL,5,bins,1,True,MAIN_FROZEN_T5,PENDING
Allen VBN|1072567062|MEAN_RATE_LINEAR_SVM|0|TEMPORAL|5|2,Allen VBN,546507,1072567062,SVM,MEAN_RATE_LINEAR_SVM,0,TEMPORAL,5,bins,2,True,MAIN_FROZEN_T5,PENDING
Allen VBN|1072567062|MEAN_RATE_LINEAR_SVM|0|TEMPORAL|5|3,Allen VBN,546507,1072567062,SVM,MEAN_RATE_LINEAR_SVM,0,TEMPORAL,5,bins,3,True,MAIN_FROZEN_T5,PENDING
Allen VBN|1072567062|MEAN_RATE_LINEAR_SVM|0|TEMPORAL|5|4,Allen VBN,546507,1072567062,SVM,MEAN_RATE_LINEAR_SVM,0,TEMPORAL,5,bins,4,True,MAIN_FROZEN_T5,PENDING
Allen VBN|1072567062|MEAN_RATE_LINEAR_SVM|0|TEMPORAL|7|0,Allen VBN,546507,1072567062,SVM,MEAN_RATE_LINEAR_SVM,0,TEMPORAL,7,bins,0,False,NEW_SUPP_S1_FIXED_SEED,PENDING
Allen VBN|1072567062|MEAN_RATE_LINEAR_SVM|0|TEMPORAL|7|1,Allen VBN,546507,1072567062,SVM,MEAN_RATE_LINEAR_SVM,0,TEMPORAL,7,bins,1,False,NEW_SUPP_S1_FIXED_SEED,PENDING
Allen VBN|1072567062|MEAN_RATE_LINEAR_SVM|0|TEMPORAL|7|2,Allen VBN,546507,1072567062,SVM,MEAN_RATE_LINEAR_SVM,0,TEMPORAL,7,bins,2,False,NEW_SUPP_S1_FIXED_SEED,PENDING
Allen VBN|1072567062|MEAN_RATE_LINEAR_SVM|0|TEMPORAL|7|3,Allen VBN,546507,1072567062,SVM,MEAN_RATE_LINEAR_SVM,0,TEMPORAL,7,bins,3,False,NEW_SUPP_S1_FIXED_SEED,PENDING
Allen VBN|1072567062|MEAN_RATE_LINEAR_SVM|0|TEMPORAL|7|4,Allen VBN,546507,1072567062,SVM,MEAN_RATE_LINEAR_SVM,0,TEMPORAL,7,bins,4,False,NEW_SUPP_S1_FIXED_SEED,PENDING
Allen VBN|1072567062|MEAN_RATE_LINEAR_SVM|0|TEMPORAL|10|0,Allen VBN,546507,1072567062,SVM,MEAN_RATE_LINEAR_SVM,0,TEMPORAL,10,bins,0,False,NEW_SUPP_S1_FIXED_SEED,PENDING
Allen VBN|1072567062|MEAN_RATE_LINEAR_SVM|0|TEMPORAL|10|1,Allen VBN,546507,1072567062,SVM,MEAN_RATE_LINEAR_SVM,0,TEMPORAL,10,bins,1,False,NEW_SUPP_S1_FIXED_SEED,PENDING
Allen VBN|1072567062|MEAN_RATE_LINEAR_SVM|0|TEMPORAL|10|2,Allen VBN,546507,1072567062,SVM,MEAN_RATE_LINEAR_SVM,0,TEMPORAL,10,bins,2,False,NEW_SUPP_S1_FIXED_SEED,PENDING
Allen VBN|1072567062|MEAN_RATE_LINEAR_SVM|0|TEMPORAL|10|3,Allen VBN,546507,1072567062,SVM,MEAN_RATE_LINEAR_SVM,0,TEMPORAL,10,bins,3,False,NEW_SUPP_S1_FIXED_SEED,PENDING
Allen VBN|1072567062|MEAN_RATE_LINEAR_SVM|0|TEMPORAL|10|4,Allen VBN,546507,1072567062,SVM,MEAN_RATE_LINEAR_SVM,0,TEMPORAL,10,bins,4,False,NEW_SUPP_S1_FIXED_SEED,PENDING
Allen VBN|1072567062|MEAN_RATE_LINEAR_SVM|1|CLEAN|0,Allen VBN,546507,1072567062,SVM,MEAN_RATE_LINEAR_SVM,1,CLEAN_REFERENCE,0,none,0,False,R4_CLEAN_REFERENCE,PENDING
Allen VBN|1072567062|MEAN_RATE_LINEAR_SVM|1|UNIT|0.1|0,Allen VBN,546507,1072567062,SVM,MEAN_RATE_LINEAR_SVM,1,UNIT,0.1,proportion,0,False,NEW_SUPP_S1_FIXED_SEED,PENDING
Allen VBN|1072567062|MEAN_RATE_LINEAR_SVM|1|UNIT|0.1|1,Allen VBN,546507,1072567062,SVM,MEAN_RATE_LINEAR_SVM,1,UNIT,0.1,proportion,1,False,NEW_SUPP_S1_FIXED_SEED,PENDING
Allen VBN|1072567062|MEAN_RATE_LINEAR_SVM|1|UNIT|0.1|2,Allen VBN,546507,1072567062,SVM,MEAN_RATE_LINEAR_SVM,1,UNIT,0.1,proportion,2,False,NEW_SUPP_S1_FIXED_SEED,PENDING
Allen VBN|1072567062|MEAN_RATE_LINEAR_SVM|1|UNIT|0.1|3,Allen VBN,546507,1072567062,SVM,MEAN_RATE_LINEAR_SVM,1,UNIT,0.1,proportion,3,False,NEW_SUPP_S1_FIXED_SEED,PENDING
Allen VBN|1072567062|MEAN_RATE_LINEAR_SVM|1|UNIT|0.1|4,Allen VBN,546507,1072567062,SVM,MEAN_RATE_LINEAR_SVM,1,UNIT,0.1,proportion,4,False,NEW_SUPP_S1_FIXED_SEED,PENDING
Allen VBN|1072567062|MEAN_RATE_LINEAR_SVM|1|UNIT|0.2|0,Allen VBN,546507,1072567062,SVM,MEAN_RATE_LINEAR_SVM,1,UNIT,0.2,proportion,0,False,NEW_SUPP_S1_FIXED_SEED,PENDING
Allen VBN|1072567062|MEAN_RATE_LINEAR_SVM|1|UNIT|0.2|1,Allen VBN,546507,1072567062,SVM,MEAN_RATE_LINEAR_SVM,1,UNIT,0.2,proportion,1,False,NEW_SUPP_S1_FIXED_SEED,PENDING
Allen VBN|1072567062|MEAN_RATE_LINEAR_SVM|1|UNIT|0.2|2,Allen VBN,546507,1072567062,SVM,MEAN_RATE_LINEAR_SVM,1,UNIT,0.2,proportion,2,False,NEW_SUPP_S1_FIXED_SEED,PENDING
Allen VBN|1072567062|MEAN_RATE_LINEAR_SVM|1|UNIT|0.2|3,Allen VBN,546507,1072567062,SVM,MEAN_RATE_LINEAR_SVM,1,UNIT,0.2,proportion,3,False,NEW_SUPP_S1_FIXED_SEED,PENDING
Allen VBN|1072567062|MEAN_RATE_LINEAR_SVM|1|UNIT|0.2|4,Allen VBN,546507,1072567062,SVM,MEAN_RATE_LINEAR_SVM,1,UNIT,0.2,proportion,4,False,NEW_SUPP_S1_FIXED_SEED,PENDING
Allen VBN|1072567062|MEAN_RATE_LINEAR_SVM|1|UNIT|0.3|0,Allen VBN,546507,1072567062,SVM,MEAN_RATE_LINEAR_SVM,1,UNIT,0.3,proportion,0,True,MAIN_FROZEN_U30,PENDING
Allen VBN|1072567062|MEAN_RATE_LINEAR_SVM|1|UNIT|0.3|1,Allen VBN,546507,1072567062,SVM,MEAN_RATE_LINEAR_SVM,1,UNIT,0.3,proportion,1,True,MAIN_FROZEN_U30,PENDING
Allen VBN|1072567062|MEAN_RATE_LINEAR_SVM|1|UNIT|0.3|2,Allen VBN,546507,1072567062,SVM,MEAN_RATE_LINEAR_SVM,1,UNIT,0.3,proportion,2,True,MAIN_FROZEN_U30,PENDING
Allen VBN|1072567062|MEAN_RATE_LINEAR_SVM|1|UNIT|0.3|3,Allen VBN,546507,1072567062,SVM,MEAN_RATE_LINEAR_SVM,1,UNIT,0.3,proportion,3,True,MAIN_FROZEN_U30,PENDING
Allen VBN|1072567062|MEAN_RATE_LINEAR_SVM|1|UNIT|0.3|4,Allen VBN,546507,1072567062,SVM,MEAN_RATE_LINEAR_SVM,1,UNIT,0.3,proportion,4,True,MAIN_FROZEN_U30,PENDING
Allen VBN|1072567062|MEAN_RATE_LINEAR_SVM|1|UNIT|0.4|0,Allen VBN,546507,1072567062,SVM,MEAN_RATE_LINEAR_SVM,1,UNIT,0.4,proportion,0,False,NEW_SUPP_S1_FIXED_SEED,PENDING
Allen VBN|1072567062|MEAN_RATE_LINEAR_SVM|1|UNIT|0.4|1,Allen VBN,546507,1072567062,SVM,MEAN_RATE_LINEAR_SVM,1,UNIT,0.4,proportion,1,False,NEW_SUPP_S1_FIXED_SEED,PENDING
Allen VBN|1072567062|MEAN_RATE_LINEAR_SVM|1|UNIT|0.4|2,Allen VBN,546507,1072567062,SVM,MEAN_RATE_LINEAR_SVM,1,UNIT,0.4,proportion,2,False,NEW_SUPP_S1_FIXED_SEED,PENDING
Allen VBN|1072567062|MEAN_RATE_LINEAR_SVM|1|UNIT|0.4|3,Allen VBN,546507,1072567062,SVM,MEAN_RATE_LINEAR_SVM,1,UNIT,0.4,proportion,3,False,NEW_SUPP_S1_FIXED_SEED,PENDING
Allen VBN|1072567062|MEAN_RATE_LINEAR_SVM|1|UNIT|0.4|4,Allen VBN,546507,1072567062,SVM,MEAN_RATE_LINEAR_SVM,1,UNIT,0.4,proportion,4,False,NEW_SUPP_S1_FIXED_SEED,PENDING
Allen VBN|1072567062|MEAN_RATE_LINEAR_SVM|1|UNIT|0.5|0,Allen VBN,546507,1072567062,SVM,MEAN_RATE_LINEAR_SVM,1,UNIT,0.5,proportion,0,False,NEW_SUPP_S1_FIXED_SEED,PENDING
Allen VBN|1072567062|MEAN_RATE_LINEAR_SVM|1|UNIT|0.5|1,Allen VBN,546507,1072567062,SVM,MEAN_RATE_LINEAR_SVM,1,UNIT,0.5,proportion,1,False,NEW_SUPP_S1_FIXED_SEED,PENDING
Allen VBN|1072567062|MEAN_RATE_LINEAR_SVM|1|UNIT|0.5|2,Allen VBN,546507,1072567062,SVM,MEAN_RATE_LINEAR_SVM,1,UNIT,0.5,proportion,2,False,NEW_SUPP_S1_FIXED_SEED,PENDING
Allen VBN|1072567062|MEAN_RATE_LINEAR_SVM|1|UNIT|0.5|3,Allen VBN,546507,1072567062,SVM,MEAN_RATE_LINEAR_SVM,1,UNIT,0.5,proportion,3,False,NEW_SUPP_S1_FIXED_SEED,PENDING
Allen VBN|1072567062|MEAN_RATE_LINEAR_SVM|1|UNIT|0.5|4,Allen VBN,546507,1072567062,SVM,MEAN_RATE_LINEAR_SVM,1,UNIT,0.5,proportion,4,False,NEW_SUPP_S1_FIXED_SEED,PENDING
Allen VBN|1072567062|MEAN_RATE_LINEAR_SVM|1|TEMPORAL|2|0,Allen VBN,546507,1072567062,SVM,MEAN_RATE_LINEAR_SVM,1,TEMPORAL,2,bins,0,False,NEW_SUPP_S1_FIXED_SEED,PENDING
Allen VBN|1072567062|MEAN_RATE_LINEAR_SVM|1|TEMPORAL|2|1,Allen VBN,546507,1072567062,SVM,MEAN_RATE_LINEAR_SVM,1,TEMPORAL,2,bins,1,False,NEW_SUPP_S1_FIXED_SEED,PENDING
Allen VBN|1072567062|MEAN_RATE_LINEAR_SVM|1|TEMPORAL|2|2,Allen VBN,546507,1072567062,SVM,MEAN_RATE_LINEAR_SVM,1,TEMPORAL,2,bins,2,False,NEW_SUPP_S1_FIXED_SEED,PENDING
Allen VBN|1072567062|MEAN_RATE_LINEAR_SVM|1|TEMPORAL|2|3,Allen VBN,546507,1072567062,SVM,MEAN_RATE_LINEAR_SVM,1,TEMPORAL,2,bins,3,False,NEW_SUPP_S1_FIXED_SEED,PENDING
Allen VBN|1072567062|MEAN_RATE_LINEAR_SVM|1|TEMPORAL|2|4,Allen VBN,546507,1072567062,SVM,MEAN_RATE_LINEAR_SVM,1,TEMPORAL,2,bins,4,False,NEW_SUPP_S1_FIXED_SEED,PENDING
Allen VBN|1072567062|MEAN_RATE_LINEAR_SVM|1|TEMPORAL|3|0,Allen VBN,546507,1072567062,SVM,MEAN_RATE_LINEAR_SVM,1,TEMPORAL,3,bins,0,False,NEW_SUPP_S1_FIXED_SEED,PENDING
Allen VBN|1072567062|MEAN_RATE_LINEAR_SVM|1|TEMPORAL|3|1,Allen VBN,546507,1072567062,SVM,MEAN_RATE_LINEAR_SVM,1,TEMPORAL,3,bins,1,False,NEW_SUPP_S1_FIXED_SEED,PENDING
Allen VBN|1072567062|MEAN_RATE_LINEAR_SVM|1|TEMPORAL|3|2,Allen VBN,546507,1072567062,SVM,MEAN_RATE_LINEAR_SVM,1,TEMPORAL,3,bins,2,False,NEW_SUPP_S1_FIXED_SEED,PENDING
Allen VBN|1072567062|MEAN_RATE_LINEAR_SVM|1|TEMPORAL|3|3,Allen VBN,546507,1072567062,SVM,MEAN_RATE_LINEAR_SVM,1,TEMPORAL,3,bins,3,False,NEW_SUPP_S1_FIXED_SEED,PENDING
Allen VBN|1072567062|MEAN_RATE_LINEAR_SVM|1|TEMPORAL|3|4,Allen VBN,546507,1072567062,SVM,MEAN_RATE_LINEAR_SVM,1,TEMPORAL,3,bins,4,False,NEW_SUPP_S1_FIXED_SEED,PENDING
Allen VBN|1072567062|MEAN_RATE_LINEAR_SVM|1|TEMPORAL|5|0,Allen VBN,546507,1072567062,SVM,MEAN_RATE_LINEAR_SVM,1,TEMPORAL,5,bins,0,True,MAIN_FROZEN_T5,PENDING
Allen VBN|1072567062|MEAN_RATE_LINEAR_SVM|1|TEMPORAL|5|1,Allen VBN,546507,1072567062,SVM,MEAN_RATE_LINEAR_SVM,1,TEMPORAL,5,bins,1,True,MAIN_FROZEN_T5,PENDING
Allen VBN|1072567062|MEAN_RATE_LINEAR_SVM|1|TEMPORAL|5|2,Allen VBN,546507,1072567062,SVM,MEAN_RATE_LINEAR_SVM,1,TEMPORAL,5,bins,2,True,MAIN_FROZEN_T5,PENDING
Allen VBN|1072567062|MEAN_RATE_LINEAR_SVM|1|TEMPORAL|5|3,Allen VBN,546507,1072567062,SVM,MEAN_RATE_LINEAR_SVM,1,TEMPORAL,5,bins,3,True,MAIN_FROZEN_T5,PENDING
Allen VBN|1072567062|MEAN_RATE_LINEAR_SVM|1|TEMPORAL|5|4,Allen VBN,546507,1072567062,SVM,MEAN_RATE_LINEAR_SVM,1,TEMPORAL,5,bins,4,True,MAIN_FROZEN_T5,PENDING
Allen VBN|1072567062|MEAN_RATE_LINEAR_SVM|1|TEMPORAL|7|0,Allen VBN,546507,1072567062,SVM,MEAN_RATE_LINEAR_SVM,1,TEMPORAL,7,bins,0,False,NEW_SUPP_S1_FIXED_SEED,PENDING
Allen VBN|1072567062|MEAN_RATE_LINEAR_SVM|1|TEMPORAL|7|1,Allen VBN,546507,1072567062,SVM,MEAN_RATE_LINEAR_SVM,1,TEMPORAL,7,bins,1,False,NEW_SUPP_S1_FIXED_SEED,PENDING
Allen VBN|1072567062|MEAN_RATE_LINEAR_SVM|1|TEMPORAL|7|2,Allen VBN,546507,1072567062,SVM,MEAN_RATE_LINEAR_SVM,1,TEMPORAL,7,bins,2,False,NEW_SUPP_S1_FIXED_SEED,PENDING
Allen VBN|1072567062|MEAN_RATE_LINEAR_SVM|1|TEMPORAL|7|3,Allen VBN,546507,1072567062,SVM,MEAN_RATE_LINEAR_SVM,1,TEMPORAL,7,bins,3,False,NEW_SUPP_S1_FIXED_SEED,PENDING
Allen VBN|1072567062|MEAN_RATE_LINEAR_SVM|1|TEMPORAL|7|4,Allen VBN,546507,1072567062,SVM,MEAN_RATE_LINEAR_SVM,1,TEMPORAL,7,bins,4,False,NEW_SUPP_S1_FIXED_SEED,PENDING
Allen VBN|1072567062|MEAN_RATE_LINEAR_SVM|1|TEMPORAL|10|0,Allen VBN,546507,1072567062,SVM,MEAN_RATE_LINEAR_SVM,1,TEMPORAL,10,bins,0,False,NEW_SUPP_S1_FIXED_SEED,PENDING
Allen VBN|1072567062|MEAN_RATE_LINEAR_SVM|1|TEMPORAL|10|1,Allen VBN,546507,1072567062,SVM,MEAN_RATE_LINEAR_SVM,1,TEMPORAL,10,bins,1,False,NEW_SUPP_S1_FIXED_SEED,PENDING
Allen VBN|1072567062|MEAN_RATE_LINEAR_SVM|1|TEMPORAL|10|2,Allen VBN,546507,1072567062,SVM,MEAN_RATE_LINEAR_SVM,1,TEMPORAL,10,bins,2,False,NEW_SUPP_S1_FIXED_SEED,PENDING
Allen VBN|1072567062|MEAN_RATE_LINEAR_SVM|1|TEMPORAL|10|3,Allen VBN,546507,1072567062,SVM,MEAN_RATE_LINEAR_SVM,1,TEMPORAL,10,bins,3,False,NEW_SUPP_S1_FIXED_SEED,PENDING
Allen VBN|1072567062|MEAN_RATE_LINEAR_SVM|1|TEMPORAL|10|4,Allen VBN,546507,1072567062,SVM,MEAN_RATE_LINEAR_SVM,1,TEMPORAL,10,bins,4,False,NEW_SUPP_S1_FIXED_SEED,PENDING
Allen VBN|1104289498|MM_RVD_A9_SELECTED_R6|0|CLEAN|0,Allen VBN,563497,1104289498,MM-RVD,MM_RVD_A9_SELECTED_R6,0,CLEAN_REFERENCE,0,none,0,False,R4_CLEAN_REFERENCE,PENDING
Allen VBN|1104289498|MM_RVD_A9_SELECTED_R6|0|UNIT|0.1|0,Allen VBN,563497,1104289498,MM-RVD,MM_RVD_A9_SELECTED_R6,0,UNIT,0.1,proportion,0,False,NEW_SUPP_S1_FIXED_SEED,PENDING
Allen VBN|1104289498|MM_RVD_A9_SELECTED_R6|0|UNIT|0.1|1,Allen VBN,563497,1104289498,MM-RVD,MM_RVD_A9_SELECTED_R6,0,UNIT,0.1,proportion,1,False,NEW_SUPP_S1_FIXED_SEED,PENDING
Allen VBN|1104289498|MM_RVD_A9_SELECTED_R6|0|UNIT|0.1|2,Allen VBN,563497,1104289498,MM-RVD,MM_RVD_A9_SELECTED_R6,0,UNIT,0.1,proportion,2,False,NEW_SUPP_S1_FIXED_SEED,PENDING
Allen VBN|1104289498|MM_RVD_A9_SELECTED_R6|0|UNIT|0.1|3,Allen VBN,563497,1104289498,MM-RVD,MM_RVD_A9_SELECTED_R6,0,UNIT,0.1,proportion,3,False,NEW_SUPP_S1_FIXED_SEED,PENDING
Allen VBN|1104289498|MM_RVD_A9_SELECTED_R6|0|UNIT|0.1|4,Allen VBN,563497,1104289498,MM-RVD,MM_RVD_A9_SELECTED_R6,0,UNIT,0.1,proportion,4,False,NEW_SUPP_S1_FIXED_SEED,PENDING
Allen VBN|1104289498|MM_RVD_A9_SELECTED_R6|0|UNIT|0.2|0,Allen VBN,563497,1104289498,MM-RVD,MM_RVD_A9_SELECTED_R6,0,UNIT,0.2,proportion,0,False,NEW_SUPP_S1_FIXED_SEED,PENDING
Allen VBN|1104289498|MM_RVD_A9_SELECTED_R6|0|UNIT|0.2|1,Allen VBN,563497,1104289498,MM-RVD,MM_RVD_A9_SELECTED_R6,0,UNIT,0.2,proportion,1,False,NEW_SUPP_S1_FIXED_SEED,PENDING
Allen VBN|1104289498|MM_RVD_A9_SELECTED_R6|0|UNIT|0.2|2,Allen VBN,563497,1104289498,MM-RVD,MM_RVD_A9_SELECTED_R6,0,UNIT,0.2,proportion,2,False,NEW_SUPP_S1_FIXED_SEED,PENDING
Allen VBN|1104289498|MM_RVD_A9_SELECTED_R6|0|UNIT|0.2|3,Allen VBN,563497,1104289498,MM-RVD,MM_RVD_A9_SELECTED_R6,0,UNIT,0.2,proportion,3,False,NEW_SUPP_S1_FIXED_SEED,PENDING
Allen VBN|1104289498|MM_RVD_A9_SELECTED_R6|0|UNIT|0.2|4,Allen VBN,563497,1104289498,MM-RVD,MM_RVD_A9_SELECTED_R6,0,UNIT,0.2,proportion,4,False,NEW_SUPP_S1_FIXED_SEED,PENDING
Allen VBN|1104289498|MM_RVD_A9_SELECTED_R6|0|UNIT|0.3|0,Allen VBN,563497,1104289498,MM-RVD,MM_RVD_A9_SELECTED_R6,0,UNIT,0.3,proportion,0,True,MAIN_FROZEN_U30,PENDING
Allen VBN|1104289498|MM_RVD_A9_SELECTED_R6|0|UNIT|0.3|1,Allen VBN,563497,1104289498,MM-RVD,MM_RVD_A9_SELECTED_R6,0,UNIT,0.3,proportion,1,True,MAIN_FROZEN_U30,PENDING
Allen VBN|1104289498|MM_RVD_A9_SELECTED_R6|0|UNIT|0.3|2,Allen VBN,563497,1104289498,MM-RVD,MM_RVD_A9_SELECTED_R6,0,UNIT,0.3,proportion,2,True,MAIN_FROZEN_U30,PENDING
Allen VBN|1104289498|MM_RVD_A9_SELECTED_R6|0|UNIT|0.3|3,Allen VBN,563497,1104289498,MM-RVD,MM_RVD_A9_SELECTED_R6,0,UNIT,0.3,proportion,3,True,MAIN_FROZEN_U30,PENDING
Allen VBN|1104289498|MM_RVD_A9_SELECTED_R6|0|UNIT|0.3|4,Allen VBN,563497,1104289498,MM-RVD,MM_RVD_A9_SELECTED_R6,0,UNIT,0.3,proportion,4,True,MAIN_FROZEN_U30,PENDING
Allen VBN|1104289498|MM_RVD_A9_SELECTED_R6|0|UNIT|0.4|0,Allen VBN,563497,1104289498,MM-RVD,MM_RVD_A9_SELECTED_R6,0,UNIT,0.4,proportion,0,False,NEW_SUPP_S1_FIXED_SEED,PENDING
Allen VBN|1104289498|MM_RVD_A9_SELECTED_R6|0|UNIT|0.4|1,Allen VBN,563497,1104289498,MM-RVD,MM_RVD_A9_SELECTED_R6,0,UNIT,0.4,proportion,1,False,NEW_SUPP_S1_FIXED_SEED,PENDING
Allen VBN|1104289498|MM_RVD_A9_SELECTED_R6|0|UNIT|0.4|2,Allen VBN,563497,1104289498,MM-RVD,MM_RVD_A9_SELECTED_R6,0,UNIT,0.4,proportion,2,False,NEW_SUPP_S1_FIXED_SEED,PENDING
Allen VBN|1104289498|MM_RVD_A9_SELECTED_R6|0|UNIT|0.4|3,Allen VBN,563497,1104289498,MM-RVD,MM_RVD_A9_SELECTED_R6,0,UNIT,0.4,proportion,3,False,NEW_SUPP_S1_FIXED_SEED,PENDING
Allen VBN|1104289498|MM_RVD_A9_SELECTED_R6|0|UNIT|0.4|4,Allen VBN,563497,1104289498,MM-RVD,MM_RVD_A9_SELECTED_R6,0,UNIT,0.4,proportion,4,False,NEW_SUPP_S1_FIXED_SEED,PENDING
Allen VBN|1104289498|MM_RVD_A9_SELECTED_R6|0|UNIT|0.5|0,Allen VBN,563497,1104289498,MM-RVD,MM_RVD_A9_SELECTED_R6,0,UNIT,0.5,proportion,0,False,NEW_SUPP_S1_FIXED_SEED,PENDING
Allen VBN|1104289498|MM_RVD_A9_SELECTED_R6|0|UNIT|0.5|1,Allen VBN,563497,1104289498,MM-RVD,MM_RVD_A9_SELECTED_R6,0,UNIT,0.5,proportion,1,False,NEW_SUPP_S1_FIXED_SEED,PENDING
Allen VBN|1104289498|MM_RVD_A9_SELECTED_R6|0|UNIT|0.5|2,Allen VBN,563497,1104289498,MM-RVD,MM_RVD_A9_SELECTED_R6,0,UNIT,0.5,proportion,2,False,NEW_SUPP_S1_FIXED_SEED,PENDING
Allen VBN|1104289498|MM_RVD_A9_SELECTED_R6|0|UNIT|0.5|3,Allen VBN,563497,1104289498,MM-RVD,MM_RVD_A9_SELECTED_R6,0,UNIT,0.5,proportion,3,False,NEW_SUPP_S1_FIXED_SEED,PENDING
Allen VBN|1104289498|MM_RVD_A9_SELECTED_R6|0|UNIT|0.5|4,Allen VBN,563497,1104289498,MM-RVD,MM_RVD_A9_SELECTED_R6,0,UNIT,0.5,proportion,4,False,NEW_SUPP_S1_FIXED_SEED,PENDING
Allen VBN|1104289498|MM_RVD_A9_SELECTED_R6|0|TEMPORAL|2|0,Allen VBN,563497,1104289498,MM-RVD,MM_RVD_A9_SELECTED_R6,0,TEMPORAL,2,bins,0,False,NEW_SUPP_S1_FIXED_SEED,PENDING
Allen VBN|1104289498|MM_RVD_A9_SELECTED_R6|0|TEMPORAL|2|1,Allen VBN,563497,1104289498,MM-RVD,MM_RVD_A9_SELECTED_R6,0,TEMPORAL,2,bins,1,False,NEW_SUPP_S1_FIXED_SEED,PENDING
Allen VBN|1104289498|MM_RVD_A9_SELECTED_R6|0|TEMPORAL|2|2,Allen VBN,563497,1104289498,MM-RVD,MM_RVD_A9_SELECTED_R6,0,TEMPORAL,2,bins,2,False,NEW_SUPP_S1_FIXED_SEED,PENDING
Allen VBN|1104289498|MM_RVD_A9_SELECTED_R6|0|TEMPORAL|2|3,Allen VBN,563497,1104289498,MM-RVD,MM_RVD_A9_SELECTED_R6,0,TEMPORAL,2,bins,3,False,NEW_SUPP_S1_FIXED_SEED,PENDING
Allen VBN|1104289498|MM_RVD_A9_SELECTED_R6|0|TEMPORAL|2|4,Allen VBN,563497,1104289498,MM-RVD,MM_RVD_A9_SELECTED_R6,0,TEMPORAL,2,bins,4,False,NEW_SUPP_S1_FIXED_SEED,PENDING
Allen VBN|1104289498|MM_RVD_A9_SELECTED_R6|0|TEMPORAL|3|0,Allen VBN,563497,1104289498,MM-RVD,MM_RVD_A9_SELECTED_R6,0,TEMPORAL,3,bins,0,False,NEW_SUPP_S1_FIXED_SEED,PENDING
Allen VBN|1104289498|MM_RVD_A9_SELECTED_R6|0|TEMPORAL|3|1,Allen VBN,563497,1104289498,MM-RVD,MM_RVD_A9_SELECTED_R6,0,TEMPORAL,3,bins,1,False,NEW_SUPP_S1_FIXED_SEED,PENDING
Allen VBN|1104289498|MM_RVD_A9_SELECTED_R6|0|TEMPORAL|3|2,Allen VBN,563497,1104289498,MM-RVD,MM_RVD_A9_SELECTED_R6,0,TEMPORAL,3,bins,2,False,NEW_SUPP_S1_FIXED_SEED,PENDING
Allen VBN|1104289498|MM_RVD_A9_SELECTED_R6|0|TEMPORAL|3|3,Allen VBN,563497,1104289498,MM-RVD,MM_RVD_A9_SELECTED_R6,0,TEMPORAL,3,bins,3,False,NEW_SUPP_S1_FIXED_SEED,PENDING
Allen VBN|1104289498|MM_RVD_A9_SELECTED_R6|0|TEMPORAL|3|4,Allen VBN,563497,1104289498,MM-RVD,MM_RVD_A9_SELECTED_R6,0,TEMPORAL,3,bins,4,False,NEW_SUPP_S1_FIXED_SEED,PENDING
Allen VBN|1104289498|MM_RVD_A9_SELECTED_R6|0|TEMPORAL|5|0,Allen VBN,563497,1104289498,MM-RVD,MM_RVD_A9_SELECTED_R6,0,TEMPORAL,5,bins,0,True,MAIN_FROZEN_T5,PENDING
Allen VBN|1104289498|MM_RVD_A9_SELECTED_R6|0|TEMPORAL|5|1,Allen VBN,563497,1104289498,MM-RVD,MM_RVD_A9_SELECTED_R6,0,TEMPORAL,5,bins,1,True,MAIN_FROZEN_T5,PENDING
Allen VBN|1104289498|MM_RVD_A9_SELECTED_R6|0|TEMPORAL|5|2,Allen VBN,563497,1104289498,MM-RVD,MM_RVD_A9_SELECTED_R6,0,TEMPORAL,5,bins,2,True,MAIN_FROZEN_T5,PENDING
Allen VBN|1104289498|MM_RVD_A9_SELECTED_R6|0|TEMPORAL|5|3,Allen VBN,563497,1104289498,MM-RVD,MM_RVD_A9_SELECTED_R6,0,TEMPORAL,5,bins,3,True,MAIN_FROZEN_T5,PENDING
Allen VBN|1104289498|MM_RVD_A9_SELECTED_R6|0|TEMPORAL|5|4,Allen VBN,563497,1104289498,MM-RVD,MM_RVD_A9_SELECTED_R6,0,TEMPORAL,5,bins,4,True,MAIN_FROZEN_T5,PENDING
Allen VBN|1104289498|MM_RVD_A9_SELECTED_R6|0|TEMPORAL|7|0,Allen VBN,563497,1104289498,MM-RVD,MM_RVD_A9_SELECTED_R6,0,TEMPORAL,7,bins,0,False,NEW_SUPP_S1_FIXED_SEED,PENDING
Allen VBN|1104289498|MM_RVD_A9_SELECTED_R6|0|TEMPORAL|7|1,Allen VBN,563497,1104289498,MM-RVD,MM_RVD_A9_SELECTED_R6,0,TEMPORAL,7,bins,1,False,NEW_SUPP_S1_FIXED_SEED,PENDING
Allen VBN|1104289498|MM_RVD_A9_SELECTED_R6|0|TEMPORAL|7|2,Allen VBN,563497,1104289498,MM-RVD,MM_RVD_A9_SELECTED_R6,0,TEMPORAL,7,bins,2,False,NEW_SUPP_S1_FIXED_SEED,PENDING
Allen VBN|1104289498|MM_RVD_A9_SELECTED_R6|0|TEMPORAL|7|3,Allen VBN,563497,1104289498,MM-RVD,MM_RVD_A9_SELECTED_R6,0,TEMPORAL,7,bins,3,False,NEW_SUPP_S1_FIXED_SEED,PENDING
Allen VBN|1104289498|MM_RVD_A9_SELECTED_R6|0|TEMPORAL|7|4,Allen VBN,563497,1104289498,MM-RVD,MM_RVD_A9_SELECTED_R6,0,TEMPORAL,7,bins,4,False,NEW_SUPP_S1_FIXED_SEED,PENDING
Allen VBN|1104289498|MM_RVD_A9_SELECTED_R6|0|TEMPORAL|10|0,Allen VBN,563497,1104289498,MM-RVD,MM_RVD_A9_SELECTED_R6,0,TEMPORAL,10,bins,0,False,NEW_SUPP_S1_FIXED_SEED,PENDING
Allen VBN|1104289498|MM_RVD_A9_SELECTED_R6|0|TEMPORAL|10|1,Allen VBN,563497,1104289498,MM-RVD,MM_RVD_A9_SELECTED_R6,0,TEMPORAL,10,bins,1,False,NEW_SUPP_S1_FIXED_SEED,PENDING
Allen VBN|1104289498|MM_RVD_A9_SELECTED_R6|0|TEMPORAL|10|2,Allen VBN,563497,1104289498,MM-RVD,MM_RVD_A9_SELECTED_R6,0,TEMPORAL,10,bins,2,False,NEW_SUPP_S1_FIXED_SEED,PENDING
Allen VBN|1104289498|MM_RVD_A9_SELECTED_R6|0|TEMPORAL|10|3,Allen VBN,563497,1104289498,MM-RVD,MM_RVD_A9_SELECTED_R6,0,TEMPORAL,10,bins,3,False,NEW_SUPP_S1_FIXED_SEED,PENDING
Allen VBN|1104289498|MM_RVD_A9_SELECTED_R6|0|TEMPORAL|10|4,Allen VBN,563497,1104289498,MM-RVD,MM_RVD_A9_SELECTED_R6,0,TEMPORAL,10,bins,4,False,NEW_SUPP_S1_FIXED_SEED,PENDING
Allen VBN|1104289498|MM_RVD_A9_SELECTED_R6|1|CLEAN|0,Allen VBN,563497,1104289498,MM-RVD,MM_RVD_A9_SELECTED_R6,1,CLEAN_REFERENCE,0,none,0,False,R4_CLEAN_REFERENCE,PENDING
Allen VBN|1104289498|MM_RVD_A9_SELECTED_R6|1|UNIT|0.1|0,Allen VBN,563497,1104289498,MM-RVD,MM_RVD_A9_SELECTED_R6,1,UNIT,0.1,proportion,0,False,NEW_SUPP_S1_FIXED_SEED,PENDING
Allen VBN|1104289498|MM_RVD_A9_SELECTED_R6|1|UNIT|0.1|1,Allen VBN,563497,1104289498,MM-RVD,MM_RVD_A9_SELECTED_R6,1,UNIT,0.1,proportion,1,False,NEW_SUPP_S1_FIXED_SEED,PENDING
Allen VBN|1104289498|MM_RVD_A9_SELECTED_R6|1|UNIT|0.1|2,Allen VBN,563497,1104289498,MM-RVD,MM_RVD_A9_SELECTED_R6,1,UNIT,0.1,proportion,2,False,NEW_SUPP_S1_FIXED_SEED,PENDING
Allen VBN|1104289498|MM_RVD_A9_SELECTED_R6|1|UNIT|0.1|3,Allen VBN,563497,1104289498,MM-RVD,MM_RVD_A9_SELECTED_R6,1,UNIT,0.1,proportion,3,False,NEW_SUPP_S1_FIXED_SEED,PENDING
Allen VBN|1104289498|MM_RVD_A9_SELECTED_R6|1|UNIT|0.1|4,Allen VBN,563497,1104289498,MM-RVD,MM_RVD_A9_SELECTED_R6,1,UNIT,0.1,proportion,4,False,NEW_SUPP_S1_FIXED_SEED,PENDING
Allen VBN|1104289498|MM_RVD_A9_SELECTED_R6|1|UNIT|0.2|0,Allen VBN,563497,1104289498,MM-RVD,MM_RVD_A9_SELECTED_R6,1,UNIT,0.2,proportion,0,False,NEW_SUPP_S1_FIXED_SEED,PENDING
Allen VBN|1104289498|MM_RVD_A9_SELECTED_R6|1|UNIT|0.2|1,Allen VBN,563497,1104289498,MM-RVD,MM_RVD_A9_SELECTED_R6,1,UNIT,0.2,proportion,1,False,NEW_SUPP_S1_FIXED_SEED,PENDING
Allen VBN|1104289498|MM_RVD_A9_SELECTED_R6|1|UNIT|0.2|2,Allen VBN,563497,1104289498,MM-RVD,MM_RVD_A9_SELECTED_R6,1,UNIT,0.2,proportion,2,False,NEW_SUPP_S1_FIXED_SEED,PENDING
Allen VBN|1104289498|MM_RVD_A9_SELECTED_R6|1|UNIT|0.2|3,Allen VBN,563497,1104289498,MM-RVD,MM_RVD_A9_SELECTED_R6,1,UNIT,0.2,proportion,3,False,NEW_SUPP_S1_FIXED_SEED,PENDING
Allen VBN|1104289498|MM_RVD_A9_SELECTED_R6|1|UNIT|0.2|4,Allen VBN,563497,1104289498,MM-RVD,MM_RVD_A9_SELECTED_R6,1,UNIT,0.2,proportion,4,False,NEW_SUPP_S1_FIXED_SEED,PENDING
Allen VBN|1104289498|MM_RVD_A9_SELECTED_R6|1|UNIT|0.3|0,Allen VBN,563497,1104289498,MM-RVD,MM_RVD_A9_SELECTED_R6,1,UNIT,0.3,proportion,0,True,MAIN_FROZEN_U30,PENDING
Allen VBN|1104289498|MM_RVD_A9_SELECTED_R6|1|UNIT|0.3|1,Allen VBN,563497,1104289498,MM-RVD,MM_RVD_A9_SELECTED_R6,1,UNIT,0.3,proportion,1,True,MAIN_FROZEN_U30,PENDING
Allen VBN|1104289498|MM_RVD_A9_SELECTED_R6|1|UNIT|0.3|2,Allen VBN,563497,1104289498,MM-RVD,MM_RVD_A9_SELECTED_R6,1,UNIT,0.3,proportion,2,True,MAIN_FROZEN_U30,PENDING
Allen VBN|1104289498|MM_RVD_A9_SELECTED_R6|1|UNIT|0.3|3,Allen VBN,563497,1104289498,MM-RVD,MM_RVD_A9_SELECTED_R6,1,UNIT,0.3,proportion,3,True,MAIN_FROZEN_U30,PENDING
Allen VBN|1104289498|MM_RVD_A9_SELECTED_R6|1|UNIT|0.3|4,Allen VBN,563497,1104289498,MM-RVD,MM_RVD_A9_SELECTED_R6,1,UNIT,0.3,proportion,4,True,MAIN_FROZEN_U30,PENDING
Allen VBN|1104289498|MM_RVD_A9_SELECTED_R6|1|UNIT|0.4|0,Allen VBN,563497,1104289498,MM-RVD,MM_RVD_A9_SELECTED_R6,1,UNIT,0.4,proportion,0,False,NEW_SUPP_S1_FIXED_SEED,PENDING
Allen VBN|1104289498|MM_RVD_A9_SELECTED_R6|1|UNIT|0.4|1,Allen VBN,563497,1104289498,MM-RVD,MM_RVD_A9_SELECTED_R6,1,UNIT,0.4,proportion,1,False,NEW_SUPP_S1_FIXED_SEED,PENDING
Allen VBN|1104289498|MM_RVD_A9_SELECTED_R6|1|UNIT|0.4|2,Allen VBN,563497,1104289498,MM-RVD,MM_RVD_A9_SELECTED_R6,1,UNIT,0.4,proportion,2,False,NEW_SUPP_S1_FIXED_SEED,PENDING
Allen VBN|1104289498|MM_RVD_A9_SELECTED_R6|1|UNIT|0.4|3,Allen VBN,563497,1104289498,MM-RVD,MM_RVD_A9_SELECTED_R6,1,UNIT,0.4,proportion,3,False,NEW_SUPP_S1_FIXED_SEED,PENDING
Allen VBN|1104289498|MM_RVD_A9_SELECTED_R6|1|UNIT|0.4|4,Allen VBN,563497,1104289498,MM-RVD,MM_RVD_A9_SELECTED_R6,1,UNIT,0.4,proportion,4,False,NEW_SUPP_S1_FIXED_SEED,PENDING
Allen VBN|1104289498|MM_RVD_A9_SELECTED_R6|1|UNIT|0.5|0,Allen VBN,563497,1104289498,MM-RVD,MM_RVD_A9_SELECTED_R6,1,UNIT,0.5,proportion,0,False,NEW_SUPP_S1_FIXED_SEED,PENDING
Allen VBN|1104289498|MM_RVD_A9_SELECTED_R6|1|UNIT|0.5|1,Allen VBN,563497,1104289498,MM-RVD,MM_RVD_A9_SELECTED_R6,1,UNIT,0.5,proportion,1,False,NEW_SUPP_S1_FIXED_SEED,PENDING
Allen VBN|1104289498|MM_RVD_A9_SELECTED_R6|1|UNIT|0.5|2,Allen VBN,563497,1104289498,MM-RVD,MM_RVD_A9_SELECTED_R6,1,UNIT,0.5,proportion,2,False,NEW_SUPP_S1_FIXED_SEED,PENDING
Allen VBN|1104289498|MM_RVD_A9_SELECTED_R6|1|UNIT|0.5|3,Allen VBN,563497,1104289498,MM-RVD,MM_RVD_A9_SELECTED_R6,1,UNIT,0.5,proportion,3,False,NEW_SUPP_S1_FIXED_SEED,PENDING
Allen VBN|1104289498|MM_RVD_A9_SELECTED_R6|1|UNIT|0.5|4,Allen VBN,563497,1104289498,MM-RVD,MM_RVD_A9_SELECTED_R6,1,UNIT,0.5,proportion,4,False,NEW_SUPP_S1_FIXED_SEED,PENDING
Allen VBN|1104289498|MM_RVD_A9_SELECTED_R6|1|TEMPORAL|2|0,Allen VBN,563497,1104289498,MM-RVD,MM_RVD_A9_SELECTED_R6,1,TEMPORAL,2,bins,0,False,NEW_SUPP_S1_FIXED_SEED,PENDING
Allen VBN|1104289498|MM_RVD_A9_SELECTED_R6|1|TEMPORAL|2|1,Allen VBN,563497,1104289498,MM-RVD,MM_RVD_A9_SELECTED_R6,1,TEMPORAL,2,bins,1,False,NEW_SUPP_S1_FIXED_SEED,PENDING
Allen VBN|1104289498|MM_RVD_A9_SELECTED_R6|1|TEMPORAL|2|2,Allen VBN,563497,1104289498,MM-RVD,MM_RVD_A9_SELECTED_R6,1,TEMPORAL,2,bins,2,False,NEW_SUPP_S1_FIXED_SEED,PENDING
Allen VBN|1104289498|MM_RVD_A9_SELECTED_R6|1|TEMPORAL|2|3,Allen VBN,563497,1104289498,MM-RVD,MM_RVD_A9_SELECTED_R6,1,TEMPORAL,2,bins,3,False,NEW_SUPP_S1_FIXED_SEED,PENDING
Allen VBN|1104289498|MM_RVD_A9_SELECTED_R6|1|TEMPORAL|2|4,Allen VBN,563497,1104289498,MM-RVD,MM_RVD_A9_SELECTED_R6,1,TEMPORAL,2,bins,4,False,NEW_SUPP_S1_FIXED_SEED,PENDING
Allen VBN|1104289498|MM_RVD_A9_SELECTED_R6|1|TEMPORAL|3|0,Allen VBN,563497,1104289498,MM-RVD,MM_RVD_A9_SELECTED_R6,1,TEMPORAL,3,bins,0,False,NEW_SUPP_S1_FIXED_SEED,PENDING
Allen VBN|1104289498|MM_RVD_A9_SELECTED_R6|1|TEMPORAL|3|1,Allen VBN,563497,1104289498,MM-RVD,MM_RVD_A9_SELECTED_R6,1,TEMPORAL,3,bins,1,False,NEW_SUPP_S1_FIXED_SEED,PENDING
Allen VBN|1104289498|MM_RVD_A9_SELECTED_R6|1|TEMPORAL|3|2,Allen VBN,563497,1104289498,MM-RVD,MM_RVD_A9_SELECTED_R6,1,TEMPORAL,3,bins,2,False,NEW_SUPP_S1_FIXED_SEED,PENDING
Allen VBN|1104289498|MM_RVD_A9_SELECTED_R6|1|TEMPORAL|3|3,Allen VBN,563497,1104289498,MM-RVD,MM_RVD_A9_SELECTED_R6,1,TEMPORAL,3,bins,3,False,NEW_SUPP_S1_FIXED_SEED,PENDING
Allen VBN|1104289498|MM_RVD_A9_SELECTED_R6|1|TEMPORAL|3|4,Allen VBN,563497,1104289498,MM-RVD,MM_RVD_A9_SELECTED_R6,1,TEMPORAL,3,bins,4,False,NEW_SUPP_S1_FIXED_SEED,PENDING
Allen VBN|1104289498|MM_RVD_A9_SELECTED_R6|1|TEMPORAL|5|0,Allen VBN,563497,1104289498,MM-RVD,MM_RVD_A9_SELECTED_R6,1,TEMPORAL,5,bins,0,True,MAIN_FROZEN_T5,PENDING
Allen VBN|1104289498|MM_RVD_A9_SELECTED_R6|1|TEMPORAL|5|1,Allen VBN,563497,1104289498,MM-RVD,MM_RVD_A9_SELECTED_R6,1,TEMPORAL,5,bins,1,True,MAIN_FROZEN_T5,PENDING
Allen VBN|1104289498|MM_RVD_A9_SELECTED_R6|1|TEMPORAL|5|2,Allen VBN,563497,1104289498,MM-RVD,MM_RVD_A9_SELECTED_R6,1,TEMPORAL,5,bins,2,True,MAIN_FROZEN_T5,PENDING
Allen VBN|1104289498|MM_RVD_A9_SELECTED_R6|1|TEMPORAL|5|3,Allen VBN,563497,1104289498,MM-RVD,MM_RVD_A9_SELECTED_R6,1,TEMPORAL,5,bins,3,True,MAIN_FROZEN_T5,PENDING
Allen VBN|1104289498|MM_RVD_A9_SELECTED_R6|1|TEMPORAL|5|4,Allen VBN,563497,1104289498,MM-RVD,MM_RVD_A9_SELECTED_R6,1,TEMPORAL,5,bins,4,True,MAIN_FROZEN_T5,PENDING
Allen VBN|1104289498|MM_RVD_A9_SELECTED_R6|1|TEMPORAL|7|0,Allen VBN,563497,1104289498,MM-RVD,MM_RVD_A9_SELECTED_R6,1,TEMPORAL,7,bins,0,False,NEW_SUPP_S1_FIXED_SEED,PENDING
Allen VBN|1104289498|MM_RVD_A9_SELECTED_R6|1|TEMPORAL|7|1,Allen VBN,563497,1104289498,MM-RVD,MM_RVD_A9_SELECTED_R6,1,TEMPORAL,7,bins,1,False,NEW_SUPP_S1_FIXED_SEED,PENDING
Allen VBN|1104289498|MM_RVD_A9_SELECTED_R6|1|TEMPORAL|7|2,Allen VBN,563497,1104289498,MM-RVD,MM_RVD_A9_SELECTED_R6,1,TEMPORAL,7,bins,2,False,NEW_SUPP_S1_FIXED_SEED,PENDING
Allen VBN|1104289498|MM_RVD_A9_SELECTED_R6|1|TEMPORAL|7|3,Allen VBN,563497,1104289498,MM-RVD,MM_RVD_A9_SELECTED_R6,1,TEMPORAL,7,bins,3,False,NEW_SUPP_S1_FIXED_SEED,PENDING
Allen VBN|1104289498|MM_RVD_A9_SELECTED_R6|1|TEMPORAL|7|4,Allen VBN,563497,1104289498,MM-RVD,MM_RVD_A9_SELECTED_R6,1,TEMPORAL,7,bins,4,False,NEW_SUPP_S1_FIXED_SEED,PENDING
Allen VBN|1104289498|MM_RVD_A9_SELECTED_R6|1|TEMPORAL|10|0,Allen VBN,563497,1104289498,MM-RVD,MM_RVD_A9_SELECTED_R6,1,TEMPORAL,10,bins,0,False,NEW_SUPP_S1_FIXED_SEED,PENDING
Allen VBN|1104289498|MM_RVD_A9_SELECTED_R6|1|TEMPORAL|10|1,Allen VBN,563497,1104289498,MM-RVD,MM_RVD_A9_SELECTED_R6,1,TEMPORAL,10,bins,1,False,NEW_SUPP_S1_FIXED_SEED,PENDING
Allen VBN|1104289498|MM_RVD_A9_SELECTED_R6|1|TEMPORAL|10|2,Allen VBN,563497,1104289498,MM-RVD,MM_RVD_A9_SELECTED_R6,1,TEMPORAL,10,bins,2,False,NEW_SUPP_S1_FIXED_SEED,PENDING
Allen VBN|1104289498|MM_RVD_A9_SELECTED_R6|1|TEMPORAL|10|3,Allen VBN,563497,1104289498,MM-RVD,MM_RVD_A9_SELECTED_R6,1,TEMPORAL,10,bins,3,False,NEW_SUPP_S1_FIXED_SEED,PENDING
Allen VBN|1104289498|MM_RVD_A9_SELECTED_R6|1|TEMPORAL|10|4,Allen VBN,563497,1104289498,MM-RVD,MM_RVD_A9_SELECTED_R6,1,TEMPORAL,10,bins,4,False,NEW_SUPP_S1_FIXED_SEED,PENDING
Allen VBN|1104289498|MEAN_RATE_LINEAR_SVM|0|CLEAN|0,Allen VBN,563497,1104289498,SVM,MEAN_RATE_LINEAR_SVM,0,CLEAN_REFERENCE,0,none,0,False,R4_CLEAN_REFERENCE,PENDING
Allen VBN|1104289498|MEAN_RATE_LINEAR_SVM|0|UNIT|0.1|0,Allen VBN,563497,1104289498,SVM,MEAN_RATE_LINEAR_SVM,0,UNIT,0.1,proportion,0,False,NEW_SUPP_S1_FIXED_SEED,PENDING
Allen VBN|1104289498|MEAN_RATE_LINEAR_SVM|0|UNIT|0.1|1,Allen VBN,563497,1104289498,SVM,MEAN_RATE_LINEAR_SVM,0,UNIT,0.1,proportion,1,False,NEW_SUPP_S1_FIXED_SEED,PENDING
Allen VBN|1104289498|MEAN_RATE_LINEAR_SVM|0|UNIT|0.1|2,Allen VBN,563497,1104289498,SVM,MEAN_RATE_LINEAR_SVM,0,UNIT,0.1,proportion,2,False,NEW_SUPP_S1_FIXED_SEED,PENDING
Allen VBN|1104289498|MEAN_RATE_LINEAR_SVM|0|UNIT|0.1|3,Allen VBN,563497,1104289498,SVM,MEAN_RATE_LINEAR_SVM,0,UNIT,0.1,proportion,3,False,NEW_SUPP_S1_FIXED_SEED,PENDING
Allen VBN|1104289498|MEAN_RATE_LINEAR_SVM|0|UNIT|0.1|4,Allen VBN,563497,1104289498,SVM,MEAN_RATE_LINEAR_SVM,0,UNIT,0.1,proportion,4,False,NEW_SUPP_S1_FIXED_SEED,PENDING
Allen VBN|1104289498|MEAN_RATE_LINEAR_SVM|0|UNIT|0.2|0,Allen VBN,563497,1104289498,SVM,MEAN_RATE_LINEAR_SVM,0,UNIT,0.2,proportion,0,False,NEW_SUPP_S1_FIXED_SEED,PENDING
Allen VBN|1104289498|MEAN_RATE_LINEAR_SVM|0|UNIT|0.2|1,Allen VBN,563497,1104289498,SVM,MEAN_RATE_LINEAR_SVM,0,UNIT,0.2,proportion,1,False,NEW_SUPP_S1_FIXED_SEED,PENDING
Allen VBN|1104289498|MEAN_RATE_LINEAR_SVM|0|UNIT|0.2|2,Allen VBN,563497,1104289498,SVM,MEAN_RATE_LINEAR_SVM,0,UNIT,0.2,proportion,2,False,NEW_SUPP_S1_FIXED_SEED,PENDING
Allen VBN|1104289498|MEAN_RATE_LINEAR_SVM|0|UNIT|0.2|3,Allen VBN,563497,1104289498,SVM,MEAN_RATE_LINEAR_SVM,0,UNIT,0.2,proportion,3,False,NEW_SUPP_S1_FIXED_SEED,PENDING
Allen VBN|1104289498|MEAN_RATE_LINEAR_SVM|0|UNIT|0.2|4,Allen VBN,563497,1104289498,SVM,MEAN_RATE_LINEAR_SVM,0,UNIT,0.2,proportion,4,False,NEW_SUPP_S1_FIXED_SEED,PENDING
Allen VBN|1104289498|MEAN_RATE_LINEAR_SVM|0|UNIT|0.3|0,Allen VBN,563497,1104289498,SVM,MEAN_RATE_LINEAR_SVM,0,UNIT,0.3,proportion,0,True,MAIN_FROZEN_U30,PENDING
Allen VBN|1104289498|MEAN_RATE_LINEAR_SVM|0|UNIT|0.3|1,Allen VBN,563497,1104289498,SVM,MEAN_RATE_LINEAR_SVM,0,UNIT,0.3,proportion,1,True,MAIN_FROZEN_U30,PENDING
Allen VBN|1104289498|MEAN_RATE_LINEAR_SVM|0|UNIT|0.3|2,Allen VBN,563497,1104289498,SVM,MEAN_RATE_LINEAR_SVM,0,UNIT,0.3,proportion,2,True,MAIN_FROZEN_U30,PENDING
Allen VBN|1104289498|MEAN_RATE_LINEAR_SVM|0|UNIT|0.3|3,Allen VBN,563497,1104289498,SVM,MEAN_RATE_LINEAR_SVM,0,UNIT,0.3,proportion,3,True,MAIN_FROZEN_U30,PENDING
Allen VBN|1104289498|MEAN_RATE_LINEAR_SVM|0|UNIT|0.3|4,Allen VBN,563497,1104289498,SVM,MEAN_RATE_LINEAR_SVM,0,UNIT,0.3,proportion,4,True,MAIN_FROZEN_U30,PENDING
Allen VBN|1104289498|MEAN_RATE_LINEAR_SVM|0|UNIT|0.4|0,Allen VBN,563497,1104289498,SVM,MEAN_RATE_LINEAR_SVM,0,UNIT,0.4,proportion,0,False,NEW_SUPP_S1_FIXED_SEED,PENDING
Allen VBN|1104289498|MEAN_RATE_LINEAR_SVM|0|UNIT|0.4|1,Allen VBN,563497,1104289498,SVM,MEAN_RATE_LINEAR_SVM,0,UNIT,0.4,proportion,1,False,NEW_SUPP_S1_FIXED_SEED,PENDING
Allen VBN|1104289498|MEAN_RATE_LINEAR_SVM|0|UNIT|0.4|2,Allen VBN,563497,1104289498,SVM,MEAN_RATE_LINEAR_SVM,0,UNIT,0.4,proportion,2,False,NEW_SUPP_S1_FIXED_SEED,PENDING
Allen VBN|1104289498|MEAN_RATE_LINEAR_SVM|0|UNIT|0.4|3,Allen VBN,563497,1104289498,SVM,MEAN_RATE_LINEAR_SVM,0,UNIT,0.4,proportion,3,False,NEW_SUPP_S1_FIXED_SEED,PENDING
Allen VBN|1104289498|MEAN_RATE_LINEAR_SVM|0|UNIT|0.4|4,Allen VBN,563497,1104289498,SVM,MEAN_RATE_LINEAR_SVM,0,UNIT,0.4,proportion,4,False,NEW_SUPP_S1_FIXED_SEED,PENDING
Allen VBN|1104289498|MEAN_RATE_LINEAR_SVM|0|UNIT|0.5|0,Allen VBN,563497,1104289498,SVM,MEAN_RATE_LINEAR_SVM,0,UNIT,0.5,proportion,0,False,NEW_SUPP_S1_FIXED_SEED,PENDING
Allen VBN|1104289498|MEAN_RATE_LINEAR_SVM|0|UNIT|0.5|1,Allen VBN,563497,1104289498,SVM,MEAN_RATE_LINEAR_SVM,0,UNIT,0.5,proportion,1,False,NEW_SUPP_S1_FIXED_SEED,PENDING
Allen VBN|1104289498|MEAN_RATE_LINEAR_SVM|0|UNIT|0.5|2,Allen VBN,563497,1104289498,SVM,MEAN_RATE_LINEAR_SVM,0,UNIT,0.5,proportion,2,False,NEW_SUPP_S1_FIXED_SEED,PENDING
Allen VBN|1104289498|MEAN_RATE_LINEAR_SVM|0|UNIT|0.5|3,Allen VBN,563497,1104289498,SVM,MEAN_RATE_LINEAR_SVM,0,UNIT,0.5,proportion,3,False,NEW_SUPP_S1_FIXED_SEED,PENDING
Allen VBN|1104289498|MEAN_RATE_LINEAR_SVM|0|UNIT|0.5|4,Allen VBN,563497,1104289498,SVM,MEAN_RATE_LINEAR_SVM,0,UNIT,0.5,proportion,4,False,NEW_SUPP_S1_FIXED_SEED,PENDING
Allen VBN|1104289498|MEAN_RATE_LINEAR_SVM|0|TEMPORAL|2|0,Allen VBN,563497,1104289498,SVM,MEAN_RATE_LINEAR_SVM,0,TEMPORAL,2,bins,0,False,NEW_SUPP_S1_FIXED_SEED,PENDING
Allen VBN|1104289498|MEAN_RATE_LINEAR_SVM|0|TEMPORAL|2|1,Allen VBN,563497,1104289498,SVM,MEAN_RATE_LINEAR_SVM,0,TEMPORAL,2,bins,1,False,NEW_SUPP_S1_FIXED_SEED,PENDING
Allen VBN|1104289498|MEAN_RATE_LINEAR_SVM|0|TEMPORAL|2|2,Allen VBN,563497,1104289498,SVM,MEAN_RATE_LINEAR_SVM,0,TEMPORAL,2,bins,2,False,NEW_SUPP_S1_FIXED_SEED,PENDING
Allen VBN|1104289498|MEAN_RATE_LINEAR_SVM|0|TEMPORAL|2|3,Allen VBN,563497,1104289498,SVM,MEAN_RATE_LINEAR_SVM,0,TEMPORAL,2,bins,3,False,NEW_SUPP_S1_FIXED_SEED,PENDING
Allen VBN|1104289498|MEAN_RATE_LINEAR_SVM|0|TEMPORAL|2|4,Allen VBN,563497,1104289498,SVM,MEAN_RATE_LINEAR_SVM,0,TEMPORAL,2,bins,4,False,NEW_SUPP_S1_FIXED_SEED,PENDING
Allen VBN|1104289498|MEAN_RATE_LINEAR_SVM|0|TEMPORAL|3|0,Allen VBN,563497,1104289498,SVM,MEAN_RATE_LINEAR_SVM,0,TEMPORAL,3,bins,0,False,NEW_SUPP_S1_FIXED_SEED,PENDING
Allen VBN|1104289498|MEAN_RATE_LINEAR_SVM|0|TEMPORAL|3|1,Allen VBN,563497,1104289498,SVM,MEAN_RATE_LINEAR_SVM,0,TEMPORAL,3,bins,1,False,NEW_SUPP_S1_FIXED_SEED,PENDING
Allen VBN|1104289498|MEAN_RATE_LINEAR_SVM|0|TEMPORAL|3|2,Allen VBN,563497,1104289498,SVM,MEAN_RATE_LINEAR_SVM,0,TEMPORAL,3,bins,2,False,NEW_SUPP_S1_FIXED_SEED,PENDING
Allen VBN|1104289498|MEAN_RATE_LINEAR_SVM|0|TEMPORAL|3|3,Allen VBN,563497,1104289498,SVM,MEAN_RATE_LINEAR_SVM,0,TEMPORAL,3,bins,3,False,NEW_SUPP_S1_FIXED_SEED,PENDING
Allen VBN|1104289498|MEAN_RATE_LINEAR_SVM|0|TEMPORAL|3|4,Allen VBN,563497,1104289498,SVM,MEAN_RATE_LINEAR_SVM,0,TEMPORAL,3,bins,4,False,NEW_SUPP_S1_FIXED_SEED,PENDING
Allen VBN|1104289498|MEAN_RATE_LINEAR_SVM|0|TEMPORAL|5|0,Allen VBN,563497,1104289498,SVM,MEAN_RATE_LINEAR_SVM,0,TEMPORAL,5,bins,0,True,MAIN_FROZEN_T5,PENDING
Allen VBN|1104289498|MEAN_RATE_LINEAR_SVM|0|TEMPORAL|5|1,Allen VBN,563497,1104289498,SVM,MEAN_RATE_LINEAR_SVM,0,TEMPORAL,5,bins,1,True,MAIN_FROZEN_T5,PENDING
Allen VBN|1104289498|MEAN_RATE_LINEAR_SVM|0|TEMPORAL|5|2,Allen VBN,563497,1104289498,SVM,MEAN_RATE_LINEAR_SVM,0,TEMPORAL,5,bins,2,True,MAIN_FROZEN_T5,PENDING
Allen VBN|1104289498|MEAN_RATE_LINEAR_SVM|0|TEMPORAL|5|3,Allen VBN,563497,1104289498,SVM,MEAN_RATE_LINEAR_SVM,0,TEMPORAL,5,bins,3,True,MAIN_FROZEN_T5,PENDING
Allen VBN|1104289498|MEAN_RATE_LINEAR_SVM|0|TEMPORAL|5|4,Allen VBN,563497,1104289498,SVM,MEAN_RATE_LINEAR_SVM,0,TEMPORAL,5,bins,4,True,MAIN_FROZEN_T5,PENDING
Allen VBN|1104289498|MEAN_RATE_LINEAR_SVM|0|TEMPORAL|7|0,Allen VBN,563497,1104289498,SVM,MEAN_RATE_LINEAR_SVM,0,TEMPORAL,7,bins,0,False,NEW_SUPP_S1_FIXED_SEED,PENDING
Allen VBN|1104289498|MEAN_RATE_LINEAR_SVM|0|TEMPORAL|7|1,Allen VBN,563497,1104289498,SVM,MEAN_RATE_LINEAR_SVM,0,TEMPORAL,7,bins,1,False,NEW_SUPP_S1_FIXED_SEED,PENDING
Allen VBN|1104289498|MEAN_RATE_LINEAR_SVM|0|TEMPORAL|7|2,Allen VBN,563497,1104289498,SVM,MEAN_RATE_LINEAR_SVM,0,TEMPORAL,7,bins,2,False,NEW_SUPP_S1_FIXED_SEED,PENDING
Allen VBN|1104289498|MEAN_RATE_LINEAR_SVM|0|TEMPORAL|7|3,Allen VBN,563497,1104289498,SVM,MEAN_RATE_LINEAR_SVM,0,TEMPORAL,7,bins,3,False,NEW_SUPP_S1_FIXED_SEED,PENDING
Allen VBN|1104289498|MEAN_RATE_LINEAR_SVM|0|TEMPORAL|7|4,Allen VBN,563497,1104289498,SVM,MEAN_RATE_LINEAR_SVM,0,TEMPORAL,7,bins,4,False,NEW_SUPP_S1_FIXED_SEED,PENDING
Allen VBN|1104289498|MEAN_RATE_LINEAR_SVM|0|TEMPORAL|10|0,Allen VBN,563497,1104289498,SVM,MEAN_RATE_LINEAR_SVM,0,TEMPORAL,10,bins,0,False,NEW_SUPP_S1_FIXED_SEED,PENDING
Allen VBN|1104289498|MEAN_RATE_LINEAR_SVM|0|TEMPORAL|10|1,Allen VBN,563497,1104289498,SVM,MEAN_RATE_LINEAR_SVM,0,TEMPORAL,10,bins,1,False,NEW_SUPP_S1_FIXED_SEED,PENDING
Allen VBN|1104289498|MEAN_RATE_LINEAR_SVM|0|TEMPORAL|10|2,Allen VBN,563497,1104289498,SVM,MEAN_RATE_LINEAR_SVM,0,TEMPORAL,10,bins,2,False,NEW_SUPP_S1_FIXED_SEED,PENDING
Allen VBN|1104289498|MEAN_RATE_LINEAR_SVM|0|TEMPORAL|10|3,Allen VBN,563497,1104289498,SVM,MEAN_RATE_LINEAR_SVM,0,TEMPORAL,10,bins,3,False,NEW_SUPP_S1_FIXED_SEED,PENDING
Allen VBN|1104289498|MEAN_RATE_LINEAR_SVM|0|TEMPORAL|10|4,Allen VBN,563497,1104289498,SVM,MEAN_RATE_LINEAR_SVM,0,TEMPORAL,10,bins,4,False,NEW_SUPP_S1_FIXED_SEED,PENDING
Allen VBN|1104289498|MEAN_RATE_LINEAR_SVM|1|CLEAN|0,Allen VBN,563497,1104289498,SVM,MEAN_RATE_LINEAR_SVM,1,CLEAN_REFERENCE,0,none,0,False,R4_CLEAN_REFERENCE,PENDING
Allen VBN|1104289498|MEAN_RATE_LINEAR_SVM|1|UNIT|0.1|0,Allen VBN,563497,1104289498,SVM,MEAN_RATE_LINEAR_SVM,1,UNIT,0.1,proportion,0,False,NEW_SUPP_S1_FIXED_SEED,PENDING
Allen VBN|1104289498|MEAN_RATE_LINEAR_SVM|1|UNIT|0.1|1,Allen VBN,563497,1104289498,SVM,MEAN_RATE_LINEAR_SVM,1,UNIT,0.1,proportion,1,False,NEW_SUPP_S1_FIXED_SEED,PENDING
Allen VBN|1104289498|MEAN_RATE_LINEAR_SVM|1|UNIT|0.1|2,Allen VBN,563497,1104289498,SVM,MEAN_RATE_LINEAR_SVM,1,UNIT,0.1,proportion,2,False,NEW_SUPP_S1_FIXED_SEED,PENDING
Allen VBN|1104289498|MEAN_RATE_LINEAR_SVM|1|UNIT|0.1|3,Allen VBN,563497,1104289498,SVM,MEAN_RATE_LINEAR_SVM,1,UNIT,0.1,proportion,3,False,NEW_SUPP_S1_FIXED_SEED,PENDING
Allen VBN|1104289498|MEAN_RATE_LINEAR_SVM|1|UNIT|0.1|4,Allen VBN,563497,1104289498,SVM,MEAN_RATE_LINEAR_SVM,1,UNIT,0.1,proportion,4,False,NEW_SUPP_S1_FIXED_SEED,PENDING
Allen VBN|1104289498|MEAN_RATE_LINEAR_SVM|1|UNIT|0.2|0,Allen VBN,563497,1104289498,SVM,MEAN_RATE_LINEAR_SVM,1,UNIT,0.2,proportion,0,False,NEW_SUPP_S1_FIXED_SEED,PENDING
Allen VBN|1104289498|MEAN_RATE_LINEAR_SVM|1|UNIT|0.2|1,Allen VBN,563497,1104289498,SVM,MEAN_RATE_LINEAR_SVM,1,UNIT,0.2,proportion,1,False,NEW_SUPP_S1_FIXED_SEED,PENDING
Allen VBN|1104289498|MEAN_RATE_LINEAR_SVM|1|UNIT|0.2|2,Allen VBN,563497,1104289498,SVM,MEAN_RATE_LINEAR_SVM,1,UNIT,0.2,proportion,2,False,NEW_SUPP_S1_FIXED_SEED,PENDING
Allen VBN|1104289498|MEAN_RATE_LINEAR_SVM|1|UNIT|0.2|3,Allen VBN,563497,1104289498,SVM,MEAN_RATE_LINEAR_SVM,1,UNIT,0.2,proportion,3,False,NEW_SUPP_S1_FIXED_SEED,PENDING
Allen VBN|1104289498|MEAN_RATE_LINEAR_SVM|1|UNIT|0.2|4,Allen VBN,563497,1104289498,SVM,MEAN_RATE_LINEAR_SVM,1,UNIT,0.2,proportion,4,False,NEW_SUPP_S1_FIXED_SEED,PENDING
Allen VBN|1104289498|MEAN_RATE_LINEAR_SVM|1|UNIT|0.3|0,Allen VBN,563497,1104289498,SVM,MEAN_RATE_LINEAR_SVM,1,UNIT,0.3,proportion,0,True,MAIN_FROZEN_U30,PENDING
Allen VBN|1104289498|MEAN_RATE_LINEAR_SVM|1|UNIT|0.3|1,Allen VBN,563497,1104289498,SVM,MEAN_RATE_LINEAR_SVM,1,UNIT,0.3,proportion,1,True,MAIN_FROZEN_U30,PENDING
Allen VBN|1104289498|MEAN_RATE_LINEAR_SVM|1|UNIT|0.3|2,Allen VBN,563497,1104289498,SVM,MEAN_RATE_LINEAR_SVM,1,UNIT,0.3,proportion,2,True,MAIN_FROZEN_U30,PENDING
Allen VBN|1104289498|MEAN_RATE_LINEAR_SVM|1|UNIT|0.3|3,Allen VBN,563497,1104289498,SVM,MEAN_RATE_LINEAR_SVM,1,UNIT,0.3,proportion,3,True,MAIN_FROZEN_U30,PENDING
Allen VBN|1104289498|MEAN_RATE_LINEAR_SVM|1|UNIT|0.3|4,Allen VBN,563497,1104289498,SVM,MEAN_RATE_LINEAR_SVM,1,UNIT,0.3,proportion,4,True,MAIN_FROZEN_U30,PENDING
Allen VBN|1104289498|MEAN_RATE_LINEAR_SVM|1|UNIT|0.4|0,Allen VBN,563497,1104289498,SVM,MEAN_RATE_LINEAR_SVM,1,UNIT,0.4,proportion,0,False,NEW_SUPP_S1_FIXED_SEED,PENDING
Allen VBN|1104289498|MEAN_RATE_LINEAR_SVM|1|UNIT|0.4|1,Allen VBN,563497,1104289498,SVM,MEAN_RATE_LINEAR_SVM,1,UNIT,0.4,proportion,1,False,NEW_SUPP_S1_FIXED_SEED,PENDING
Allen VBN|1104289498|MEAN_RATE_LINEAR_SVM|1|UNIT|0.4|2,Allen VBN,563497,1104289498,SVM,MEAN_RATE_LINEAR_SVM,1,UNIT,0.4,proportion,2,False,NEW_SUPP_S1_FIXED_SEED,PENDING
Allen VBN|1104289498|MEAN_RATE_LINEAR_SVM|1|UNIT|0.4|3,Allen VBN,563497,1104289498,SVM,MEAN_RATE_LINEAR_SVM,1,UNIT,0.4,proportion,3,False,NEW_SUPP_S1_FIXED_SEED,PENDING
Allen VBN|1104289498|MEAN_RATE_LINEAR_SVM|1|UNIT|0.4|4,Allen VBN,563497,1104289498,SVM,MEAN_RATE_LINEAR_SVM,1,UNIT,0.4,proportion,4,False,NEW_SUPP_S1_FIXED_SEED,PENDING
Allen VBN|1104289498|MEAN_RATE_LINEAR_SVM|1|UNIT|0.5|0,Allen VBN,563497,1104289498,SVM,MEAN_RATE_LINEAR_SVM,1,UNIT,0.5,proportion,0,False,NEW_SUPP_S1_FIXED_SEED,PENDING
Allen VBN|1104289498|MEAN_RATE_LINEAR_SVM|1|UNIT|0.5|1,Allen VBN,563497,1104289498,SVM,MEAN_RATE_LINEAR_SVM,1,UNIT,0.5,proportion,1,False,NEW_SUPP_S1_FIXED_SEED,PENDING
Allen VBN|1104289498|MEAN_RATE_LINEAR_SVM|1|UNIT|0.5|2,Allen VBN,563497,1104289498,SVM,MEAN_RATE_LINEAR_SVM,1,UNIT,0.5,proportion,2,False,NEW_SUPP_S1_FIXED_SEED,PENDING
Allen VBN|1104289498|MEAN_RATE_LINEAR_SVM|1|UNIT|0.5|3,Allen VBN,563497,1104289498,SVM,MEAN_RATE_LINEAR_SVM,1,UNIT,0.5,proportion,3,False,NEW_SUPP_S1_FIXED_SEED,PENDING
Allen VBN|1104289498|MEAN_RATE_LINEAR_SVM|1|UNIT|0.5|4,Allen VBN,563497,1104289498,SVM,MEAN_RATE_LINEAR_SVM,1,UNIT,0.5,proportion,4,False,NEW_SUPP_S1_FIXED_SEED,PENDING
Allen VBN|1104289498|MEAN_RATE_LINEAR_SVM|1|TEMPORAL|2|0,Allen VBN,563497,1104289498,SVM,MEAN_RATE_LINEAR_SVM,1,TEMPORAL,2,bins,0,False,NEW_SUPP_S1_FIXED_SEED,PENDING
Allen VBN|1104289498|MEAN_RATE_LINEAR_SVM|1|TEMPORAL|2|1,Allen VBN,563497,1104289498,SVM,MEAN_RATE_LINEAR_SVM,1,TEMPORAL,2,bins,1,False,NEW_SUPP_S1_FIXED_SEED,PENDING
Allen VBN|1104289498|MEAN_RATE_LINEAR_SVM|1|TEMPORAL|2|2,Allen VBN,563497,1104289498,SVM,MEAN_RATE_LINEAR_SVM,1,TEMPORAL,2,bins,2,False,NEW_SUPP_S1_FIXED_SEED,PENDING
Allen VBN|1104289498|MEAN_RATE_LINEAR_SVM|1|TEMPORAL|2|3,Allen VBN,563497,1104289498,SVM,MEAN_RATE_LINEAR_SVM,1,TEMPORAL,2,bins,3,False,NEW_SUPP_S1_FIXED_SEED,PENDING
Allen VBN|1104289498|MEAN_RATE_LINEAR_SVM|1|TEMPORAL|2|4,Allen VBN,563497,1104289498,SVM,MEAN_RATE_LINEAR_SVM,1,TEMPORAL,2,bins,4,False,NEW_SUPP_S1_FIXED_SEED,PENDING
Allen VBN|1104289498|MEAN_RATE_LINEAR_SVM|1|TEMPORAL|3|0,Allen VBN,563497,1104289498,SVM,MEAN_RATE_LINEAR_SVM,1,TEMPORAL,3,bins,0,False,NEW_SUPP_S1_FIXED_SEED,PENDING
Allen VBN|1104289498|MEAN_RATE_LINEAR_SVM|1|TEMPORAL|3|1,Allen VBN,563497,1104289498,SVM,MEAN_RATE_LINEAR_SVM,1,TEMPORAL,3,bins,1,False,NEW_SUPP_S1_FIXED_SEED,PENDING
Allen VBN|1104289498|MEAN_RATE_LINEAR_SVM|1|TEMPORAL|3|2,Allen VBN,563497,1104289498,SVM,MEAN_RATE_LINEAR_SVM,1,TEMPORAL,3,bins,2,False,NEW_SUPP_S1_FIXED_SEED,PENDING
Allen VBN|1104289498|MEAN_RATE_LINEAR_SVM|1|TEMPORAL|3|3,Allen VBN,563497,1104289498,SVM,MEAN_RATE_LINEAR_SVM,1,TEMPORAL,3,bins,3,False,NEW_SUPP_S1_FIXED_SEED,PENDING
Allen VBN|1104289498|MEAN_RATE_LINEAR_SVM|1|TEMPORAL|3|4,Allen VBN,563497,1104289498,SVM,MEAN_RATE_LINEAR_SVM,1,TEMPORAL,3,bins,4,False,NEW_SUPP_S1_FIXED_SEED,PENDING
Allen VBN|1104289498|MEAN_RATE_LINEAR_SVM|1|TEMPORAL|5|0,Allen VBN,563497,1104289498,SVM,MEAN_RATE_LINEAR_SVM,1,TEMPORAL,5,bins,0,True,MAIN_FROZEN_T5,PENDING
Allen VBN|1104289498|MEAN_RATE_LINEAR_SVM|1|TEMPORAL|5|1,Allen VBN,563497,1104289498,SVM,MEAN_RATE_LINEAR_SVM,1,TEMPORAL,5,bins,1,True,MAIN_FROZEN_T5,PENDING
Allen VBN|1104289498|MEAN_RATE_LINEAR_SVM|1|TEMPORAL|5|2,Allen VBN,563497,1104289498,SVM,MEAN_RATE_LINEAR_SVM,1,TEMPORAL,5,bins,2,True,MAIN_FROZEN_T5,PENDING
Allen VBN|1104289498|MEAN_RATE_LINEAR_SVM|1|TEMPORAL|5|3,Allen VBN,563497,1104289498,SVM,MEAN_RATE_LINEAR_SVM,1,TEMPORAL,5,bins,3,True,MAIN_FROZEN_T5,PENDING
Allen VBN|1104289498|MEAN_RATE_LINEAR_SVM|1|TEMPORAL|5|4,Allen VBN,563497,1104289498,SVM,MEAN_RATE_LINEAR_SVM,1,TEMPORAL,5,bins,4,True,MAIN_FROZEN_T5,PENDING
Allen VBN|1104289498|MEAN_RATE_LINEAR_SVM|1|TEMPORAL|7|0,Allen VBN,563497,1104289498,SVM,MEAN_RATE_LINEAR_SVM,1,TEMPORAL,7,bins,0,False,NEW_SUPP_S1_FIXED_SEED,PENDING
Allen VBN|1104289498|MEAN_RATE_LINEAR_SVM|1|TEMPORAL|7|1,Allen VBN,563497,1104289498,SVM,MEAN_RATE_LINEAR_SVM,1,TEMPORAL,7,bins,1,False,NEW_SUPP_S1_FIXED_SEED,PENDING
Allen VBN|1104289498|MEAN_RATE_LINEAR_SVM|1|TEMPORAL|7|2,Allen VBN,563497,1104289498,SVM,MEAN_RATE_LINEAR_SVM,1,TEMPORAL,7,bins,2,False,NEW_SUPP_S1_FIXED_SEED,PENDING
Allen VBN|1104289498|MEAN_RATE_LINEAR_SVM|1|TEMPORAL|7|3,Allen VBN,563497,1104289498,SVM,MEAN_RATE_LINEAR_SVM,1,TEMPORAL,7,bins,3,False,NEW_SUPP_S1_FIXED_SEED,PENDING
Allen VBN|1104289498|MEAN_RATE_LINEAR_SVM|1|TEMPORAL|7|4,Allen VBN,563497,1104289498,SVM,MEAN_RATE_LINEAR_SVM,1,TEMPORAL,7,bins,4,False,NEW_SUPP_S1_FIXED_SEED,PENDING
Allen VBN|1104289498|MEAN_RATE_LINEAR_SVM|1|TEMPORAL|10|0,Allen VBN,563497,1104289498,SVM,MEAN_RATE_LINEAR_SVM,1,TEMPORAL,10,bins,0,False,NEW_SUPP_S1_FIXED_SEED,PENDING
Allen VBN|1104289498|MEAN_RATE_LINEAR_SVM|1|TEMPORAL|10|1,Allen VBN,563497,1104289498,SVM,MEAN_RATE_LINEAR_SVM,1,TEMPORAL,10,bins,1,False,NEW_SUPP_S1_FIXED_SEED,PENDING
Allen VBN|1104289498|MEAN_RATE_LINEAR_SVM|1|TEMPORAL|10|2,Allen VBN,563497,1104289498,SVM,MEAN_RATE_LINEAR_SVM,1,TEMPORAL,10,bins,2,False,NEW_SUPP_S1_FIXED_SEED,PENDING
Allen VBN|1104289498|MEAN_RATE_LINEAR_SVM|1|TEMPORAL|10|3,Allen VBN,563497,1104289498,SVM,MEAN_RATE_LINEAR_SVM,1,TEMPORAL,10,bins,3,False,NEW_SUPP_S1_FIXED_SEED,PENDING
Allen VBN|1104289498|MEAN_RATE_LINEAR_SVM|1|TEMPORAL|10|4,Allen VBN,563497,1104289498,SVM,MEAN_RATE_LINEAR_SVM,1,TEMPORAL,10,bins,4,False,NEW_SUPP_S1_FIXED_SEED,PENDING
Allen VBN|1104058216|MM_RVD_A9_SELECTED_R6|0|CLEAN|0,Allen VBN,563497,1104058216,MM-RVD,MM_RVD_A9_SELECTED_R6,0,CLEAN_REFERENCE,0,none,0,False,R4_CLEAN_REFERENCE,PENDING
Allen VBN|1104058216|MM_RVD_A9_SELECTED_R6|0|UNIT|0.1|0,Allen VBN,563497,1104058216,MM-RVD,MM_RVD_A9_SELECTED_R6,0,UNIT,0.1,proportion,0,False,NEW_SUPP_S1_FIXED_SEED,PENDING
Allen VBN|1104058216|MM_RVD_A9_SELECTED_R6|0|UNIT|0.1|1,Allen VBN,563497,1104058216,MM-RVD,MM_RVD_A9_SELECTED_R6,0,UNIT,0.1,proportion,1,False,NEW_SUPP_S1_FIXED_SEED,PENDING
Allen VBN|1104058216|MM_RVD_A9_SELECTED_R6|0|UNIT|0.1|2,Allen VBN,563497,1104058216,MM-RVD,MM_RVD_A9_SELECTED_R6,0,UNIT,0.1,proportion,2,False,NEW_SUPP_S1_FIXED_SEED,PENDING
Allen VBN|1104058216|MM_RVD_A9_SELECTED_R6|0|UNIT|0.1|3,Allen VBN,563497,1104058216,MM-RVD,MM_RVD_A9_SELECTED_R6,0,UNIT,0.1,proportion,3,False,NEW_SUPP_S1_FIXED_SEED,PENDING
Allen VBN|1104058216|MM_RVD_A9_SELECTED_R6|0|UNIT|0.1|4,Allen VBN,563497,1104058216,MM-RVD,MM_RVD_A9_SELECTED_R6,0,UNIT,0.1,proportion,4,False,NEW_SUPP_S1_FIXED_SEED,PENDING
Allen VBN|1104058216|MM_RVD_A9_SELECTED_R6|0|UNIT|0.2|0,Allen VBN,563497,1104058216,MM-RVD,MM_RVD_A9_SELECTED_R6,0,UNIT,0.2,proportion,0,False,NEW_SUPP_S1_FIXED_SEED,PENDING
Allen VBN|1104058216|MM_RVD_A9_SELECTED_R6|0|UNIT|0.2|1,Allen VBN,563497,1104058216,MM-RVD,MM_RVD_A9_SELECTED_R6,0,UNIT,0.2,proportion,1,False,NEW_SUPP_S1_FIXED_SEED,PENDING
Allen VBN|1104058216|MM_RVD_A9_SELECTED_R6|0|UNIT|0.2|2,Allen VBN,563497,1104058216,MM-RVD,MM_RVD_A9_SELECTED_R6,0,UNIT,0.2,proportion,2,False,NEW_SUPP_S1_FIXED_SEED,PENDING
Allen VBN|1104058216|MM_RVD_A9_SELECTED_R6|0|UNIT|0.2|3,Allen VBN,563497,1104058216,MM-RVD,MM_RVD_A9_SELECTED_R6,0,UNIT,0.2,proportion,3,False,NEW_SUPP_S1_FIXED_SEED,PENDING
Allen VBN|1104058216|MM_RVD_A9_SELECTED_R6|0|UNIT|0.2|4,Allen VBN,563497,1104058216,MM-RVD,MM_RVD_A9_SELECTED_R6,0,UNIT,0.2,proportion,4,False,NEW_SUPP_S1_FIXED_SEED,PENDING
Allen VBN|1104058216|MM_RVD_A9_SELECTED_R6|0|UNIT|0.3|0,Allen VBN,563497,1104058216,MM-RVD,MM_RVD_A9_SELECTED_R6,0,UNIT,0.3,proportion,0,True,MAIN_FROZEN_U30,PENDING
Allen VBN|1104058216|MM_RVD_A9_SELECTED_R6|0|UNIT|0.3|1,Allen VBN,563497,1104058216,MM-RVD,MM_RVD_A9_SELECTED_R6,0,UNIT,0.3,proportion,1,True,MAIN_FROZEN_U30,PENDING
Allen VBN|1104058216|MM_RVD_A9_SELECTED_R6|0|UNIT|0.3|2,Allen VBN,563497,1104058216,MM-RVD,MM_RVD_A9_SELECTED_R6,0,UNIT,0.3,proportion,2,True,MAIN_FROZEN_U30,PENDING
Allen VBN|1104058216|MM_RVD_A9_SELECTED_R6|0|UNIT|0.3|3,Allen VBN,563497,1104058216,MM-RVD,MM_RVD_A9_SELECTED_R6,0,UNIT,0.3,proportion,3,True,MAIN_FROZEN_U30,PENDING
Allen VBN|1104058216|MM_RVD_A9_SELECTED_R6|0|UNIT|0.3|4,Allen VBN,563497,1104058216,MM-RVD,MM_RVD_A9_SELECTED_R6,0,UNIT,0.3,proportion,4,True,MAIN_FROZEN_U30,PENDING
Allen VBN|1104058216|MM_RVD_A9_SELECTED_R6|0|UNIT|0.4|0,Allen VBN,563497,1104058216,MM-RVD,MM_RVD_A9_SELECTED_R6,0,UNIT,0.4,proportion,0,False,NEW_SUPP_S1_FIXED_SEED,PENDING
Allen VBN|1104058216|MM_RVD_A9_SELECTED_R6|0|UNIT|0.4|1,Allen VBN,563497,1104058216,MM-RVD,MM_RVD_A9_SELECTED_R6,0,UNIT,0.4,proportion,1,False,NEW_SUPP_S1_FIXED_SEED,PENDING
Allen VBN|1104058216|MM_RVD_A9_SELECTED_R6|0|UNIT|0.4|2,Allen VBN,563497,1104058216,MM-RVD,MM_RVD_A9_SELECTED_R6,0,UNIT,0.4,proportion,2,False,NEW_SUPP_S1_FIXED_SEED,PENDING
Allen VBN|1104058216|MM_RVD_A9_SELECTED_R6|0|UNIT|0.4|3,Allen VBN,563497,1104058216,MM-RVD,MM_RVD_A9_SELECTED_R6,0,UNIT,0.4,proportion,3,False,NEW_SUPP_S1_FIXED_SEED,PENDING
Allen VBN|1104058216|MM_RVD_A9_SELECTED_R6|0|UNIT|0.4|4,Allen VBN,563497,1104058216,MM-RVD,MM_RVD_A9_SELECTED_R6,0,UNIT,0.4,proportion,4,False,NEW_SUPP_S1_FIXED_SEED,PENDING
Allen VBN|1104058216|MM_RVD_A9_SELECTED_R6|0|UNIT|0.5|0,Allen VBN,563497,1104058216,MM-RVD,MM_RVD_A9_SELECTED_R6,0,UNIT,0.5,proportion,0,False,NEW_SUPP_S1_FIXED_SEED,PENDING
Allen VBN|1104058216|MM_RVD_A9_SELECTED_R6|0|UNIT|0.5|1,Allen VBN,563497,1104058216,MM-RVD,MM_RVD_A9_SELECTED_R6,0,UNIT,0.5,proportion,1,False,NEW_SUPP_S1_FIXED_SEED,PENDING
Allen VBN|1104058216|MM_RVD_A9_SELECTED_R6|0|UNIT|0.5|2,Allen VBN,563497,1104058216,MM-RVD,MM_RVD_A9_SELECTED_R6,0,UNIT,0.5,proportion,2,False,NEW_SUPP_S1_FIXED_SEED,PENDING
Allen VBN|1104058216|MM_RVD_A9_SELECTED_R6|0|UNIT|0.5|3,Allen VBN,563497,1104058216,MM-RVD,MM_RVD_A9_SELECTED_R6,0,UNIT,0.5,proportion,3,False,NEW_SUPP_S1_FIXED_SEED,PENDING
Allen VBN|1104058216|MM_RVD_A9_SELECTED_R6|0|UNIT|0.5|4,Allen VBN,563497,1104058216,MM-RVD,MM_RVD_A9_SELECTED_R6,0,UNIT,0.5,proportion,4,False,NEW_SUPP_S1_FIXED_SEED,PENDING
Allen VBN|1104058216|MM_RVD_A9_SELECTED_R6|0|TEMPORAL|2|0,Allen VBN,563497,1104058216,MM-RVD,MM_RVD_A9_SELECTED_R6,0,TEMPORAL,2,bins,0,False,NEW_SUPP_S1_FIXED_SEED,PENDING
Allen VBN|1104058216|MM_RVD_A9_SELECTED_R6|0|TEMPORAL|2|1,Allen VBN,563497,1104058216,MM-RVD,MM_RVD_A9_SELECTED_R6,0,TEMPORAL,2,bins,1,False,NEW_SUPP_S1_FIXED_SEED,PENDING
Allen VBN|1104058216|MM_RVD_A9_SELECTED_R6|0|TEMPORAL|2|2,Allen VBN,563497,1104058216,MM-RVD,MM_RVD_A9_SELECTED_R6,0,TEMPORAL,2,bins,2,False,NEW_SUPP_S1_FIXED_SEED,PENDING
Allen VBN|1104058216|MM_RVD_A9_SELECTED_R6|0|TEMPORAL|2|3,Allen VBN,563497,1104058216,MM-RVD,MM_RVD_A9_SELECTED_R6,0,TEMPORAL,2,bins,3,False,NEW_SUPP_S1_FIXED_SEED,PENDING
Allen VBN|1104058216|MM_RVD_A9_SELECTED_R6|0|TEMPORAL|2|4,Allen VBN,563497,1104058216,MM-RVD,MM_RVD_A9_SELECTED_R6,0,TEMPORAL,2,bins,4,False,NEW_SUPP_S1_FIXED_SEED,PENDING
Allen VBN|1104058216|MM_RVD_A9_SELECTED_R6|0|TEMPORAL|3|0,Allen VBN,563497,1104058216,MM-RVD,MM_RVD_A9_SELECTED_R6,0,TEMPORAL,3,bins,0,False,NEW_SUPP_S1_FIXED_SEED,PENDING
Allen VBN|1104058216|MM_RVD_A9_SELECTED_R6|0|TEMPORAL|3|1,Allen VBN,563497,1104058216,MM-RVD,MM_RVD_A9_SELECTED_R6,0,TEMPORAL,3,bins,1,False,NEW_SUPP_S1_FIXED_SEED,PENDING
Allen VBN|1104058216|MM_RVD_A9_SELECTED_R6|0|TEMPORAL|3|2,Allen VBN,563497,1104058216,MM-RVD,MM_RVD_A9_SELECTED_R6,0,TEMPORAL,3,bins,2,False,NEW_SUPP_S1_FIXED_SEED,PENDING
Allen VBN|1104058216|MM_RVD_A9_SELECTED_R6|0|TEMPORAL|3|3,Allen VBN,563497,1104058216,MM-RVD,MM_RVD_A9_SELECTED_R6,0,TEMPORAL,3,bins,3,False,NEW_SUPP_S1_FIXED_SEED,PENDING
Allen VBN|1104058216|MM_RVD_A9_SELECTED_R6|0|TEMPORAL|3|4,Allen VBN,563497,1104058216,MM-RVD,MM_RVD_A9_SELECTED_R6,0,TEMPORAL,3,bins,4,False,NEW_SUPP_S1_FIXED_SEED,PENDING
Allen VBN|1104058216|MM_RVD_A9_SELECTED_R6|0|TEMPORAL|5|0,Allen VBN,563497,1104058216,MM-RVD,MM_RVD_A9_SELECTED_R6,0,TEMPORAL,5,bins,0,True,MAIN_FROZEN_T5,PENDING
Allen VBN|1104058216|MM_RVD_A9_SELECTED_R6|0|TEMPORAL|5|1,Allen VBN,563497,1104058216,MM-RVD,MM_RVD_A9_SELECTED_R6,0,TEMPORAL,5,bins,1,True,MAIN_FROZEN_T5,PENDING
Allen VBN|1104058216|MM_RVD_A9_SELECTED_R6|0|TEMPORAL|5|2,Allen VBN,563497,1104058216,MM-RVD,MM_RVD_A9_SELECTED_R6,0,TEMPORAL,5,bins,2,True,MAIN_FROZEN_T5,PENDING
Allen VBN|1104058216|MM_RVD_A9_SELECTED_R6|0|TEMPORAL|5|3,Allen VBN,563497,1104058216,MM-RVD,MM_RVD_A9_SELECTED_R6,0,TEMPORAL,5,bins,3,True,MAIN_FROZEN_T5,PENDING
Allen VBN|1104058216|MM_RVD_A9_SELECTED_R6|0|TEMPORAL|5|4,Allen VBN,563497,1104058216,MM-RVD,MM_RVD_A9_SELECTED_R6,0,TEMPORAL,5,bins,4,True,MAIN_FROZEN_T5,PENDING
Allen VBN|1104058216|MM_RVD_A9_SELECTED_R6|0|TEMPORAL|7|0,Allen VBN,563497,1104058216,MM-RVD,MM_RVD_A9_SELECTED_R6,0,TEMPORAL,7,bins,0,False,NEW_SUPP_S1_FIXED_SEED,PENDING
Allen VBN|1104058216|MM_RVD_A9_SELECTED_R6|0|TEMPORAL|7|1,Allen VBN,563497,1104058216,MM-RVD,MM_RVD_A9_SELECTED_R6,0,TEMPORAL,7,bins,1,False,NEW_SUPP_S1_FIXED_SEED,PENDING
Allen VBN|1104058216|MM_RVD_A9_SELECTED_R6|0|TEMPORAL|7|2,Allen VBN,563497,1104058216,MM-RVD,MM_RVD_A9_SELECTED_R6,0,TEMPORAL,7,bins,2,False,NEW_SUPP_S1_FIXED_SEED,PENDING
Allen VBN|1104058216|MM_RVD_A9_SELECTED_R6|0|TEMPORAL|7|3,Allen VBN,563497,1104058216,MM-RVD,MM_RVD_A9_SELECTED_R6,0,TEMPORAL,7,bins,3,False,NEW_SUPP_S1_FIXED_SEED,PENDING
Allen VBN|1104058216|MM_RVD_A9_SELECTED_R6|0|TEMPORAL|7|4,Allen VBN,563497,1104058216,MM-RVD,MM_RVD_A9_SELECTED_R6,0,TEMPORAL,7,bins,4,False,NEW_SUPP_S1_FIXED_SEED,PENDING
Allen VBN|1104058216|MM_RVD_A9_SELECTED_R6|0|TEMPORAL|10|0,Allen VBN,563497,1104058216,MM-RVD,MM_RVD_A9_SELECTED_R6,0,TEMPORAL,10,bins,0,False,NEW_SUPP_S1_FIXED_SEED,PENDING
Allen VBN|1104058216|MM_RVD_A9_SELECTED_R6|0|TEMPORAL|10|1,Allen VBN,563497,1104058216,MM-RVD,MM_RVD_A9_SELECTED_R6,0,TEMPORAL,10,bins,1,False,NEW_SUPP_S1_FIXED_SEED,PENDING
Allen VBN|1104058216|MM_RVD_A9_SELECTED_R6|0|TEMPORAL|10|2,Allen VBN,563497,1104058216,MM-RVD,MM_RVD_A9_SELECTED_R6,0,TEMPORAL,10,bins,2,False,NEW_SUPP_S1_FIXED_SEED,PENDING
Allen VBN|1104058216|MM_RVD_A9_SELECTED_R6|0|TEMPORAL|10|3,Allen VBN,563497,1104058216,MM-RVD,MM_RVD_A9_SELECTED_R6,0,TEMPORAL,10,bins,3,False,NEW_SUPP_S1_FIXED_SEED,PENDING
Allen VBN|1104058216|MM_RVD_A9_SELECTED_R6|0|TEMPORAL|10|4,Allen VBN,563497,1104058216,MM-RVD,MM_RVD_A9_SELECTED_R6,0,TEMPORAL,10,bins,4,False,NEW_SUPP_S1_FIXED_SEED,PENDING
Allen VBN|1104058216|MM_RVD_A9_SELECTED_R6|1|CLEAN|0,Allen VBN,563497,1104058216,MM-RVD,MM_RVD_A9_SELECTED_R6,1,CLEAN_REFERENCE,0,none,0,False,R4_CLEAN_REFERENCE,PENDING
Allen VBN|1104058216|MM_RVD_A9_SELECTED_R6|1|UNIT|0.1|0,Allen VBN,563497,1104058216,MM-RVD,MM_RVD_A9_SELECTED_R6,1,UNIT,0.1,proportion,0,False,NEW_SUPP_S1_FIXED_SEED,PENDING
Allen VBN|1104058216|MM_RVD_A9_SELECTED_R6|1|UNIT|0.1|1,Allen VBN,563497,1104058216,MM-RVD,MM_RVD_A9_SELECTED_R6,1,UNIT,0.1,proportion,1,False,NEW_SUPP_S1_FIXED_SEED,PENDING
Allen VBN|1104058216|MM_RVD_A9_SELECTED_R6|1|UNIT|0.1|2,Allen VBN,563497,1104058216,MM-RVD,MM_RVD_A9_SELECTED_R6,1,UNIT,0.1,proportion,2,False,NEW_SUPP_S1_FIXED_SEED,PENDING
Allen VBN|1104058216|MM_RVD_A9_SELECTED_R6|1|UNIT|0.1|3,Allen VBN,563497,1104058216,MM-RVD,MM_RVD_A9_SELECTED_R6,1,UNIT,0.1,proportion,3,False,NEW_SUPP_S1_FIXED_SEED,PENDING
Allen VBN|1104058216|MM_RVD_A9_SELECTED_R6|1|UNIT|0.1|4,Allen VBN,563497,1104058216,MM-RVD,MM_RVD_A9_SELECTED_R6,1,UNIT,0.1,proportion,4,False,NEW_SUPP_S1_FIXED_SEED,PENDING
Allen VBN|1104058216|MM_RVD_A9_SELECTED_R6|1|UNIT|0.2|0,Allen VBN,563497,1104058216,MM-RVD,MM_RVD_A9_SELECTED_R6,1,UNIT,0.2,proportion,0,False,NEW_SUPP_S1_FIXED_SEED,PENDING
Allen VBN|1104058216|MM_RVD_A9_SELECTED_R6|1|UNIT|0.2|1,Allen VBN,563497,1104058216,MM-RVD,MM_RVD_A9_SELECTED_R6,1,UNIT,0.2,proportion,1,False,NEW_SUPP_S1_FIXED_SEED,PENDING
Allen VBN|1104058216|MM_RVD_A9_SELECTED_R6|1|UNIT|0.2|2,Allen VBN,563497,1104058216,MM-RVD,MM_RVD_A9_SELECTED_R6,1,UNIT,0.2,proportion,2,False,NEW_SUPP_S1_FIXED_SEED,PENDING
Allen VBN|1104058216|MM_RVD_A9_SELECTED_R6|1|UNIT|0.2|3,Allen VBN,563497,1104058216,MM-RVD,MM_RVD_A9_SELECTED_R6,1,UNIT,0.2,proportion,3,False,NEW_SUPP_S1_FIXED_SEED,PENDING
Allen VBN|1104058216|MM_RVD_A9_SELECTED_R6|1|UNIT|0.2|4,Allen VBN,563497,1104058216,MM-RVD,MM_RVD_A9_SELECTED_R6,1,UNIT,0.2,proportion,4,False,NEW_SUPP_S1_FIXED_SEED,PENDING
Allen VBN|1104058216|MM_RVD_A9_SELECTED_R6|1|UNIT|0.3|0,Allen VBN,563497,1104058216,MM-RVD,MM_RVD_A9_SELECTED_R6,1,UNIT,0.3,proportion,0,True,MAIN_FROZEN_U30,PENDING
Allen VBN|1104058216|MM_RVD_A9_SELECTED_R6|1|UNIT|0.3|1,Allen VBN,563497,1104058216,MM-RVD,MM_RVD_A9_SELECTED_R6,1,UNIT,0.3,proportion,1,True,MAIN_FROZEN_U30,PENDING
Allen VBN|1104058216|MM_RVD_A9_SELECTED_R6|1|UNIT|0.3|2,Allen VBN,563497,1104058216,MM-RVD,MM_RVD_A9_SELECTED_R6,1,UNIT,0.3,proportion,2,True,MAIN_FROZEN_U30,PENDING
Allen VBN|1104058216|MM_RVD_A9_SELECTED_R6|1|UNIT|0.3|3,Allen VBN,563497,1104058216,MM-RVD,MM_RVD_A9_SELECTED_R6,1,UNIT,0.3,proportion,3,True,MAIN_FROZEN_U30,PENDING
Allen VBN|1104058216|MM_RVD_A9_SELECTED_R6|1|UNIT|0.3|4,Allen VBN,563497,1104058216,MM-RVD,MM_RVD_A9_SELECTED_R6,1,UNIT,0.3,proportion,4,True,MAIN_FROZEN_U30,PENDING
Allen VBN|1104058216|MM_RVD_A9_SELECTED_R6|1|UNIT|0.4|0,Allen VBN,563497,1104058216,MM-RVD,MM_RVD_A9_SELECTED_R6,1,UNIT,0.4,proportion,0,False,NEW_SUPP_S1_FIXED_SEED,PENDING
Allen VBN|1104058216|MM_RVD_A9_SELECTED_R6|1|UNIT|0.4|1,Allen VBN,563497,1104058216,MM-RVD,MM_RVD_A9_SELECTED_R6,1,UNIT,0.4,proportion,1,False,NEW_SUPP_S1_FIXED_SEED,PENDING
Allen VBN|1104058216|MM_RVD_A9_SELECTED_R6|1|UNIT|0.4|2,Allen VBN,563497,1104058216,MM-RVD,MM_RVD_A9_SELECTED_R6,1,UNIT,0.4,proportion,2,False,NEW_SUPP_S1_FIXED_SEED,PENDING
Allen VBN|1104058216|MM_RVD_A9_SELECTED_R6|1|UNIT|0.4|3,Allen VBN,563497,1104058216,MM-RVD,MM_RVD_A9_SELECTED_R6,1,UNIT,0.4,proportion,3,False,NEW_SUPP_S1_FIXED_SEED,PENDING
Allen VBN|1104058216|MM_RVD_A9_SELECTED_R6|1|UNIT|0.4|4,Allen VBN,563497,1104058216,MM-RVD,MM_RVD_A9_SELECTED_R6,1,UNIT,0.4,proportion,4,False,NEW_SUPP_S1_FIXED_SEED,PENDING
Allen VBN|1104058216|MM_RVD_A9_SELECTED_R6|1|UNIT|0.5|0,Allen VBN,563497,1104058216,MM-RVD,MM_RVD_A9_SELECTED_R6,1,UNIT,0.5,proportion,0,False,NEW_SUPP_S1_FIXED_SEED,PENDING
Allen VBN|1104058216|MM_RVD_A9_SELECTED_R6|1|UNIT|0.5|1,Allen VBN,563497,1104058216,MM-RVD,MM_RVD_A9_SELECTED_R6,1,UNIT,0.5,proportion,1,False,NEW_SUPP_S1_FIXED_SEED,PENDING
Allen VBN|1104058216|MM_RVD_A9_SELECTED_R6|1|UNIT|0.5|2,Allen VBN,563497,1104058216,MM-RVD,MM_RVD_A9_SELECTED_R6,1,UNIT,0.5,proportion,2,False,NEW_SUPP_S1_FIXED_SEED,PENDING
Allen VBN|1104058216|MM_RVD_A9_SELECTED_R6|1|UNIT|0.5|3,Allen VBN,563497,1104058216,MM-RVD,MM_RVD_A9_SELECTED_R6,1,UNIT,0.5,proportion,3,False,NEW_SUPP_S1_FIXED_SEED,PENDING
Allen VBN|1104058216|MM_RVD_A9_SELECTED_R6|1|UNIT|0.5|4,Allen VBN,563497,1104058216,MM-RVD,MM_RVD_A9_SELECTED_R6,1,UNIT,0.5,proportion,4,False,NEW_SUPP_S1_FIXED_SEED,PENDING
Allen VBN|1104058216|MM_RVD_A9_SELECTED_R6|1|TEMPORAL|2|0,Allen VBN,563497,1104058216,MM-RVD,MM_RVD_A9_SELECTED_R6,1,TEMPORAL,2,bins,0,False,NEW_SUPP_S1_FIXED_SEED,PENDING
Allen VBN|1104058216|MM_RVD_A9_SELECTED_R6|1|TEMPORAL|2|1,Allen VBN,563497,1104058216,MM-RVD,MM_RVD_A9_SELECTED_R6,1,TEMPORAL,2,bins,1,False,NEW_SUPP_S1_FIXED_SEED,PENDING
Allen VBN|1104058216|MM_RVD_A9_SELECTED_R6|1|TEMPORAL|2|2,Allen VBN,563497,1104058216,MM-RVD,MM_RVD_A9_SELECTED_R6,1,TEMPORAL,2,bins,2,False,NEW_SUPP_S1_FIXED_SEED,PENDING
Allen VBN|1104058216|MM_RVD_A9_SELECTED_R6|1|TEMPORAL|2|3,Allen VBN,563497,1104058216,MM-RVD,MM_RVD_A9_SELECTED_R6,1,TEMPORAL,2,bins,3,False,NEW_SUPP_S1_FIXED_SEED,PENDING
Allen VBN|1104058216|MM_RVD_A9_SELECTED_R6|1|TEMPORAL|2|4,Allen VBN,563497,1104058216,MM-RVD,MM_RVD_A9_SELECTED_R6,1,TEMPORAL,2,bins,4,False,NEW_SUPP_S1_FIXED_SEED,PENDING
Allen VBN|1104058216|MM_RVD_A9_SELECTED_R6|1|TEMPORAL|3|0,Allen VBN,563497,1104058216,MM-RVD,MM_RVD_A9_SELECTED_R6,1,TEMPORAL,3,bins,0,False,NEW_SUPP_S1_FIXED_SEED,PENDING
Allen VBN|1104058216|MM_RVD_A9_SELECTED_R6|1|TEMPORAL|3|1,Allen VBN,563497,1104058216,MM-RVD,MM_RVD_A9_SELECTED_R6,1,TEMPORAL,3,bins,1,False,NEW_SUPP_S1_FIXED_SEED,PENDING
Allen VBN|1104058216|MM_RVD_A9_SELECTED_R6|1|TEMPORAL|3|2,Allen VBN,563497,1104058216,MM-RVD,MM_RVD_A9_SELECTED_R6,1,TEMPORAL,3,bins,2,False,NEW_SUPP_S1_FIXED_SEED,PENDING
Allen VBN|1104058216|MM_RVD_A9_SELECTED_R6|1|TEMPORAL|3|3,Allen VBN,563497,1104058216,MM-RVD,MM_RVD_A9_SELECTED_R6,1,TEMPORAL,3,bins,3,False,NEW_SUPP_S1_FIXED_SEED,PENDING
Allen VBN|1104058216|MM_RVD_A9_SELECTED_R6|1|TEMPORAL|3|4,Allen VBN,563497,1104058216,MM-RVD,MM_RVD_A9_SELECTED_R6,1,TEMPORAL,3,bins,4,False,NEW_SUPP_S1_FIXED_SEED,PENDING
Allen VBN|1104058216|MM_RVD_A9_SELECTED_R6|1|TEMPORAL|5|0,Allen VBN,563497,1104058216,MM-RVD,MM_RVD_A9_SELECTED_R6,1,TEMPORAL,5,bins,0,True,MAIN_FROZEN_T5,PENDING
Allen VBN|1104058216|MM_RVD_A9_SELECTED_R6|1|TEMPORAL|5|1,Allen VBN,563497,1104058216,MM-RVD,MM_RVD_A9_SELECTED_R6,1,TEMPORAL,5,bins,1,True,MAIN_FROZEN_T5,PENDING
Allen VBN|1104058216|MM_RVD_A9_SELECTED_R6|1|TEMPORAL|5|2,Allen VBN,563497,1104058216,MM-RVD,MM_RVD_A9_SELECTED_R6,1,TEMPORAL,5,bins,2,True,MAIN_FROZEN_T5,PENDING
Allen VBN|1104058216|MM_RVD_A9_SELECTED_R6|1|TEMPORAL|5|3,Allen VBN,563497,1104058216,MM-RVD,MM_RVD_A9_SELECTED_R6,1,TEMPORAL,5,bins,3,True,MAIN_FROZEN_T5,PENDING
Allen VBN|1104058216|MM_RVD_A9_SELECTED_R6|1|TEMPORAL|5|4,Allen VBN,563497,1104058216,MM-RVD,MM_RVD_A9_SELECTED_R6,1,TEMPORAL,5,bins,4,True,MAIN_FROZEN_T5,PENDING
Allen VBN|1104058216|MM_RVD_A9_SELECTED_R6|1|TEMPORAL|7|0,Allen VBN,563497,1104058216,MM-RVD,MM_RVD_A9_SELECTED_R6,1,TEMPORAL,7,bins,0,False,NEW_SUPP_S1_FIXED_SEED,PENDING
Allen VBN|1104058216|MM_RVD_A9_SELECTED_R6|1|TEMPORAL|7|1,Allen VBN,563497,1104058216,MM-RVD,MM_RVD_A9_SELECTED_R6,1,TEMPORAL,7,bins,1,False,NEW_SUPP_S1_FIXED_SEED,PENDING
Allen VBN|1104058216|MM_RVD_A9_SELECTED_R6|1|TEMPORAL|7|2,Allen VBN,563497,1104058216,MM-RVD,MM_RVD_A9_SELECTED_R6,1,TEMPORAL,7,bins,2,False,NEW_SUPP_S1_FIXED_SEED,PENDING
Allen VBN|1104058216|MM_RVD_A9_SELECTED_R6|1|TEMPORAL|7|3,Allen VBN,563497,1104058216,MM-RVD,MM_RVD_A9_SELECTED_R6,1,TEMPORAL,7,bins,3,False,NEW_SUPP_S1_FIXED_SEED,PENDING
Allen VBN|1104058216|MM_RVD_A9_SELECTED_R6|1|TEMPORAL|7|4,Allen VBN,563497,1104058216,MM-RVD,MM_RVD_A9_SELECTED_R6,1,TEMPORAL,7,bins,4,False,NEW_SUPP_S1_FIXED_SEED,PENDING
Allen VBN|1104058216|MM_RVD_A9_SELECTED_R6|1|TEMPORAL|10|0,Allen VBN,563497,1104058216,MM-RVD,MM_RVD_A9_SELECTED_R6,1,TEMPORAL,10,bins,0,False,NEW_SUPP_S1_FIXED_SEED,PENDING
Allen VBN|1104058216|MM_RVD_A9_SELECTED_R6|1|TEMPORAL|10|1,Allen VBN,563497,1104058216,MM-RVD,MM_RVD_A9_SELECTED_R6,1,TEMPORAL,10,bins,1,False,NEW_SUPP_S1_FIXED_SEED,PENDING
Allen VBN|1104058216|MM_RVD_A9_SELECTED_R6|1|TEMPORAL|10|2,Allen VBN,563497,1104058216,MM-RVD,MM_RVD_A9_SELECTED_R6,1,TEMPORAL,10,bins,2,False,NEW_SUPP_S1_FIXED_SEED,PENDING
Allen VBN|1104058216|MM_RVD_A9_SELECTED_R6|1|TEMPORAL|10|3,Allen VBN,563497,1104058216,MM-RVD,MM_RVD_A9_SELECTED_R6,1,TEMPORAL,10,bins,3,False,NEW_SUPP_S1_FIXED_SEED,PENDING
Allen VBN|1104058216|MM_RVD_A9_SELECTED_R6|1|TEMPORAL|10|4,Allen VBN,563497,1104058216,MM-RVD,MM_RVD_A9_SELECTED_R6,1,TEMPORAL,10,bins,4,False,NEW_SUPP_S1_FIXED_SEED,PENDING
Allen VBN|1104058216|MEAN_RATE_LINEAR_SVM|0|CLEAN|0,Allen VBN,563497,1104058216,SVM,MEAN_RATE_LINEAR_SVM,0,CLEAN_REFERENCE,0,none,0,False,R4_CLEAN_REFERENCE,PENDING
Allen VBN|1104058216|MEAN_RATE_LINEAR_SVM|0|UNIT|0.1|0,Allen VBN,563497,1104058216,SVM,MEAN_RATE_LINEAR_SVM,0,UNIT,0.1,proportion,0,False,NEW_SUPP_S1_FIXED_SEED,PENDING
Allen VBN|1104058216|MEAN_RATE_LINEAR_SVM|0|UNIT|0.1|1,Allen VBN,563497,1104058216,SVM,MEAN_RATE_LINEAR_SVM,0,UNIT,0.1,proportion,1,False,NEW_SUPP_S1_FIXED_SEED,PENDING
Allen VBN|1104058216|MEAN_RATE_LINEAR_SVM|0|UNIT|0.1|2,Allen VBN,563497,1104058216,SVM,MEAN_RATE_LINEAR_SVM,0,UNIT,0.1,proportion,2,False,NEW_SUPP_S1_FIXED_SEED,PENDING
Allen VBN|1104058216|MEAN_RATE_LINEAR_SVM|0|UNIT|0.1|3,Allen VBN,563497,1104058216,SVM,MEAN_RATE_LINEAR_SVM,0,UNIT,0.1,proportion,3,False,NEW_SUPP_S1_FIXED_SEED,PENDING
Allen VBN|1104058216|MEAN_RATE_LINEAR_SVM|0|UNIT|0.1|4,Allen VBN,563497,1104058216,SVM,MEAN_RATE_LINEAR_SVM,0,UNIT,0.1,proportion,4,False,NEW_SUPP_S1_FIXED_SEED,PENDING
Allen VBN|1104058216|MEAN_RATE_LINEAR_SVM|0|UNIT|0.2|0,Allen VBN,563497,1104058216,SVM,MEAN_RATE_LINEAR_SVM,0,UNIT,0.2,proportion,0,False,NEW_SUPP_S1_FIXED_SEED,PENDING
Allen VBN|1104058216|MEAN_RATE_LINEAR_SVM|0|UNIT|0.2|1,Allen VBN,563497,1104058216,SVM,MEAN_RATE_LINEAR_SVM,0,UNIT,0.2,proportion,1,False,NEW_SUPP_S1_FIXED_SEED,PENDING
Allen VBN|1104058216|MEAN_RATE_LINEAR_SVM|0|UNIT|0.2|2,Allen VBN,563497,1104058216,SVM,MEAN_RATE_LINEAR_SVM,0,UNIT,0.2,proportion,2,False,NEW_SUPP_S1_FIXED_SEED,PENDING
Allen VBN|1104058216|MEAN_RATE_LINEAR_SVM|0|UNIT|0.2|3,Allen VBN,563497,1104058216,SVM,MEAN_RATE_LINEAR_SVM,0,UNIT,0.2,proportion,3,False,NEW_SUPP_S1_FIXED_SEED,PENDING
Allen VBN|1104058216|MEAN_RATE_LINEAR_SVM|0|UNIT|0.2|4,Allen VBN,563497,1104058216,SVM,MEAN_RATE_LINEAR_SVM,0,UNIT,0.2,proportion,4,False,NEW_SUPP_S1_FIXED_SEED,PENDING
Allen VBN|1104058216|MEAN_RATE_LINEAR_SVM|0|UNIT|0.3|0,Allen VBN,563497,1104058216,SVM,MEAN_RATE_LINEAR_SVM,0,UNIT,0.3,proportion,0,True,MAIN_FROZEN_U30,PENDING
Allen VBN|1104058216|MEAN_RATE_LINEAR_SVM|0|UNIT|0.3|1,Allen VBN,563497,1104058216,SVM,MEAN_RATE_LINEAR_SVM,0,UNIT,0.3,proportion,1,True,MAIN_FROZEN_U30,PENDING
Allen VBN|1104058216|MEAN_RATE_LINEAR_SVM|0|UNIT|0.3|2,Allen VBN,563497,1104058216,SVM,MEAN_RATE_LINEAR_SVM,0,UNIT,0.3,proportion,2,True,MAIN_FROZEN_U30,PENDING
Allen VBN|1104058216|MEAN_RATE_LINEAR_SVM|0|UNIT|0.3|3,Allen VBN,563497,1104058216,SVM,MEAN_RATE_LINEAR_SVM,0,UNIT,0.3,proportion,3,True,MAIN_FROZEN_U30,PENDING
Allen VBN|1104058216|MEAN_RATE_LINEAR_SVM|0|UNIT|0.3|4,Allen VBN,563497,1104058216,SVM,MEAN_RATE_LINEAR_SVM,0,UNIT,0.3,proportion,4,True,MAIN_FROZEN_U30,PENDING
Allen VBN|1104058216|MEAN_RATE_LINEAR_SVM|0|UNIT|0.4|0,Allen VBN,563497,1104058216,SVM,MEAN_RATE_LINEAR_SVM,0,UNIT,0.4,proportion,0,False,NEW_SUPP_S1_FIXED_SEED,PENDING
Allen VBN|1104058216|MEAN_RATE_LINEAR_SVM|0|UNIT|0.4|1,Allen VBN,563497,1104058216,SVM,MEAN_RATE_LINEAR_SVM,0,UNIT,0.4,proportion,1,False,NEW_SUPP_S1_FIXED_SEED,PENDING
Allen VBN|1104058216|MEAN_RATE_LINEAR_SVM|0|UNIT|0.4|2,Allen VBN,563497,1104058216,SVM,MEAN_RATE_LINEAR_SVM,0,UNIT,0.4,proportion,2,False,NEW_SUPP_S1_FIXED_SEED,PENDING
Allen VBN|1104058216|MEAN_RATE_LINEAR_SVM|0|UNIT|0.4|3,Allen VBN,563497,1104058216,SVM,MEAN_RATE_LINEAR_SVM,0,UNIT,0.4,proportion,3,False,NEW_SUPP_S1_FIXED_SEED,PENDING
Allen VBN|1104058216|MEAN_RATE_LINEAR_SVM|0|UNIT|0.4|4,Allen VBN,563497,1104058216,SVM,MEAN_RATE_LINEAR_SVM,0,UNIT,0.4,proportion,4,False,NEW_SUPP_S1_FIXED_SEED,PENDING
Allen VBN|1104058216|MEAN_RATE_LINEAR_SVM|0|UNIT|0.5|0,Allen VBN,563497,1104058216,SVM,MEAN_RATE_LINEAR_SVM,0,UNIT,0.5,proportion,0,False,NEW_SUPP_S1_FIXED_SEED,PENDING
Allen VBN|1104058216|MEAN_RATE_LINEAR_SVM|0|UNIT|0.5|1,Allen VBN,563497,1104058216,SVM,MEAN_RATE_LINEAR_SVM,0,UNIT,0.5,proportion,1,False,NEW_SUPP_S1_FIXED_SEED,PENDING
Allen VBN|1104058216|MEAN_RATE_LINEAR_SVM|0|UNIT|0.5|2,Allen VBN,563497,1104058216,SVM,MEAN_RATE_LINEAR_SVM,0,UNIT,0.5,proportion,2,False,NEW_SUPP_S1_FIXED_SEED,PENDING
Allen VBN|1104058216|MEAN_RATE_LINEAR_SVM|0|UNIT|0.5|3,Allen VBN,563497,1104058216,SVM,MEAN_RATE_LINEAR_SVM,0,UNIT,0.5,proportion,3,False,NEW_SUPP_S1_FIXED_SEED,PENDING
Allen VBN|1104058216|MEAN_RATE_LINEAR_SVM|0|UNIT|0.5|4,Allen VBN,563497,1104058216,SVM,MEAN_RATE_LINEAR_SVM,0,UNIT,0.5,proportion,4,False,NEW_SUPP_S1_FIXED_SEED,PENDING
Allen VBN|1104058216|MEAN_RATE_LINEAR_SVM|0|TEMPORAL|2|0,Allen VBN,563497,1104058216,SVM,MEAN_RATE_LINEAR_SVM,0,TEMPORAL,2,bins,0,False,NEW_SUPP_S1_FIXED_SEED,PENDING
Allen VBN|1104058216|MEAN_RATE_LINEAR_SVM|0|TEMPORAL|2|1,Allen VBN,563497,1104058216,SVM,MEAN_RATE_LINEAR_SVM,0,TEMPORAL,2,bins,1,False,NEW_SUPP_S1_FIXED_SEED,PENDING
Allen VBN|1104058216|MEAN_RATE_LINEAR_SVM|0|TEMPORAL|2|2,Allen VBN,563497,1104058216,SVM,MEAN_RATE_LINEAR_SVM,0,TEMPORAL,2,bins,2,False,NEW_SUPP_S1_FIXED_SEED,PENDING
Allen VBN|1104058216|MEAN_RATE_LINEAR_SVM|0|TEMPORAL|2|3,Allen VBN,563497,1104058216,SVM,MEAN_RATE_LINEAR_SVM,0,TEMPORAL,2,bins,3,False,NEW_SUPP_S1_FIXED_SEED,PENDING
Allen VBN|1104058216|MEAN_RATE_LINEAR_SVM|0|TEMPORAL|2|4,Allen VBN,563497,1104058216,SVM,MEAN_RATE_LINEAR_SVM,0,TEMPORAL,2,bins,4,False,NEW_SUPP_S1_FIXED_SEED,PENDING
Allen VBN|1104058216|MEAN_RATE_LINEAR_SVM|0|TEMPORAL|3|0,Allen VBN,563497,1104058216,SVM,MEAN_RATE_LINEAR_SVM,0,TEMPORAL,3,bins,0,False,NEW_SUPP_S1_FIXED_SEED,PENDING
Allen VBN|1104058216|MEAN_RATE_LINEAR_SVM|0|TEMPORAL|3|1,Allen VBN,563497,1104058216,SVM,MEAN_RATE_LINEAR_SVM,0,TEMPORAL,3,bins,1,False,NEW_SUPP_S1_FIXED_SEED,PENDING
Allen VBN|1104058216|MEAN_RATE_LINEAR_SVM|0|TEMPORAL|3|2,Allen VBN,563497,1104058216,SVM,MEAN_RATE_LINEAR_SVM,0,TEMPORAL,3,bins,2,False,NEW_SUPP_S1_FIXED_SEED,PENDING
Allen VBN|1104058216|MEAN_RATE_LINEAR_SVM|0|TEMPORAL|3|3,Allen VBN,563497,1104058216,SVM,MEAN_RATE_LINEAR_SVM,0,TEMPORAL,3,bins,3,False,NEW_SUPP_S1_FIXED_SEED,PENDING
Allen VBN|1104058216|MEAN_RATE_LINEAR_SVM|0|TEMPORAL|3|4,Allen VBN,563497,1104058216,SVM,MEAN_RATE_LINEAR_SVM,0,TEMPORAL,3,bins,4,False,NEW_SUPP_S1_FIXED_SEED,PENDING
Allen VBN|1104058216|MEAN_RATE_LINEAR_SVM|0|TEMPORAL|5|0,Allen VBN,563497,1104058216,SVM,MEAN_RATE_LINEAR_SVM,0,TEMPORAL,5,bins,0,True,MAIN_FROZEN_T5,PENDING
Allen VBN|1104058216|MEAN_RATE_LINEAR_SVM|0|TEMPORAL|5|1,Allen VBN,563497,1104058216,SVM,MEAN_RATE_LINEAR_SVM,0,TEMPORAL,5,bins,1,True,MAIN_FROZEN_T5,PENDING
Allen VBN|1104058216|MEAN_RATE_LINEAR_SVM|0|TEMPORAL|5|2,Allen VBN,563497,1104058216,SVM,MEAN_RATE_LINEAR_SVM,0,TEMPORAL,5,bins,2,True,MAIN_FROZEN_T5,PENDING
Allen VBN|1104058216|MEAN_RATE_LINEAR_SVM|0|TEMPORAL|5|3,Allen VBN,563497,1104058216,SVM,MEAN_RATE_LINEAR_SVM,0,TEMPORAL,5,bins,3,True,MAIN_FROZEN_T5,PENDING
Allen VBN|1104058216|MEAN_RATE_LINEAR_SVM|0|TEMPORAL|5|4,Allen VBN,563497,1104058216,SVM,MEAN_RATE_LINEAR_SVM,0,TEMPORAL,5,bins,4,True,MAIN_FROZEN_T5,PENDING
Allen VBN|1104058216|MEAN_RATE_LINEAR_SVM|0|TEMPORAL|7|0,Allen VBN,563497,1104058216,SVM,MEAN_RATE_LINEAR_SVM,0,TEMPORAL,7,bins,0,False,NEW_SUPP_S1_FIXED_SEED,PENDING
Allen VBN|1104058216|MEAN_RATE_LINEAR_SVM|0|TEMPORAL|7|1,Allen VBN,563497,1104058216,SVM,MEAN_RATE_LINEAR_SVM,0,TEMPORAL,7,bins,1,False,NEW_SUPP_S1_FIXED_SEED,PENDING
Allen VBN|1104058216|MEAN_RATE_LINEAR_SVM|0|TEMPORAL|7|2,Allen VBN,563497,1104058216,SVM,MEAN_RATE_LINEAR_SVM,0,TEMPORAL,7,bins,2,False,NEW_SUPP_S1_FIXED_SEED,PENDING
Allen VBN|1104058216|MEAN_RATE_LINEAR_SVM|0|TEMPORAL|7|3,Allen VBN,563497,1104058216,SVM,MEAN_RATE_LINEAR_SVM,0,TEMPORAL,7,bins,3,False,NEW_SUPP_S1_FIXED_SEED,PENDING
Allen VBN|1104058216|MEAN_RATE_LINEAR_SVM|0|TEMPORAL|7|4,Allen VBN,563497,1104058216,SVM,MEAN_RATE_LINEAR_SVM,0,TEMPORAL,7,bins,4,False,NEW_SUPP_S1_FIXED_SEED,PENDING
Allen VBN|1104058216|MEAN_RATE_LINEAR_SVM|0|TEMPORAL|10|0,Allen VBN,563497,1104058216,SVM,MEAN_RATE_LINEAR_SVM,0,TEMPORAL,10,bins,0,False,NEW_SUPP_S1_FIXED_SEED,PENDING
Allen VBN|1104058216|MEAN_RATE_LINEAR_SVM|0|TEMPORAL|10|1,Allen VBN,563497,1104058216,SVM,MEAN_RATE_LINEAR_SVM,0,TEMPORAL,10,bins,1,False,NEW_SUPP_S1_FIXED_SEED,PENDING
Allen VBN|1104058216|MEAN_RATE_LINEAR_SVM|0|TEMPORAL|10|2,Allen VBN,563497,1104058216,SVM,MEAN_RATE_LINEAR_SVM,0,TEMPORAL,10,bins,2,False,NEW_SUPP_S1_FIXED_SEED,PENDING
Allen VBN|1104058216|MEAN_RATE_LINEAR_SVM|0|TEMPORAL|10|3,Allen VBN,563497,1104058216,SVM,MEAN_RATE_LINEAR_SVM,0,TEMPORAL,10,bins,3,False,NEW_SUPP_S1_FIXED_SEED,PENDING
Allen VBN|1104058216|MEAN_RATE_LINEAR_SVM|0|TEMPORAL|10|4,Allen VBN,563497,1104058216,SVM,MEAN_RATE_LINEAR_SVM,0,TEMPORAL,10,bins,4,False,NEW_SUPP_S1_FIXED_SEED,PENDING
Allen VBN|1104058216|MEAN_RATE_LINEAR_SVM|1|CLEAN|0,Allen VBN,563497,1104058216,SVM,MEAN_RATE_LINEAR_SVM,1,CLEAN_REFERENCE,0,none,0,False,R4_CLEAN_REFERENCE,PENDING
Allen VBN|1104058216|MEAN_RATE_LINEAR_SVM|1|UNIT|0.1|0,Allen VBN,563497,1104058216,SVM,MEAN_RATE_LINEAR_SVM,1,UNIT,0.1,proportion,0,False,NEW_SUPP_S1_FIXED_SEED,PENDING
Allen VBN|1104058216|MEAN_RATE_LINEAR_SVM|1|UNIT|0.1|1,Allen VBN,563497,1104058216,SVM,MEAN_RATE_LINEAR_SVM,1,UNIT,0.1,proportion,1,False,NEW_SUPP_S1_FIXED_SEED,PENDING
Allen VBN|1104058216|MEAN_RATE_LINEAR_SVM|1|UNIT|0.1|2,Allen VBN,563497,1104058216,SVM,MEAN_RATE_LINEAR_SVM,1,UNIT,0.1,proportion,2,False,NEW_SUPP_S1_FIXED_SEED,PENDING
Allen VBN|1104058216|MEAN_RATE_LINEAR_SVM|1|UNIT|0.1|3,Allen VBN,563497,1104058216,SVM,MEAN_RATE_LINEAR_SVM,1,UNIT,0.1,proportion,3,False,NEW_SUPP_S1_FIXED_SEED,PENDING
Allen VBN|1104058216|MEAN_RATE_LINEAR_SVM|1|UNIT|0.1|4,Allen VBN,563497,1104058216,SVM,MEAN_RATE_LINEAR_SVM,1,UNIT,0.1,proportion,4,False,NEW_SUPP_S1_FIXED_SEED,PENDING
Allen VBN|1104058216|MEAN_RATE_LINEAR_SVM|1|UNIT|0.2|0,Allen VBN,563497,1104058216,SVM,MEAN_RATE_LINEAR_SVM,1,UNIT,0.2,proportion,0,False,NEW_SUPP_S1_FIXED_SEED,PENDING
Allen VBN|1104058216|MEAN_RATE_LINEAR_SVM|1|UNIT|0.2|1,Allen VBN,563497,1104058216,SVM,MEAN_RATE_LINEAR_SVM,1,UNIT,0.2,proportion,1,False,NEW_SUPP_S1_FIXED_SEED,PENDING
Allen VBN|1104058216|MEAN_RATE_LINEAR_SVM|1|UNIT|0.2|2,Allen VBN,563497,1104058216,SVM,MEAN_RATE_LINEAR_SVM,1,UNIT,0.2,proportion,2,False,NEW_SUPP_S1_FIXED_SEED,PENDING
Allen VBN|1104058216|MEAN_RATE_LINEAR_SVM|1|UNIT|0.2|3,Allen VBN,563497,1104058216,SVM,MEAN_RATE_LINEAR_SVM,1,UNIT,0.2,proportion,3,False,NEW_SUPP_S1_FIXED_SEED,PENDING
Allen VBN|1104058216|MEAN_RATE_LINEAR_SVM|1|UNIT|0.2|4,Allen VBN,563497,1104058216,SVM,MEAN_RATE_LINEAR_SVM,1,UNIT,0.2,proportion,4,False,NEW_SUPP_S1_FIXED_SEED,PENDING
Allen VBN|1104058216|MEAN_RATE_LINEAR_SVM|1|UNIT|0.3|0,Allen VBN,563497,1104058216,SVM,MEAN_RATE_LINEAR_SVM,1,UNIT,0.3,proportion,0,True,MAIN_FROZEN_U30,PENDING
Allen VBN|1104058216|MEAN_RATE_LINEAR_SVM|1|UNIT|0.3|1,Allen VBN,563497,1104058216,SVM,MEAN_RATE_LINEAR_SVM,1,UNIT,0.3,proportion,1,True,MAIN_FROZEN_U30,PENDING
Allen VBN|1104058216|MEAN_RATE_LINEAR_SVM|1|UNIT|0.3|2,Allen VBN,563497,1104058216,SVM,MEAN_RATE_LINEAR_SVM,1,UNIT,0.3,proportion,2,True,MAIN_FROZEN_U30,PENDING
Allen VBN|1104058216|MEAN_RATE_LINEAR_SVM|1|UNIT|0.3|3,Allen VBN,563497,1104058216,SVM,MEAN_RATE_LINEAR_SVM,1,UNIT,0.3,proportion,3,True,MAIN_FROZEN_U30,PENDING
Allen VBN|1104058216|MEAN_RATE_LINEAR_SVM|1|UNIT|0.3|4,Allen VBN,563497,1104058216,SVM,MEAN_RATE_LINEAR_SVM,1,UNIT,0.3,proportion,4,True,MAIN_FROZEN_U30,PENDING
Allen VBN|1104058216|MEAN_RATE_LINEAR_SVM|1|UNIT|0.4|0,Allen VBN,563497,1104058216,SVM,MEAN_RATE_LINEAR_SVM,1,UNIT,0.4,proportion,0,False,NEW_SUPP_S1_FIXED_SEED,PENDING
Allen VBN|1104058216|MEAN_RATE_LINEAR_SVM|1|UNIT|0.4|1,Allen VBN,563497,1104058216,SVM,MEAN_RATE_LINEAR_SVM,1,UNIT,0.4,proportion,1,False,NEW_SUPP_S1_FIXED_SEED,PENDING
Allen VBN|1104058216|MEAN_RATE_LINEAR_SVM|1|UNIT|0.4|2,Allen VBN,563497,1104058216,SVM,MEAN_RATE_LINEAR_SVM,1,UNIT,0.4,proportion,2,False,NEW_SUPP_S1_FIXED_SEED,PENDING
Allen VBN|1104058216|MEAN_RATE_LINEAR_SVM|1|UNIT|0.4|3,Allen VBN,563497,1104058216,SVM,MEAN_RATE_LINEAR_SVM,1,UNIT,0.4,proportion,3,False,NEW_SUPP_S1_FIXED_SEED,PENDING
Allen VBN|1104058216|MEAN_RATE_LINEAR_SVM|1|UNIT|0.4|4,Allen VBN,563497,1104058216,SVM,MEAN_RATE_LINEAR_SVM,1,UNIT,0.4,proportion,4,False,NEW_SUPP_S1_FIXED_SEED,PENDING
Allen VBN|1104058216|MEAN_RATE_LINEAR_SVM|1|UNIT|0.5|0,Allen VBN,563497,1104058216,SVM,MEAN_RATE_LINEAR_SVM,1,UNIT,0.5,proportion,0,False,NEW_SUPP_S1_FIXED_SEED,PENDING
Allen VBN|1104058216|MEAN_RATE_LINEAR_SVM|1|UNIT|0.5|1,Allen VBN,563497,1104058216,SVM,MEAN_RATE_LINEAR_SVM,1,UNIT,0.5,proportion,1,False,NEW_SUPP_S1_FIXED_SEED,PENDING
Allen VBN|1104058216|MEAN_RATE_LINEAR_SVM|1|UNIT|0.5|2,Allen VBN,563497,1104058216,SVM,MEAN_RATE_LINEAR_SVM,1,UNIT,0.5,proportion,2,False,NEW_SUPP_S1_FIXED_SEED,PENDING
Allen VBN|1104058216|MEAN_RATE_LINEAR_SVM|1|UNIT|0.5|3,Allen VBN,563497,1104058216,SVM,MEAN_RATE_LINEAR_SVM,1,UNIT,0.5,proportion,3,False,NEW_SUPP_S1_FIXED_SEED,PENDING
Allen VBN|1104058216|MEAN_RATE_LINEAR_SVM|1|UNIT|0.5|4,Allen VBN,563497,1104058216,SVM,MEAN_RATE_LINEAR_SVM,1,UNIT,0.5,proportion,4,False,NEW_SUPP_S1_FIXED_SEED,PENDING
Allen VBN|1104058216|MEAN_RATE_LINEAR_SVM|1|TEMPORAL|2|0,Allen VBN,563497,1104058216,SVM,MEAN_RATE_LINEAR_SVM,1,TEMPORAL,2,bins,0,False,NEW_SUPP_S1_FIXED_SEED,PENDING
Allen VBN|1104058216|MEAN_RATE_LINEAR_SVM|1|TEMPORAL|2|1,Allen VBN,563497,1104058216,SVM,MEAN_RATE_LINEAR_SVM,1,TEMPORAL,2,bins,1,False,NEW_SUPP_S1_FIXED_SEED,PENDING
Allen VBN|1104058216|MEAN_RATE_LINEAR_SVM|1|TEMPORAL|2|2,Allen VBN,563497,1104058216,SVM,MEAN_RATE_LINEAR_SVM,1,TEMPORAL,2,bins,2,False,NEW_SUPP_S1_FIXED_SEED,PENDING
Allen VBN|1104058216|MEAN_RATE_LINEAR_SVM|1|TEMPORAL|2|3,Allen VBN,563497,1104058216,SVM,MEAN_RATE_LINEAR_SVM,1,TEMPORAL,2,bins,3,False,NEW_SUPP_S1_FIXED_SEED,PENDING
Allen VBN|1104058216|MEAN_RATE_LINEAR_SVM|1|TEMPORAL|2|4,Allen VBN,563497,1104058216,SVM,MEAN_RATE_LINEAR_SVM,1,TEMPORAL,2,bins,4,False,NEW_SUPP_S1_FIXED_SEED,PENDING
Allen VBN|1104058216|MEAN_RATE_LINEAR_SVM|1|TEMPORAL|3|0,Allen VBN,563497,1104058216,SVM,MEAN_RATE_LINEAR_SVM,1,TEMPORAL,3,bins,0,False,NEW_SUPP_S1_FIXED_SEED,PENDING
Allen VBN|1104058216|MEAN_RATE_LINEAR_SVM|1|TEMPORAL|3|1,Allen VBN,563497,1104058216,SVM,MEAN_RATE_LINEAR_SVM,1,TEMPORAL,3,bins,1,False,NEW_SUPP_S1_FIXED_SEED,PENDING
Allen VBN|1104058216|MEAN_RATE_LINEAR_SVM|1|TEMPORAL|3|2,Allen VBN,563497,1104058216,SVM,MEAN_RATE_LINEAR_SVM,1,TEMPORAL,3,bins,2,False,NEW_SUPP_S1_FIXED_SEED,PENDING
Allen VBN|1104058216|MEAN_RATE_LINEAR_SVM|1|TEMPORAL|3|3,Allen VBN,563497,1104058216,SVM,MEAN_RATE_LINEAR_SVM,1,TEMPORAL,3,bins,3,False,NEW_SUPP_S1_FIXED_SEED,PENDING
Allen VBN|1104058216|MEAN_RATE_LINEAR_SVM|1|TEMPORAL|3|4,Allen VBN,563497,1104058216,SVM,MEAN_RATE_LINEAR_SVM,1,TEMPORAL,3,bins,4,False,NEW_SUPP_S1_FIXED_SEED,PENDING
Allen VBN|1104058216|MEAN_RATE_LINEAR_SVM|1|TEMPORAL|5|0,Allen VBN,563497,1104058216,SVM,MEAN_RATE_LINEAR_SVM,1,TEMPORAL,5,bins,0,True,MAIN_FROZEN_T5,PENDING
Allen VBN|1104058216|MEAN_RATE_LINEAR_SVM|1|TEMPORAL|5|1,Allen VBN,563497,1104058216,SVM,MEAN_RATE_LINEAR_SVM,1,TEMPORAL,5,bins,1,True,MAIN_FROZEN_T5,PENDING
Allen VBN|1104058216|MEAN_RATE_LINEAR_SVM|1|TEMPORAL|5|2,Allen VBN,563497,1104058216,SVM,MEAN_RATE_LINEAR_SVM,1,TEMPORAL,5,bins,2,True,MAIN_FROZEN_T5,PENDING
Allen VBN|1104058216|MEAN_RATE_LINEAR_SVM|1|TEMPORAL|5|3,Allen VBN,563497,1104058216,SVM,MEAN_RATE_LINEAR_SVM,1,TEMPORAL,5,bins,3,True,MAIN_FROZEN_T5,PENDING
Allen VBN|1104058216|MEAN_RATE_LINEAR_SVM|1|TEMPORAL|5|4,Allen VBN,563497,1104058216,SVM,MEAN_RATE_LINEAR_SVM,1,TEMPORAL,5,bins,4,True,MAIN_FROZEN_T5,PENDING
Allen VBN|1104058216|MEAN_RATE_LINEAR_SVM|1|TEMPORAL|7|0,Allen VBN,563497,1104058216,SVM,MEAN_RATE_LINEAR_SVM,1,TEMPORAL,7,bins,0,False,NEW_SUPP_S1_FIXED_SEED,PENDING
Allen VBN|1104058216|MEAN_RATE_LINEAR_SVM|1|TEMPORAL|7|1,Allen VBN,563497,1104058216,SVM,MEAN_RATE_LINEAR_SVM,1,TEMPORAL,7,bins,1,False,NEW_SUPP_S1_FIXED_SEED,PENDING
Allen VBN|1104058216|MEAN_RATE_LINEAR_SVM|1|TEMPORAL|7|2,Allen VBN,563497,1104058216,SVM,MEAN_RATE_LINEAR_SVM,1,TEMPORAL,7,bins,2,False,NEW_SUPP_S1_FIXED_SEED,PENDING
Allen VBN|1104058216|MEAN_RATE_LINEAR_SVM|1|TEMPORAL|7|3,Allen VBN,563497,1104058216,SVM,MEAN_RATE_LINEAR_SVM,1,TEMPORAL,7,bins,3,False,NEW_SUPP_S1_FIXED_SEED,PENDING
Allen VBN|1104058216|MEAN_RATE_LINEAR_SVM|1|TEMPORAL|7|4,Allen VBN,563497,1104058216,SVM,MEAN_RATE_LINEAR_SVM,1,TEMPORAL,7,bins,4,False,NEW_SUPP_S1_FIXED_SEED,PENDING
Allen VBN|1104058216|MEAN_RATE_LINEAR_SVM|1|TEMPORAL|10|0,Allen VBN,563497,1104058216,SVM,MEAN_RATE_LINEAR_SVM,1,TEMPORAL,10,bins,0,False,NEW_SUPP_S1_FIXED_SEED,PENDING
Allen VBN|1104058216|MEAN_RATE_LINEAR_SVM|1|TEMPORAL|10|1,Allen VBN,563497,1104058216,SVM,MEAN_RATE_LINEAR_SVM,1,TEMPORAL,10,bins,1,False,NEW_SUPP_S1_FIXED_SEED,PENDING
Allen VBN|1104058216|MEAN_RATE_LINEAR_SVM|1|TEMPORAL|10|2,Allen VBN,563497,1104058216,SVM,MEAN_RATE_LINEAR_SVM,1,TEMPORAL,10,bins,2,False,NEW_SUPP_S1_FIXED_SEED,PENDING
Allen VBN|1104058216|MEAN_RATE_LINEAR_SVM|1|TEMPORAL|10|3,Allen VBN,563497,1104058216,SVM,MEAN_RATE_LINEAR_SVM,1,TEMPORAL,10,bins,3,False,NEW_SUPP_S1_FIXED_SEED,PENDING
Allen VBN|1104058216|MEAN_RATE_LINEAR_SVM|1|TEMPORAL|10|4,Allen VBN,563497,1104058216,SVM,MEAN_RATE_LINEAR_SVM,1,TEMPORAL,10,bins,4,False,NEW_SUPP_S1_FIXED_SEED,PENDING
Allen VBN|1105798776|MM_RVD_A9_SELECTED_R6|0|CLEAN|0,Allen VBN,567286,1105798776,MM-RVD,MM_RVD_A9_SELECTED_R6,0,CLEAN_REFERENCE,0,none,0,False,R4_CLEAN_REFERENCE,PENDING
Allen VBN|1105798776|MM_RVD_A9_SELECTED_R6|0|UNIT|0.1|0,Allen VBN,567286,1105798776,MM-RVD,MM_RVD_A9_SELECTED_R6,0,UNIT,0.1,proportion,0,False,NEW_SUPP_S1_FIXED_SEED,PENDING
Allen VBN|1105798776|MM_RVD_A9_SELECTED_R6|0|UNIT|0.1|1,Allen VBN,567286,1105798776,MM-RVD,MM_RVD_A9_SELECTED_R6,0,UNIT,0.1,proportion,1,False,NEW_SUPP_S1_FIXED_SEED,PENDING
Allen VBN|1105798776|MM_RVD_A9_SELECTED_R6|0|UNIT|0.1|2,Allen VBN,567286,1105798776,MM-RVD,MM_RVD_A9_SELECTED_R6,0,UNIT,0.1,proportion,2,False,NEW_SUPP_S1_FIXED_SEED,PENDING
Allen VBN|1105798776|MM_RVD_A9_SELECTED_R6|0|UNIT|0.1|3,Allen VBN,567286,1105798776,MM-RVD,MM_RVD_A9_SELECTED_R6,0,UNIT,0.1,proportion,3,False,NEW_SUPP_S1_FIXED_SEED,PENDING
Allen VBN|1105798776|MM_RVD_A9_SELECTED_R6|0|UNIT|0.1|4,Allen VBN,567286,1105798776,MM-RVD,MM_RVD_A9_SELECTED_R6,0,UNIT,0.1,proportion,4,False,NEW_SUPP_S1_FIXED_SEED,PENDING
Allen VBN|1105798776|MM_RVD_A9_SELECTED_R6|0|UNIT|0.2|0,Allen VBN,567286,1105798776,MM-RVD,MM_RVD_A9_SELECTED_R6,0,UNIT,0.2,proportion,0,False,NEW_SUPP_S1_FIXED_SEED,PENDING
Allen VBN|1105798776|MM_RVD_A9_SELECTED_R6|0|UNIT|0.2|1,Allen VBN,567286,1105798776,MM-RVD,MM_RVD_A9_SELECTED_R6,0,UNIT,0.2,proportion,1,False,NEW_SUPP_S1_FIXED_SEED,PENDING
Allen VBN|1105798776|MM_RVD_A9_SELECTED_R6|0|UNIT|0.2|2,Allen VBN,567286,1105798776,MM-RVD,MM_RVD_A9_SELECTED_R6,0,UNIT,0.2,proportion,2,False,NEW_SUPP_S1_FIXED_SEED,PENDING
Allen VBN|1105798776|MM_RVD_A9_SELECTED_R6|0|UNIT|0.2|3,Allen VBN,567286,1105798776,MM-RVD,MM_RVD_A9_SELECTED_R6,0,UNIT,0.2,proportion,3,False,NEW_SUPP_S1_FIXED_SEED,PENDING
Allen VBN|1105798776|MM_RVD_A9_SELECTED_R6|0|UNIT|0.2|4,Allen VBN,567286,1105798776,MM-RVD,MM_RVD_A9_SELECTED_R6,0,UNIT,0.2,proportion,4,False,NEW_SUPP_S1_FIXED_SEED,PENDING
Allen VBN|1105798776|MM_RVD_A9_SELECTED_R6|0|UNIT|0.3|0,Allen VBN,567286,1105798776,MM-RVD,MM_RVD_A9_SELECTED_R6,0,UNIT,0.3,proportion,0,True,MAIN_FROZEN_U30,PENDING
Allen VBN|1105798776|MM_RVD_A9_SELECTED_R6|0|UNIT|0.3|1,Allen VBN,567286,1105798776,MM-RVD,MM_RVD_A9_SELECTED_R6,0,UNIT,0.3,proportion,1,True,MAIN_FROZEN_U30,PENDING
Allen VBN|1105798776|MM_RVD_A9_SELECTED_R6|0|UNIT|0.3|2,Allen VBN,567286,1105798776,MM-RVD,MM_RVD_A9_SELECTED_R6,0,UNIT,0.3,proportion,2,True,MAIN_FROZEN_U30,PENDING
Allen VBN|1105798776|MM_RVD_A9_SELECTED_R6|0|UNIT|0.3|3,Allen VBN,567286,1105798776,MM-RVD,MM_RVD_A9_SELECTED_R6,0,UNIT,0.3,proportion,3,True,MAIN_FROZEN_U30,PENDING
Allen VBN|1105798776|MM_RVD_A9_SELECTED_R6|0|UNIT|0.3|4,Allen VBN,567286,1105798776,MM-RVD,MM_RVD_A9_SELECTED_R6,0,UNIT,0.3,proportion,4,True,MAIN_FROZEN_U30,PENDING
Allen VBN|1105798776|MM_RVD_A9_SELECTED_R6|0|UNIT|0.4|0,Allen VBN,567286,1105798776,MM-RVD,MM_RVD_A9_SELECTED_R6,0,UNIT,0.4,proportion,0,False,NEW_SUPP_S1_FIXED_SEED,PENDING
Allen VBN|1105798776|MM_RVD_A9_SELECTED_R6|0|UNIT|0.4|1,Allen VBN,567286,1105798776,MM-RVD,MM_RVD_A9_SELECTED_R6,0,UNIT,0.4,proportion,1,False,NEW_SUPP_S1_FIXED_SEED,PENDING
Allen VBN|1105798776|MM_RVD_A9_SELECTED_R6|0|UNIT|0.4|2,Allen VBN,567286,1105798776,MM-RVD,MM_RVD_A9_SELECTED_R6,0,UNIT,0.4,proportion,2,False,NEW_SUPP_S1_FIXED_SEED,PENDING
Allen VBN|1105798776|MM_RVD_A9_SELECTED_R6|0|UNIT|0.4|3,Allen VBN,567286,1105798776,MM-RVD,MM_RVD_A9_SELECTED_R6,0,UNIT,0.4,proportion,3,False,NEW_SUPP_S1_FIXED_SEED,PENDING
Allen VBN|1105798776|MM_RVD_A9_SELECTED_R6|0|UNIT|0.4|4,Allen VBN,567286,1105798776,MM-RVD,MM_RVD_A9_SELECTED_R6,0,UNIT,0.4,proportion,4,False,NEW_SUPP_S1_FIXED_SEED,PENDING
Allen VBN|1105798776|MM_RVD_A9_SELECTED_R6|0|UNIT|0.5|0,Allen VBN,567286,1105798776,MM-RVD,MM_RVD_A9_SELECTED_R6,0,UNIT,0.5,proportion,0,False,NEW_SUPP_S1_FIXED_SEED,PENDING
Allen VBN|1105798776|MM_RVD_A9_SELECTED_R6|0|UNIT|0.5|1,Allen VBN,567286,1105798776,MM-RVD,MM_RVD_A9_SELECTED_R6,0,UNIT,0.5,proportion,1,False,NEW_SUPP_S1_FIXED_SEED,PENDING
Allen VBN|1105798776|MM_RVD_A9_SELECTED_R6|0|UNIT|0.5|2,Allen VBN,567286,1105798776,MM-RVD,MM_RVD_A9_SELECTED_R6,0,UNIT,0.5,proportion,2,False,NEW_SUPP_S1_FIXED_SEED,PENDING
Allen VBN|1105798776|MM_RVD_A9_SELECTED_R6|0|UNIT|0.5|3,Allen VBN,567286,1105798776,MM-RVD,MM_RVD_A9_SELECTED_R6,0,UNIT,0.5,proportion,3,False,NEW_SUPP_S1_FIXED_SEED,PENDING
Allen VBN|1105798776|MM_RVD_A9_SELECTED_R6|0|UNIT|0.5|4,Allen VBN,567286,1105798776,MM-RVD,MM_RVD_A9_SELECTED_R6,0,UNIT,0.5,proportion,4,False,NEW_SUPP_S1_FIXED_SEED,PENDING
Allen VBN|1105798776|MM_RVD_A9_SELECTED_R6|0|TEMPORAL|2|0,Allen VBN,567286,1105798776,MM-RVD,MM_RVD_A9_SELECTED_R6,0,TEMPORAL,2,bins,0,False,NEW_SUPP_S1_FIXED_SEED,PENDING
Allen VBN|1105798776|MM_RVD_A9_SELECTED_R6|0|TEMPORAL|2|1,Allen VBN,567286,1105798776,MM-RVD,MM_RVD_A9_SELECTED_R6,0,TEMPORAL,2,bins,1,False,NEW_SUPP_S1_FIXED_SEED,PENDING
Allen VBN|1105798776|MM_RVD_A9_SELECTED_R6|0|TEMPORAL|2|2,Allen VBN,567286,1105798776,MM-RVD,MM_RVD_A9_SELECTED_R6,0,TEMPORAL,2,bins,2,False,NEW_SUPP_S1_FIXED_SEED,PENDING
Allen VBN|1105798776|MM_RVD_A9_SELECTED_R6|0|TEMPORAL|2|3,Allen VBN,567286,1105798776,MM-RVD,MM_RVD_A9_SELECTED_R6,0,TEMPORAL,2,bins,3,False,NEW_SUPP_S1_FIXED_SEED,PENDING
Allen VBN|1105798776|MM_RVD_A9_SELECTED_R6|0|TEMPORAL|2|4,Allen VBN,567286,1105798776,MM-RVD,MM_RVD_A9_SELECTED_R6,0,TEMPORAL,2,bins,4,False,NEW_SUPP_S1_FIXED_SEED,PENDING
Allen VBN|1105798776|MM_RVD_A9_SELECTED_R6|0|TEMPORAL|3|0,Allen VBN,567286,1105798776,MM-RVD,MM_RVD_A9_SELECTED_R6,0,TEMPORAL,3,bins,0,False,NEW_SUPP_S1_FIXED_SEED,PENDING
Allen VBN|1105798776|MM_RVD_A9_SELECTED_R6|0|TEMPORAL|3|1,Allen VBN,567286,1105798776,MM-RVD,MM_RVD_A9_SELECTED_R6,0,TEMPORAL,3,bins,1,False,NEW_SUPP_S1_FIXED_SEED,PENDING
Allen VBN|1105798776|MM_RVD_A9_SELECTED_R6|0|TEMPORAL|3|2,Allen VBN,567286,1105798776,MM-RVD,MM_RVD_A9_SELECTED_R6,0,TEMPORAL,3,bins,2,False,NEW_SUPP_S1_FIXED_SEED,PENDING
Allen VBN|1105798776|MM_RVD_A9_SELECTED_R6|0|TEMPORAL|3|3,Allen VBN,567286,1105798776,MM-RVD,MM_RVD_A9_SELECTED_R6,0,TEMPORAL,3,bins,3,False,NEW_SUPP_S1_FIXED_SEED,PENDING
Allen VBN|1105798776|MM_RVD_A9_SELECTED_R6|0|TEMPORAL|3|4,Allen VBN,567286,1105798776,MM-RVD,MM_RVD_A9_SELECTED_R6,0,TEMPORAL,3,bins,4,False,NEW_SUPP_S1_FIXED_SEED,PENDING
Allen VBN|1105798776|MM_RVD_A9_SELECTED_R6|0|TEMPORAL|5|0,Allen VBN,567286,1105798776,MM-RVD,MM_RVD_A9_SELECTED_R6,0,TEMPORAL,5,bins,0,True,MAIN_FROZEN_T5,PENDING
Allen VBN|1105798776|MM_RVD_A9_SELECTED_R6|0|TEMPORAL|5|1,Allen VBN,567286,1105798776,MM-RVD,MM_RVD_A9_SELECTED_R6,0,TEMPORAL,5,bins,1,True,MAIN_FROZEN_T5,PENDING
Allen VBN|1105798776|MM_RVD_A9_SELECTED_R6|0|TEMPORAL|5|2,Allen VBN,567286,1105798776,MM-RVD,MM_RVD_A9_SELECTED_R6,0,TEMPORAL,5,bins,2,True,MAIN_FROZEN_T5,PENDING
Allen VBN|1105798776|MM_RVD_A9_SELECTED_R6|0|TEMPORAL|5|3,Allen VBN,567286,1105798776,MM-RVD,MM_RVD_A9_SELECTED_R6,0,TEMPORAL,5,bins,3,True,MAIN_FROZEN_T5,PENDING
Allen VBN|1105798776|MM_RVD_A9_SELECTED_R6|0|TEMPORAL|5|4,Allen VBN,567286,1105798776,MM-RVD,MM_RVD_A9_SELECTED_R6,0,TEMPORAL,5,bins,4,True,MAIN_FROZEN_T5,PENDING
Allen VBN|1105798776|MM_RVD_A9_SELECTED_R6|0|TEMPORAL|7|0,Allen VBN,567286,1105798776,MM-RVD,MM_RVD_A9_SELECTED_R6,0,TEMPORAL,7,bins,0,False,NEW_SUPP_S1_FIXED_SEED,PENDING
Allen VBN|1105798776|MM_RVD_A9_SELECTED_R6|0|TEMPORAL|7|1,Allen VBN,567286,1105798776,MM-RVD,MM_RVD_A9_SELECTED_R6,0,TEMPORAL,7,bins,1,False,NEW_SUPP_S1_FIXED_SEED,PENDING
Allen VBN|1105798776|MM_RVD_A9_SELECTED_R6|0|TEMPORAL|7|2,Allen VBN,567286,1105798776,MM-RVD,MM_RVD_A9_SELECTED_R6,0,TEMPORAL,7,bins,2,False,NEW_SUPP_S1_FIXED_SEED,PENDING
Allen VBN|1105798776|MM_RVD_A9_SELECTED_R6|0|TEMPORAL|7|3,Allen VBN,567286,1105798776,MM-RVD,MM_RVD_A9_SELECTED_R6,0,TEMPORAL,7,bins,3,False,NEW_SUPP_S1_FIXED_SEED,PENDING
Allen VBN|1105798776|MM_RVD_A9_SELECTED_R6|0|TEMPORAL|7|4,Allen VBN,567286,1105798776,MM-RVD,MM_RVD_A9_SELECTED_R6,0,TEMPORAL,7,bins,4,False,NEW_SUPP_S1_FIXED_SEED,PENDING
Allen VBN|1105798776|MM_RVD_A9_SELECTED_R6|0|TEMPORAL|10|0,Allen VBN,567286,1105798776,MM-RVD,MM_RVD_A9_SELECTED_R6,0,TEMPORAL,10,bins,0,False,NEW_SUPP_S1_FIXED_SEED,PENDING
Allen VBN|1105798776|MM_RVD_A9_SELECTED_R6|0|TEMPORAL|10|1,Allen VBN,567286,1105798776,MM-RVD,MM_RVD_A9_SELECTED_R6,0,TEMPORAL,10,bins,1,False,NEW_SUPP_S1_FIXED_SEED,PENDING
Allen VBN|1105798776|MM_RVD_A9_SELECTED_R6|0|TEMPORAL|10|2,Allen VBN,567286,1105798776,MM-RVD,MM_RVD_A9_SELECTED_R6,0,TEMPORAL,10,bins,2,False,NEW_SUPP_S1_FIXED_SEED,PENDING
Allen VBN|1105798776|MM_RVD_A9_SELECTED_R6|0|TEMPORAL|10|3,Allen VBN,567286,1105798776,MM-RVD,MM_RVD_A9_SELECTED_R6,0,TEMPORAL,10,bins,3,False,NEW_SUPP_S1_FIXED_SEED,PENDING
Allen VBN|1105798776|MM_RVD_A9_SELECTED_R6|0|TEMPORAL|10|4,Allen VBN,567286,1105798776,MM-RVD,MM_RVD_A9_SELECTED_R6,0,TEMPORAL,10,bins,4,False,NEW_SUPP_S1_FIXED_SEED,PENDING
Allen VBN|1105798776|MM_RVD_A9_SELECTED_R6|1|CLEAN|0,Allen VBN,567286,1105798776,MM-RVD,MM_RVD_A9_SELECTED_R6,1,CLEAN_REFERENCE,0,none,0,False,R4_CLEAN_REFERENCE,PENDING
Allen VBN|1105798776|MM_RVD_A9_SELECTED_R6|1|UNIT|0.1|0,Allen VBN,567286,1105798776,MM-RVD,MM_RVD_A9_SELECTED_R6,1,UNIT,0.1,proportion,0,False,NEW_SUPP_S1_FIXED_SEED,PENDING
Allen VBN|1105798776|MM_RVD_A9_SELECTED_R6|1|UNIT|0.1|1,Allen VBN,567286,1105798776,MM-RVD,MM_RVD_A9_SELECTED_R6,1,UNIT,0.1,proportion,1,False,NEW_SUPP_S1_FIXED_SEED,PENDING
Allen VBN|1105798776|MM_RVD_A9_SELECTED_R6|1|UNIT|0.1|2,Allen VBN,567286,1105798776,MM-RVD,MM_RVD_A9_SELECTED_R6,1,UNIT,0.1,proportion,2,False,NEW_SUPP_S1_FIXED_SEED,PENDING
Allen VBN|1105798776|MM_RVD_A9_SELECTED_R6|1|UNIT|0.1|3,Allen VBN,567286,1105798776,MM-RVD,MM_RVD_A9_SELECTED_R6,1,UNIT,0.1,proportion,3,False,NEW_SUPP_S1_FIXED_SEED,PENDING
Allen VBN|1105798776|MM_RVD_A9_SELECTED_R6|1|UNIT|0.1|4,Allen VBN,567286,1105798776,MM-RVD,MM_RVD_A9_SELECTED_R6,1,UNIT,0.1,proportion,4,False,NEW_SUPP_S1_FIXED_SEED,PENDING
Allen VBN|1105798776|MM_RVD_A9_SELECTED_R6|1|UNIT|0.2|0,Allen VBN,567286,1105798776,MM-RVD,MM_RVD_A9_SELECTED_R6,1,UNIT,0.2,proportion,0,False,NEW_SUPP_S1_FIXED_SEED,PENDING
Allen VBN|1105798776|MM_RVD_A9_SELECTED_R6|1|UNIT|0.2|1,Allen VBN,567286,1105798776,MM-RVD,MM_RVD_A9_SELECTED_R6,1,UNIT,0.2,proportion,1,False,NEW_SUPP_S1_FIXED_SEED,PENDING
Allen VBN|1105798776|MM_RVD_A9_SELECTED_R6|1|UNIT|0.2|2,Allen VBN,567286,1105798776,MM-RVD,MM_RVD_A9_SELECTED_R6,1,UNIT,0.2,proportion,2,False,NEW_SUPP_S1_FIXED_SEED,PENDING
Allen VBN|1105798776|MM_RVD_A9_SELECTED_R6|1|UNIT|0.2|3,Allen VBN,567286,1105798776,MM-RVD,MM_RVD_A9_SELECTED_R6,1,UNIT,0.2,proportion,3,False,NEW_SUPP_S1_FIXED_SEED,PENDING
Allen VBN|1105798776|MM_RVD_A9_SELECTED_R6|1|UNIT|0.2|4,Allen VBN,567286,1105798776,MM-RVD,MM_RVD_A9_SELECTED_R6,1,UNIT,0.2,proportion,4,False,NEW_SUPP_S1_FIXED_SEED,PENDING
Allen VBN|1105798776|MM_RVD_A9_SELECTED_R6|1|UNIT|0.3|0,Allen VBN,567286,1105798776,MM-RVD,MM_RVD_A9_SELECTED_R6,1,UNIT,0.3,proportion,0,True,MAIN_FROZEN_U30,PENDING
Allen VBN|1105798776|MM_RVD_A9_SELECTED_R6|1|UNIT|0.3|1,Allen VBN,567286,1105798776,MM-RVD,MM_RVD_A9_SELECTED_R6,1,UNIT,0.3,proportion,1,True,MAIN_FROZEN_U30,PENDING
Allen VBN|1105798776|MM_RVD_A9_SELECTED_R6|1|UNIT|0.3|2,Allen VBN,567286,1105798776,MM-RVD,MM_RVD_A9_SELECTED_R6,1,UNIT,0.3,proportion,2,True,MAIN_FROZEN_U30,PENDING
Allen VBN|1105798776|MM_RVD_A9_SELECTED_R6|1|UNIT|0.3|3,Allen VBN,567286,1105798776,MM-RVD,MM_RVD_A9_SELECTED_R6,1,UNIT,0.3,proportion,3,True,MAIN_FROZEN_U30,PENDING
Allen VBN|1105798776|MM_RVD_A9_SELECTED_R6|1|UNIT|0.3|4,Allen VBN,567286,1105798776,MM-RVD,MM_RVD_A9_SELECTED_R6,1,UNIT,0.3,proportion,4,True,MAIN_FROZEN_U30,PENDING
Allen VBN|1105798776|MM_RVD_A9_SELECTED_R6|1|UNIT|0.4|0,Allen VBN,567286,1105798776,MM-RVD,MM_RVD_A9_SELECTED_R6,1,UNIT,0.4,proportion,0,False,NEW_SUPP_S1_FIXED_SEED,PENDING
Allen VBN|1105798776|MM_RVD_A9_SELECTED_R6|1|UNIT|0.4|1,Allen VBN,567286,1105798776,MM-RVD,MM_RVD_A9_SELECTED_R6,1,UNIT,0.4,proportion,1,False,NEW_SUPP_S1_FIXED_SEED,PENDING
Allen VBN|1105798776|MM_RVD_A9_SELECTED_R6|1|UNIT|0.4|2,Allen VBN,567286,1105798776,MM-RVD,MM_RVD_A9_SELECTED_R6,1,UNIT,0.4,proportion,2,False,NEW_SUPP_S1_FIXED_SEED,PENDING
Allen VBN|1105798776|MM_RVD_A9_SELECTED_R6|1|UNIT|0.4|3,Allen VBN,567286,1105798776,MM-RVD,MM_RVD_A9_SELECTED_R6,1,UNIT,0.4,proportion,3,False,NEW_SUPP_S1_FIXED_SEED,PENDING
Allen VBN|1105798776|MM_RVD_A9_SELECTED_R6|1|UNIT|0.4|4,Allen VBN,567286,1105798776,MM-RVD,MM_RVD_A9_SELECTED_R6,1,UNIT,0.4,proportion,4,False,NEW_SUPP_S1_FIXED_SEED,PENDING
Allen VBN|1105798776|MM_RVD_A9_SELECTED_R6|1|UNIT|0.5|0,Allen VBN,567286,1105798776,MM-RVD,MM_RVD_A9_SELECTED_R6,1,UNIT,0.5,proportion,0,False,NEW_SUPP_S1_FIXED_SEED,PENDING
Allen VBN|1105798776|MM_RVD_A9_SELECTED_R6|1|UNIT|0.5|1,Allen VBN,567286,1105798776,MM-RVD,MM_RVD_A9_SELECTED_R6,1,UNIT,0.5,proportion,1,False,NEW_SUPP_S1_FIXED_SEED,PENDING
Allen VBN|1105798776|MM_RVD_A9_SELECTED_R6|1|UNIT|0.5|2,Allen VBN,567286,1105798776,MM-RVD,MM_RVD_A9_SELECTED_R6,1,UNIT,0.5,proportion,2,False,NEW_SUPP_S1_FIXED_SEED,PENDING
Allen VBN|1105798776|MM_RVD_A9_SELECTED_R6|1|UNIT|0.5|3,Allen VBN,567286,1105798776,MM-RVD,MM_RVD_A9_SELECTED_R6,1,UNIT,0.5,proportion,3,False,NEW_SUPP_S1_FIXED_SEED,PENDING
Allen VBN|1105798776|MM_RVD_A9_SELECTED_R6|1|UNIT|0.5|4,Allen VBN,567286,1105798776,MM-RVD,MM_RVD_A9_SELECTED_R6,1,UNIT,0.5,proportion,4,False,NEW_SUPP_S1_FIXED_SEED,PENDING
Allen VBN|1105798776|MM_RVD_A9_SELECTED_R6|1|TEMPORAL|2|0,Allen VBN,567286,1105798776,MM-RVD,MM_RVD_A9_SELECTED_R6,1,TEMPORAL,2,bins,0,False,NEW_SUPP_S1_FIXED_SEED,PENDING
Allen VBN|1105798776|MM_RVD_A9_SELECTED_R6|1|TEMPORAL|2|1,Allen VBN,567286,1105798776,MM-RVD,MM_RVD_A9_SELECTED_R6,1,TEMPORAL,2,bins,1,False,NEW_SUPP_S1_FIXED_SEED,PENDING
Allen VBN|1105798776|MM_RVD_A9_SELECTED_R6|1|TEMPORAL|2|2,Allen VBN,567286,1105798776,MM-RVD,MM_RVD_A9_SELECTED_R6,1,TEMPORAL,2,bins,2,False,NEW_SUPP_S1_FIXED_SEED,PENDING
Allen VBN|1105798776|MM_RVD_A9_SELECTED_R6|1|TEMPORAL|2|3,Allen VBN,567286,1105798776,MM-RVD,MM_RVD_A9_SELECTED_R6,1,TEMPORAL,2,bins,3,False,NEW_SUPP_S1_FIXED_SEED,PENDING
Allen VBN|1105798776|MM_RVD_A9_SELECTED_R6|1|TEMPORAL|2|4,Allen VBN,567286,1105798776,MM-RVD,MM_RVD_A9_SELECTED_R6,1,TEMPORAL,2,bins,4,False,NEW_SUPP_S1_FIXED_SEED,PENDING
Allen VBN|1105798776|MM_RVD_A9_SELECTED_R6|1|TEMPORAL|3|0,Allen VBN,567286,1105798776,MM-RVD,MM_RVD_A9_SELECTED_R6,1,TEMPORAL,3,bins,0,False,NEW_SUPP_S1_FIXED_SEED,PENDING
Allen VBN|1105798776|MM_RVD_A9_SELECTED_R6|1|TEMPORAL|3|1,Allen VBN,567286,1105798776,MM-RVD,MM_RVD_A9_SELECTED_R6,1,TEMPORAL,3,bins,1,False,NEW_SUPP_S1_FIXED_SEED,PENDING
Allen VBN|1105798776|MM_RVD_A9_SELECTED_R6|1|TEMPORAL|3|2,Allen VBN,567286,1105798776,MM-RVD,MM_RVD_A9_SELECTED_R6,1,TEMPORAL,3,bins,2,False,NEW_SUPP_S1_FIXED_SEED,PENDING
Allen VBN|1105798776|MM_RVD_A9_SELECTED_R6|1|TEMPORAL|3|3,Allen VBN,567286,1105798776,MM-RVD,MM_RVD_A9_SELECTED_R6,1,TEMPORAL,3,bins,3,False,NEW_SUPP_S1_FIXED_SEED,PENDING
Allen VBN|1105798776|MM_RVD_A9_SELECTED_R6|1|TEMPORAL|3|4,Allen VBN,567286,1105798776,MM-RVD,MM_RVD_A9_SELECTED_R6,1,TEMPORAL,3,bins,4,False,NEW_SUPP_S1_FIXED_SEED,PENDING
Allen VBN|1105798776|MM_RVD_A9_SELECTED_R6|1|TEMPORAL|5|0,Allen VBN,567286,1105798776,MM-RVD,MM_RVD_A9_SELECTED_R6,1,TEMPORAL,5,bins,0,True,MAIN_FROZEN_T5,PENDING
Allen VBN|1105798776|MM_RVD_A9_SELECTED_R6|1|TEMPORAL|5|1,Allen VBN,567286,1105798776,MM-RVD,MM_RVD_A9_SELECTED_R6,1,TEMPORAL,5,bins,1,True,MAIN_FROZEN_T5,PENDING
Allen VBN|1105798776|MM_RVD_A9_SELECTED_R6|1|TEMPORAL|5|2,Allen VBN,567286,1105798776,MM-RVD,MM_RVD_A9_SELECTED_R6,1,TEMPORAL,5,bins,2,True,MAIN_FROZEN_T5,PENDING
Allen VBN|1105798776|MM_RVD_A9_SELECTED_R6|1|TEMPORAL|5|3,Allen VBN,567286,1105798776,MM-RVD,MM_RVD_A9_SELECTED_R6,1,TEMPORAL,5,bins,3,True,MAIN_FROZEN_T5,PENDING
Allen VBN|1105798776|MM_RVD_A9_SELECTED_R6|1|TEMPORAL|5|4,Allen VBN,567286,1105798776,MM-RVD,MM_RVD_A9_SELECTED_R6,1,TEMPORAL,5,bins,4,True,MAIN_FROZEN_T5,PENDING
Allen VBN|1105798776|MM_RVD_A9_SELECTED_R6|1|TEMPORAL|7|0,Allen VBN,567286,1105798776,MM-RVD,MM_RVD_A9_SELECTED_R6,1,TEMPORAL,7,bins,0,False,NEW_SUPP_S1_FIXED_SEED,PENDING
Allen VBN|1105798776|MM_RVD_A9_SELECTED_R6|1|TEMPORAL|7|1,Allen VBN,567286,1105798776,MM-RVD,MM_RVD_A9_SELECTED_R6,1,TEMPORAL,7,bins,1,False,NEW_SUPP_S1_FIXED_SEED,PENDING
Allen VBN|1105798776|MM_RVD_A9_SELECTED_R6|1|TEMPORAL|7|2,Allen VBN,567286,1105798776,MM-RVD,MM_RVD_A9_SELECTED_R6,1,TEMPORAL,7,bins,2,False,NEW_SUPP_S1_FIXED_SEED,PENDING
Allen VBN|1105798776|MM_RVD_A9_SELECTED_R6|1|TEMPORAL|7|3,Allen VBN,567286,1105798776,MM-RVD,MM_RVD_A9_SELECTED_R6,1,TEMPORAL,7,bins,3,False,NEW_SUPP_S1_FIXED_SEED,PENDING
Allen VBN|1105798776|MM_RVD_A9_SELECTED_R6|1|TEMPORAL|7|4,Allen VBN,567286,1105798776,MM-RVD,MM_RVD_A9_SELECTED_R6,1,TEMPORAL,7,bins,4,False,NEW_SUPP_S1_FIXED_SEED,PENDING
Allen VBN|1105798776|MM_RVD_A9_SELECTED_R6|1|TEMPORAL|10|0,Allen VBN,567286,1105798776,MM-RVD,MM_RVD_A9_SELECTED_R6,1,TEMPORAL,10,bins,0,False,NEW_SUPP_S1_FIXED_SEED,PENDING
Allen VBN|1105798776|MM_RVD_A9_SELECTED_R6|1|TEMPORAL|10|1,Allen VBN,567286,1105798776,MM-RVD,MM_RVD_A9_SELECTED_R6,1,TEMPORAL,10,bins,1,False,NEW_SUPP_S1_FIXED_SEED,PENDING
Allen VBN|1105798776|MM_RVD_A9_SELECTED_R6|1|TEMPORAL|10|2,Allen VBN,567286,1105798776,MM-RVD,MM_RVD_A9_SELECTED_R6,1,TEMPORAL,10,bins,2,False,NEW_SUPP_S1_FIXED_SEED,PENDING
Allen VBN|1105798776|MM_RVD_A9_SELECTED_R6|1|TEMPORAL|10|3,Allen VBN,567286,1105798776,MM-RVD,MM_RVD_A9_SELECTED_R6,1,TEMPORAL,10,bins,3,False,NEW_SUPP_S1_FIXED_SEED,PENDING
Allen VBN|1105798776|MM_RVD_A9_SELECTED_R6|1|TEMPORAL|10|4,Allen VBN,567286,1105798776,MM-RVD,MM_RVD_A9_SELECTED_R6,1,TEMPORAL,10,bins,4,False,NEW_SUPP_S1_FIXED_SEED,PENDING
Allen VBN|1105798776|MEAN_RATE_LINEAR_SVM|0|CLEAN|0,Allen VBN,567286,1105798776,SVM,MEAN_RATE_LINEAR_SVM,0,CLEAN_REFERENCE,0,none,0,False,R4_CLEAN_REFERENCE,PENDING
Allen VBN|1105798776|MEAN_RATE_LINEAR_SVM|0|UNIT|0.1|0,Allen VBN,567286,1105798776,SVM,MEAN_RATE_LINEAR_SVM,0,UNIT,0.1,proportion,0,False,NEW_SUPP_S1_FIXED_SEED,PENDING
Allen VBN|1105798776|MEAN_RATE_LINEAR_SVM|0|UNIT|0.1|1,Allen VBN,567286,1105798776,SVM,MEAN_RATE_LINEAR_SVM,0,UNIT,0.1,proportion,1,False,NEW_SUPP_S1_FIXED_SEED,PENDING
Allen VBN|1105798776|MEAN_RATE_LINEAR_SVM|0|UNIT|0.1|2,Allen VBN,567286,1105798776,SVM,MEAN_RATE_LINEAR_SVM,0,UNIT,0.1,proportion,2,False,NEW_SUPP_S1_FIXED_SEED,PENDING
Allen VBN|1105798776|MEAN_RATE_LINEAR_SVM|0|UNIT|0.1|3,Allen VBN,567286,1105798776,SVM,MEAN_RATE_LINEAR_SVM,0,UNIT,0.1,proportion,3,False,NEW_SUPP_S1_FIXED_SEED,PENDING
Allen VBN|1105798776|MEAN_RATE_LINEAR_SVM|0|UNIT|0.1|4,Allen VBN,567286,1105798776,SVM,MEAN_RATE_LINEAR_SVM,0,UNIT,0.1,proportion,4,False,NEW_SUPP_S1_FIXED_SEED,PENDING
Allen VBN|1105798776|MEAN_RATE_LINEAR_SVM|0|UNIT|0.2|0,Allen VBN,567286,1105798776,SVM,MEAN_RATE_LINEAR_SVM,0,UNIT,0.2,proportion,0,False,NEW_SUPP_S1_FIXED_SEED,PENDING
Allen VBN|1105798776|MEAN_RATE_LINEAR_SVM|0|UNIT|0.2|1,Allen VBN,567286,1105798776,SVM,MEAN_RATE_LINEAR_SVM,0,UNIT,0.2,proportion,1,False,NEW_SUPP_S1_FIXED_SEED,PENDING
Allen VBN|1105798776|MEAN_RATE_LINEAR_SVM|0|UNIT|0.2|2,Allen VBN,567286,1105798776,SVM,MEAN_RATE_LINEAR_SVM,0,UNIT,0.2,proportion,2,False,NEW_SUPP_S1_FIXED_SEED,PENDING
Allen VBN|1105798776|MEAN_RATE_LINEAR_SVM|0|UNIT|0.2|3,Allen VBN,567286,1105798776,SVM,MEAN_RATE_LINEAR_SVM,0,UNIT,0.2,proportion,3,False,NEW_SUPP_S1_FIXED_SEED,PENDING
Allen VBN|1105798776|MEAN_RATE_LINEAR_SVM|0|UNIT|0.2|4,Allen VBN,567286,1105798776,SVM,MEAN_RATE_LINEAR_SVM,0,UNIT,0.2,proportion,4,False,NEW_SUPP_S1_FIXED_SEED,PENDING
Allen VBN|1105798776|MEAN_RATE_LINEAR_SVM|0|UNIT|0.3|0,Allen VBN,567286,1105798776,SVM,MEAN_RATE_LINEAR_SVM,0,UNIT,0.3,proportion,0,True,MAIN_FROZEN_U30,PENDING
Allen VBN|1105798776|MEAN_RATE_LINEAR_SVM|0|UNIT|0.3|1,Allen VBN,567286,1105798776,SVM,MEAN_RATE_LINEAR_SVM,0,UNIT,0.3,proportion,1,True,MAIN_FROZEN_U30,PENDING
Allen VBN|1105798776|MEAN_RATE_LINEAR_SVM|0|UNIT|0.3|2,Allen VBN,567286,1105798776,SVM,MEAN_RATE_LINEAR_SVM,0,UNIT,0.3,proportion,2,True,MAIN_FROZEN_U30,PENDING
Allen VBN|1105798776|MEAN_RATE_LINEAR_SVM|0|UNIT|0.3|3,Allen VBN,567286,1105798776,SVM,MEAN_RATE_LINEAR_SVM,0,UNIT,0.3,proportion,3,True,MAIN_FROZEN_U30,PENDING
Allen VBN|1105798776|MEAN_RATE_LINEAR_SVM|0|UNIT|0.3|4,Allen VBN,567286,1105798776,SVM,MEAN_RATE_LINEAR_SVM,0,UNIT,0.3,proportion,4,True,MAIN_FROZEN_U30,PENDING
Allen VBN|1105798776|MEAN_RATE_LINEAR_SVM|0|UNIT|0.4|0,Allen VBN,567286,1105798776,SVM,MEAN_RATE_LINEAR_SVM,0,UNIT,0.4,proportion,0,False,NEW_SUPP_S1_FIXED_SEED,PENDING
Allen VBN|1105798776|MEAN_RATE_LINEAR_SVM|0|UNIT|0.4|1,Allen VBN,567286,1105798776,SVM,MEAN_RATE_LINEAR_SVM,0,UNIT,0.4,proportion,1,False,NEW_SUPP_S1_FIXED_SEED,PENDING
Allen VBN|1105798776|MEAN_RATE_LINEAR_SVM|0|UNIT|0.4|2,Allen VBN,567286,1105798776,SVM,MEAN_RATE_LINEAR_SVM,0,UNIT,0.4,proportion,2,False,NEW_SUPP_S1_FIXED_SEED,PENDING
Allen VBN|1105798776|MEAN_RATE_LINEAR_SVM|0|UNIT|0.4|3,Allen VBN,567286,1105798776,SVM,MEAN_RATE_LINEAR_SVM,0,UNIT,0.4,proportion,3,False,NEW_SUPP_S1_FIXED_SEED,PENDING
Allen VBN|1105798776|MEAN_RATE_LINEAR_SVM|0|UNIT|0.4|4,Allen VBN,567286,1105798776,SVM,MEAN_RATE_LINEAR_SVM,0,UNIT,0.4,proportion,4,False,NEW_SUPP_S1_FIXED_SEED,PENDING
Allen VBN|1105798776|MEAN_RATE_LINEAR_SVM|0|UNIT|0.5|0,Allen VBN,567286,1105798776,SVM,MEAN_RATE_LINEAR_SVM,0,UNIT,0.5,proportion,0,False,NEW_SUPP_S1_FIXED_SEED,PENDING
Allen VBN|1105798776|MEAN_RATE_LINEAR_SVM|0|UNIT|0.5|1,Allen VBN,567286,1105798776,SVM,MEAN_RATE_LINEAR_SVM,0,UNIT,0.5,proportion,1,False,NEW_SUPP_S1_FIXED_SEED,PENDING
Allen VBN|1105798776|MEAN_RATE_LINEAR_SVM|0|UNIT|0.5|2,Allen VBN,567286,1105798776,SVM,MEAN_RATE_LINEAR_SVM,0,UNIT,0.5,proportion,2,False,NEW_SUPP_S1_FIXED_SEED,PENDING
Allen VBN|1105798776|MEAN_RATE_LINEAR_SVM|0|UNIT|0.5|3,Allen VBN,567286,1105798776,SVM,MEAN_RATE_LINEAR_SVM,0,UNIT,0.5,proportion,3,False,NEW_SUPP_S1_FIXED_SEED,PENDING
Allen VBN|1105798776|MEAN_RATE_LINEAR_SVM|0|UNIT|0.5|4,Allen VBN,567286,1105798776,SVM,MEAN_RATE_LINEAR_SVM,0,UNIT,0.5,proportion,4,False,NEW_SUPP_S1_FIXED_SEED,PENDING
Allen VBN|1105798776|MEAN_RATE_LINEAR_SVM|0|TEMPORAL|2|0,Allen VBN,567286,1105798776,SVM,MEAN_RATE_LINEAR_SVM,0,TEMPORAL,2,bins,0,False,NEW_SUPP_S1_FIXED_SEED,PENDING
Allen VBN|1105798776|MEAN_RATE_LINEAR_SVM|0|TEMPORAL|2|1,Allen VBN,567286,1105798776,SVM,MEAN_RATE_LINEAR_SVM,0,TEMPORAL,2,bins,1,False,NEW_SUPP_S1_FIXED_SEED,PENDING
Allen VBN|1105798776|MEAN_RATE_LINEAR_SVM|0|TEMPORAL|2|2,Allen VBN,567286,1105798776,SVM,MEAN_RATE_LINEAR_SVM,0,TEMPORAL,2,bins,2,False,NEW_SUPP_S1_FIXED_SEED,PENDING
Allen VBN|1105798776|MEAN_RATE_LINEAR_SVM|0|TEMPORAL|2|3,Allen VBN,567286,1105798776,SVM,MEAN_RATE_LINEAR_SVM,0,TEMPORAL,2,bins,3,False,NEW_SUPP_S1_FIXED_SEED,PENDING
Allen VBN|1105798776|MEAN_RATE_LINEAR_SVM|0|TEMPORAL|2|4,Allen VBN,567286,1105798776,SVM,MEAN_RATE_LINEAR_SVM,0,TEMPORAL,2,bins,4,False,NEW_SUPP_S1_FIXED_SEED,PENDING
Allen VBN|1105798776|MEAN_RATE_LINEAR_SVM|0|TEMPORAL|3|0,Allen VBN,567286,1105798776,SVM,MEAN_RATE_LINEAR_SVM,0,TEMPORAL,3,bins,0,False,NEW_SUPP_S1_FIXED_SEED,PENDING
Allen VBN|1105798776|MEAN_RATE_LINEAR_SVM|0|TEMPORAL|3|1,Allen VBN,567286,1105798776,SVM,MEAN_RATE_LINEAR_SVM,0,TEMPORAL,3,bins,1,False,NEW_SUPP_S1_FIXED_SEED,PENDING
Allen VBN|1105798776|MEAN_RATE_LINEAR_SVM|0|TEMPORAL|3|2,Allen VBN,567286,1105798776,SVM,MEAN_RATE_LINEAR_SVM,0,TEMPORAL,3,bins,2,False,NEW_SUPP_S1_FIXED_SEED,PENDING
Allen VBN|1105798776|MEAN_RATE_LINEAR_SVM|0|TEMPORAL|3|3,Allen VBN,567286,1105798776,SVM,MEAN_RATE_LINEAR_SVM,0,TEMPORAL,3,bins,3,False,NEW_SUPP_S1_FIXED_SEED,PENDING
Allen VBN|1105798776|MEAN_RATE_LINEAR_SVM|0|TEMPORAL|3|4,Allen VBN,567286,1105798776,SVM,MEAN_RATE_LINEAR_SVM,0,TEMPORAL,3,bins,4,False,NEW_SUPP_S1_FIXED_SEED,PENDING
Allen VBN|1105798776|MEAN_RATE_LINEAR_SVM|0|TEMPORAL|5|0,Allen VBN,567286,1105798776,SVM,MEAN_RATE_LINEAR_SVM,0,TEMPORAL,5,bins,0,True,MAIN_FROZEN_T5,PENDING
Allen VBN|1105798776|MEAN_RATE_LINEAR_SVM|0|TEMPORAL|5|1,Allen VBN,567286,1105798776,SVM,MEAN_RATE_LINEAR_SVM,0,TEMPORAL,5,bins,1,True,MAIN_FROZEN_T5,PENDING
Allen VBN|1105798776|MEAN_RATE_LINEAR_SVM|0|TEMPORAL|5|2,Allen VBN,567286,1105798776,SVM,MEAN_RATE_LINEAR_SVM,0,TEMPORAL,5,bins,2,True,MAIN_FROZEN_T5,PENDING
Allen VBN|1105798776|MEAN_RATE_LINEAR_SVM|0|TEMPORAL|5|3,Allen VBN,567286,1105798776,SVM,MEAN_RATE_LINEAR_SVM,0,TEMPORAL,5,bins,3,True,MAIN_FROZEN_T5,PENDING
Allen VBN|1105798776|MEAN_RATE_LINEAR_SVM|0|TEMPORAL|5|4,Allen VBN,567286,1105798776,SVM,MEAN_RATE_LINEAR_SVM,0,TEMPORAL,5,bins,4,True,MAIN_FROZEN_T5,PENDING
Allen VBN|1105798776|MEAN_RATE_LINEAR_SVM|0|TEMPORAL|7|0,Allen VBN,567286,1105798776,SVM,MEAN_RATE_LINEAR_SVM,0,TEMPORAL,7,bins,0,False,NEW_SUPP_S1_FIXED_SEED,PENDING
Allen VBN|1105798776|MEAN_RATE_LINEAR_SVM|0|TEMPORAL|7|1,Allen VBN,567286,1105798776,SVM,MEAN_RATE_LINEAR_SVM,0,TEMPORAL,7,bins,1,False,NEW_SUPP_S1_FIXED_SEED,PENDING
Allen VBN|1105798776|MEAN_RATE_LINEAR_SVM|0|TEMPORAL|7|2,Allen VBN,567286,1105798776,SVM,MEAN_RATE_LINEAR_SVM,0,TEMPORAL,7,bins,2,False,NEW_SUPP_S1_FIXED_SEED,PENDING
Allen VBN|1105798776|MEAN_RATE_LINEAR_SVM|0|TEMPORAL|7|3,Allen VBN,567286,1105798776,SVM,MEAN_RATE_LINEAR_SVM,0,TEMPORAL,7,bins,3,False,NEW_SUPP_S1_FIXED_SEED,PENDING
Allen VBN|1105798776|MEAN_RATE_LINEAR_SVM|0|TEMPORAL|7|4,Allen VBN,567286,1105798776,SVM,MEAN_RATE_LINEAR_SVM,0,TEMPORAL,7,bins,4,False,NEW_SUPP_S1_FIXED_SEED,PENDING
Allen VBN|1105798776|MEAN_RATE_LINEAR_SVM|0|TEMPORAL|10|0,Allen VBN,567286,1105798776,SVM,MEAN_RATE_LINEAR_SVM,0,TEMPORAL,10,bins,0,False,NEW_SUPP_S1_FIXED_SEED,PENDING
Allen VBN|1105798776|MEAN_RATE_LINEAR_SVM|0|TEMPORAL|10|1,Allen VBN,567286,1105798776,SVM,MEAN_RATE_LINEAR_SVM,0,TEMPORAL,10,bins,1,False,NEW_SUPP_S1_FIXED_SEED,PENDING
Allen VBN|1105798776|MEAN_RATE_LINEAR_SVM|0|TEMPORAL|10|2,Allen VBN,567286,1105798776,SVM,MEAN_RATE_LINEAR_SVM,0,TEMPORAL,10,bins,2,False,NEW_SUPP_S1_FIXED_SEED,PENDING
Allen VBN|1105798776|MEAN_RATE_LINEAR_SVM|0|TEMPORAL|10|3,Allen VBN,567286,1105798776,SVM,MEAN_RATE_LINEAR_SVM,0,TEMPORAL,10,bins,3,False,NEW_SUPP_S1_FIXED_SEED,PENDING
Allen VBN|1105798776|MEAN_RATE_LINEAR_SVM|0|TEMPORAL|10|4,Allen VBN,567286,1105798776,SVM,MEAN_RATE_LINEAR_SVM,0,TEMPORAL,10,bins,4,False,NEW_SUPP_S1_FIXED_SEED,PENDING
Allen VBN|1105798776|MEAN_RATE_LINEAR_SVM|1|CLEAN|0,Allen VBN,567286,1105798776,SVM,MEAN_RATE_LINEAR_SVM,1,CLEAN_REFERENCE,0,none,0,False,R4_CLEAN_REFERENCE,PENDING
Allen VBN|1105798776|MEAN_RATE_LINEAR_SVM|1|UNIT|0.1|0,Allen VBN,567286,1105798776,SVM,MEAN_RATE_LINEAR_SVM,1,UNIT,0.1,proportion,0,False,NEW_SUPP_S1_FIXED_SEED,PENDING
Allen VBN|1105798776|MEAN_RATE_LINEAR_SVM|1|UNIT|0.1|1,Allen VBN,567286,1105798776,SVM,MEAN_RATE_LINEAR_SVM,1,UNIT,0.1,proportion,1,False,NEW_SUPP_S1_FIXED_SEED,PENDING
Allen VBN|1105798776|MEAN_RATE_LINEAR_SVM|1|UNIT|0.1|2,Allen VBN,567286,1105798776,SVM,MEAN_RATE_LINEAR_SVM,1,UNIT,0.1,proportion,2,False,NEW_SUPP_S1_FIXED_SEED,PENDING
Allen VBN|1105798776|MEAN_RATE_LINEAR_SVM|1|UNIT|0.1|3,Allen VBN,567286,1105798776,SVM,MEAN_RATE_LINEAR_SVM,1,UNIT,0.1,proportion,3,False,NEW_SUPP_S1_FIXED_SEED,PENDING
Allen VBN|1105798776|MEAN_RATE_LINEAR_SVM|1|UNIT|0.1|4,Allen VBN,567286,1105798776,SVM,MEAN_RATE_LINEAR_SVM,1,UNIT,0.1,proportion,4,False,NEW_SUPP_S1_FIXED_SEED,PENDING
Allen VBN|1105798776|MEAN_RATE_LINEAR_SVM|1|UNIT|0.2|0,Allen VBN,567286,1105798776,SVM,MEAN_RATE_LINEAR_SVM,1,UNIT,0.2,proportion,0,False,NEW_SUPP_S1_FIXED_SEED,PENDING
Allen VBN|1105798776|MEAN_RATE_LINEAR_SVM|1|UNIT|0.2|1,Allen VBN,567286,1105798776,SVM,MEAN_RATE_LINEAR_SVM,1,UNIT,0.2,proportion,1,False,NEW_SUPP_S1_FIXED_SEED,PENDING
Allen VBN|1105798776|MEAN_RATE_LINEAR_SVM|1|UNIT|0.2|2,Allen VBN,567286,1105798776,SVM,MEAN_RATE_LINEAR_SVM,1,UNIT,0.2,proportion,2,False,NEW_SUPP_S1_FIXED_SEED,PENDING
Allen VBN|1105798776|MEAN_RATE_LINEAR_SVM|1|UNIT|0.2|3,Allen VBN,567286,1105798776,SVM,MEAN_RATE_LINEAR_SVM,1,UNIT,0.2,proportion,3,False,NEW_SUPP_S1_FIXED_SEED,PENDING
Allen VBN|1105798776|MEAN_RATE_LINEAR_SVM|1|UNIT|0.2|4,Allen VBN,567286,1105798776,SVM,MEAN_RATE_LINEAR_SVM,1,UNIT,0.2,proportion,4,False,NEW_SUPP_S1_FIXED_SEED,PENDING
Allen VBN|1105798776|MEAN_RATE_LINEAR_SVM|1|UNIT|0.3|0,Allen VBN,567286,1105798776,SVM,MEAN_RATE_LINEAR_SVM,1,UNIT,0.3,proportion,0,True,MAIN_FROZEN_U30,PENDING
Allen VBN|1105798776|MEAN_RATE_LINEAR_SVM|1|UNIT|0.3|1,Allen VBN,567286,1105798776,SVM,MEAN_RATE_LINEAR_SVM,1,UNIT,0.3,proportion,1,True,MAIN_FROZEN_U30,PENDING
Allen VBN|1105798776|MEAN_RATE_LINEAR_SVM|1|UNIT|0.3|2,Allen VBN,567286,1105798776,SVM,MEAN_RATE_LINEAR_SVM,1,UNIT,0.3,proportion,2,True,MAIN_FROZEN_U30,PENDING
Allen VBN|1105798776|MEAN_RATE_LINEAR_SVM|1|UNIT|0.3|3,Allen VBN,567286,1105798776,SVM,MEAN_RATE_LINEAR_SVM,1,UNIT,0.3,proportion,3,True,MAIN_FROZEN_U30,PENDING
Allen VBN|1105798776|MEAN_RATE_LINEAR_SVM|1|UNIT|0.3|4,Allen VBN,567286,1105798776,SVM,MEAN_RATE_LINEAR_SVM,1,UNIT,0.3,proportion,4,True,MAIN_FROZEN_U30,PENDING
Allen VBN|1105798776|MEAN_RATE_LINEAR_SVM|1|UNIT|0.4|0,Allen VBN,567286,1105798776,SVM,MEAN_RATE_LINEAR_SVM,1,UNIT,0.4,proportion,0,False,NEW_SUPP_S1_FIXED_SEED,PENDING
Allen VBN|1105798776|MEAN_RATE_LINEAR_SVM|1|UNIT|0.4|1,Allen VBN,567286,1105798776,SVM,MEAN_RATE_LINEAR_SVM,1,UNIT,0.4,proportion,1,False,NEW_SUPP_S1_FIXED_SEED,PENDING
Allen VBN|1105798776|MEAN_RATE_LINEAR_SVM|1|UNIT|0.4|2,Allen VBN,567286,1105798776,SVM,MEAN_RATE_LINEAR_SVM,1,UNIT,0.4,proportion,2,False,NEW_SUPP_S1_FIXED_SEED,PENDING
Allen VBN|1105798776|MEAN_RATE_LINEAR_SVM|1|UNIT|0.4|3,Allen VBN,567286,1105798776,SVM,MEAN_RATE_LINEAR_SVM,1,UNIT,0.4,proportion,3,False,NEW_SUPP_S1_FIXED_SEED,PENDING
Allen VBN|1105798776|MEAN_RATE_LINEAR_SVM|1|UNIT|0.4|4,Allen VBN,567286,1105798776,SVM,MEAN_RATE_LINEAR_SVM,1,UNIT,0.4,proportion,4,False,NEW_SUPP_S1_FIXED_SEED,PENDING
Allen VBN|1105798776|MEAN_RATE_LINEAR_SVM|1|UNIT|0.5|0,Allen VBN,567286,1105798776,SVM,MEAN_RATE_LINEAR_SVM,1,UNIT,0.5,proportion,0,False,NEW_SUPP_S1_FIXED_SEED,PENDING
Allen VBN|1105798776|MEAN_RATE_LINEAR_SVM|1|UNIT|0.5|1,Allen VBN,567286,1105798776,SVM,MEAN_RATE_LINEAR_SVM,1,UNIT,0.5,proportion,1,False,NEW_SUPP_S1_FIXED_SEED,PENDING
Allen VBN|1105798776|MEAN_RATE_LINEAR_SVM|1|UNIT|0.5|2,Allen VBN,567286,1105798776,SVM,MEAN_RATE_LINEAR_SVM,1,UNIT,0.5,proportion,2,False,NEW_SUPP_S1_FIXED_SEED,PENDING
Allen VBN|1105798776|MEAN_RATE_LINEAR_SVM|1|UNIT|0.5|3,Allen VBN,567286,1105798776,SVM,MEAN_RATE_LINEAR_SVM,1,UNIT,0.5,proportion,3,False,NEW_SUPP_S1_FIXED_SEED,PENDING
Allen VBN|1105798776|MEAN_RATE_LINEAR_SVM|1|UNIT|0.5|4,Allen VBN,567286,1105798776,SVM,MEAN_RATE_LINEAR_SVM,1,UNIT,0.5,proportion,4,False,NEW_SUPP_S1_FIXED_SEED,PENDING
Allen VBN|1105798776|MEAN_RATE_LINEAR_SVM|1|TEMPORAL|2|0,Allen VBN,567286,1105798776,SVM,MEAN_RATE_LINEAR_SVM,1,TEMPORAL,2,bins,0,False,NEW_SUPP_S1_FIXED_SEED,PENDING
Allen VBN|1105798776|MEAN_RATE_LINEAR_SVM|1|TEMPORAL|2|1,Allen VBN,567286,1105798776,SVM,MEAN_RATE_LINEAR_SVM,1,TEMPORAL,2,bins,1,False,NEW_SUPP_S1_FIXED_SEED,PENDING
Allen VBN|1105798776|MEAN_RATE_LINEAR_SVM|1|TEMPORAL|2|2,Allen VBN,567286,1105798776,SVM,MEAN_RATE_LINEAR_SVM,1,TEMPORAL,2,bins,2,False,NEW_SUPP_S1_FIXED_SEED,PENDING
Allen VBN|1105798776|MEAN_RATE_LINEAR_SVM|1|TEMPORAL|2|3,Allen VBN,567286,1105798776,SVM,MEAN_RATE_LINEAR_SVM,1,TEMPORAL,2,bins,3,False,NEW_SUPP_S1_FIXED_SEED,PENDING
Allen VBN|1105798776|MEAN_RATE_LINEAR_SVM|1|TEMPORAL|2|4,Allen VBN,567286,1105798776,SVM,MEAN_RATE_LINEAR_SVM,1,TEMPORAL,2,bins,4,False,NEW_SUPP_S1_FIXED_SEED,PENDING
Allen VBN|1105798776|MEAN_RATE_LINEAR_SVM|1|TEMPORAL|3|0,Allen VBN,567286,1105798776,SVM,MEAN_RATE_LINEAR_SVM,1,TEMPORAL,3,bins,0,False,NEW_SUPP_S1_FIXED_SEED,PENDING
Allen VBN|1105798776|MEAN_RATE_LINEAR_SVM|1|TEMPORAL|3|1,Allen VBN,567286,1105798776,SVM,MEAN_RATE_LINEAR_SVM,1,TEMPORAL,3,bins,1,False,NEW_SUPP_S1_FIXED_SEED,PENDING
Allen VBN|1105798776|MEAN_RATE_LINEAR_SVM|1|TEMPORAL|3|2,Allen VBN,567286,1105798776,SVM,MEAN_RATE_LINEAR_SVM,1,TEMPORAL,3,bins,2,False,NEW_SUPP_S1_FIXED_SEED,PENDING
Allen VBN|1105798776|MEAN_RATE_LINEAR_SVM|1|TEMPORAL|3|3,Allen VBN,567286,1105798776,SVM,MEAN_RATE_LINEAR_SVM,1,TEMPORAL,3,bins,3,False,NEW_SUPP_S1_FIXED_SEED,PENDING
Allen VBN|1105798776|MEAN_RATE_LINEAR_SVM|1|TEMPORAL|3|4,Allen VBN,567286,1105798776,SVM,MEAN_RATE_LINEAR_SVM,1,TEMPORAL,3,bins,4,False,NEW_SUPP_S1_FIXED_SEED,PENDING
Allen VBN|1105798776|MEAN_RATE_LINEAR_SVM|1|TEMPORAL|5|0,Allen VBN,567286,1105798776,SVM,MEAN_RATE_LINEAR_SVM,1,TEMPORAL,5,bins,0,True,MAIN_FROZEN_T5,PENDING
Allen VBN|1105798776|MEAN_RATE_LINEAR_SVM|1|TEMPORAL|5|1,Allen VBN,567286,1105798776,SVM,MEAN_RATE_LINEAR_SVM,1,TEMPORAL,5,bins,1,True,MAIN_FROZEN_T5,PENDING
Allen VBN|1105798776|MEAN_RATE_LINEAR_SVM|1|TEMPORAL|5|2,Allen VBN,567286,1105798776,SVM,MEAN_RATE_LINEAR_SVM,1,TEMPORAL,5,bins,2,True,MAIN_FROZEN_T5,PENDING
Allen VBN|1105798776|MEAN_RATE_LINEAR_SVM|1|TEMPORAL|5|3,Allen VBN,567286,1105798776,SVM,MEAN_RATE_LINEAR_SVM,1,TEMPORAL,5,bins,3,True,MAIN_FROZEN_T5,PENDING
Allen VBN|1105798776|MEAN_RATE_LINEAR_SVM|1|TEMPORAL|5|4,Allen VBN,567286,1105798776,SVM,MEAN_RATE_LINEAR_SVM,1,TEMPORAL,5,bins,4,True,MAIN_FROZEN_T5,PENDING
Allen VBN|1105798776|MEAN_RATE_LINEAR_SVM|1|TEMPORAL|7|0,Allen VBN,567286,1105798776,SVM,MEAN_RATE_LINEAR_SVM,1,TEMPORAL,7,bins,0,False,NEW_SUPP_S1_FIXED_SEED,PENDING
Allen VBN|1105798776|MEAN_RATE_LINEAR_SVM|1|TEMPORAL|7|1,Allen VBN,567286,1105798776,SVM,MEAN_RATE_LINEAR_SVM,1,TEMPORAL,7,bins,1,False,NEW_SUPP_S1_FIXED_SEED,PENDING
Allen VBN|1105798776|MEAN_RATE_LINEAR_SVM|1|TEMPORAL|7|2,Allen VBN,567286,1105798776,SVM,MEAN_RATE_LINEAR_SVM,1,TEMPORAL,7,bins,2,False,NEW_SUPP_S1_FIXED_SEED,PENDING
Allen VBN|1105798776|MEAN_RATE_LINEAR_SVM|1|TEMPORAL|7|3,Allen VBN,567286,1105798776,SVM,MEAN_RATE_LINEAR_SVM,1,TEMPORAL,7,bins,3,False,NEW_SUPP_S1_FIXED_SEED,PENDING
Allen VBN|1105798776|MEAN_RATE_LINEAR_SVM|1|TEMPORAL|7|4,Allen VBN,567286,1105798776,SVM,MEAN_RATE_LINEAR_SVM,1,TEMPORAL,7,bins,4,False,NEW_SUPP_S1_FIXED_SEED,PENDING
Allen VBN|1105798776|MEAN_RATE_LINEAR_SVM|1|TEMPORAL|10|0,Allen VBN,567286,1105798776,SVM,MEAN_RATE_LINEAR_SVM,1,TEMPORAL,10,bins,0,False,NEW_SUPP_S1_FIXED_SEED,PENDING
Allen VBN|1105798776|MEAN_RATE_LINEAR_SVM|1|TEMPORAL|10|1,Allen VBN,567286,1105798776,SVM,MEAN_RATE_LINEAR_SVM,1,TEMPORAL,10,bins,1,False,NEW_SUPP_S1_FIXED_SEED,PENDING
Allen VBN|1105798776|MEAN_RATE_LINEAR_SVM|1|TEMPORAL|10|2,Allen VBN,567286,1105798776,SVM,MEAN_RATE_LINEAR_SVM,1,TEMPORAL,10,bins,2,False,NEW_SUPP_S1_FIXED_SEED,PENDING
Allen VBN|1105798776|MEAN_RATE_LINEAR_SVM|1|TEMPORAL|10|3,Allen VBN,567286,1105798776,SVM,MEAN_RATE_LINEAR_SVM,1,TEMPORAL,10,bins,3,False,NEW_SUPP_S1_FIXED_SEED,PENDING
Allen VBN|1105798776|MEAN_RATE_LINEAR_SVM|1|TEMPORAL|10|4,Allen VBN,567286,1105798776,SVM,MEAN_RATE_LINEAR_SVM,1,TEMPORAL,10,bins,4,False,NEW_SUPP_S1_FIXED_SEED,PENDING
Allen VBN|1108531612|MM_RVD_A9_SELECTED_R6|0|CLEAN|0,Allen VBN,570301,1108531612,MM-RVD,MM_RVD_A9_SELECTED_R6,0,CLEAN_REFERENCE,0,none,0,False,R4_CLEAN_REFERENCE,PENDING
Allen VBN|1108531612|MM_RVD_A9_SELECTED_R6|0|UNIT|0.1|0,Allen VBN,570301,1108531612,MM-RVD,MM_RVD_A9_SELECTED_R6,0,UNIT,0.1,proportion,0,False,NEW_SUPP_S1_FIXED_SEED,PENDING
Allen VBN|1108531612|MM_RVD_A9_SELECTED_R6|0|UNIT|0.1|1,Allen VBN,570301,1108531612,MM-RVD,MM_RVD_A9_SELECTED_R6,0,UNIT,0.1,proportion,1,False,NEW_SUPP_S1_FIXED_SEED,PENDING
Allen VBN|1108531612|MM_RVD_A9_SELECTED_R6|0|UNIT|0.1|2,Allen VBN,570301,1108531612,MM-RVD,MM_RVD_A9_SELECTED_R6,0,UNIT,0.1,proportion,2,False,NEW_SUPP_S1_FIXED_SEED,PENDING
Allen VBN|1108531612|MM_RVD_A9_SELECTED_R6|0|UNIT|0.1|3,Allen VBN,570301,1108531612,MM-RVD,MM_RVD_A9_SELECTED_R6,0,UNIT,0.1,proportion,3,False,NEW_SUPP_S1_FIXED_SEED,PENDING
Allen VBN|1108531612|MM_RVD_A9_SELECTED_R6|0|UNIT|0.1|4,Allen VBN,570301,1108531612,MM-RVD,MM_RVD_A9_SELECTED_R6,0,UNIT,0.1,proportion,4,False,NEW_SUPP_S1_FIXED_SEED,PENDING
Allen VBN|1108531612|MM_RVD_A9_SELECTED_R6|0|UNIT|0.2|0,Allen VBN,570301,1108531612,MM-RVD,MM_RVD_A9_SELECTED_R6,0,UNIT,0.2,proportion,0,False,NEW_SUPP_S1_FIXED_SEED,PENDING
Allen VBN|1108531612|MM_RVD_A9_SELECTED_R6|0|UNIT|0.2|1,Allen VBN,570301,1108531612,MM-RVD,MM_RVD_A9_SELECTED_R6,0,UNIT,0.2,proportion,1,False,NEW_SUPP_S1_FIXED_SEED,PENDING
Allen VBN|1108531612|MM_RVD_A9_SELECTED_R6|0|UNIT|0.2|2,Allen VBN,570301,1108531612,MM-RVD,MM_RVD_A9_SELECTED_R6,0,UNIT,0.2,proportion,2,False,NEW_SUPP_S1_FIXED_SEED,PENDING
Allen VBN|1108531612|MM_RVD_A9_SELECTED_R6|0|UNIT|0.2|3,Allen VBN,570301,1108531612,MM-RVD,MM_RVD_A9_SELECTED_R6,0,UNIT,0.2,proportion,3,False,NEW_SUPP_S1_FIXED_SEED,PENDING
Allen VBN|1108531612|MM_RVD_A9_SELECTED_R6|0|UNIT|0.2|4,Allen VBN,570301,1108531612,MM-RVD,MM_RVD_A9_SELECTED_R6,0,UNIT,0.2,proportion,4,False,NEW_SUPP_S1_FIXED_SEED,PENDING
Allen VBN|1108531612|MM_RVD_A9_SELECTED_R6|0|UNIT|0.3|0,Allen VBN,570301,1108531612,MM-RVD,MM_RVD_A9_SELECTED_R6,0,UNIT,0.3,proportion,0,True,MAIN_FROZEN_U30,PENDING
Allen VBN|1108531612|MM_RVD_A9_SELECTED_R6|0|UNIT|0.3|1,Allen VBN,570301,1108531612,MM-RVD,MM_RVD_A9_SELECTED_R6,0,UNIT,0.3,proportion,1,True,MAIN_FROZEN_U30,PENDING
Allen VBN|1108531612|MM_RVD_A9_SELECTED_R6|0|UNIT|0.3|2,Allen VBN,570301,1108531612,MM-RVD,MM_RVD_A9_SELECTED_R6,0,UNIT,0.3,proportion,2,True,MAIN_FROZEN_U30,PENDING
Allen VBN|1108531612|MM_RVD_A9_SELECTED_R6|0|UNIT|0.3|3,Allen VBN,570301,1108531612,MM-RVD,MM_RVD_A9_SELECTED_R6,0,UNIT,0.3,proportion,3,True,MAIN_FROZEN_U30,PENDING
Allen VBN|1108531612|MM_RVD_A9_SELECTED_R6|0|UNIT|0.3|4,Allen VBN,570301,1108531612,MM-RVD,MM_RVD_A9_SELECTED_R6,0,UNIT,0.3,proportion,4,True,MAIN_FROZEN_U30,PENDING
Allen VBN|1108531612|MM_RVD_A9_SELECTED_R6|0|UNIT|0.4|0,Allen VBN,570301,1108531612,MM-RVD,MM_RVD_A9_SELECTED_R6,0,UNIT,0.4,proportion,0,False,NEW_SUPP_S1_FIXED_SEED,PENDING
Allen VBN|1108531612|MM_RVD_A9_SELECTED_R6|0|UNIT|0.4|1,Allen VBN,570301,1108531612,MM-RVD,MM_RVD_A9_SELECTED_R6,0,UNIT,0.4,proportion,1,False,NEW_SUPP_S1_FIXED_SEED,PENDING
Allen VBN|1108531612|MM_RVD_A9_SELECTED_R6|0|UNIT|0.4|2,Allen VBN,570301,1108531612,MM-RVD,MM_RVD_A9_SELECTED_R6,0,UNIT,0.4,proportion,2,False,NEW_SUPP_S1_FIXED_SEED,PENDING
Allen VBN|1108531612|MM_RVD_A9_SELECTED_R6|0|UNIT|0.4|3,Allen VBN,570301,1108531612,MM-RVD,MM_RVD_A9_SELECTED_R6,0,UNIT,0.4,proportion,3,False,NEW_SUPP_S1_FIXED_SEED,PENDING
Allen VBN|1108531612|MM_RVD_A9_SELECTED_R6|0|UNIT|0.4|4,Allen VBN,570301,1108531612,MM-RVD,MM_RVD_A9_SELECTED_R6,0,UNIT,0.4,proportion,4,False,NEW_SUPP_S1_FIXED_SEED,PENDING
Allen VBN|1108531612|MM_RVD_A9_SELECTED_R6|0|UNIT|0.5|0,Allen VBN,570301,1108531612,MM-RVD,MM_RVD_A9_SELECTED_R6,0,UNIT,0.5,proportion,0,False,NEW_SUPP_S1_FIXED_SEED,PENDING
Allen VBN|1108531612|MM_RVD_A9_SELECTED_R6|0|UNIT|0.5|1,Allen VBN,570301,1108531612,MM-RVD,MM_RVD_A9_SELECTED_R6,0,UNIT,0.5,proportion,1,False,NEW_SUPP_S1_FIXED_SEED,PENDING
Allen VBN|1108531612|MM_RVD_A9_SELECTED_R6|0|UNIT|0.5|2,Allen VBN,570301,1108531612,MM-RVD,MM_RVD_A9_SELECTED_R6,0,UNIT,0.5,proportion,2,False,NEW_SUPP_S1_FIXED_SEED,PENDING
Allen VBN|1108531612|MM_RVD_A9_SELECTED_R6|0|UNIT|0.5|3,Allen VBN,570301,1108531612,MM-RVD,MM_RVD_A9_SELECTED_R6,0,UNIT,0.5,proportion,3,False,NEW_SUPP_S1_FIXED_SEED,PENDING
Allen VBN|1108531612|MM_RVD_A9_SELECTED_R6|0|UNIT|0.5|4,Allen VBN,570301,1108531612,MM-RVD,MM_RVD_A9_SELECTED_R6,0,UNIT,0.5,proportion,4,False,NEW_SUPP_S1_FIXED_SEED,PENDING
Allen VBN|1108531612|MM_RVD_A9_SELECTED_R6|0|TEMPORAL|2|0,Allen VBN,570301,1108531612,MM-RVD,MM_RVD_A9_SELECTED_R6,0,TEMPORAL,2,bins,0,False,NEW_SUPP_S1_FIXED_SEED,PENDING
Allen VBN|1108531612|MM_RVD_A9_SELECTED_R6|0|TEMPORAL|2|1,Allen VBN,570301,1108531612,MM-RVD,MM_RVD_A9_SELECTED_R6,0,TEMPORAL,2,bins,1,False,NEW_SUPP_S1_FIXED_SEED,PENDING
Allen VBN|1108531612|MM_RVD_A9_SELECTED_R6|0|TEMPORAL|2|2,Allen VBN,570301,1108531612,MM-RVD,MM_RVD_A9_SELECTED_R6,0,TEMPORAL,2,bins,2,False,NEW_SUPP_S1_FIXED_SEED,PENDING
Allen VBN|1108531612|MM_RVD_A9_SELECTED_R6|0|TEMPORAL|2|3,Allen VBN,570301,1108531612,MM-RVD,MM_RVD_A9_SELECTED_R6,0,TEMPORAL,2,bins,3,False,NEW_SUPP_S1_FIXED_SEED,PENDING
Allen VBN|1108531612|MM_RVD_A9_SELECTED_R6|0|TEMPORAL|2|4,Allen VBN,570301,1108531612,MM-RVD,MM_RVD_A9_SELECTED_R6,0,TEMPORAL,2,bins,4,False,NEW_SUPP_S1_FIXED_SEED,PENDING
Allen VBN|1108531612|MM_RVD_A9_SELECTED_R6|0|TEMPORAL|3|0,Allen VBN,570301,1108531612,MM-RVD,MM_RVD_A9_SELECTED_R6,0,TEMPORAL,3,bins,0,False,NEW_SUPP_S1_FIXED_SEED,PENDING
Allen VBN|1108531612|MM_RVD_A9_SELECTED_R6|0|TEMPORAL|3|1,Allen VBN,570301,1108531612,MM-RVD,MM_RVD_A9_SELECTED_R6,0,TEMPORAL,3,bins,1,False,NEW_SUPP_S1_FIXED_SEED,PENDING
Allen VBN|1108531612|MM_RVD_A9_SELECTED_R6|0|TEMPORAL|3|2,Allen VBN,570301,1108531612,MM-RVD,MM_RVD_A9_SELECTED_R6,0,TEMPORAL,3,bins,2,False,NEW_SUPP_S1_FIXED_SEED,PENDING
Allen VBN|1108531612|MM_RVD_A9_SELECTED_R6|0|TEMPORAL|3|3,Allen VBN,570301,1108531612,MM-RVD,MM_RVD_A9_SELECTED_R6,0,TEMPORAL,3,bins,3,False,NEW_SUPP_S1_FIXED_SEED,PENDING
Allen VBN|1108531612|MM_RVD_A9_SELECTED_R6|0|TEMPORAL|3|4,Allen VBN,570301,1108531612,MM-RVD,MM_RVD_A9_SELECTED_R6,0,TEMPORAL,3,bins,4,False,NEW_SUPP_S1_FIXED_SEED,PENDING
Allen VBN|1108531612|MM_RVD_A9_SELECTED_R6|0|TEMPORAL|5|0,Allen VBN,570301,1108531612,MM-RVD,MM_RVD_A9_SELECTED_R6,0,TEMPORAL,5,bins,0,True,MAIN_FROZEN_T5,PENDING
Allen VBN|1108531612|MM_RVD_A9_SELECTED_R6|0|TEMPORAL|5|1,Allen VBN,570301,1108531612,MM-RVD,MM_RVD_A9_SELECTED_R6,0,TEMPORAL,5,bins,1,True,MAIN_FROZEN_T5,PENDING
Allen VBN|1108531612|MM_RVD_A9_SELECTED_R6|0|TEMPORAL|5|2,Allen VBN,570301,1108531612,MM-RVD,MM_RVD_A9_SELECTED_R6,0,TEMPORAL,5,bins,2,True,MAIN_FROZEN_T5,PENDING
Allen VBN|1108531612|MM_RVD_A9_SELECTED_R6|0|TEMPORAL|5|3,Allen VBN,570301,1108531612,MM-RVD,MM_RVD_A9_SELECTED_R6,0,TEMPORAL,5,bins,3,True,MAIN_FROZEN_T5,PENDING
Allen VBN|1108531612|MM_RVD_A9_SELECTED_R6|0|TEMPORAL|5|4,Allen VBN,570301,1108531612,MM-RVD,MM_RVD_A9_SELECTED_R6,0,TEMPORAL,5,bins,4,True,MAIN_FROZEN_T5,PENDING
Allen VBN|1108531612|MM_RVD_A9_SELECTED_R6|0|TEMPORAL|7|0,Allen VBN,570301,1108531612,MM-RVD,MM_RVD_A9_SELECTED_R6,0,TEMPORAL,7,bins,0,False,NEW_SUPP_S1_FIXED_SEED,PENDING
Allen VBN|1108531612|MM_RVD_A9_SELECTED_R6|0|TEMPORAL|7|1,Allen VBN,570301,1108531612,MM-RVD,MM_RVD_A9_SELECTED_R6,0,TEMPORAL,7,bins,1,False,NEW_SUPP_S1_FIXED_SEED,PENDING
Allen VBN|1108531612|MM_RVD_A9_SELECTED_R6|0|TEMPORAL|7|2,Allen VBN,570301,1108531612,MM-RVD,MM_RVD_A9_SELECTED_R6,0,TEMPORAL,7,bins,2,False,NEW_SUPP_S1_FIXED_SEED,PENDING
Allen VBN|1108531612|MM_RVD_A9_SELECTED_R6|0|TEMPORAL|7|3,Allen VBN,570301,1108531612,MM-RVD,MM_RVD_A9_SELECTED_R6,0,TEMPORAL,7,bins,3,False,NEW_SUPP_S1_FIXED_SEED,PENDING
Allen VBN|1108531612|MM_RVD_A9_SELECTED_R6|0|TEMPORAL|7|4,Allen VBN,570301,1108531612,MM-RVD,MM_RVD_A9_SELECTED_R6,0,TEMPORAL,7,bins,4,False,NEW_SUPP_S1_FIXED_SEED,PENDING
Allen VBN|1108531612|MM_RVD_A9_SELECTED_R6|0|TEMPORAL|10|0,Allen VBN,570301,1108531612,MM-RVD,MM_RVD_A9_SELECTED_R6,0,TEMPORAL,10,bins,0,False,NEW_SUPP_S1_FIXED_SEED,PENDING
Allen VBN|1108531612|MM_RVD_A9_SELECTED_R6|0|TEMPORAL|10|1,Allen VBN,570301,1108531612,MM-RVD,MM_RVD_A9_SELECTED_R6,0,TEMPORAL,10,bins,1,False,NEW_SUPP_S1_FIXED_SEED,PENDING
Allen VBN|1108531612|MM_RVD_A9_SELECTED_R6|0|TEMPORAL|10|2,Allen VBN,570301,1108531612,MM-RVD,MM_RVD_A9_SELECTED_R6,0,TEMPORAL,10,bins,2,False,NEW_SUPP_S1_FIXED_SEED,PENDING
Allen VBN|1108531612|MM_RVD_A9_SELECTED_R6|0|TEMPORAL|10|3,Allen VBN,570301,1108531612,MM-RVD,MM_RVD_A9_SELECTED_R6,0,TEMPORAL,10,bins,3,False,NEW_SUPP_S1_FIXED_SEED,PENDING
Allen VBN|1108531612|MM_RVD_A9_SELECTED_R6|0|TEMPORAL|10|4,Allen VBN,570301,1108531612,MM-RVD,MM_RVD_A9_SELECTED_R6,0,TEMPORAL,10,bins,4,False,NEW_SUPP_S1_FIXED_SEED,PENDING
Allen VBN|1108531612|MM_RVD_A9_SELECTED_R6|1|CLEAN|0,Allen VBN,570301,1108531612,MM-RVD,MM_RVD_A9_SELECTED_R6,1,CLEAN_REFERENCE,0,none,0,False,R4_CLEAN_REFERENCE,PENDING
Allen VBN|1108531612|MM_RVD_A9_SELECTED_R6|1|UNIT|0.1|0,Allen VBN,570301,1108531612,MM-RVD,MM_RVD_A9_SELECTED_R6,1,UNIT,0.1,proportion,0,False,NEW_SUPP_S1_FIXED_SEED,PENDING
Allen VBN|1108531612|MM_RVD_A9_SELECTED_R6|1|UNIT|0.1|1,Allen VBN,570301,1108531612,MM-RVD,MM_RVD_A9_SELECTED_R6,1,UNIT,0.1,proportion,1,False,NEW_SUPP_S1_FIXED_SEED,PENDING
Allen VBN|1108531612|MM_RVD_A9_SELECTED_R6|1|UNIT|0.1|2,Allen VBN,570301,1108531612,MM-RVD,MM_RVD_A9_SELECTED_R6,1,UNIT,0.1,proportion,2,False,NEW_SUPP_S1_FIXED_SEED,PENDING
Allen VBN|1108531612|MM_RVD_A9_SELECTED_R6|1|UNIT|0.1|3,Allen VBN,570301,1108531612,MM-RVD,MM_RVD_A9_SELECTED_R6,1,UNIT,0.1,proportion,3,False,NEW_SUPP_S1_FIXED_SEED,PENDING
Allen VBN|1108531612|MM_RVD_A9_SELECTED_R6|1|UNIT|0.1|4,Allen VBN,570301,1108531612,MM-RVD,MM_RVD_A9_SELECTED_R6,1,UNIT,0.1,proportion,4,False,NEW_SUPP_S1_FIXED_SEED,PENDING
Allen VBN|1108531612|MM_RVD_A9_SELECTED_R6|1|UNIT|0.2|0,Allen VBN,570301,1108531612,MM-RVD,MM_RVD_A9_SELECTED_R6,1,UNIT,0.2,proportion,0,False,NEW_SUPP_S1_FIXED_SEED,PENDING
Allen VBN|1108531612|MM_RVD_A9_SELECTED_R6|1|UNIT|0.2|1,Allen VBN,570301,1108531612,MM-RVD,MM_RVD_A9_SELECTED_R6,1,UNIT,0.2,proportion,1,False,NEW_SUPP_S1_FIXED_SEED,PENDING
Allen VBN|1108531612|MM_RVD_A9_SELECTED_R6|1|UNIT|0.2|2,Allen VBN,570301,1108531612,MM-RVD,MM_RVD_A9_SELECTED_R6,1,UNIT,0.2,proportion,2,False,NEW_SUPP_S1_FIXED_SEED,PENDING
Allen VBN|1108531612|MM_RVD_A9_SELECTED_R6|1|UNIT|0.2|3,Allen VBN,570301,1108531612,MM-RVD,MM_RVD_A9_SELECTED_R6,1,UNIT,0.2,proportion,3,False,NEW_SUPP_S1_FIXED_SEED,PENDING
Allen VBN|1108531612|MM_RVD_A9_SELECTED_R6|1|UNIT|0.2|4,Allen VBN,570301,1108531612,MM-RVD,MM_RVD_A9_SELECTED_R6,1,UNIT,0.2,proportion,4,False,NEW_SUPP_S1_FIXED_SEED,PENDING
Allen VBN|1108531612|MM_RVD_A9_SELECTED_R6|1|UNIT|0.3|0,Allen VBN,570301,1108531612,MM-RVD,MM_RVD_A9_SELECTED_R6,1,UNIT,0.3,proportion,0,True,MAIN_FROZEN_U30,PENDING
Allen VBN|1108531612|MM_RVD_A9_SELECTED_R6|1|UNIT|0.3|1,Allen VBN,570301,1108531612,MM-RVD,MM_RVD_A9_SELECTED_R6,1,UNIT,0.3,proportion,1,True,MAIN_FROZEN_U30,PENDING
Allen VBN|1108531612|MM_RVD_A9_SELECTED_R6|1|UNIT|0.3|2,Allen VBN,570301,1108531612,MM-RVD,MM_RVD_A9_SELECTED_R6,1,UNIT,0.3,proportion,2,True,MAIN_FROZEN_U30,PENDING
Allen VBN|1108531612|MM_RVD_A9_SELECTED_R6|1|UNIT|0.3|3,Allen VBN,570301,1108531612,MM-RVD,MM_RVD_A9_SELECTED_R6,1,UNIT,0.3,proportion,3,True,MAIN_FROZEN_U30,PENDING
Allen VBN|1108531612|MM_RVD_A9_SELECTED_R6|1|UNIT|0.3|4,Allen VBN,570301,1108531612,MM-RVD,MM_RVD_A9_SELECTED_R6,1,UNIT,0.3,proportion,4,True,MAIN_FROZEN_U30,PENDING
Allen VBN|1108531612|MM_RVD_A9_SELECTED_R6|1|UNIT|0.4|0,Allen VBN,570301,1108531612,MM-RVD,MM_RVD_A9_SELECTED_R6,1,UNIT,0.4,proportion,0,False,NEW_SUPP_S1_FIXED_SEED,PENDING
Allen VBN|1108531612|MM_RVD_A9_SELECTED_R6|1|UNIT|0.4|1,Allen VBN,570301,1108531612,MM-RVD,MM_RVD_A9_SELECTED_R6,1,UNIT,0.4,proportion,1,False,NEW_SUPP_S1_FIXED_SEED,PENDING
Allen VBN|1108531612|MM_RVD_A9_SELECTED_R6|1|UNIT|0.4|2,Allen VBN,570301,1108531612,MM-RVD,MM_RVD_A9_SELECTED_R6,1,UNIT,0.4,proportion,2,False,NEW_SUPP_S1_FIXED_SEED,PENDING
Allen VBN|1108531612|MM_RVD_A9_SELECTED_R6|1|UNIT|0.4|3,Allen VBN,570301,1108531612,MM-RVD,MM_RVD_A9_SELECTED_R6,1,UNIT,0.4,proportion,3,False,NEW_SUPP_S1_FIXED_SEED,PENDING
Allen VBN|1108531612|MM_RVD_A9_SELECTED_R6|1|UNIT|0.4|4,Allen VBN,570301,1108531612,MM-RVD,MM_RVD_A9_SELECTED_R6,1,UNIT,0.4,proportion,4,False,NEW_SUPP_S1_FIXED_SEED,PENDING
Allen VBN|1108531612|MM_RVD_A9_SELECTED_R6|1|UNIT|0.5|0,Allen VBN,570301,1108531612,MM-RVD,MM_RVD_A9_SELECTED_R6,1,UNIT,0.5,proportion,0,False,NEW_SUPP_S1_FIXED_SEED,PENDING
Allen VBN|1108531612|MM_RVD_A9_SELECTED_R6|1|UNIT|0.5|1,Allen VBN,570301,1108531612,MM-RVD,MM_RVD_A9_SELECTED_R6,1,UNIT,0.5,proportion,1,False,NEW_SUPP_S1_FIXED_SEED,PENDING
Allen VBN|1108531612|MM_RVD_A9_SELECTED_R6|1|UNIT|0.5|2,Allen VBN,570301,1108531612,MM-RVD,MM_RVD_A9_SELECTED_R6,1,UNIT,0.5,proportion,2,False,NEW_SUPP_S1_FIXED_SEED,PENDING
Allen VBN|1108531612|MM_RVD_A9_SELECTED_R6|1|UNIT|0.5|3,Allen VBN,570301,1108531612,MM-RVD,MM_RVD_A9_SELECTED_R6,1,UNIT,0.5,proportion,3,False,NEW_SUPP_S1_FIXED_SEED,PENDING
Allen VBN|1108531612|MM_RVD_A9_SELECTED_R6|1|UNIT|0.5|4,Allen VBN,570301,1108531612,MM-RVD,MM_RVD_A9_SELECTED_R6,1,UNIT,0.5,proportion,4,False,NEW_SUPP_S1_FIXED_SEED,PENDING
Allen VBN|1108531612|MM_RVD_A9_SELECTED_R6|1|TEMPORAL|2|0,Allen VBN,570301,1108531612,MM-RVD,MM_RVD_A9_SELECTED_R6,1,TEMPORAL,2,bins,0,False,NEW_SUPP_S1_FIXED_SEED,PENDING
Allen VBN|1108531612|MM_RVD_A9_SELECTED_R6|1|TEMPORAL|2|1,Allen VBN,570301,1108531612,MM-RVD,MM_RVD_A9_SELECTED_R6,1,TEMPORAL,2,bins,1,False,NEW_SUPP_S1_FIXED_SEED,PENDING
Allen VBN|1108531612|MM_RVD_A9_SELECTED_R6|1|TEMPORAL|2|2,Allen VBN,570301,1108531612,MM-RVD,MM_RVD_A9_SELECTED_R6,1,TEMPORAL,2,bins,2,False,NEW_SUPP_S1_FIXED_SEED,PENDING
Allen VBN|1108531612|MM_RVD_A9_SELECTED_R6|1|TEMPORAL|2|3,Allen VBN,570301,1108531612,MM-RVD,MM_RVD_A9_SELECTED_R6,1,TEMPORAL,2,bins,3,False,NEW_SUPP_S1_FIXED_SEED,PENDING
Allen VBN|1108531612|MM_RVD_A9_SELECTED_R6|1|TEMPORAL|2|4,Allen VBN,570301,1108531612,MM-RVD,MM_RVD_A9_SELECTED_R6,1,TEMPORAL,2,bins,4,False,NEW_SUPP_S1_FIXED_SEED,PENDING
Allen VBN|1108531612|MM_RVD_A9_SELECTED_R6|1|TEMPORAL|3|0,Allen VBN,570301,1108531612,MM-RVD,MM_RVD_A9_SELECTED_R6,1,TEMPORAL,3,bins,0,False,NEW_SUPP_S1_FIXED_SEED,PENDING
Allen VBN|1108531612|MM_RVD_A9_SELECTED_R6|1|TEMPORAL|3|1,Allen VBN,570301,1108531612,MM-RVD,MM_RVD_A9_SELECTED_R6,1,TEMPORAL,3,bins,1,False,NEW_SUPP_S1_FIXED_SEED,PENDING
Allen VBN|1108531612|MM_RVD_A9_SELECTED_R6|1|TEMPORAL|3|2,Allen VBN,570301,1108531612,MM-RVD,MM_RVD_A9_SELECTED_R6,1,TEMPORAL,3,bins,2,False,NEW_SUPP_S1_FIXED_SEED,PENDING
Allen VBN|1108531612|MM_RVD_A9_SELECTED_R6|1|TEMPORAL|3|3,Allen VBN,570301,1108531612,MM-RVD,MM_RVD_A9_SELECTED_R6,1,TEMPORAL,3,bins,3,False,NEW_SUPP_S1_FIXED_SEED,PENDING
Allen VBN|1108531612|MM_RVD_A9_SELECTED_R6|1|TEMPORAL|3|4,Allen VBN,570301,1108531612,MM-RVD,MM_RVD_A9_SELECTED_R6,1,TEMPORAL,3,bins,4,False,NEW_SUPP_S1_FIXED_SEED,PENDING
Allen VBN|1108531612|MM_RVD_A9_SELECTED_R6|1|TEMPORAL|5|0,Allen VBN,570301,1108531612,MM-RVD,MM_RVD_A9_SELECTED_R6,1,TEMPORAL,5,bins,0,True,MAIN_FROZEN_T5,PENDING
Allen VBN|1108531612|MM_RVD_A9_SELECTED_R6|1|TEMPORAL|5|1,Allen VBN,570301,1108531612,MM-RVD,MM_RVD_A9_SELECTED_R6,1,TEMPORAL,5,bins,1,True,MAIN_FROZEN_T5,PENDING
Allen VBN|1108531612|MM_RVD_A9_SELECTED_R6|1|TEMPORAL|5|2,Allen VBN,570301,1108531612,MM-RVD,MM_RVD_A9_SELECTED_R6,1,TEMPORAL,5,bins,2,True,MAIN_FROZEN_T5,PENDING
Allen VBN|1108531612|MM_RVD_A9_SELECTED_R6|1|TEMPORAL|5|3,Allen VBN,570301,1108531612,MM-RVD,MM_RVD_A9_SELECTED_R6,1,TEMPORAL,5,bins,3,True,MAIN_FROZEN_T5,PENDING
Allen VBN|1108531612|MM_RVD_A9_SELECTED_R6|1|TEMPORAL|5|4,Allen VBN,570301,1108531612,MM-RVD,MM_RVD_A9_SELECTED_R6,1,TEMPORAL,5,bins,4,True,MAIN_FROZEN_T5,PENDING
Allen VBN|1108531612|MM_RVD_A9_SELECTED_R6|1|TEMPORAL|7|0,Allen VBN,570301,1108531612,MM-RVD,MM_RVD_A9_SELECTED_R6,1,TEMPORAL,7,bins,0,False,NEW_SUPP_S1_FIXED_SEED,PENDING
Allen VBN|1108531612|MM_RVD_A9_SELECTED_R6|1|TEMPORAL|7|1,Allen VBN,570301,1108531612,MM-RVD,MM_RVD_A9_SELECTED_R6,1,TEMPORAL,7,bins,1,False,NEW_SUPP_S1_FIXED_SEED,PENDING
Allen VBN|1108531612|MM_RVD_A9_SELECTED_R6|1|TEMPORAL|7|2,Allen VBN,570301,1108531612,MM-RVD,MM_RVD_A9_SELECTED_R6,1,TEMPORAL,7,bins,2,False,NEW_SUPP_S1_FIXED_SEED,PENDING
Allen VBN|1108531612|MM_RVD_A9_SELECTED_R6|1|TEMPORAL|7|3,Allen VBN,570301,1108531612,MM-RVD,MM_RVD_A9_SELECTED_R6,1,TEMPORAL,7,bins,3,False,NEW_SUPP_S1_FIXED_SEED,PENDING
Allen VBN|1108531612|MM_RVD_A9_SELECTED_R6|1|TEMPORAL|7|4,Allen VBN,570301,1108531612,MM-RVD,MM_RVD_A9_SELECTED_R6,1,TEMPORAL,7,bins,4,False,NEW_SUPP_S1_FIXED_SEED,PENDING
Allen VBN|1108531612|MM_RVD_A9_SELECTED_R6|1|TEMPORAL|10|0,Allen VBN,570301,1108531612,MM-RVD,MM_RVD_A9_SELECTED_R6,1,TEMPORAL,10,bins,0,False,NEW_SUPP_S1_FIXED_SEED,PENDING
Allen VBN|1108531612|MM_RVD_A9_SELECTED_R6|1|TEMPORAL|10|1,Allen VBN,570301,1108531612,MM-RVD,MM_RVD_A9_SELECTED_R6,1,TEMPORAL,10,bins,1,False,NEW_SUPP_S1_FIXED_SEED,PENDING
Allen VBN|1108531612|MM_RVD_A9_SELECTED_R6|1|TEMPORAL|10|2,Allen VBN,570301,1108531612,MM-RVD,MM_RVD_A9_SELECTED_R6,1,TEMPORAL,10,bins,2,False,NEW_SUPP_S1_FIXED_SEED,PENDING
Allen VBN|1108531612|MM_RVD_A9_SELECTED_R6|1|TEMPORAL|10|3,Allen VBN,570301,1108531612,MM-RVD,MM_RVD_A9_SELECTED_R6,1,TEMPORAL,10,bins,3,False,NEW_SUPP_S1_FIXED_SEED,PENDING
Allen VBN|1108531612|MM_RVD_A9_SELECTED_R6|1|TEMPORAL|10|4,Allen VBN,570301,1108531612,MM-RVD,MM_RVD_A9_SELECTED_R6,1,TEMPORAL,10,bins,4,False,NEW_SUPP_S1_FIXED_SEED,PENDING
Allen VBN|1108531612|MEAN_RATE_LINEAR_SVM|0|CLEAN|0,Allen VBN,570301,1108531612,SVM,MEAN_RATE_LINEAR_SVM,0,CLEAN_REFERENCE,0,none,0,False,R4_CLEAN_REFERENCE,PENDING
Allen VBN|1108531612|MEAN_RATE_LINEAR_SVM|0|UNIT|0.1|0,Allen VBN,570301,1108531612,SVM,MEAN_RATE_LINEAR_SVM,0,UNIT,0.1,proportion,0,False,NEW_SUPP_S1_FIXED_SEED,PENDING
Allen VBN|1108531612|MEAN_RATE_LINEAR_SVM|0|UNIT|0.1|1,Allen VBN,570301,1108531612,SVM,MEAN_RATE_LINEAR_SVM,0,UNIT,0.1,proportion,1,False,NEW_SUPP_S1_FIXED_SEED,PENDING
Allen VBN|1108531612|MEAN_RATE_LINEAR_SVM|0|UNIT|0.1|2,Allen VBN,570301,1108531612,SVM,MEAN_RATE_LINEAR_SVM,0,UNIT,0.1,proportion,2,False,NEW_SUPP_S1_FIXED_SEED,PENDING
Allen VBN|1108531612|MEAN_RATE_LINEAR_SVM|0|UNIT|0.1|3,Allen VBN,570301,1108531612,SVM,MEAN_RATE_LINEAR_SVM,0,UNIT,0.1,proportion,3,False,NEW_SUPP_S1_FIXED_SEED,PENDING
Allen VBN|1108531612|MEAN_RATE_LINEAR_SVM|0|UNIT|0.1|4,Allen VBN,570301,1108531612,SVM,MEAN_RATE_LINEAR_SVM,0,UNIT,0.1,proportion,4,False,NEW_SUPP_S1_FIXED_SEED,PENDING
Allen VBN|1108531612|MEAN_RATE_LINEAR_SVM|0|UNIT|0.2|0,Allen VBN,570301,1108531612,SVM,MEAN_RATE_LINEAR_SVM,0,UNIT,0.2,proportion,0,False,NEW_SUPP_S1_FIXED_SEED,PENDING
Allen VBN|1108531612|MEAN_RATE_LINEAR_SVM|0|UNIT|0.2|1,Allen VBN,570301,1108531612,SVM,MEAN_RATE_LINEAR_SVM,0,UNIT,0.2,proportion,1,False,NEW_SUPP_S1_FIXED_SEED,PENDING
Allen VBN|1108531612|MEAN_RATE_LINEAR_SVM|0|UNIT|0.2|2,Allen VBN,570301,1108531612,SVM,MEAN_RATE_LINEAR_SVM,0,UNIT,0.2,proportion,2,False,NEW_SUPP_S1_FIXED_SEED,PENDING
Allen VBN|1108531612|MEAN_RATE_LINEAR_SVM|0|UNIT|0.2|3,Allen VBN,570301,1108531612,SVM,MEAN_RATE_LINEAR_SVM,0,UNIT,0.2,proportion,3,False,NEW_SUPP_S1_FIXED_SEED,PENDING
Allen VBN|1108531612|MEAN_RATE_LINEAR_SVM|0|UNIT|0.2|4,Allen VBN,570301,1108531612,SVM,MEAN_RATE_LINEAR_SVM,0,UNIT,0.2,proportion,4,False,NEW_SUPP_S1_FIXED_SEED,PENDING
Allen VBN|1108531612|MEAN_RATE_LINEAR_SVM|0|UNIT|0.3|0,Allen VBN,570301,1108531612,SVM,MEAN_RATE_LINEAR_SVM,0,UNIT,0.3,proportion,0,True,MAIN_FROZEN_U30,PENDING
Allen VBN|1108531612|MEAN_RATE_LINEAR_SVM|0|UNIT|0.3|1,Allen VBN,570301,1108531612,SVM,MEAN_RATE_LINEAR_SVM,0,UNIT,0.3,proportion,1,True,MAIN_FROZEN_U30,PENDING
Allen VBN|1108531612|MEAN_RATE_LINEAR_SVM|0|UNIT|0.3|2,Allen VBN,570301,1108531612,SVM,MEAN_RATE_LINEAR_SVM,0,UNIT,0.3,proportion,2,True,MAIN_FROZEN_U30,PENDING
Allen VBN|1108531612|MEAN_RATE_LINEAR_SVM|0|UNIT|0.3|3,Allen VBN,570301,1108531612,SVM,MEAN_RATE_LINEAR_SVM,0,UNIT,0.3,proportion,3,True,MAIN_FROZEN_U30,PENDING
Allen VBN|1108531612|MEAN_RATE_LINEAR_SVM|0|UNIT|0.3|4,Allen VBN,570301,1108531612,SVM,MEAN_RATE_LINEAR_SVM,0,UNIT,0.3,proportion,4,True,MAIN_FROZEN_U30,PENDING
Allen VBN|1108531612|MEAN_RATE_LINEAR_SVM|0|UNIT|0.4|0,Allen VBN,570301,1108531612,SVM,MEAN_RATE_LINEAR_SVM,0,UNIT,0.4,proportion,0,False,NEW_SUPP_S1_FIXED_SEED,PENDING
Allen VBN|1108531612|MEAN_RATE_LINEAR_SVM|0|UNIT|0.4|1,Allen VBN,570301,1108531612,SVM,MEAN_RATE_LINEAR_SVM,0,UNIT,0.4,proportion,1,False,NEW_SUPP_S1_FIXED_SEED,PENDING
Allen VBN|1108531612|MEAN_RATE_LINEAR_SVM|0|UNIT|0.4|2,Allen VBN,570301,1108531612,SVM,MEAN_RATE_LINEAR_SVM,0,UNIT,0.4,proportion,2,False,NEW_SUPP_S1_FIXED_SEED,PENDING
Allen VBN|1108531612|MEAN_RATE_LINEAR_SVM|0|UNIT|0.4|3,Allen VBN,570301,1108531612,SVM,MEAN_RATE_LINEAR_SVM,0,UNIT,0.4,proportion,3,False,NEW_SUPP_S1_FIXED_SEED,PENDING
Allen VBN|1108531612|MEAN_RATE_LINEAR_SVM|0|UNIT|0.4|4,Allen VBN,570301,1108531612,SVM,MEAN_RATE_LINEAR_SVM,0,UNIT,0.4,proportion,4,False,NEW_SUPP_S1_FIXED_SEED,PENDING
Allen VBN|1108531612|MEAN_RATE_LINEAR_SVM|0|UNIT|0.5|0,Allen VBN,570301,1108531612,SVM,MEAN_RATE_LINEAR_SVM,0,UNIT,0.5,proportion,0,False,NEW_SUPP_S1_FIXED_SEED,PENDING
Allen VBN|1108531612|MEAN_RATE_LINEAR_SVM|0|UNIT|0.5|1,Allen VBN,570301,1108531612,SVM,MEAN_RATE_LINEAR_SVM,0,UNIT,0.5,proportion,1,False,NEW_SUPP_S1_FIXED_SEED,PENDING
Allen VBN|1108531612|MEAN_RATE_LINEAR_SVM|0|UNIT|0.5|2,Allen VBN,570301,1108531612,SVM,MEAN_RATE_LINEAR_SVM,0,UNIT,0.5,proportion,2,False,NEW_SUPP_S1_FIXED_SEED,PENDING
Allen VBN|1108531612|MEAN_RATE_LINEAR_SVM|0|UNIT|0.5|3,Allen VBN,570301,1108531612,SVM,MEAN_RATE_LINEAR_SVM,0,UNIT,0.5,proportion,3,False,NEW_SUPP_S1_FIXED_SEED,PENDING
Allen VBN|1108531612|MEAN_RATE_LINEAR_SVM|0|UNIT|0.5|4,Allen VBN,570301,1108531612,SVM,MEAN_RATE_LINEAR_SVM,0,UNIT,0.5,proportion,4,False,NEW_SUPP_S1_FIXED_SEED,PENDING
Allen VBN|1108531612|MEAN_RATE_LINEAR_SVM|0|TEMPORAL|2|0,Allen VBN,570301,1108531612,SVM,MEAN_RATE_LINEAR_SVM,0,TEMPORAL,2,bins,0,False,NEW_SUPP_S1_FIXED_SEED,PENDING
Allen VBN|1108531612|MEAN_RATE_LINEAR_SVM|0|TEMPORAL|2|1,Allen VBN,570301,1108531612,SVM,MEAN_RATE_LINEAR_SVM,0,TEMPORAL,2,bins,1,False,NEW_SUPP_S1_FIXED_SEED,PENDING
Allen VBN|1108531612|MEAN_RATE_LINEAR_SVM|0|TEMPORAL|2|2,Allen VBN,570301,1108531612,SVM,MEAN_RATE_LINEAR_SVM,0,TEMPORAL,2,bins,2,False,NEW_SUPP_S1_FIXED_SEED,PENDING
Allen VBN|1108531612|MEAN_RATE_LINEAR_SVM|0|TEMPORAL|2|3,Allen VBN,570301,1108531612,SVM,MEAN_RATE_LINEAR_SVM,0,TEMPORAL,2,bins,3,False,NEW_SUPP_S1_FIXED_SEED,PENDING
Allen VBN|1108531612|MEAN_RATE_LINEAR_SVM|0|TEMPORAL|2|4,Allen VBN,570301,1108531612,SVM,MEAN_RATE_LINEAR_SVM,0,TEMPORAL,2,bins,4,False,NEW_SUPP_S1_FIXED_SEED,PENDING
Allen VBN|1108531612|MEAN_RATE_LINEAR_SVM|0|TEMPORAL|3|0,Allen VBN,570301,1108531612,SVM,MEAN_RATE_LINEAR_SVM,0,TEMPORAL,3,bins,0,False,NEW_SUPP_S1_FIXED_SEED,PENDING
Allen VBN|1108531612|MEAN_RATE_LINEAR_SVM|0|TEMPORAL|3|1,Allen VBN,570301,1108531612,SVM,MEAN_RATE_LINEAR_SVM,0,TEMPORAL,3,bins,1,False,NEW_SUPP_S1_FIXED_SEED,PENDING
Allen VBN|1108531612|MEAN_RATE_LINEAR_SVM|0|TEMPORAL|3|2,Allen VBN,570301,1108531612,SVM,MEAN_RATE_LINEAR_SVM,0,TEMPORAL,3,bins,2,False,NEW_SUPP_S1_FIXED_SEED,PENDING
Allen VBN|1108531612|MEAN_RATE_LINEAR_SVM|0|TEMPORAL|3|3,Allen VBN,570301,1108531612,SVM,MEAN_RATE_LINEAR_SVM,0,TEMPORAL,3,bins,3,False,NEW_SUPP_S1_FIXED_SEED,PENDING
Allen VBN|1108531612|MEAN_RATE_LINEAR_SVM|0|TEMPORAL|3|4,Allen VBN,570301,1108531612,SVM,MEAN_RATE_LINEAR_SVM,0,TEMPORAL,3,bins,4,False,NEW_SUPP_S1_FIXED_SEED,PENDING
Allen VBN|1108531612|MEAN_RATE_LINEAR_SVM|0|TEMPORAL|5|0,Allen VBN,570301,1108531612,SVM,MEAN_RATE_LINEAR_SVM,0,TEMPORAL,5,bins,0,True,MAIN_FROZEN_T5,PENDING
Allen VBN|1108531612|MEAN_RATE_LINEAR_SVM|0|TEMPORAL|5|1,Allen VBN,570301,1108531612,SVM,MEAN_RATE_LINEAR_SVM,0,TEMPORAL,5,bins,1,True,MAIN_FROZEN_T5,PENDING
Allen VBN|1108531612|MEAN_RATE_LINEAR_SVM|0|TEMPORAL|5|2,Allen VBN,570301,1108531612,SVM,MEAN_RATE_LINEAR_SVM,0,TEMPORAL,5,bins,2,True,MAIN_FROZEN_T5,PENDING
Allen VBN|1108531612|MEAN_RATE_LINEAR_SVM|0|TEMPORAL|5|3,Allen VBN,570301,1108531612,SVM,MEAN_RATE_LINEAR_SVM,0,TEMPORAL,5,bins,3,True,MAIN_FROZEN_T5,PENDING
Allen VBN|1108531612|MEAN_RATE_LINEAR_SVM|0|TEMPORAL|5|4,Allen VBN,570301,1108531612,SVM,MEAN_RATE_LINEAR_SVM,0,TEMPORAL,5,bins,4,True,MAIN_FROZEN_T5,PENDING
Allen VBN|1108531612|MEAN_RATE_LINEAR_SVM|0|TEMPORAL|7|0,Allen VBN,570301,1108531612,SVM,MEAN_RATE_LINEAR_SVM,0,TEMPORAL,7,bins,0,False,NEW_SUPP_S1_FIXED_SEED,PENDING
Allen VBN|1108531612|MEAN_RATE_LINEAR_SVM|0|TEMPORAL|7|1,Allen VBN,570301,1108531612,SVM,MEAN_RATE_LINEAR_SVM,0,TEMPORAL,7,bins,1,False,NEW_SUPP_S1_FIXED_SEED,PENDING
Allen VBN|1108531612|MEAN_RATE_LINEAR_SVM|0|TEMPORAL|7|2,Allen VBN,570301,1108531612,SVM,MEAN_RATE_LINEAR_SVM,0,TEMPORAL,7,bins,2,False,NEW_SUPP_S1_FIXED_SEED,PENDING
Allen VBN|1108531612|MEAN_RATE_LINEAR_SVM|0|TEMPORAL|7|3,Allen VBN,570301,1108531612,SVM,MEAN_RATE_LINEAR_SVM,0,TEMPORAL,7,bins,3,False,NEW_SUPP_S1_FIXED_SEED,PENDING
Allen VBN|1108531612|MEAN_RATE_LINEAR_SVM|0|TEMPORAL|7|4,Allen VBN,570301,1108531612,SVM,MEAN_RATE_LINEAR_SVM,0,TEMPORAL,7,bins,4,False,NEW_SUPP_S1_FIXED_SEED,PENDING
Allen VBN|1108531612|MEAN_RATE_LINEAR_SVM|0|TEMPORAL|10|0,Allen VBN,570301,1108531612,SVM,MEAN_RATE_LINEAR_SVM,0,TEMPORAL,10,bins,0,False,NEW_SUPP_S1_FIXED_SEED,PENDING
Allen VBN|1108531612|MEAN_RATE_LINEAR_SVM|0|TEMPORAL|10|1,Allen VBN,570301,1108531612,SVM,MEAN_RATE_LINEAR_SVM,0,TEMPORAL,10,bins,1,False,NEW_SUPP_S1_FIXED_SEED,PENDING
Allen VBN|1108531612|MEAN_RATE_LINEAR_SVM|0|TEMPORAL|10|2,Allen VBN,570301,1108531612,SVM,MEAN_RATE_LINEAR_SVM,0,TEMPORAL,10,bins,2,False,NEW_SUPP_S1_FIXED_SEED,PENDING
Allen VBN|1108531612|MEAN_RATE_LINEAR_SVM|0|TEMPORAL|10|3,Allen VBN,570301,1108531612,SVM,MEAN_RATE_LINEAR_SVM,0,TEMPORAL,10,bins,3,False,NEW_SUPP_S1_FIXED_SEED,PENDING
Allen VBN|1108531612|MEAN_RATE_LINEAR_SVM|0|TEMPORAL|10|4,Allen VBN,570301,1108531612,SVM,MEAN_RATE_LINEAR_SVM,0,TEMPORAL,10,bins,4,False,NEW_SUPP_S1_FIXED_SEED,PENDING
Allen VBN|1108531612|MEAN_RATE_LINEAR_SVM|1|CLEAN|0,Allen VBN,570301,1108531612,SVM,MEAN_RATE_LINEAR_SVM,1,CLEAN_REFERENCE,0,none,0,False,R4_CLEAN_REFERENCE,PENDING
Allen VBN|1108531612|MEAN_RATE_LINEAR_SVM|1|UNIT|0.1|0,Allen VBN,570301,1108531612,SVM,MEAN_RATE_LINEAR_SVM,1,UNIT,0.1,proportion,0,False,NEW_SUPP_S1_FIXED_SEED,PENDING
Allen VBN|1108531612|MEAN_RATE_LINEAR_SVM|1|UNIT|0.1|1,Allen VBN,570301,1108531612,SVM,MEAN_RATE_LINEAR_SVM,1,UNIT,0.1,proportion,1,False,NEW_SUPP_S1_FIXED_SEED,PENDING
Allen VBN|1108531612|MEAN_RATE_LINEAR_SVM|1|UNIT|0.1|2,Allen VBN,570301,1108531612,SVM,MEAN_RATE_LINEAR_SVM,1,UNIT,0.1,proportion,2,False,NEW_SUPP_S1_FIXED_SEED,PENDING
Allen VBN|1108531612|MEAN_RATE_LINEAR_SVM|1|UNIT|0.1|3,Allen VBN,570301,1108531612,SVM,MEAN_RATE_LINEAR_SVM,1,UNIT,0.1,proportion,3,False,NEW_SUPP_S1_FIXED_SEED,PENDING
Allen VBN|1108531612|MEAN_RATE_LINEAR_SVM|1|UNIT|0.1|4,Allen VBN,570301,1108531612,SVM,MEAN_RATE_LINEAR_SVM,1,UNIT,0.1,proportion,4,False,NEW_SUPP_S1_FIXED_SEED,PENDING
Allen VBN|1108531612|MEAN_RATE_LINEAR_SVM|1|UNIT|0.2|0,Allen VBN,570301,1108531612,SVM,MEAN_RATE_LINEAR_SVM,1,UNIT,0.2,proportion,0,False,NEW_SUPP_S1_FIXED_SEED,PENDING
Allen VBN|1108531612|MEAN_RATE_LINEAR_SVM|1|UNIT|0.2|1,Allen VBN,570301,1108531612,SVM,MEAN_RATE_LINEAR_SVM,1,UNIT,0.2,proportion,1,False,NEW_SUPP_S1_FIXED_SEED,PENDING
Allen VBN|1108531612|MEAN_RATE_LINEAR_SVM|1|UNIT|0.2|2,Allen VBN,570301,1108531612,SVM,MEAN_RATE_LINEAR_SVM,1,UNIT,0.2,proportion,2,False,NEW_SUPP_S1_FIXED_SEED,PENDING
Allen VBN|1108531612|MEAN_RATE_LINEAR_SVM|1|UNIT|0.2|3,Allen VBN,570301,1108531612,SVM,MEAN_RATE_LINEAR_SVM,1,UNIT,0.2,proportion,3,False,NEW_SUPP_S1_FIXED_SEED,PENDING
Allen VBN|1108531612|MEAN_RATE_LINEAR_SVM|1|UNIT|0.2|4,Allen VBN,570301,1108531612,SVM,MEAN_RATE_LINEAR_SVM,1,UNIT,0.2,proportion,4,False,NEW_SUPP_S1_FIXED_SEED,PENDING
Allen VBN|1108531612|MEAN_RATE_LINEAR_SVM|1|UNIT|0.3|0,Allen VBN,570301,1108531612,SVM,MEAN_RATE_LINEAR_SVM,1,UNIT,0.3,proportion,0,True,MAIN_FROZEN_U30,PENDING
Allen VBN|1108531612|MEAN_RATE_LINEAR_SVM|1|UNIT|0.3|1,Allen VBN,570301,1108531612,SVM,MEAN_RATE_LINEAR_SVM,1,UNIT,0.3,proportion,1,True,MAIN_FROZEN_U30,PENDING
Allen VBN|1108531612|MEAN_RATE_LINEAR_SVM|1|UNIT|0.3|2,Allen VBN,570301,1108531612,SVM,MEAN_RATE_LINEAR_SVM,1,UNIT,0.3,proportion,2,True,MAIN_FROZEN_U30,PENDING
Allen VBN|1108531612|MEAN_RATE_LINEAR_SVM|1|UNIT|0.3|3,Allen VBN,570301,1108531612,SVM,MEAN_RATE_LINEAR_SVM,1,UNIT,0.3,proportion,3,True,MAIN_FROZEN_U30,PENDING
Allen VBN|1108531612|MEAN_RATE_LINEAR_SVM|1|UNIT|0.3|4,Allen VBN,570301,1108531612,SVM,MEAN_RATE_LINEAR_SVM,1,UNIT,0.3,proportion,4,True,MAIN_FROZEN_U30,PENDING
Allen VBN|1108531612|MEAN_RATE_LINEAR_SVM|1|UNIT|0.4|0,Allen VBN,570301,1108531612,SVM,MEAN_RATE_LINEAR_SVM,1,UNIT,0.4,proportion,0,False,NEW_SUPP_S1_FIXED_SEED,PENDING
Allen VBN|1108531612|MEAN_RATE_LINEAR_SVM|1|UNIT|0.4|1,Allen VBN,570301,1108531612,SVM,MEAN_RATE_LINEAR_SVM,1,UNIT,0.4,proportion,1,False,NEW_SUPP_S1_FIXED_SEED,PENDING
Allen VBN|1108531612|MEAN_RATE_LINEAR_SVM|1|UNIT|0.4|2,Allen VBN,570301,1108531612,SVM,MEAN_RATE_LINEAR_SVM,1,UNIT,0.4,proportion,2,False,NEW_SUPP_S1_FIXED_SEED,PENDING
Allen VBN|1108531612|MEAN_RATE_LINEAR_SVM|1|UNIT|0.4|3,Allen VBN,570301,1108531612,SVM,MEAN_RATE_LINEAR_SVM,1,UNIT,0.4,proportion,3,False,NEW_SUPP_S1_FIXED_SEED,PENDING
Allen VBN|1108531612|MEAN_RATE_LINEAR_SVM|1|UNIT|0.4|4,Allen VBN,570301,1108531612,SVM,MEAN_RATE_LINEAR_SVM,1,UNIT,0.4,proportion,4,False,NEW_SUPP_S1_FIXED_SEED,PENDING
Allen VBN|1108531612|MEAN_RATE_LINEAR_SVM|1|UNIT|0.5|0,Allen VBN,570301,1108531612,SVM,MEAN_RATE_LINEAR_SVM,1,UNIT,0.5,proportion,0,False,NEW_SUPP_S1_FIXED_SEED,PENDING
Allen VBN|1108531612|MEAN_RATE_LINEAR_SVM|1|UNIT|0.5|1,Allen VBN,570301,1108531612,SVM,MEAN_RATE_LINEAR_SVM,1,UNIT,0.5,proportion,1,False,NEW_SUPP_S1_FIXED_SEED,PENDING
Allen VBN|1108531612|MEAN_RATE_LINEAR_SVM|1|UNIT|0.5|2,Allen VBN,570301,1108531612,SVM,MEAN_RATE_LINEAR_SVM,1,UNIT,0.5,proportion,2,False,NEW_SUPP_S1_FIXED_SEED,PENDING
Allen VBN|1108531612|MEAN_RATE_LINEAR_SVM|1|UNIT|0.5|3,Allen VBN,570301,1108531612,SVM,MEAN_RATE_LINEAR_SVM,1,UNIT,0.5,proportion,3,False,NEW_SUPP_S1_FIXED_SEED,PENDING
Allen VBN|1108531612|MEAN_RATE_LINEAR_SVM|1|UNIT|0.5|4,Allen VBN,570301,1108531612,SVM,MEAN_RATE_LINEAR_SVM,1,UNIT,0.5,proportion,4,False,NEW_SUPP_S1_FIXED_SEED,PENDING
Allen VBN|1108531612|MEAN_RATE_LINEAR_SVM|1|TEMPORAL|2|0,Allen VBN,570301,1108531612,SVM,MEAN_RATE_LINEAR_SVM,1,TEMPORAL,2,bins,0,False,NEW_SUPP_S1_FIXED_SEED,PENDING
Allen VBN|1108531612|MEAN_RATE_LINEAR_SVM|1|TEMPORAL|2|1,Allen VBN,570301,1108531612,SVM,MEAN_RATE_LINEAR_SVM,1,TEMPORAL,2,bins,1,False,NEW_SUPP_S1_FIXED_SEED,PENDING
Allen VBN|1108531612|MEAN_RATE_LINEAR_SVM|1|TEMPORAL|2|2,Allen VBN,570301,1108531612,SVM,MEAN_RATE_LINEAR_SVM,1,TEMPORAL,2,bins,2,False,NEW_SUPP_S1_FIXED_SEED,PENDING
Allen VBN|1108531612|MEAN_RATE_LINEAR_SVM|1|TEMPORAL|2|3,Allen VBN,570301,1108531612,SVM,MEAN_RATE_LINEAR_SVM,1,TEMPORAL,2,bins,3,False,NEW_SUPP_S1_FIXED_SEED,PENDING
Allen VBN|1108531612|MEAN_RATE_LINEAR_SVM|1|TEMPORAL|2|4,Allen VBN,570301,1108531612,SVM,MEAN_RATE_LINEAR_SVM,1,TEMPORAL,2,bins,4,False,NEW_SUPP_S1_FIXED_SEED,PENDING
Allen VBN|1108531612|MEAN_RATE_LINEAR_SVM|1|TEMPORAL|3|0,Allen VBN,570301,1108531612,SVM,MEAN_RATE_LINEAR_SVM,1,TEMPORAL,3,bins,0,False,NEW_SUPP_S1_FIXED_SEED,PENDING
Allen VBN|1108531612|MEAN_RATE_LINEAR_SVM|1|TEMPORAL|3|1,Allen VBN,570301,1108531612,SVM,MEAN_RATE_LINEAR_SVM,1,TEMPORAL,3,bins,1,False,NEW_SUPP_S1_FIXED_SEED,PENDING
Allen VBN|1108531612|MEAN_RATE_LINEAR_SVM|1|TEMPORAL|3|2,Allen VBN,570301,1108531612,SVM,MEAN_RATE_LINEAR_SVM,1,TEMPORAL,3,bins,2,False,NEW_SUPP_S1_FIXED_SEED,PENDING
Allen VBN|1108531612|MEAN_RATE_LINEAR_SVM|1|TEMPORAL|3|3,Allen VBN,570301,1108531612,SVM,MEAN_RATE_LINEAR_SVM,1,TEMPORAL,3,bins,3,False,NEW_SUPP_S1_FIXED_SEED,PENDING
Allen VBN|1108531612|MEAN_RATE_LINEAR_SVM|1|TEMPORAL|3|4,Allen VBN,570301,1108531612,SVM,MEAN_RATE_LINEAR_SVM,1,TEMPORAL,3,bins,4,False,NEW_SUPP_S1_FIXED_SEED,PENDING
Allen VBN|1108531612|MEAN_RATE_LINEAR_SVM|1|TEMPORAL|5|0,Allen VBN,570301,1108531612,SVM,MEAN_RATE_LINEAR_SVM,1,TEMPORAL,5,bins,0,True,MAIN_FROZEN_T5,PENDING
Allen VBN|1108531612|MEAN_RATE_LINEAR_SVM|1|TEMPORAL|5|1,Allen VBN,570301,1108531612,SVM,MEAN_RATE_LINEAR_SVM,1,TEMPORAL,5,bins,1,True,MAIN_FROZEN_T5,PENDING
Allen VBN|1108531612|MEAN_RATE_LINEAR_SVM|1|TEMPORAL|5|2,Allen VBN,570301,1108531612,SVM,MEAN_RATE_LINEAR_SVM,1,TEMPORAL,5,bins,2,True,MAIN_FROZEN_T5,PENDING
Allen VBN|1108531612|MEAN_RATE_LINEAR_SVM|1|TEMPORAL|5|3,Allen VBN,570301,1108531612,SVM,MEAN_RATE_LINEAR_SVM,1,TEMPORAL,5,bins,3,True,MAIN_FROZEN_T5,PENDING
Allen VBN|1108531612|MEAN_RATE_LINEAR_SVM|1|TEMPORAL|5|4,Allen VBN,570301,1108531612,SVM,MEAN_RATE_LINEAR_SVM,1,TEMPORAL,5,bins,4,True,MAIN_FROZEN_T5,PENDING
Allen VBN|1108531612|MEAN_RATE_LINEAR_SVM|1|TEMPORAL|7|0,Allen VBN,570301,1108531612,SVM,MEAN_RATE_LINEAR_SVM,1,TEMPORAL,7,bins,0,False,NEW_SUPP_S1_FIXED_SEED,PENDING
Allen VBN|1108531612|MEAN_RATE_LINEAR_SVM|1|TEMPORAL|7|1,Allen VBN,570301,1108531612,SVM,MEAN_RATE_LINEAR_SVM,1,TEMPORAL,7,bins,1,False,NEW_SUPP_S1_FIXED_SEED,PENDING
Allen VBN|1108531612|MEAN_RATE_LINEAR_SVM|1|TEMPORAL|7|2,Allen VBN,570301,1108531612,SVM,MEAN_RATE_LINEAR_SVM,1,TEMPORAL,7,bins,2,False,NEW_SUPP_S1_FIXED_SEED,PENDING
Allen VBN|1108531612|MEAN_RATE_LINEAR_SVM|1|TEMPORAL|7|3,Allen VBN,570301,1108531612,SVM,MEAN_RATE_LINEAR_SVM,1,TEMPORAL,7,bins,3,False,NEW_SUPP_S1_FIXED_SEED,PENDING
Allen VBN|1108531612|MEAN_RATE_LINEAR_SVM|1|TEMPORAL|7|4,Allen VBN,570301,1108531612,SVM,MEAN_RATE_LINEAR_SVM,1,TEMPORAL,7,bins,4,False,NEW_SUPP_S1_FIXED_SEED,PENDING
Allen VBN|1108531612|MEAN_RATE_LINEAR_SVM|1|TEMPORAL|10|0,Allen VBN,570301,1108531612,SVM,MEAN_RATE_LINEAR_SVM,1,TEMPORAL,10,bins,0,False,NEW_SUPP_S1_FIXED_SEED,PENDING
Allen VBN|1108531612|MEAN_RATE_LINEAR_SVM|1|TEMPORAL|10|1,Allen VBN,570301,1108531612,SVM,MEAN_RATE_LINEAR_SVM,1,TEMPORAL,10,bins,1,False,NEW_SUPP_S1_FIXED_SEED,PENDING
Allen VBN|1108531612|MEAN_RATE_LINEAR_SVM|1|TEMPORAL|10|2,Allen VBN,570301,1108531612,SVM,MEAN_RATE_LINEAR_SVM,1,TEMPORAL,10,bins,2,False,NEW_SUPP_S1_FIXED_SEED,PENDING
Allen VBN|1108531612|MEAN_RATE_LINEAR_SVM|1|TEMPORAL|10|3,Allen VBN,570301,1108531612,SVM,MEAN_RATE_LINEAR_SVM,1,TEMPORAL,10,bins,3,False,NEW_SUPP_S1_FIXED_SEED,PENDING
Allen VBN|1108531612|MEAN_RATE_LINEAR_SVM|1|TEMPORAL|10|4,Allen VBN,570301,1108531612,SVM,MEAN_RATE_LINEAR_SVM,1,TEMPORAL,10,bins,4,False,NEW_SUPP_S1_FIXED_SEED,PENDING
Allen VBN|1044016459|MM_RVD_A9_SELECTED_R6|0|CLEAN|0,Allen VBN,506940,1044016459,MM-RVD,MM_RVD_A9_SELECTED_R6,0,CLEAN_REFERENCE,0,none,0,False,R4_CLEAN_REFERENCE,PENDING
Allen VBN|1044016459|MM_RVD_A9_SELECTED_R6|0|UNIT|0.1|0,Allen VBN,506940,1044016459,MM-RVD,MM_RVD_A9_SELECTED_R6,0,UNIT,0.1,proportion,0,False,NEW_SUPP_S1_FIXED_SEED,PENDING
Allen VBN|1044016459|MM_RVD_A9_SELECTED_R6|0|UNIT|0.1|1,Allen VBN,506940,1044016459,MM-RVD,MM_RVD_A9_SELECTED_R6,0,UNIT,0.1,proportion,1,False,NEW_SUPP_S1_FIXED_SEED,PENDING
Allen VBN|1044016459|MM_RVD_A9_SELECTED_R6|0|UNIT|0.1|2,Allen VBN,506940,1044016459,MM-RVD,MM_RVD_A9_SELECTED_R6,0,UNIT,0.1,proportion,2,False,NEW_SUPP_S1_FIXED_SEED,PENDING
Allen VBN|1044016459|MM_RVD_A9_SELECTED_R6|0|UNIT|0.1|3,Allen VBN,506940,1044016459,MM-RVD,MM_RVD_A9_SELECTED_R6,0,UNIT,0.1,proportion,3,False,NEW_SUPP_S1_FIXED_SEED,PENDING
Allen VBN|1044016459|MM_RVD_A9_SELECTED_R6|0|UNIT|0.1|4,Allen VBN,506940,1044016459,MM-RVD,MM_RVD_A9_SELECTED_R6,0,UNIT,0.1,proportion,4,False,NEW_SUPP_S1_FIXED_SEED,PENDING
Allen VBN|1044016459|MM_RVD_A9_SELECTED_R6|0|UNIT|0.2|0,Allen VBN,506940,1044016459,MM-RVD,MM_RVD_A9_SELECTED_R6,0,UNIT,0.2,proportion,0,False,NEW_SUPP_S1_FIXED_SEED,PENDING
Allen VBN|1044016459|MM_RVD_A9_SELECTED_R6|0|UNIT|0.2|1,Allen VBN,506940,1044016459,MM-RVD,MM_RVD_A9_SELECTED_R6,0,UNIT,0.2,proportion,1,False,NEW_SUPP_S1_FIXED_SEED,PENDING
Allen VBN|1044016459|MM_RVD_A9_SELECTED_R6|0|UNIT|0.2|2,Allen VBN,506940,1044016459,MM-RVD,MM_RVD_A9_SELECTED_R6,0,UNIT,0.2,proportion,2,False,NEW_SUPP_S1_FIXED_SEED,PENDING
Allen VBN|1044016459|MM_RVD_A9_SELECTED_R6|0|UNIT|0.2|3,Allen VBN,506940,1044016459,MM-RVD,MM_RVD_A9_SELECTED_R6,0,UNIT,0.2,proportion,3,False,NEW_SUPP_S1_FIXED_SEED,PENDING
Allen VBN|1044016459|MM_RVD_A9_SELECTED_R6|0|UNIT|0.2|4,Allen VBN,506940,1044016459,MM-RVD,MM_RVD_A9_SELECTED_R6,0,UNIT,0.2,proportion,4,False,NEW_SUPP_S1_FIXED_SEED,PENDING
Allen VBN|1044016459|MM_RVD_A9_SELECTED_R6|0|UNIT|0.3|0,Allen VBN,506940,1044016459,MM-RVD,MM_RVD_A9_SELECTED_R6,0,UNIT,0.3,proportion,0,True,MAIN_FROZEN_U30,PENDING
Allen VBN|1044016459|MM_RVD_A9_SELECTED_R6|0|UNIT|0.3|1,Allen VBN,506940,1044016459,MM-RVD,MM_RVD_A9_SELECTED_R6,0,UNIT,0.3,proportion,1,True,MAIN_FROZEN_U30,PENDING
Allen VBN|1044016459|MM_RVD_A9_SELECTED_R6|0|UNIT|0.3|2,Allen VBN,506940,1044016459,MM-RVD,MM_RVD_A9_SELECTED_R6,0,UNIT,0.3,proportion,2,True,MAIN_FROZEN_U30,PENDING
Allen VBN|1044016459|MM_RVD_A9_SELECTED_R6|0|UNIT|0.3|3,Allen VBN,506940,1044016459,MM-RVD,MM_RVD_A9_SELECTED_R6,0,UNIT,0.3,proportion,3,True,MAIN_FROZEN_U30,PENDING
Allen VBN|1044016459|MM_RVD_A9_SELECTED_R6|0|UNIT|0.3|4,Allen VBN,506940,1044016459,MM-RVD,MM_RVD_A9_SELECTED_R6,0,UNIT,0.3,proportion,4,True,MAIN_FROZEN_U30,PENDING
Allen VBN|1044016459|MM_RVD_A9_SELECTED_R6|0|UNIT|0.4|0,Allen VBN,506940,1044016459,MM-RVD,MM_RVD_A9_SELECTED_R6,0,UNIT,0.4,proportion,0,False,NEW_SUPP_S1_FIXED_SEED,PENDING
Allen VBN|1044016459|MM_RVD_A9_SELECTED_R6|0|UNIT|0.4|1,Allen VBN,506940,1044016459,MM-RVD,MM_RVD_A9_SELECTED_R6,0,UNIT,0.4,proportion,1,False,NEW_SUPP_S1_FIXED_SEED,PENDING
Allen VBN|1044016459|MM_RVD_A9_SELECTED_R6|0|UNIT|0.4|2,Allen VBN,506940,1044016459,MM-RVD,MM_RVD_A9_SELECTED_R6,0,UNIT,0.4,proportion,2,False,NEW_SUPP_S1_FIXED_SEED,PENDING
Allen VBN|1044016459|MM_RVD_A9_SELECTED_R6|0|UNIT|0.4|3,Allen VBN,506940,1044016459,MM-RVD,MM_RVD_A9_SELECTED_R6,0,UNIT,0.4,proportion,3,False,NEW_SUPP_S1_FIXED_SEED,PENDING
Allen VBN|1044016459|MM_RVD_A9_SELECTED_R6|0|UNIT|0.4|4,Allen VBN,506940,1044016459,MM-RVD,MM_RVD_A9_SELECTED_R6,0,UNIT,0.4,proportion,4,False,NEW_SUPP_S1_FIXED_SEED,PENDING
Allen VBN|1044016459|MM_RVD_A9_SELECTED_R6|0|UNIT|0.5|0,Allen VBN,506940,1044016459,MM-RVD,MM_RVD_A9_SELECTED_R6,0,UNIT,0.5,proportion,0,False,NEW_SUPP_S1_FIXED_SEED,PENDING
Allen VBN|1044016459|MM_RVD_A9_SELECTED_R6|0|UNIT|0.5|1,Allen VBN,506940,1044016459,MM-RVD,MM_RVD_A9_SELECTED_R6,0,UNIT,0.5,proportion,1,False,NEW_SUPP_S1_FIXED_SEED,PENDING
Allen VBN|1044016459|MM_RVD_A9_SELECTED_R6|0|UNIT|0.5|2,Allen VBN,506940,1044016459,MM-RVD,MM_RVD_A9_SELECTED_R6,0,UNIT,0.5,proportion,2,False,NEW_SUPP_S1_FIXED_SEED,PENDING
Allen VBN|1044016459|MM_RVD_A9_SELECTED_R6|0|UNIT|0.5|3,Allen VBN,506940,1044016459,MM-RVD,MM_RVD_A9_SELECTED_R6,0,UNIT,0.5,proportion,3,False,NEW_SUPP_S1_FIXED_SEED,PENDING
Allen VBN|1044016459|MM_RVD_A9_SELECTED_R6|0|UNIT|0.5|4,Allen VBN,506940,1044016459,MM-RVD,MM_RVD_A9_SELECTED_R6,0,UNIT,0.5,proportion,4,False,NEW_SUPP_S1_FIXED_SEED,PENDING
Allen VBN|1044016459|MM_RVD_A9_SELECTED_R6|0|TEMPORAL|2|0,Allen VBN,506940,1044016459,MM-RVD,MM_RVD_A9_SELECTED_R6,0,TEMPORAL,2,bins,0,False,NEW_SUPP_S1_FIXED_SEED,PENDING
Allen VBN|1044016459|MM_RVD_A9_SELECTED_R6|0|TEMPORAL|2|1,Allen VBN,506940,1044016459,MM-RVD,MM_RVD_A9_SELECTED_R6,0,TEMPORAL,2,bins,1,False,NEW_SUPP_S1_FIXED_SEED,PENDING
Allen VBN|1044016459|MM_RVD_A9_SELECTED_R6|0|TEMPORAL|2|2,Allen VBN,506940,1044016459,MM-RVD,MM_RVD_A9_SELECTED_R6,0,TEMPORAL,2,bins,2,False,NEW_SUPP_S1_FIXED_SEED,PENDING
Allen VBN|1044016459|MM_RVD_A9_SELECTED_R6|0|TEMPORAL|2|3,Allen VBN,506940,1044016459,MM-RVD,MM_RVD_A9_SELECTED_R6,0,TEMPORAL,2,bins,3,False,NEW_SUPP_S1_FIXED_SEED,PENDING
Allen VBN|1044016459|MM_RVD_A9_SELECTED_R6|0|TEMPORAL|2|4,Allen VBN,506940,1044016459,MM-RVD,MM_RVD_A9_SELECTED_R6,0,TEMPORAL,2,bins,4,False,NEW_SUPP_S1_FIXED_SEED,PENDING
Allen VBN|1044016459|MM_RVD_A9_SELECTED_R6|0|TEMPORAL|3|0,Allen VBN,506940,1044016459,MM-RVD,MM_RVD_A9_SELECTED_R6,0,TEMPORAL,3,bins,0,False,NEW_SUPP_S1_FIXED_SEED,PENDING
Allen VBN|1044016459|MM_RVD_A9_SELECTED_R6|0|TEMPORAL|3|1,Allen VBN,506940,1044016459,MM-RVD,MM_RVD_A9_SELECTED_R6,0,TEMPORAL,3,bins,1,False,NEW_SUPP_S1_FIXED_SEED,PENDING
Allen VBN|1044016459|MM_RVD_A9_SELECTED_R6|0|TEMPORAL|3|2,Allen VBN,506940,1044016459,MM-RVD,MM_RVD_A9_SELECTED_R6,0,TEMPORAL,3,bins,2,False,NEW_SUPP_S1_FIXED_SEED,PENDING
Allen VBN|1044016459|MM_RVD_A9_SELECTED_R6|0|TEMPORAL|3|3,Allen VBN,506940,1044016459,MM-RVD,MM_RVD_A9_SELECTED_R6,0,TEMPORAL,3,bins,3,False,NEW_SUPP_S1_FIXED_SEED,PENDING
Allen VBN|1044016459|MM_RVD_A9_SELECTED_R6|0|TEMPORAL|3|4,Allen VBN,506940,1044016459,MM-RVD,MM_RVD_A9_SELECTED_R6,0,TEMPORAL,3,bins,4,False,NEW_SUPP_S1_FIXED_SEED,PENDING
Allen VBN|1044016459|MM_RVD_A9_SELECTED_R6|0|TEMPORAL|5|0,Allen VBN,506940,1044016459,MM-RVD,MM_RVD_A9_SELECTED_R6,0,TEMPORAL,5,bins,0,True,MAIN_FROZEN_T5,PENDING
Allen VBN|1044016459|MM_RVD_A9_SELECTED_R6|0|TEMPORAL|5|1,Allen VBN,506940,1044016459,MM-RVD,MM_RVD_A9_SELECTED_R6,0,TEMPORAL,5,bins,1,True,MAIN_FROZEN_T5,PENDING
Allen VBN|1044016459|MM_RVD_A9_SELECTED_R6|0|TEMPORAL|5|2,Allen VBN,506940,1044016459,MM-RVD,MM_RVD_A9_SELECTED_R6,0,TEMPORAL,5,bins,2,True,MAIN_FROZEN_T5,PENDING
Allen VBN|1044016459|MM_RVD_A9_SELECTED_R6|0|TEMPORAL|5|3,Allen VBN,506940,1044016459,MM-RVD,MM_RVD_A9_SELECTED_R6,0,TEMPORAL,5,bins,3,True,MAIN_FROZEN_T5,PENDING
Allen VBN|1044016459|MM_RVD_A9_SELECTED_R6|0|TEMPORAL|5|4,Allen VBN,506940,1044016459,MM-RVD,MM_RVD_A9_SELECTED_R6,0,TEMPORAL,5,bins,4,True,MAIN_FROZEN_T5,PENDING
Allen VBN|1044016459|MM_RVD_A9_SELECTED_R6|0|TEMPORAL|7|0,Allen VBN,506940,1044016459,MM-RVD,MM_RVD_A9_SELECTED_R6,0,TEMPORAL,7,bins,0,False,NEW_SUPP_S1_FIXED_SEED,PENDING
Allen VBN|1044016459|MM_RVD_A9_SELECTED_R6|0|TEMPORAL|7|1,Allen VBN,506940,1044016459,MM-RVD,MM_RVD_A9_SELECTED_R6,0,TEMPORAL,7,bins,1,False,NEW_SUPP_S1_FIXED_SEED,PENDING
Allen VBN|1044016459|MM_RVD_A9_SELECTED_R6|0|TEMPORAL|7|2,Allen VBN,506940,1044016459,MM-RVD,MM_RVD_A9_SELECTED_R6,0,TEMPORAL,7,bins,2,False,NEW_SUPP_S1_FIXED_SEED,PENDING
Allen VBN|1044016459|MM_RVD_A9_SELECTED_R6|0|TEMPORAL|7|3,Allen VBN,506940,1044016459,MM-RVD,MM_RVD_A9_SELECTED_R6,0,TEMPORAL,7,bins,3,False,NEW_SUPP_S1_FIXED_SEED,PENDING
Allen VBN|1044016459|MM_RVD_A9_SELECTED_R6|0|TEMPORAL|7|4,Allen VBN,506940,1044016459,MM-RVD,MM_RVD_A9_SELECTED_R6,0,TEMPORAL,7,bins,4,False,NEW_SUPP_S1_FIXED_SEED,PENDING
Allen VBN|1044016459|MM_RVD_A9_SELECTED_R6|0|TEMPORAL|10|0,Allen VBN,506940,1044016459,MM-RVD,MM_RVD_A9_SELECTED_R6,0,TEMPORAL,10,bins,0,False,NEW_SUPP_S1_FIXED_SEED,PENDING
Allen VBN|1044016459|MM_RVD_A9_SELECTED_R6|0|TEMPORAL|10|1,Allen VBN,506940,1044016459,MM-RVD,MM_RVD_A9_SELECTED_R6,0,TEMPORAL,10,bins,1,False,NEW_SUPP_S1_FIXED_SEED,PENDING
Allen VBN|1044016459|MM_RVD_A9_SELECTED_R6|0|TEMPORAL|10|2,Allen VBN,506940,1044016459,MM-RVD,MM_RVD_A9_SELECTED_R6,0,TEMPORAL,10,bins,2,False,NEW_SUPP_S1_FIXED_SEED,PENDING
Allen VBN|1044016459|MM_RVD_A9_SELECTED_R6|0|TEMPORAL|10|3,Allen VBN,506940,1044016459,MM-RVD,MM_RVD_A9_SELECTED_R6,0,TEMPORAL,10,bins,3,False,NEW_SUPP_S1_FIXED_SEED,PENDING
Allen VBN|1044016459|MM_RVD_A9_SELECTED_R6|0|TEMPORAL|10|4,Allen VBN,506940,1044016459,MM-RVD,MM_RVD_A9_SELECTED_R6,0,TEMPORAL,10,bins,4,False,NEW_SUPP_S1_FIXED_SEED,PENDING
Allen VBN|1044016459|MM_RVD_A9_SELECTED_R6|1|CLEAN|0,Allen VBN,506940,1044016459,MM-RVD,MM_RVD_A9_SELECTED_R6,1,CLEAN_REFERENCE,0,none,0,False,R4_CLEAN_REFERENCE,PENDING
Allen VBN|1044016459|MM_RVD_A9_SELECTED_R6|1|UNIT|0.1|0,Allen VBN,506940,1044016459,MM-RVD,MM_RVD_A9_SELECTED_R6,1,UNIT,0.1,proportion,0,False,NEW_SUPP_S1_FIXED_SEED,PENDING
Allen VBN|1044016459|MM_RVD_A9_SELECTED_R6|1|UNIT|0.1|1,Allen VBN,506940,1044016459,MM-RVD,MM_RVD_A9_SELECTED_R6,1,UNIT,0.1,proportion,1,False,NEW_SUPP_S1_FIXED_SEED,PENDING
Allen VBN|1044016459|MM_RVD_A9_SELECTED_R6|1|UNIT|0.1|2,Allen VBN,506940,1044016459,MM-RVD,MM_RVD_A9_SELECTED_R6,1,UNIT,0.1,proportion,2,False,NEW_SUPP_S1_FIXED_SEED,PENDING
Allen VBN|1044016459|MM_RVD_A9_SELECTED_R6|1|UNIT|0.1|3,Allen VBN,506940,1044016459,MM-RVD,MM_RVD_A9_SELECTED_R6,1,UNIT,0.1,proportion,3,False,NEW_SUPP_S1_FIXED_SEED,PENDING
Allen VBN|1044016459|MM_RVD_A9_SELECTED_R6|1|UNIT|0.1|4,Allen VBN,506940,1044016459,MM-RVD,MM_RVD_A9_SELECTED_R6,1,UNIT,0.1,proportion,4,False,NEW_SUPP_S1_FIXED_SEED,PENDING
Allen VBN|1044016459|MM_RVD_A9_SELECTED_R6|1|UNIT|0.2|0,Allen VBN,506940,1044016459,MM-RVD,MM_RVD_A9_SELECTED_R6,1,UNIT,0.2,proportion,0,False,NEW_SUPP_S1_FIXED_SEED,PENDING
Allen VBN|1044016459|MM_RVD_A9_SELECTED_R6|1|UNIT|0.2|1,Allen VBN,506940,1044016459,MM-RVD,MM_RVD_A9_SELECTED_R6,1,UNIT,0.2,proportion,1,False,NEW_SUPP_S1_FIXED_SEED,PENDING
Allen VBN|1044016459|MM_RVD_A9_SELECTED_R6|1|UNIT|0.2|2,Allen VBN,506940,1044016459,MM-RVD,MM_RVD_A9_SELECTED_R6,1,UNIT,0.2,proportion,2,False,NEW_SUPP_S1_FIXED_SEED,PENDING
Allen VBN|1044016459|MM_RVD_A9_SELECTED_R6|1|UNIT|0.2|3,Allen VBN,506940,1044016459,MM-RVD,MM_RVD_A9_SELECTED_R6,1,UNIT,0.2,proportion,3,False,NEW_SUPP_S1_FIXED_SEED,PENDING
Allen VBN|1044016459|MM_RVD_A9_SELECTED_R6|1|UNIT|0.2|4,Allen VBN,506940,1044016459,MM-RVD,MM_RVD_A9_SELECTED_R6,1,UNIT,0.2,proportion,4,False,NEW_SUPP_S1_FIXED_SEED,PENDING
Allen VBN|1044016459|MM_RVD_A9_SELECTED_R6|1|UNIT|0.3|0,Allen VBN,506940,1044016459,MM-RVD,MM_RVD_A9_SELECTED_R6,1,UNIT,0.3,proportion,0,True,MAIN_FROZEN_U30,PENDING
Allen VBN|1044016459|MM_RVD_A9_SELECTED_R6|1|UNIT|0.3|1,Allen VBN,506940,1044016459,MM-RVD,MM_RVD_A9_SELECTED_R6,1,UNIT,0.3,proportion,1,True,MAIN_FROZEN_U30,PENDING
Allen VBN|1044016459|MM_RVD_A9_SELECTED_R6|1|UNIT|0.3|2,Allen VBN,506940,1044016459,MM-RVD,MM_RVD_A9_SELECTED_R6,1,UNIT,0.3,proportion,2,True,MAIN_FROZEN_U30,PENDING
Allen VBN|1044016459|MM_RVD_A9_SELECTED_R6|1|UNIT|0.3|3,Allen VBN,506940,1044016459,MM-RVD,MM_RVD_A9_SELECTED_R6,1,UNIT,0.3,proportion,3,True,MAIN_FROZEN_U30,PENDING
Allen VBN|1044016459|MM_RVD_A9_SELECTED_R6|1|UNIT|0.3|4,Allen VBN,506940,1044016459,MM-RVD,MM_RVD_A9_SELECTED_R6,1,UNIT,0.3,proportion,4,True,MAIN_FROZEN_U30,PENDING
Allen VBN|1044016459|MM_RVD_A9_SELECTED_R6|1|UNIT|0.4|0,Allen VBN,506940,1044016459,MM-RVD,MM_RVD_A9_SELECTED_R6,1,UNIT,0.4,proportion,0,False,NEW_SUPP_S1_FIXED_SEED,PENDING
Allen VBN|1044016459|MM_RVD_A9_SELECTED_R6|1|UNIT|0.4|1,Allen VBN,506940,1044016459,MM-RVD,MM_RVD_A9_SELECTED_R6,1,UNIT,0.4,proportion,1,False,NEW_SUPP_S1_FIXED_SEED,PENDING
Allen VBN|1044016459|MM_RVD_A9_SELECTED_R6|1|UNIT|0.4|2,Allen VBN,506940,1044016459,MM-RVD,MM_RVD_A9_SELECTED_R6,1,UNIT,0.4,proportion,2,False,NEW_SUPP_S1_FIXED_SEED,PENDING
Allen VBN|1044016459|MM_RVD_A9_SELECTED_R6|1|UNIT|0.4|3,Allen VBN,506940,1044016459,MM-RVD,MM_RVD_A9_SELECTED_R6,1,UNIT,0.4,proportion,3,False,NEW_SUPP_S1_FIXED_SEED,PENDING
Allen VBN|1044016459|MM_RVD_A9_SELECTED_R6|1|UNIT|0.4|4,Allen VBN,506940,1044016459,MM-RVD,MM_RVD_A9_SELECTED_R6,1,UNIT,0.4,proportion,4,False,NEW_SUPP_S1_FIXED_SEED,PENDING
Allen VBN|1044016459|MM_RVD_A9_SELECTED_R6|1|UNIT|0.5|0,Allen VBN,506940,1044016459,MM-RVD,MM_RVD_A9_SELECTED_R6,1,UNIT,0.5,proportion,0,False,NEW_SUPP_S1_FIXED_SEED,PENDING
Allen VBN|1044016459|MM_RVD_A9_SELECTED_R6|1|UNIT|0.5|1,Allen VBN,506940,1044016459,MM-RVD,MM_RVD_A9_SELECTED_R6,1,UNIT,0.5,proportion,1,False,NEW_SUPP_S1_FIXED_SEED,PENDING
Allen VBN|1044016459|MM_RVD_A9_SELECTED_R6|1|UNIT|0.5|2,Allen VBN,506940,1044016459,MM-RVD,MM_RVD_A9_SELECTED_R6,1,UNIT,0.5,proportion,2,False,NEW_SUPP_S1_FIXED_SEED,PENDING
Allen VBN|1044016459|MM_RVD_A9_SELECTED_R6|1|UNIT|0.5|3,Allen VBN,506940,1044016459,MM-RVD,MM_RVD_A9_SELECTED_R6,1,UNIT,0.5,proportion,3,False,NEW_SUPP_S1_FIXED_SEED,PENDING
Allen VBN|1044016459|MM_RVD_A9_SELECTED_R6|1|UNIT|0.5|4,Allen VBN,506940,1044016459,MM-RVD,MM_RVD_A9_SELECTED_R6,1,UNIT,0.5,proportion,4,False,NEW_SUPP_S1_FIXED_SEED,PENDING
Allen VBN|1044016459|MM_RVD_A9_SELECTED_R6|1|TEMPORAL|2|0,Allen VBN,506940,1044016459,MM-RVD,MM_RVD_A9_SELECTED_R6,1,TEMPORAL,2,bins,0,False,NEW_SUPP_S1_FIXED_SEED,PENDING
Allen VBN|1044016459|MM_RVD_A9_SELECTED_R6|1|TEMPORAL|2|1,Allen VBN,506940,1044016459,MM-RVD,MM_RVD_A9_SELECTED_R6,1,TEMPORAL,2,bins,1,False,NEW_SUPP_S1_FIXED_SEED,PENDING
Allen VBN|1044016459|MM_RVD_A9_SELECTED_R6|1|TEMPORAL|2|2,Allen VBN,506940,1044016459,MM-RVD,MM_RVD_A9_SELECTED_R6,1,TEMPORAL,2,bins,2,False,NEW_SUPP_S1_FIXED_SEED,PENDING
Allen VBN|1044016459|MM_RVD_A9_SELECTED_R6|1|TEMPORAL|2|3,Allen VBN,506940,1044016459,MM-RVD,MM_RVD_A9_SELECTED_R6,1,TEMPORAL,2,bins,3,False,NEW_SUPP_S1_FIXED_SEED,PENDING
Allen VBN|1044016459|MM_RVD_A9_SELECTED_R6|1|TEMPORAL|2|4,Allen VBN,506940,1044016459,MM-RVD,MM_RVD_A9_SELECTED_R6,1,TEMPORAL,2,bins,4,False,NEW_SUPP_S1_FIXED_SEED,PENDING
Allen VBN|1044016459|MM_RVD_A9_SELECTED_R6|1|TEMPORAL|3|0,Allen VBN,506940,1044016459,MM-RVD,MM_RVD_A9_SELECTED_R6,1,TEMPORAL,3,bins,0,False,NEW_SUPP_S1_FIXED_SEED,PENDING
Allen VBN|1044016459|MM_RVD_A9_SELECTED_R6|1|TEMPORAL|3|1,Allen VBN,506940,1044016459,MM-RVD,MM_RVD_A9_SELECTED_R6,1,TEMPORAL,3,bins,1,False,NEW_SUPP_S1_FIXED_SEED,PENDING
Allen VBN|1044016459|MM_RVD_A9_SELECTED_R6|1|TEMPORAL|3|2,Allen VBN,506940,1044016459,MM-RVD,MM_RVD_A9_SELECTED_R6,1,TEMPORAL,3,bins,2,False,NEW_SUPP_S1_FIXED_SEED,PENDING
Allen VBN|1044016459|MM_RVD_A9_SELECTED_R6|1|TEMPORAL|3|3,Allen VBN,506940,1044016459,MM-RVD,MM_RVD_A9_SELECTED_R6,1,TEMPORAL,3,bins,3,False,NEW_SUPP_S1_FIXED_SEED,PENDING
Allen VBN|1044016459|MM_RVD_A9_SELECTED_R6|1|TEMPORAL|3|4,Allen VBN,506940,1044016459,MM-RVD,MM_RVD_A9_SELECTED_R6,1,TEMPORAL,3,bins,4,False,NEW_SUPP_S1_FIXED_SEED,PENDING
Allen VBN|1044016459|MM_RVD_A9_SELECTED_R6|1|TEMPORAL|5|0,Allen VBN,506940,1044016459,MM-RVD,MM_RVD_A9_SELECTED_R6,1,TEMPORAL,5,bins,0,True,MAIN_FROZEN_T5,PENDING
Allen VBN|1044016459|MM_RVD_A9_SELECTED_R6|1|TEMPORAL|5|1,Allen VBN,506940,1044016459,MM-RVD,MM_RVD_A9_SELECTED_R6,1,TEMPORAL,5,bins,1,True,MAIN_FROZEN_T5,PENDING
Allen VBN|1044016459|MM_RVD_A9_SELECTED_R6|1|TEMPORAL|5|2,Allen VBN,506940,1044016459,MM-RVD,MM_RVD_A9_SELECTED_R6,1,TEMPORAL,5,bins,2,True,MAIN_FROZEN_T5,PENDING
Allen VBN|1044016459|MM_RVD_A9_SELECTED_R6|1|TEMPORAL|5|3,Allen VBN,506940,1044016459,MM-RVD,MM_RVD_A9_SELECTED_R6,1,TEMPORAL,5,bins,3,True,MAIN_FROZEN_T5,PENDING
Allen VBN|1044016459|MM_RVD_A9_SELECTED_R6|1|TEMPORAL|5|4,Allen VBN,506940,1044016459,MM-RVD,MM_RVD_A9_SELECTED_R6,1,TEMPORAL,5,bins,4,True,MAIN_FROZEN_T5,PENDING
Allen VBN|1044016459|MM_RVD_A9_SELECTED_R6|1|TEMPORAL|7|0,Allen VBN,506940,1044016459,MM-RVD,MM_RVD_A9_SELECTED_R6,1,TEMPORAL,7,bins,0,False,NEW_SUPP_S1_FIXED_SEED,PENDING
Allen VBN|1044016459|MM_RVD_A9_SELECTED_R6|1|TEMPORAL|7|1,Allen VBN,506940,1044016459,MM-RVD,MM_RVD_A9_SELECTED_R6,1,TEMPORAL,7,bins,1,False,NEW_SUPP_S1_FIXED_SEED,PENDING
Allen VBN|1044016459|MM_RVD_A9_SELECTED_R6|1|TEMPORAL|7|2,Allen VBN,506940,1044016459,MM-RVD,MM_RVD_A9_SELECTED_R6,1,TEMPORAL,7,bins,2,False,NEW_SUPP_S1_FIXED_SEED,PENDING
Allen VBN|1044016459|MM_RVD_A9_SELECTED_R6|1|TEMPORAL|7|3,Allen VBN,506940,1044016459,MM-RVD,MM_RVD_A9_SELECTED_R6,1,TEMPORAL,7,bins,3,False,NEW_SUPP_S1_FIXED_SEED,PENDING
Allen VBN|1044016459|MM_RVD_A9_SELECTED_R6|1|TEMPORAL|7|4,Allen VBN,506940,1044016459,MM-RVD,MM_RVD_A9_SELECTED_R6,1,TEMPORAL,7,bins,4,False,NEW_SUPP_S1_FIXED_SEED,PENDING
Allen VBN|1044016459|MM_RVD_A9_SELECTED_R6|1|TEMPORAL|10|0,Allen VBN,506940,1044016459,MM-RVD,MM_RVD_A9_SELECTED_R6,1,TEMPORAL,10,bins,0,False,NEW_SUPP_S1_FIXED_SEED,PENDING
Allen VBN|1044016459|MM_RVD_A9_SELECTED_R6|1|TEMPORAL|10|1,Allen VBN,506940,1044016459,MM-RVD,MM_RVD_A9_SELECTED_R6,1,TEMPORAL,10,bins,1,False,NEW_SUPP_S1_FIXED_SEED,PENDING
Allen VBN|1044016459|MM_RVD_A9_SELECTED_R6|1|TEMPORAL|10|2,Allen VBN,506940,1044016459,MM-RVD,MM_RVD_A9_SELECTED_R6,1,TEMPORAL,10,bins,2,False,NEW_SUPP_S1_FIXED_SEED,PENDING
Allen VBN|1044016459|MM_RVD_A9_SELECTED_R6|1|TEMPORAL|10|3,Allen VBN,506940,1044016459,MM-RVD,MM_RVD_A9_SELECTED_R6,1,TEMPORAL,10,bins,3,False,NEW_SUPP_S1_FIXED_SEED,PENDING
Allen VBN|1044016459|MM_RVD_A9_SELECTED_R6|1|TEMPORAL|10|4,Allen VBN,506940,1044016459,MM-RVD,MM_RVD_A9_SELECTED_R6,1,TEMPORAL,10,bins,4,False,NEW_SUPP_S1_FIXED_SEED,PENDING
Allen VBN|1044016459|MEAN_RATE_LINEAR_SVM|0|CLEAN|0,Allen VBN,506940,1044016459,SVM,MEAN_RATE_LINEAR_SVM,0,CLEAN_REFERENCE,0,none,0,False,R4_CLEAN_REFERENCE,PENDING
Allen VBN|1044016459|MEAN_RATE_LINEAR_SVM|0|UNIT|0.1|0,Allen VBN,506940,1044016459,SVM,MEAN_RATE_LINEAR_SVM,0,UNIT,0.1,proportion,0,False,NEW_SUPP_S1_FIXED_SEED,PENDING
Allen VBN|1044016459|MEAN_RATE_LINEAR_SVM|0|UNIT|0.1|1,Allen VBN,506940,1044016459,SVM,MEAN_RATE_LINEAR_SVM,0,UNIT,0.1,proportion,1,False,NEW_SUPP_S1_FIXED_SEED,PENDING
Allen VBN|1044016459|MEAN_RATE_LINEAR_SVM|0|UNIT|0.1|2,Allen VBN,506940,1044016459,SVM,MEAN_RATE_LINEAR_SVM,0,UNIT,0.1,proportion,2,False,NEW_SUPP_S1_FIXED_SEED,PENDING
Allen VBN|1044016459|MEAN_RATE_LINEAR_SVM|0|UNIT|0.1|3,Allen VBN,506940,1044016459,SVM,MEAN_RATE_LINEAR_SVM,0,UNIT,0.1,proportion,3,False,NEW_SUPP_S1_FIXED_SEED,PENDING
Allen VBN|1044016459|MEAN_RATE_LINEAR_SVM|0|UNIT|0.1|4,Allen VBN,506940,1044016459,SVM,MEAN_RATE_LINEAR_SVM,0,UNIT,0.1,proportion,4,False,NEW_SUPP_S1_FIXED_SEED,PENDING
Allen VBN|1044016459|MEAN_RATE_LINEAR_SVM|0|UNIT|0.2|0,Allen VBN,506940,1044016459,SVM,MEAN_RATE_LINEAR_SVM,0,UNIT,0.2,proportion,0,False,NEW_SUPP_S1_FIXED_SEED,PENDING
Allen VBN|1044016459|MEAN_RATE_LINEAR_SVM|0|UNIT|0.2|1,Allen VBN,506940,1044016459,SVM,MEAN_RATE_LINEAR_SVM,0,UNIT,0.2,proportion,1,False,NEW_SUPP_S1_FIXED_SEED,PENDING
Allen VBN|1044016459|MEAN_RATE_LINEAR_SVM|0|UNIT|0.2|2,Allen VBN,506940,1044016459,SVM,MEAN_RATE_LINEAR_SVM,0,UNIT,0.2,proportion,2,False,NEW_SUPP_S1_FIXED_SEED,PENDING
Allen VBN|1044016459|MEAN_RATE_LINEAR_SVM|0|UNIT|0.2|3,Allen VBN,506940,1044016459,SVM,MEAN_RATE_LINEAR_SVM,0,UNIT,0.2,proportion,3,False,NEW_SUPP_S1_FIXED_SEED,PENDING
Allen VBN|1044016459|MEAN_RATE_LINEAR_SVM|0|UNIT|0.2|4,Allen VBN,506940,1044016459,SVM,MEAN_RATE_LINEAR_SVM,0,UNIT,0.2,proportion,4,False,NEW_SUPP_S1_FIXED_SEED,PENDING
Allen VBN|1044016459|MEAN_RATE_LINEAR_SVM|0|UNIT|0.3|0,Allen VBN,506940,1044016459,SVM,MEAN_RATE_LINEAR_SVM,0,UNIT,0.3,proportion,0,True,MAIN_FROZEN_U30,PENDING
Allen VBN|1044016459|MEAN_RATE_LINEAR_SVM|0|UNIT|0.3|1,Allen VBN,506940,1044016459,SVM,MEAN_RATE_LINEAR_SVM,0,UNIT,0.3,proportion,1,True,MAIN_FROZEN_U30,PENDING
Allen VBN|1044016459|MEAN_RATE_LINEAR_SVM|0|UNIT|0.3|2,Allen VBN,506940,1044016459,SVM,MEAN_RATE_LINEAR_SVM,0,UNIT,0.3,proportion,2,True,MAIN_FROZEN_U30,PENDING
Allen VBN|1044016459|MEAN_RATE_LINEAR_SVM|0|UNIT|0.3|3,Allen VBN,506940,1044016459,SVM,MEAN_RATE_LINEAR_SVM,0,UNIT,0.3,proportion,3,True,MAIN_FROZEN_U30,PENDING
Allen VBN|1044016459|MEAN_RATE_LINEAR_SVM|0|UNIT|0.3|4,Allen VBN,506940,1044016459,SVM,MEAN_RATE_LINEAR_SVM,0,UNIT,0.3,proportion,4,True,MAIN_FROZEN_U30,PENDING
Allen VBN|1044016459|MEAN_RATE_LINEAR_SVM|0|UNIT|0.4|0,Allen VBN,506940,1044016459,SVM,MEAN_RATE_LINEAR_SVM,0,UNIT,0.4,proportion,0,False,NEW_SUPP_S1_FIXED_SEED,PENDING
Allen VBN|1044016459|MEAN_RATE_LINEAR_SVM|0|UNIT|0.4|1,Allen VBN,506940,1044016459,SVM,MEAN_RATE_LINEAR_SVM,0,UNIT,0.4,proportion,1,False,NEW_SUPP_S1_FIXED_SEED,PENDING
Allen VBN|1044016459|MEAN_RATE_LINEAR_SVM|0|UNIT|0.4|2,Allen VBN,506940,1044016459,SVM,MEAN_RATE_LINEAR_SVM,0,UNIT,0.4,proportion,2,False,NEW_SUPP_S1_FIXED_SEED,PENDING
Allen VBN|1044016459|MEAN_RATE_LINEAR_SVM|0|UNIT|0.4|3,Allen VBN,506940,1044016459,SVM,MEAN_RATE_LINEAR_SVM,0,UNIT,0.4,proportion,3,False,NEW_SUPP_S1_FIXED_SEED,PENDING
Allen VBN|1044016459|MEAN_RATE_LINEAR_SVM|0|UNIT|0.4|4,Allen VBN,506940,1044016459,SVM,MEAN_RATE_LINEAR_SVM,0,UNIT,0.4,proportion,4,False,NEW_SUPP_S1_FIXED_SEED,PENDING
Allen VBN|1044016459|MEAN_RATE_LINEAR_SVM|0|UNIT|0.5|0,Allen VBN,506940,1044016459,SVM,MEAN_RATE_LINEAR_SVM,0,UNIT,0.5,proportion,0,False,NEW_SUPP_S1_FIXED_SEED,PENDING
Allen VBN|1044016459|MEAN_RATE_LINEAR_SVM|0|UNIT|0.5|1,Allen VBN,506940,1044016459,SVM,MEAN_RATE_LINEAR_SVM,0,UNIT,0.5,proportion,1,False,NEW_SUPP_S1_FIXED_SEED,PENDING
Allen VBN|1044016459|MEAN_RATE_LINEAR_SVM|0|UNIT|0.5|2,Allen VBN,506940,1044016459,SVM,MEAN_RATE_LINEAR_SVM,0,UNIT,0.5,proportion,2,False,NEW_SUPP_S1_FIXED_SEED,PENDING
Allen VBN|1044016459|MEAN_RATE_LINEAR_SVM|0|UNIT|0.5|3,Allen VBN,506940,1044016459,SVM,MEAN_RATE_LINEAR_SVM,0,UNIT,0.5,proportion,3,False,NEW_SUPP_S1_FIXED_SEED,PENDING
Allen VBN|1044016459|MEAN_RATE_LINEAR_SVM|0|UNIT|0.5|4,Allen VBN,506940,1044016459,SVM,MEAN_RATE_LINEAR_SVM,0,UNIT,0.5,proportion,4,False,NEW_SUPP_S1_FIXED_SEED,PENDING
Allen VBN|1044016459|MEAN_RATE_LINEAR_SVM|0|TEMPORAL|2|0,Allen VBN,506940,1044016459,SVM,MEAN_RATE_LINEAR_SVM,0,TEMPORAL,2,bins,0,False,NEW_SUPP_S1_FIXED_SEED,PENDING
Allen VBN|1044016459|MEAN_RATE_LINEAR_SVM|0|TEMPORAL|2|1,Allen VBN,506940,1044016459,SVM,MEAN_RATE_LINEAR_SVM,0,TEMPORAL,2,bins,1,False,NEW_SUPP_S1_FIXED_SEED,PENDING
Allen VBN|1044016459|MEAN_RATE_LINEAR_SVM|0|TEMPORAL|2|2,Allen VBN,506940,1044016459,SVM,MEAN_RATE_LINEAR_SVM,0,TEMPORAL,2,bins,2,False,NEW_SUPP_S1_FIXED_SEED,PENDING
Allen VBN|1044016459|MEAN_RATE_LINEAR_SVM|0|TEMPORAL|2|3,Allen VBN,506940,1044016459,SVM,MEAN_RATE_LINEAR_SVM,0,TEMPORAL,2,bins,3,False,NEW_SUPP_S1_FIXED_SEED,PENDING
Allen VBN|1044016459|MEAN_RATE_LINEAR_SVM|0|TEMPORAL|2|4,Allen VBN,506940,1044016459,SVM,MEAN_RATE_LINEAR_SVM,0,TEMPORAL,2,bins,4,False,NEW_SUPP_S1_FIXED_SEED,PENDING
Allen VBN|1044016459|MEAN_RATE_LINEAR_SVM|0|TEMPORAL|3|0,Allen VBN,506940,1044016459,SVM,MEAN_RATE_LINEAR_SVM,0,TEMPORAL,3,bins,0,False,NEW_SUPP_S1_FIXED_SEED,PENDING
Allen VBN|1044016459|MEAN_RATE_LINEAR_SVM|0|TEMPORAL|3|1,Allen VBN,506940,1044016459,SVM,MEAN_RATE_LINEAR_SVM,0,TEMPORAL,3,bins,1,False,NEW_SUPP_S1_FIXED_SEED,PENDING
Allen VBN|1044016459|MEAN_RATE_LINEAR_SVM|0|TEMPORAL|3|2,Allen VBN,506940,1044016459,SVM,MEAN_RATE_LINEAR_SVM,0,TEMPORAL,3,bins,2,False,NEW_SUPP_S1_FIXED_SEED,PENDING
Allen VBN|1044016459|MEAN_RATE_LINEAR_SVM|0|TEMPORAL|3|3,Allen VBN,506940,1044016459,SVM,MEAN_RATE_LINEAR_SVM,0,TEMPORAL,3,bins,3,False,NEW_SUPP_S1_FIXED_SEED,PENDING
Allen VBN|1044016459|MEAN_RATE_LINEAR_SVM|0|TEMPORAL|3|4,Allen VBN,506940,1044016459,SVM,MEAN_RATE_LINEAR_SVM,0,TEMPORAL,3,bins,4,False,NEW_SUPP_S1_FIXED_SEED,PENDING
Allen VBN|1044016459|MEAN_RATE_LINEAR_SVM|0|TEMPORAL|5|0,Allen VBN,506940,1044016459,SVM,MEAN_RATE_LINEAR_SVM,0,TEMPORAL,5,bins,0,True,MAIN_FROZEN_T5,PENDING
Allen VBN|1044016459|MEAN_RATE_LINEAR_SVM|0|TEMPORAL|5|1,Allen VBN,506940,1044016459,SVM,MEAN_RATE_LINEAR_SVM,0,TEMPORAL,5,bins,1,True,MAIN_FROZEN_T5,PENDING
Allen VBN|1044016459|MEAN_RATE_LINEAR_SVM|0|TEMPORAL|5|2,Allen VBN,506940,1044016459,SVM,MEAN_RATE_LINEAR_SVM,0,TEMPORAL,5,bins,2,True,MAIN_FROZEN_T5,PENDING
Allen VBN|1044016459|MEAN_RATE_LINEAR_SVM|0|TEMPORAL|5|3,Allen VBN,506940,1044016459,SVM,MEAN_RATE_LINEAR_SVM,0,TEMPORAL,5,bins,3,True,MAIN_FROZEN_T5,PENDING
Allen VBN|1044016459|MEAN_RATE_LINEAR_SVM|0|TEMPORAL|5|4,Allen VBN,506940,1044016459,SVM,MEAN_RATE_LINEAR_SVM,0,TEMPORAL,5,bins,4,True,MAIN_FROZEN_T5,PENDING
Allen VBN|1044016459|MEAN_RATE_LINEAR_SVM|0|TEMPORAL|7|0,Allen VBN,506940,1044016459,SVM,MEAN_RATE_LINEAR_SVM,0,TEMPORAL,7,bins,0,False,NEW_SUPP_S1_FIXED_SEED,PENDING
Allen VBN|1044016459|MEAN_RATE_LINEAR_SVM|0|TEMPORAL|7|1,Allen VBN,506940,1044016459,SVM,MEAN_RATE_LINEAR_SVM,0,TEMPORAL,7,bins,1,False,NEW_SUPP_S1_FIXED_SEED,PENDING
Allen VBN|1044016459|MEAN_RATE_LINEAR_SVM|0|TEMPORAL|7|2,Allen VBN,506940,1044016459,SVM,MEAN_RATE_LINEAR_SVM,0,TEMPORAL,7,bins,2,False,NEW_SUPP_S1_FIXED_SEED,PENDING
Allen VBN|1044016459|MEAN_RATE_LINEAR_SVM|0|TEMPORAL|7|3,Allen VBN,506940,1044016459,SVM,MEAN_RATE_LINEAR_SVM,0,TEMPORAL,7,bins,3,False,NEW_SUPP_S1_FIXED_SEED,PENDING
Allen VBN|1044016459|MEAN_RATE_LINEAR_SVM|0|TEMPORAL|7|4,Allen VBN,506940,1044016459,SVM,MEAN_RATE_LINEAR_SVM,0,TEMPORAL,7,bins,4,False,NEW_SUPP_S1_FIXED_SEED,PENDING
Allen VBN|1044016459|MEAN_RATE_LINEAR_SVM|0|TEMPORAL|10|0,Allen VBN,506940,1044016459,SVM,MEAN_RATE_LINEAR_SVM,0,TEMPORAL,10,bins,0,False,NEW_SUPP_S1_FIXED_SEED,PENDING
Allen VBN|1044016459|MEAN_RATE_LINEAR_SVM|0|TEMPORAL|10|1,Allen VBN,506940,1044016459,SVM,MEAN_RATE_LINEAR_SVM,0,TEMPORAL,10,bins,1,False,NEW_SUPP_S1_FIXED_SEED,PENDING
Allen VBN|1044016459|MEAN_RATE_LINEAR_SVM|0|TEMPORAL|10|2,Allen VBN,506940,1044016459,SVM,MEAN_RATE_LINEAR_SVM,0,TEMPORAL,10,bins,2,False,NEW_SUPP_S1_FIXED_SEED,PENDING
Allen VBN|1044016459|MEAN_RATE_LINEAR_SVM|0|TEMPORAL|10|3,Allen VBN,506940,1044016459,SVM,MEAN_RATE_LINEAR_SVM,0,TEMPORAL,10,bins,3,False,NEW_SUPP_S1_FIXED_SEED,PENDING
Allen VBN|1044016459|MEAN_RATE_LINEAR_SVM|0|TEMPORAL|10|4,Allen VBN,506940,1044016459,SVM,MEAN_RATE_LINEAR_SVM,0,TEMPORAL,10,bins,4,False,NEW_SUPP_S1_FIXED_SEED,PENDING
Allen VBN|1044016459|MEAN_RATE_LINEAR_SVM|1|CLEAN|0,Allen VBN,506940,1044016459,SVM,MEAN_RATE_LINEAR_SVM,1,CLEAN_REFERENCE,0,none,0,False,R4_CLEAN_REFERENCE,PENDING
Allen VBN|1044016459|MEAN_RATE_LINEAR_SVM|1|UNIT|0.1|0,Allen VBN,506940,1044016459,SVM,MEAN_RATE_LINEAR_SVM,1,UNIT,0.1,proportion,0,False,NEW_SUPP_S1_FIXED_SEED,PENDING
Allen VBN|1044016459|MEAN_RATE_LINEAR_SVM|1|UNIT|0.1|1,Allen VBN,506940,1044016459,SVM,MEAN_RATE_LINEAR_SVM,1,UNIT,0.1,proportion,1,False,NEW_SUPP_S1_FIXED_SEED,PENDING
Allen VBN|1044016459|MEAN_RATE_LINEAR_SVM|1|UNIT|0.1|2,Allen VBN,506940,1044016459,SVM,MEAN_RATE_LINEAR_SVM,1,UNIT,0.1,proportion,2,False,NEW_SUPP_S1_FIXED_SEED,PENDING
Allen VBN|1044016459|MEAN_RATE_LINEAR_SVM|1|UNIT|0.1|3,Allen VBN,506940,1044016459,SVM,MEAN_RATE_LINEAR_SVM,1,UNIT,0.1,proportion,3,False,NEW_SUPP_S1_FIXED_SEED,PENDING
Allen VBN|1044016459|MEAN_RATE_LINEAR_SVM|1|UNIT|0.1|4,Allen VBN,506940,1044016459,SVM,MEAN_RATE_LINEAR_SVM,1,UNIT,0.1,proportion,4,False,NEW_SUPP_S1_FIXED_SEED,PENDING
Allen VBN|1044016459|MEAN_RATE_LINEAR_SVM|1|UNIT|0.2|0,Allen VBN,506940,1044016459,SVM,MEAN_RATE_LINEAR_SVM,1,UNIT,0.2,proportion,0,False,NEW_SUPP_S1_FIXED_SEED,PENDING
Allen VBN|1044016459|MEAN_RATE_LINEAR_SVM|1|UNIT|0.2|1,Allen VBN,506940,1044016459,SVM,MEAN_RATE_LINEAR_SVM,1,UNIT,0.2,proportion,1,False,NEW_SUPP_S1_FIXED_SEED,PENDING
Allen VBN|1044016459|MEAN_RATE_LINEAR_SVM|1|UNIT|0.2|2,Allen VBN,506940,1044016459,SVM,MEAN_RATE_LINEAR_SVM,1,UNIT,0.2,proportion,2,False,NEW_SUPP_S1_FIXED_SEED,PENDING
Allen VBN|1044016459|MEAN_RATE_LINEAR_SVM|1|UNIT|0.2|3,Allen VBN,506940,1044016459,SVM,MEAN_RATE_LINEAR_SVM,1,UNIT,0.2,proportion,3,False,NEW_SUPP_S1_FIXED_SEED,PENDING
Allen VBN|1044016459|MEAN_RATE_LINEAR_SVM|1|UNIT|0.2|4,Allen VBN,506940,1044016459,SVM,MEAN_RATE_LINEAR_SVM,1,UNIT,0.2,proportion,4,False,NEW_SUPP_S1_FIXED_SEED,PENDING
Allen VBN|1044016459|MEAN_RATE_LINEAR_SVM|1|UNIT|0.3|0,Allen VBN,506940,1044016459,SVM,MEAN_RATE_LINEAR_SVM,1,UNIT,0.3,proportion,0,True,MAIN_FROZEN_U30,PENDING
Allen VBN|1044016459|MEAN_RATE_LINEAR_SVM|1|UNIT|0.3|1,Allen VBN,506940,1044016459,SVM,MEAN_RATE_LINEAR_SVM,1,UNIT,0.3,proportion,1,True,MAIN_FROZEN_U30,PENDING
Allen VBN|1044016459|MEAN_RATE_LINEAR_SVM|1|UNIT|0.3|2,Allen VBN,506940,1044016459,SVM,MEAN_RATE_LINEAR_SVM,1,UNIT,0.3,proportion,2,True,MAIN_FROZEN_U30,PENDING
Allen VBN|1044016459|MEAN_RATE_LINEAR_SVM|1|UNIT|0.3|3,Allen VBN,506940,1044016459,SVM,MEAN_RATE_LINEAR_SVM,1,UNIT,0.3,proportion,3,True,MAIN_FROZEN_U30,PENDING
Allen VBN|1044016459|MEAN_RATE_LINEAR_SVM|1|UNIT|0.3|4,Allen VBN,506940,1044016459,SVM,MEAN_RATE_LINEAR_SVM,1,UNIT,0.3,proportion,4,True,MAIN_FROZEN_U30,PENDING
Allen VBN|1044016459|MEAN_RATE_LINEAR_SVM|1|UNIT|0.4|0,Allen VBN,506940,1044016459,SVM,MEAN_RATE_LINEAR_SVM,1,UNIT,0.4,proportion,0,False,NEW_SUPP_S1_FIXED_SEED,PENDING
Allen VBN|1044016459|MEAN_RATE_LINEAR_SVM|1|UNIT|0.4|1,Allen VBN,506940,1044016459,SVM,MEAN_RATE_LINEAR_SVM,1,UNIT,0.4,proportion,1,False,NEW_SUPP_S1_FIXED_SEED,PENDING
Allen VBN|1044016459|MEAN_RATE_LINEAR_SVM|1|UNIT|0.4|2,Allen VBN,506940,1044016459,SVM,MEAN_RATE_LINEAR_SVM,1,UNIT,0.4,proportion,2,False,NEW_SUPP_S1_FIXED_SEED,PENDING
Allen VBN|1044016459|MEAN_RATE_LINEAR_SVM|1|UNIT|0.4|3,Allen VBN,506940,1044016459,SVM,MEAN_RATE_LINEAR_SVM,1,UNIT,0.4,proportion,3,False,NEW_SUPP_S1_FIXED_SEED,PENDING
Allen VBN|1044016459|MEAN_RATE_LINEAR_SVM|1|UNIT|0.4|4,Allen VBN,506940,1044016459,SVM,MEAN_RATE_LINEAR_SVM,1,UNIT,0.4,proportion,4,False,NEW_SUPP_S1_FIXED_SEED,PENDING
Allen VBN|1044016459|MEAN_RATE_LINEAR_SVM|1|UNIT|0.5|0,Allen VBN,506940,1044016459,SVM,MEAN_RATE_LINEAR_SVM,1,UNIT,0.5,proportion,0,False,NEW_SUPP_S1_FIXED_SEED,PENDING
Allen VBN|1044016459|MEAN_RATE_LINEAR_SVM|1|UNIT|0.5|1,Allen VBN,506940,1044016459,SVM,MEAN_RATE_LINEAR_SVM,1,UNIT,0.5,proportion,1,False,NEW_SUPP_S1_FIXED_SEED,PENDING
Allen VBN|1044016459|MEAN_RATE_LINEAR_SVM|1|UNIT|0.5|2,Allen VBN,506940,1044016459,SVM,MEAN_RATE_LINEAR_SVM,1,UNIT,0.5,proportion,2,False,NEW_SUPP_S1_FIXED_SEED,PENDING
Allen VBN|1044016459|MEAN_RATE_LINEAR_SVM|1|UNIT|0.5|3,Allen VBN,506940,1044016459,SVM,MEAN_RATE_LINEAR_SVM,1,UNIT,0.5,proportion,3,False,NEW_SUPP_S1_FIXED_SEED,PENDING
Allen VBN|1044016459|MEAN_RATE_LINEAR_SVM|1|UNIT|0.5|4,Allen VBN,506940,1044016459,SVM,MEAN_RATE_LINEAR_SVM,1,UNIT,0.5,proportion,4,False,NEW_SUPP_S1_FIXED_SEED,PENDING
Allen VBN|1044016459|MEAN_RATE_LINEAR_SVM|1|TEMPORAL|2|0,Allen VBN,506940,1044016459,SVM,MEAN_RATE_LINEAR_SVM,1,TEMPORAL,2,bins,0,False,NEW_SUPP_S1_FIXED_SEED,PENDING
Allen VBN|1044016459|MEAN_RATE_LINEAR_SVM|1|TEMPORAL|2|1,Allen VBN,506940,1044016459,SVM,MEAN_RATE_LINEAR_SVM,1,TEMPORAL,2,bins,1,False,NEW_SUPP_S1_FIXED_SEED,PENDING
Allen VBN|1044016459|MEAN_RATE_LINEAR_SVM|1|TEMPORAL|2|2,Allen VBN,506940,1044016459,SVM,MEAN_RATE_LINEAR_SVM,1,TEMPORAL,2,bins,2,False,NEW_SUPP_S1_FIXED_SEED,PENDING
Allen VBN|1044016459|MEAN_RATE_LINEAR_SVM|1|TEMPORAL|2|3,Allen VBN,506940,1044016459,SVM,MEAN_RATE_LINEAR_SVM,1,TEMPORAL,2,bins,3,False,NEW_SUPP_S1_FIXED_SEED,PENDING
Allen VBN|1044016459|MEAN_RATE_LINEAR_SVM|1|TEMPORAL|2|4,Allen VBN,506940,1044016459,SVM,MEAN_RATE_LINEAR_SVM,1,TEMPORAL,2,bins,4,False,NEW_SUPP_S1_FIXED_SEED,PENDING
Allen VBN|1044016459|MEAN_RATE_LINEAR_SVM|1|TEMPORAL|3|0,Allen VBN,506940,1044016459,SVM,MEAN_RATE_LINEAR_SVM,1,TEMPORAL,3,bins,0,False,NEW_SUPP_S1_FIXED_SEED,PENDING
Allen VBN|1044016459|MEAN_RATE_LINEAR_SVM|1|TEMPORAL|3|1,Allen VBN,506940,1044016459,SVM,MEAN_RATE_LINEAR_SVM,1,TEMPORAL,3,bins,1,False,NEW_SUPP_S1_FIXED_SEED,PENDING
Allen VBN|1044016459|MEAN_RATE_LINEAR_SVM|1|TEMPORAL|3|2,Allen VBN,506940,1044016459,SVM,MEAN_RATE_LINEAR_SVM,1,TEMPORAL,3,bins,2,False,NEW_SUPP_S1_FIXED_SEED,PENDING
Allen VBN|1044016459|MEAN_RATE_LINEAR_SVM|1|TEMPORAL|3|3,Allen VBN,506940,1044016459,SVM,MEAN_RATE_LINEAR_SVM,1,TEMPORAL,3,bins,3,False,NEW_SUPP_S1_FIXED_SEED,PENDING
Allen VBN|1044016459|MEAN_RATE_LINEAR_SVM|1|TEMPORAL|3|4,Allen VBN,506940,1044016459,SVM,MEAN_RATE_LINEAR_SVM,1,TEMPORAL,3,bins,4,False,NEW_SUPP_S1_FIXED_SEED,PENDING
Allen VBN|1044016459|MEAN_RATE_LINEAR_SVM|1|TEMPORAL|5|0,Allen VBN,506940,1044016459,SVM,MEAN_RATE_LINEAR_SVM,1,TEMPORAL,5,bins,0,True,MAIN_FROZEN_T5,PENDING
Allen VBN|1044016459|MEAN_RATE_LINEAR_SVM|1|TEMPORAL|5|1,Allen VBN,506940,1044016459,SVM,MEAN_RATE_LINEAR_SVM,1,TEMPORAL,5,bins,1,True,MAIN_FROZEN_T5,PENDING
Allen VBN|1044016459|MEAN_RATE_LINEAR_SVM|1|TEMPORAL|5|2,Allen VBN,506940,1044016459,SVM,MEAN_RATE_LINEAR_SVM,1,TEMPORAL,5,bins,2,True,MAIN_FROZEN_T5,PENDING
Allen VBN|1044016459|MEAN_RATE_LINEAR_SVM|1|TEMPORAL|5|3,Allen VBN,506940,1044016459,SVM,MEAN_RATE_LINEAR_SVM,1,TEMPORAL,5,bins,3,True,MAIN_FROZEN_T5,PENDING
Allen VBN|1044016459|MEAN_RATE_LINEAR_SVM|1|TEMPORAL|5|4,Allen VBN,506940,1044016459,SVM,MEAN_RATE_LINEAR_SVM,1,TEMPORAL,5,bins,4,True,MAIN_FROZEN_T5,PENDING
Allen VBN|1044016459|MEAN_RATE_LINEAR_SVM|1|TEMPORAL|7|0,Allen VBN,506940,1044016459,SVM,MEAN_RATE_LINEAR_SVM,1,TEMPORAL,7,bins,0,False,NEW_SUPP_S1_FIXED_SEED,PENDING
Allen VBN|1044016459|MEAN_RATE_LINEAR_SVM|1|TEMPORAL|7|1,Allen VBN,506940,1044016459,SVM,MEAN_RATE_LINEAR_SVM,1,TEMPORAL,7,bins,1,False,NEW_SUPP_S1_FIXED_SEED,PENDING
Allen VBN|1044016459|MEAN_RATE_LINEAR_SVM|1|TEMPORAL|7|2,Allen VBN,506940,1044016459,SVM,MEAN_RATE_LINEAR_SVM,1,TEMPORAL,7,bins,2,False,NEW_SUPP_S1_FIXED_SEED,PENDING
Allen VBN|1044016459|MEAN_RATE_LINEAR_SVM|1|TEMPORAL|7|3,Allen VBN,506940,1044016459,SVM,MEAN_RATE_LINEAR_SVM,1,TEMPORAL,7,bins,3,False,NEW_SUPP_S1_FIXED_SEED,PENDING
Allen VBN|1044016459|MEAN_RATE_LINEAR_SVM|1|TEMPORAL|7|4,Allen VBN,506940,1044016459,SVM,MEAN_RATE_LINEAR_SVM,1,TEMPORAL,7,bins,4,False,NEW_SUPP_S1_FIXED_SEED,PENDING
Allen VBN|1044016459|MEAN_RATE_LINEAR_SVM|1|TEMPORAL|10|0,Allen VBN,506940,1044016459,SVM,MEAN_RATE_LINEAR_SVM,1,TEMPORAL,10,bins,0,False,NEW_SUPP_S1_FIXED_SEED,PENDING
Allen VBN|1044016459|MEAN_RATE_LINEAR_SVM|1|TEMPORAL|10|1,Allen VBN,506940,1044016459,SVM,MEAN_RATE_LINEAR_SVM,1,TEMPORAL,10,bins,1,False,NEW_SUPP_S1_FIXED_SEED,PENDING
Allen VBN|1044016459|MEAN_RATE_LINEAR_SVM|1|TEMPORAL|10|2,Allen VBN,506940,1044016459,SVM,MEAN_RATE_LINEAR_SVM,1,TEMPORAL,10,bins,2,False,NEW_SUPP_S1_FIXED_SEED,PENDING
Allen VBN|1044016459|MEAN_RATE_LINEAR_SVM|1|TEMPORAL|10|3,Allen VBN,506940,1044016459,SVM,MEAN_RATE_LINEAR_SVM,1,TEMPORAL,10,bins,3,False,NEW_SUPP_S1_FIXED_SEED,PENDING
Allen VBN|1044016459|MEAN_RATE_LINEAR_SVM|1|TEMPORAL|10|4,Allen VBN,506940,1044016459,SVM,MEAN_RATE_LINEAR_SVM,1,TEMPORAL,10,bins,4,False,NEW_SUPP_S1_FIXED_SEED,PENDING
Allen VBN|1044385384|MM_RVD_A9_SELECTED_R6|0|CLEAN|0,Allen VBN,524761,1044385384,MM-RVD,MM_RVD_A9_SELECTED_R6,0,CLEAN_REFERENCE,0,none,0,False,R4_CLEAN_REFERENCE,PENDING
Allen VBN|1044385384|MM_RVD_A9_SELECTED_R6|0|UNIT|0.1|0,Allen VBN,524761,1044385384,MM-RVD,MM_RVD_A9_SELECTED_R6,0,UNIT,0.1,proportion,0,False,NEW_SUPP_S1_FIXED_SEED,PENDING
Allen VBN|1044385384|MM_RVD_A9_SELECTED_R6|0|UNIT|0.1|1,Allen VBN,524761,1044385384,MM-RVD,MM_RVD_A9_SELECTED_R6,0,UNIT,0.1,proportion,1,False,NEW_SUPP_S1_FIXED_SEED,PENDING
Allen VBN|1044385384|MM_RVD_A9_SELECTED_R6|0|UNIT|0.1|2,Allen VBN,524761,1044385384,MM-RVD,MM_RVD_A9_SELECTED_R6,0,UNIT,0.1,proportion,2,False,NEW_SUPP_S1_FIXED_SEED,PENDING
Allen VBN|1044385384|MM_RVD_A9_SELECTED_R6|0|UNIT|0.1|3,Allen VBN,524761,1044385384,MM-RVD,MM_RVD_A9_SELECTED_R6,0,UNIT,0.1,proportion,3,False,NEW_SUPP_S1_FIXED_SEED,PENDING
Allen VBN|1044385384|MM_RVD_A9_SELECTED_R6|0|UNIT|0.1|4,Allen VBN,524761,1044385384,MM-RVD,MM_RVD_A9_SELECTED_R6,0,UNIT,0.1,proportion,4,False,NEW_SUPP_S1_FIXED_SEED,PENDING
Allen VBN|1044385384|MM_RVD_A9_SELECTED_R6|0|UNIT|0.2|0,Allen VBN,524761,1044385384,MM-RVD,MM_RVD_A9_SELECTED_R6,0,UNIT,0.2,proportion,0,False,NEW_SUPP_S1_FIXED_SEED,PENDING
Allen VBN|1044385384|MM_RVD_A9_SELECTED_R6|0|UNIT|0.2|1,Allen VBN,524761,1044385384,MM-RVD,MM_RVD_A9_SELECTED_R6,0,UNIT,0.2,proportion,1,False,NEW_SUPP_S1_FIXED_SEED,PENDING
Allen VBN|1044385384|MM_RVD_A9_SELECTED_R6|0|UNIT|0.2|2,Allen VBN,524761,1044385384,MM-RVD,MM_RVD_A9_SELECTED_R6,0,UNIT,0.2,proportion,2,False,NEW_SUPP_S1_FIXED_SEED,PENDING
Allen VBN|1044385384|MM_RVD_A9_SELECTED_R6|0|UNIT|0.2|3,Allen VBN,524761,1044385384,MM-RVD,MM_RVD_A9_SELECTED_R6,0,UNIT,0.2,proportion,3,False,NEW_SUPP_S1_FIXED_SEED,PENDING
Allen VBN|1044385384|MM_RVD_A9_SELECTED_R6|0|UNIT|0.2|4,Allen VBN,524761,1044385384,MM-RVD,MM_RVD_A9_SELECTED_R6,0,UNIT,0.2,proportion,4,False,NEW_SUPP_S1_FIXED_SEED,PENDING
Allen VBN|1044385384|MM_RVD_A9_SELECTED_R6|0|UNIT|0.3|0,Allen VBN,524761,1044385384,MM-RVD,MM_RVD_A9_SELECTED_R6,0,UNIT,0.3,proportion,0,True,MAIN_FROZEN_U30,PENDING
Allen VBN|1044385384|MM_RVD_A9_SELECTED_R6|0|UNIT|0.3|1,Allen VBN,524761,1044385384,MM-RVD,MM_RVD_A9_SELECTED_R6,0,UNIT,0.3,proportion,1,True,MAIN_FROZEN_U30,PENDING
Allen VBN|1044385384|MM_RVD_A9_SELECTED_R6|0|UNIT|0.3|2,Allen VBN,524761,1044385384,MM-RVD,MM_RVD_A9_SELECTED_R6,0,UNIT,0.3,proportion,2,True,MAIN_FROZEN_U30,PENDING
Allen VBN|1044385384|MM_RVD_A9_SELECTED_R6|0|UNIT|0.3|3,Allen VBN,524761,1044385384,MM-RVD,MM_RVD_A9_SELECTED_R6,0,UNIT,0.3,proportion,3,True,MAIN_FROZEN_U30,PENDING
Allen VBN|1044385384|MM_RVD_A9_SELECTED_R6|0|UNIT|0.3|4,Allen VBN,524761,1044385384,MM-RVD,MM_RVD_A9_SELECTED_R6,0,UNIT,0.3,proportion,4,True,MAIN_FROZEN_U30,PENDING
Allen VBN|1044385384|MM_RVD_A9_SELECTED_R6|0|UNIT|0.4|0,Allen VBN,524761,1044385384,MM-RVD,MM_RVD_A9_SELECTED_R6,0,UNIT,0.4,proportion,0,False,NEW_SUPP_S1_FIXED_SEED,PENDING
Allen VBN|1044385384|MM_RVD_A9_SELECTED_R6|0|UNIT|0.4|1,Allen VBN,524761,1044385384,MM-RVD,MM_RVD_A9_SELECTED_R6,0,UNIT,0.4,proportion,1,False,NEW_SUPP_S1_FIXED_SEED,PENDING
Allen VBN|1044385384|MM_RVD_A9_SELECTED_R6|0|UNIT|0.4|2,Allen VBN,524761,1044385384,MM-RVD,MM_RVD_A9_SELECTED_R6,0,UNIT,0.4,proportion,2,False,NEW_SUPP_S1_FIXED_SEED,PENDING
Allen VBN|1044385384|MM_RVD_A9_SELECTED_R6|0|UNIT|0.4|3,Allen VBN,524761,1044385384,MM-RVD,MM_RVD_A9_SELECTED_R6,0,UNIT,0.4,proportion,3,False,NEW_SUPP_S1_FIXED_SEED,PENDING
Allen VBN|1044385384|MM_RVD_A9_SELECTED_R6|0|UNIT|0.4|4,Allen VBN,524761,1044385384,MM-RVD,MM_RVD_A9_SELECTED_R6,0,UNIT,0.4,proportion,4,False,NEW_SUPP_S1_FIXED_SEED,PENDING
Allen VBN|1044385384|MM_RVD_A9_SELECTED_R6|0|UNIT|0.5|0,Allen VBN,524761,1044385384,MM-RVD,MM_RVD_A9_SELECTED_R6,0,UNIT,0.5,proportion,0,False,NEW_SUPP_S1_FIXED_SEED,PENDING
Allen VBN|1044385384|MM_RVD_A9_SELECTED_R6|0|UNIT|0.5|1,Allen VBN,524761,1044385384,MM-RVD,MM_RVD_A9_SELECTED_R6,0,UNIT,0.5,proportion,1,False,NEW_SUPP_S1_FIXED_SEED,PENDING
Allen VBN|1044385384|MM_RVD_A9_SELECTED_R6|0|UNIT|0.5|2,Allen VBN,524761,1044385384,MM-RVD,MM_RVD_A9_SELECTED_R6,0,UNIT,0.5,proportion,2,False,NEW_SUPP_S1_FIXED_SEED,PENDING
Allen VBN|1044385384|MM_RVD_A9_SELECTED_R6|0|UNIT|0.5|3,Allen VBN,524761,1044385384,MM-RVD,MM_RVD_A9_SELECTED_R6,0,UNIT,0.5,proportion,3,False,NEW_SUPP_S1_FIXED_SEED,PENDING
Allen VBN|1044385384|MM_RVD_A9_SELECTED_R6|0|UNIT|0.5|4,Allen VBN,524761,1044385384,MM-RVD,MM_RVD_A9_SELECTED_R6,0,UNIT,0.5,proportion,4,False,NEW_SUPP_S1_FIXED_SEED,PENDING
Allen VBN|1044385384|MM_RVD_A9_SELECTED_R6|0|TEMPORAL|2|0,Allen VBN,524761,1044385384,MM-RVD,MM_RVD_A9_SELECTED_R6,0,TEMPORAL,2,bins,0,False,NEW_SUPP_S1_FIXED_SEED,PENDING
Allen VBN|1044385384|MM_RVD_A9_SELECTED_R6|0|TEMPORAL|2|1,Allen VBN,524761,1044385384,MM-RVD,MM_RVD_A9_SELECTED_R6,0,TEMPORAL,2,bins,1,False,NEW_SUPP_S1_FIXED_SEED,PENDING
Allen VBN|1044385384|MM_RVD_A9_SELECTED_R6|0|TEMPORAL|2|2,Allen VBN,524761,1044385384,MM-RVD,MM_RVD_A9_SELECTED_R6,0,TEMPORAL,2,bins,2,False,NEW_SUPP_S1_FIXED_SEED,PENDING
Allen VBN|1044385384|MM_RVD_A9_SELECTED_R6|0|TEMPORAL|2|3,Allen VBN,524761,1044385384,MM-RVD,MM_RVD_A9_SELECTED_R6,0,TEMPORAL,2,bins,3,False,NEW_SUPP_S1_FIXED_SEED,PENDING
Allen VBN|1044385384|MM_RVD_A9_SELECTED_R6|0|TEMPORAL|2|4,Allen VBN,524761,1044385384,MM-RVD,MM_RVD_A9_SELECTED_R6,0,TEMPORAL,2,bins,4,False,NEW_SUPP_S1_FIXED_SEED,PENDING
Allen VBN|1044385384|MM_RVD_A9_SELECTED_R6|0|TEMPORAL|3|0,Allen VBN,524761,1044385384,MM-RVD,MM_RVD_A9_SELECTED_R6,0,TEMPORAL,3,bins,0,False,NEW_SUPP_S1_FIXED_SEED,PENDING
Allen VBN|1044385384|MM_RVD_A9_SELECTED_R6|0|TEMPORAL|3|1,Allen VBN,524761,1044385384,MM-RVD,MM_RVD_A9_SELECTED_R6,0,TEMPORAL,3,bins,1,False,NEW_SUPP_S1_FIXED_SEED,PENDING
Allen VBN|1044385384|MM_RVD_A9_SELECTED_R6|0|TEMPORAL|3|2,Allen VBN,524761,1044385384,MM-RVD,MM_RVD_A9_SELECTED_R6,0,TEMPORAL,3,bins,2,False,NEW_SUPP_S1_FIXED_SEED,PENDING
Allen VBN|1044385384|MM_RVD_A9_SELECTED_R6|0|TEMPORAL|3|3,Allen VBN,524761,1044385384,MM-RVD,MM_RVD_A9_SELECTED_R6,0,TEMPORAL,3,bins,3,False,NEW_SUPP_S1_FIXED_SEED,PENDING
Allen VBN|1044385384|MM_RVD_A9_SELECTED_R6|0|TEMPORAL|3|4,Allen VBN,524761,1044385384,MM-RVD,MM_RVD_A9_SELECTED_R6,0,TEMPORAL,3,bins,4,False,NEW_SUPP_S1_FIXED_SEED,PENDING
Allen VBN|1044385384|MM_RVD_A9_SELECTED_R6|0|TEMPORAL|5|0,Allen VBN,524761,1044385384,MM-RVD,MM_RVD_A9_SELECTED_R6,0,TEMPORAL,5,bins,0,True,MAIN_FROZEN_T5,PENDING
Allen VBN|1044385384|MM_RVD_A9_SELECTED_R6|0|TEMPORAL|5|1,Allen VBN,524761,1044385384,MM-RVD,MM_RVD_A9_SELECTED_R6,0,TEMPORAL,5,bins,1,True,MAIN_FROZEN_T5,PENDING
Allen VBN|1044385384|MM_RVD_A9_SELECTED_R6|0|TEMPORAL|5|2,Allen VBN,524761,1044385384,MM-RVD,MM_RVD_A9_SELECTED_R6,0,TEMPORAL,5,bins,2,True,MAIN_FROZEN_T5,PENDING
Allen VBN|1044385384|MM_RVD_A9_SELECTED_R6|0|TEMPORAL|5|3,Allen VBN,524761,1044385384,MM-RVD,MM_RVD_A9_SELECTED_R6,0,TEMPORAL,5,bins,3,True,MAIN_FROZEN_T5,PENDING
Allen VBN|1044385384|MM_RVD_A9_SELECTED_R6|0|TEMPORAL|5|4,Allen VBN,524761,1044385384,MM-RVD,MM_RVD_A9_SELECTED_R6,0,TEMPORAL,5,bins,4,True,MAIN_FROZEN_T5,PENDING
Allen VBN|1044385384|MM_RVD_A9_SELECTED_R6|0|TEMPORAL|7|0,Allen VBN,524761,1044385384,MM-RVD,MM_RVD_A9_SELECTED_R6,0,TEMPORAL,7,bins,0,False,NEW_SUPP_S1_FIXED_SEED,PENDING
Allen VBN|1044385384|MM_RVD_A9_SELECTED_R6|0|TEMPORAL|7|1,Allen VBN,524761,1044385384,MM-RVD,MM_RVD_A9_SELECTED_R6,0,TEMPORAL,7,bins,1,False,NEW_SUPP_S1_FIXED_SEED,PENDING
Allen VBN|1044385384|MM_RVD_A9_SELECTED_R6|0|TEMPORAL|7|2,Allen VBN,524761,1044385384,MM-RVD,MM_RVD_A9_SELECTED_R6,0,TEMPORAL,7,bins,2,False,NEW_SUPP_S1_FIXED_SEED,PENDING
Allen VBN|1044385384|MM_RVD_A9_SELECTED_R6|0|TEMPORAL|7|3,Allen VBN,524761,1044385384,MM-RVD,MM_RVD_A9_SELECTED_R6,0,TEMPORAL,7,bins,3,False,NEW_SUPP_S1_FIXED_SEED,PENDING
Allen VBN|1044385384|MM_RVD_A9_SELECTED_R6|0|TEMPORAL|7|4,Allen VBN,524761,1044385384,MM-RVD,MM_RVD_A9_SELECTED_R6,0,TEMPORAL,7,bins,4,False,NEW_SUPP_S1_FIXED_SEED,PENDING
Allen VBN|1044385384|MM_RVD_A9_SELECTED_R6|0|TEMPORAL|10|0,Allen VBN,524761,1044385384,MM-RVD,MM_RVD_A9_SELECTED_R6,0,TEMPORAL,10,bins,0,False,NEW_SUPP_S1_FIXED_SEED,PENDING
Allen VBN|1044385384|MM_RVD_A9_SELECTED_R6|0|TEMPORAL|10|1,Allen VBN,524761,1044385384,MM-RVD,MM_RVD_A9_SELECTED_R6,0,TEMPORAL,10,bins,1,False,NEW_SUPP_S1_FIXED_SEED,PENDING
Allen VBN|1044385384|MM_RVD_A9_SELECTED_R6|0|TEMPORAL|10|2,Allen VBN,524761,1044385384,MM-RVD,MM_RVD_A9_SELECTED_R6,0,TEMPORAL,10,bins,2,False,NEW_SUPP_S1_FIXED_SEED,PENDING
Allen VBN|1044385384|MM_RVD_A9_SELECTED_R6|0|TEMPORAL|10|3,Allen VBN,524761,1044385384,MM-RVD,MM_RVD_A9_SELECTED_R6,0,TEMPORAL,10,bins,3,False,NEW_SUPP_S1_FIXED_SEED,PENDING
Allen VBN|1044385384|MM_RVD_A9_SELECTED_R6|0|TEMPORAL|10|4,Allen VBN,524761,1044385384,MM-RVD,MM_RVD_A9_SELECTED_R6,0,TEMPORAL,10,bins,4,False,NEW_SUPP_S1_FIXED_SEED,PENDING
Allen VBN|1044385384|MM_RVD_A9_SELECTED_R6|1|CLEAN|0,Allen VBN,524761,1044385384,MM-RVD,MM_RVD_A9_SELECTED_R6,1,CLEAN_REFERENCE,0,none,0,False,R4_CLEAN_REFERENCE,PENDING
Allen VBN|1044385384|MM_RVD_A9_SELECTED_R6|1|UNIT|0.1|0,Allen VBN,524761,1044385384,MM-RVD,MM_RVD_A9_SELECTED_R6,1,UNIT,0.1,proportion,0,False,NEW_SUPP_S1_FIXED_SEED,PENDING
Allen VBN|1044385384|MM_RVD_A9_SELECTED_R6|1|UNIT|0.1|1,Allen VBN,524761,1044385384,MM-RVD,MM_RVD_A9_SELECTED_R6,1,UNIT,0.1,proportion,1,False,NEW_SUPP_S1_FIXED_SEED,PENDING
Allen VBN|1044385384|MM_RVD_A9_SELECTED_R6|1|UNIT|0.1|2,Allen VBN,524761,1044385384,MM-RVD,MM_RVD_A9_SELECTED_R6,1,UNIT,0.1,proportion,2,False,NEW_SUPP_S1_FIXED_SEED,PENDING
Allen VBN|1044385384|MM_RVD_A9_SELECTED_R6|1|UNIT|0.1|3,Allen VBN,524761,1044385384,MM-RVD,MM_RVD_A9_SELECTED_R6,1,UNIT,0.1,proportion,3,False,NEW_SUPP_S1_FIXED_SEED,PENDING
Allen VBN|1044385384|MM_RVD_A9_SELECTED_R6|1|UNIT|0.1|4,Allen VBN,524761,1044385384,MM-RVD,MM_RVD_A9_SELECTED_R6,1,UNIT,0.1,proportion,4,False,NEW_SUPP_S1_FIXED_SEED,PENDING
Allen VBN|1044385384|MM_RVD_A9_SELECTED_R6|1|UNIT|0.2|0,Allen VBN,524761,1044385384,MM-RVD,MM_RVD_A9_SELECTED_R6,1,UNIT,0.2,proportion,0,False,NEW_SUPP_S1_FIXED_SEED,PENDING
Allen VBN|1044385384|MM_RVD_A9_SELECTED_R6|1|UNIT|0.2|1,Allen VBN,524761,1044385384,MM-RVD,MM_RVD_A9_SELECTED_R6,1,UNIT,0.2,proportion,1,False,NEW_SUPP_S1_FIXED_SEED,PENDING
Allen VBN|1044385384|MM_RVD_A9_SELECTED_R6|1|UNIT|0.2|2,Allen VBN,524761,1044385384,MM-RVD,MM_RVD_A9_SELECTED_R6,1,UNIT,0.2,proportion,2,False,NEW_SUPP_S1_FIXED_SEED,PENDING
Allen VBN|1044385384|MM_RVD_A9_SELECTED_R6|1|UNIT|0.2|3,Allen VBN,524761,1044385384,MM-RVD,MM_RVD_A9_SELECTED_R6,1,UNIT,0.2,proportion,3,False,NEW_SUPP_S1_FIXED_SEED,PENDING
Allen VBN|1044385384|MM_RVD_A9_SELECTED_R6|1|UNIT|0.2|4,Allen VBN,524761,1044385384,MM-RVD,MM_RVD_A9_SELECTED_R6,1,UNIT,0.2,proportion,4,False,NEW_SUPP_S1_FIXED_SEED,PENDING
Allen VBN|1044385384|MM_RVD_A9_SELECTED_R6|1|UNIT|0.3|0,Allen VBN,524761,1044385384,MM-RVD,MM_RVD_A9_SELECTED_R6,1,UNIT,0.3,proportion,0,True,MAIN_FROZEN_U30,PENDING
Allen VBN|1044385384|MM_RVD_A9_SELECTED_R6|1|UNIT|0.3|1,Allen VBN,524761,1044385384,MM-RVD,MM_RVD_A9_SELECTED_R6,1,UNIT,0.3,proportion,1,True,MAIN_FROZEN_U30,PENDING
Allen VBN|1044385384|MM_RVD_A9_SELECTED_R6|1|UNIT|0.3|2,Allen VBN,524761,1044385384,MM-RVD,MM_RVD_A9_SELECTED_R6,1,UNIT,0.3,proportion,2,True,MAIN_FROZEN_U30,PENDING
Allen VBN|1044385384|MM_RVD_A9_SELECTED_R6|1|UNIT|0.3|3,Allen VBN,524761,1044385384,MM-RVD,MM_RVD_A9_SELECTED_R6,1,UNIT,0.3,proportion,3,True,MAIN_FROZEN_U30,PENDING
Allen VBN|1044385384|MM_RVD_A9_SELECTED_R6|1|UNIT|0.3|4,Allen VBN,524761,1044385384,MM-RVD,MM_RVD_A9_SELECTED_R6,1,UNIT,0.3,proportion,4,True,MAIN_FROZEN_U30,PENDING
Allen VBN|1044385384|MM_RVD_A9_SELECTED_R6|1|UNIT|0.4|0,Allen VBN,524761,1044385384,MM-RVD,MM_RVD_A9_SELECTED_R6,1,UNIT,0.4,proportion,0,False,NEW_SUPP_S1_FIXED_SEED,PENDING
Allen VBN|1044385384|MM_RVD_A9_SELECTED_R6|1|UNIT|0.4|1,Allen VBN,524761,1044385384,MM-RVD,MM_RVD_A9_SELECTED_R6,1,UNIT,0.4,proportion,1,False,NEW_SUPP_S1_FIXED_SEED,PENDING
Allen VBN|1044385384|MM_RVD_A9_SELECTED_R6|1|UNIT|0.4|2,Allen VBN,524761,1044385384,MM-RVD,MM_RVD_A9_SELECTED_R6,1,UNIT,0.4,proportion,2,False,NEW_SUPP_S1_FIXED_SEED,PENDING
Allen VBN|1044385384|MM_RVD_A9_SELECTED_R6|1|UNIT|0.4|3,Allen VBN,524761,1044385384,MM-RVD,MM_RVD_A9_SELECTED_R6,1,UNIT,0.4,proportion,3,False,NEW_SUPP_S1_FIXED_SEED,PENDING
Allen VBN|1044385384|MM_RVD_A9_SELECTED_R6|1|UNIT|0.4|4,Allen VBN,524761,1044385384,MM-RVD,MM_RVD_A9_SELECTED_R6,1,UNIT,0.4,proportion,4,False,NEW_SUPP_S1_FIXED_SEED,PENDING
Allen VBN|1044385384|MM_RVD_A9_SELECTED_R6|1|UNIT|0.5|0,Allen VBN,524761,1044385384,MM-RVD,MM_RVD_A9_SELECTED_R6,1,UNIT,0.5,proportion,0,False,NEW_SUPP_S1_FIXED_SEED,PENDING
Allen VBN|1044385384|MM_RVD_A9_SELECTED_R6|1|UNIT|0.5|1,Allen VBN,524761,1044385384,MM-RVD,MM_RVD_A9_SELECTED_R6,1,UNIT,0.5,proportion,1,False,NEW_SUPP_S1_FIXED_SEED,PENDING
Allen VBN|1044385384|MM_RVD_A9_SELECTED_R6|1|UNIT|0.5|2,Allen VBN,524761,1044385384,MM-RVD,MM_RVD_A9_SELECTED_R6,1,UNIT,0.5,proportion,2,False,NEW_SUPP_S1_FIXED_SEED,PENDING
Allen VBN|1044385384|MM_RVD_A9_SELECTED_R6|1|UNIT|0.5|3,Allen VBN,524761,1044385384,MM-RVD,MM_RVD_A9_SELECTED_R6,1,UNIT,0.5,proportion,3,False,NEW_SUPP_S1_FIXED_SEED,PENDING
Allen VBN|1044385384|MM_RVD_A9_SELECTED_R6|1|UNIT|0.5|4,Allen VBN,524761,1044385384,MM-RVD,MM_RVD_A9_SELECTED_R6,1,UNIT,0.5,proportion,4,False,NEW_SUPP_S1_FIXED_SEED,PENDING
Allen VBN|1044385384|MM_RVD_A9_SELECTED_R6|1|TEMPORAL|2|0,Allen VBN,524761,1044385384,MM-RVD,MM_RVD_A9_SELECTED_R6,1,TEMPORAL,2,bins,0,False,NEW_SUPP_S1_FIXED_SEED,PENDING
Allen VBN|1044385384|MM_RVD_A9_SELECTED_R6|1|TEMPORAL|2|1,Allen VBN,524761,1044385384,MM-RVD,MM_RVD_A9_SELECTED_R6,1,TEMPORAL,2,bins,1,False,NEW_SUPP_S1_FIXED_SEED,PENDING
Allen VBN|1044385384|MM_RVD_A9_SELECTED_R6|1|TEMPORAL|2|2,Allen VBN,524761,1044385384,MM-RVD,MM_RVD_A9_SELECTED_R6,1,TEMPORAL,2,bins,2,False,NEW_SUPP_S1_FIXED_SEED,PENDING
Allen VBN|1044385384|MM_RVD_A9_SELECTED_R6|1|TEMPORAL|2|3,Allen VBN,524761,1044385384,MM-RVD,MM_RVD_A9_SELECTED_R6,1,TEMPORAL,2,bins,3,False,NEW_SUPP_S1_FIXED_SEED,PENDING
Allen VBN|1044385384|MM_RVD_A9_SELECTED_R6|1|TEMPORAL|2|4,Allen VBN,524761,1044385384,MM-RVD,MM_RVD_A9_SELECTED_R6,1,TEMPORAL,2,bins,4,False,NEW_SUPP_S1_FIXED_SEED,PENDING
Allen VBN|1044385384|MM_RVD_A9_SELECTED_R6|1|TEMPORAL|3|0,Allen VBN,524761,1044385384,MM-RVD,MM_RVD_A9_SELECTED_R6,1,TEMPORAL,3,bins,0,False,NEW_SUPP_S1_FIXED_SEED,PENDING
Allen VBN|1044385384|MM_RVD_A9_SELECTED_R6|1|TEMPORAL|3|1,Allen VBN,524761,1044385384,MM-RVD,MM_RVD_A9_SELECTED_R6,1,TEMPORAL,3,bins,1,False,NEW_SUPP_S1_FIXED_SEED,PENDING
Allen VBN|1044385384|MM_RVD_A9_SELECTED_R6|1|TEMPORAL|3|2,Allen VBN,524761,1044385384,MM-RVD,MM_RVD_A9_SELECTED_R6,1,TEMPORAL,3,bins,2,False,NEW_SUPP_S1_FIXED_SEED,PENDING
Allen VBN|1044385384|MM_RVD_A9_SELECTED_R6|1|TEMPORAL|3|3,Allen VBN,524761,1044385384,MM-RVD,MM_RVD_A9_SELECTED_R6,1,TEMPORAL,3,bins,3,False,NEW_SUPP_S1_FIXED_SEED,PENDING
Allen VBN|1044385384|MM_RVD_A9_SELECTED_R6|1|TEMPORAL|3|4,Allen VBN,524761,1044385384,MM-RVD,MM_RVD_A9_SELECTED_R6,1,TEMPORAL,3,bins,4,False,NEW_SUPP_S1_FIXED_SEED,PENDING
Allen VBN|1044385384|MM_RVD_A9_SELECTED_R6|1|TEMPORAL|5|0,Allen VBN,524761,1044385384,MM-RVD,MM_RVD_A9_SELECTED_R6,1,TEMPORAL,5,bins,0,True,MAIN_FROZEN_T5,PENDING
Allen VBN|1044385384|MM_RVD_A9_SELECTED_R6|1|TEMPORAL|5|1,Allen VBN,524761,1044385384,MM-RVD,MM_RVD_A9_SELECTED_R6,1,TEMPORAL,5,bins,1,True,MAIN_FROZEN_T5,PENDING
Allen VBN|1044385384|MM_RVD_A9_SELECTED_R6|1|TEMPORAL|5|2,Allen VBN,524761,1044385384,MM-RVD,MM_RVD_A9_SELECTED_R6,1,TEMPORAL,5,bins,2,True,MAIN_FROZEN_T5,PENDING
Allen VBN|1044385384|MM_RVD_A9_SELECTED_R6|1|TEMPORAL|5|3,Allen VBN,524761,1044385384,MM-RVD,MM_RVD_A9_SELECTED_R6,1,TEMPORAL,5,bins,3,True,MAIN_FROZEN_T5,PENDING
Allen VBN|1044385384|MM_RVD_A9_SELECTED_R6|1|TEMPORAL|5|4,Allen VBN,524761,1044385384,MM-RVD,MM_RVD_A9_SELECTED_R6,1,TEMPORAL,5,bins,4,True,MAIN_FROZEN_T5,PENDING
Allen VBN|1044385384|MM_RVD_A9_SELECTED_R6|1|TEMPORAL|7|0,Allen VBN,524761,1044385384,MM-RVD,MM_RVD_A9_SELECTED_R6,1,TEMPORAL,7,bins,0,False,NEW_SUPP_S1_FIXED_SEED,PENDING
Allen VBN|1044385384|MM_RVD_A9_SELECTED_R6|1|TEMPORAL|7|1,Allen VBN,524761,1044385384,MM-RVD,MM_RVD_A9_SELECTED_R6,1,TEMPORAL,7,bins,1,False,NEW_SUPP_S1_FIXED_SEED,PENDING
Allen VBN|1044385384|MM_RVD_A9_SELECTED_R6|1|TEMPORAL|7|2,Allen VBN,524761,1044385384,MM-RVD,MM_RVD_A9_SELECTED_R6,1,TEMPORAL,7,bins,2,False,NEW_SUPP_S1_FIXED_SEED,PENDING
Allen VBN|1044385384|MM_RVD_A9_SELECTED_R6|1|TEMPORAL|7|3,Allen VBN,524761,1044385384,MM-RVD,MM_RVD_A9_SELECTED_R6,1,TEMPORAL,7,bins,3,False,NEW_SUPP_S1_FIXED_SEED,PENDING
Allen VBN|1044385384|MM_RVD_A9_SELECTED_R6|1|TEMPORAL|7|4,Allen VBN,524761,1044385384,MM-RVD,MM_RVD_A9_SELECTED_R6,1,TEMPORAL,7,bins,4,False,NEW_SUPP_S1_FIXED_SEED,PENDING
Allen VBN|1044385384|MM_RVD_A9_SELECTED_R6|1|TEMPORAL|10|0,Allen VBN,524761,1044385384,MM-RVD,MM_RVD_A9_SELECTED_R6,1,TEMPORAL,10,bins,0,False,NEW_SUPP_S1_FIXED_SEED,PENDING
Allen VBN|1044385384|MM_RVD_A9_SELECTED_R6|1|TEMPORAL|10|1,Allen VBN,524761,1044385384,MM-RVD,MM_RVD_A9_SELECTED_R6,1,TEMPORAL,10,bins,1,False,NEW_SUPP_S1_FIXED_SEED,PENDING
Allen VBN|1044385384|MM_RVD_A9_SELECTED_R6|1|TEMPORAL|10|2,Allen VBN,524761,1044385384,MM-RVD,MM_RVD_A9_SELECTED_R6,1,TEMPORAL,10,bins,2,False,NEW_SUPP_S1_FIXED_SEED,PENDING
Allen VBN|1044385384|MM_RVD_A9_SELECTED_R6|1|TEMPORAL|10|3,Allen VBN,524761,1044385384,MM-RVD,MM_RVD_A9_SELECTED_R6,1,TEMPORAL,10,bins,3,False,NEW_SUPP_S1_FIXED_SEED,PENDING
Allen VBN|1044385384|MM_RVD_A9_SELECTED_R6|1|TEMPORAL|10|4,Allen VBN,524761,1044385384,MM-RVD,MM_RVD_A9_SELECTED_R6,1,TEMPORAL,10,bins,4,False,NEW_SUPP_S1_FIXED_SEED,PENDING
Allen VBN|1044385384|MEAN_RATE_LINEAR_SVM|0|CLEAN|0,Allen VBN,524761,1044385384,SVM,MEAN_RATE_LINEAR_SVM,0,CLEAN_REFERENCE,0,none,0,False,R4_CLEAN_REFERENCE,PENDING
Allen VBN|1044385384|MEAN_RATE_LINEAR_SVM|0|UNIT|0.1|0,Allen VBN,524761,1044385384,SVM,MEAN_RATE_LINEAR_SVM,0,UNIT,0.1,proportion,0,False,NEW_SUPP_S1_FIXED_SEED,PENDING
Allen VBN|1044385384|MEAN_RATE_LINEAR_SVM|0|UNIT|0.1|1,Allen VBN,524761,1044385384,SVM,MEAN_RATE_LINEAR_SVM,0,UNIT,0.1,proportion,1,False,NEW_SUPP_S1_FIXED_SEED,PENDING
Allen VBN|1044385384|MEAN_RATE_LINEAR_SVM|0|UNIT|0.1|2,Allen VBN,524761,1044385384,SVM,MEAN_RATE_LINEAR_SVM,0,UNIT,0.1,proportion,2,False,NEW_SUPP_S1_FIXED_SEED,PENDING
Allen VBN|1044385384|MEAN_RATE_LINEAR_SVM|0|UNIT|0.1|3,Allen VBN,524761,1044385384,SVM,MEAN_RATE_LINEAR_SVM,0,UNIT,0.1,proportion,3,False,NEW_SUPP_S1_FIXED_SEED,PENDING
Allen VBN|1044385384|MEAN_RATE_LINEAR_SVM|0|UNIT|0.1|4,Allen VBN,524761,1044385384,SVM,MEAN_RATE_LINEAR_SVM,0,UNIT,0.1,proportion,4,False,NEW_SUPP_S1_FIXED_SEED,PENDING
Allen VBN|1044385384|MEAN_RATE_LINEAR_SVM|0|UNIT|0.2|0,Allen VBN,524761,1044385384,SVM,MEAN_RATE_LINEAR_SVM,0,UNIT,0.2,proportion,0,False,NEW_SUPP_S1_FIXED_SEED,PENDING
Allen VBN|1044385384|MEAN_RATE_LINEAR_SVM|0|UNIT|0.2|1,Allen VBN,524761,1044385384,SVM,MEAN_RATE_LINEAR_SVM,0,UNIT,0.2,proportion,1,False,NEW_SUPP_S1_FIXED_SEED,PENDING
Allen VBN|1044385384|MEAN_RATE_LINEAR_SVM|0|UNIT|0.2|2,Allen VBN,524761,1044385384,SVM,MEAN_RATE_LINEAR_SVM,0,UNIT,0.2,proportion,2,False,NEW_SUPP_S1_FIXED_SEED,PENDING
Allen VBN|1044385384|MEAN_RATE_LINEAR_SVM|0|UNIT|0.2|3,Allen VBN,524761,1044385384,SVM,MEAN_RATE_LINEAR_SVM,0,UNIT,0.2,proportion,3,False,NEW_SUPP_S1_FIXED_SEED,PENDING
Allen VBN|1044385384|MEAN_RATE_LINEAR_SVM|0|UNIT|0.2|4,Allen VBN,524761,1044385384,SVM,MEAN_RATE_LINEAR_SVM,0,UNIT,0.2,proportion,4,False,NEW_SUPP_S1_FIXED_SEED,PENDING
Allen VBN|1044385384|MEAN_RATE_LINEAR_SVM|0|UNIT|0.3|0,Allen VBN,524761,1044385384,SVM,MEAN_RATE_LINEAR_SVM,0,UNIT,0.3,proportion,0,True,MAIN_FROZEN_U30,PENDING
Allen VBN|1044385384|MEAN_RATE_LINEAR_SVM|0|UNIT|0.3|1,Allen VBN,524761,1044385384,SVM,MEAN_RATE_LINEAR_SVM,0,UNIT,0.3,proportion,1,True,MAIN_FROZEN_U30,PENDING
Allen VBN|1044385384|MEAN_RATE_LINEAR_SVM|0|UNIT|0.3|2,Allen VBN,524761,1044385384,SVM,MEAN_RATE_LINEAR_SVM,0,UNIT,0.3,proportion,2,True,MAIN_FROZEN_U30,PENDING
Allen VBN|1044385384|MEAN_RATE_LINEAR_SVM|0|UNIT|0.3|3,Allen VBN,524761,1044385384,SVM,MEAN_RATE_LINEAR_SVM,0,UNIT,0.3,proportion,3,True,MAIN_FROZEN_U30,PENDING
Allen VBN|1044385384|MEAN_RATE_LINEAR_SVM|0|UNIT|0.3|4,Allen VBN,524761,1044385384,SVM,MEAN_RATE_LINEAR_SVM,0,UNIT,0.3,proportion,4,True,MAIN_FROZEN_U30,PENDING
Allen VBN|1044385384|MEAN_RATE_LINEAR_SVM|0|UNIT|0.4|0,Allen VBN,524761,1044385384,SVM,MEAN_RATE_LINEAR_SVM,0,UNIT,0.4,proportion,0,False,NEW_SUPP_S1_FIXED_SEED,PENDING
Allen VBN|1044385384|MEAN_RATE_LINEAR_SVM|0|UNIT|0.4|1,Allen VBN,524761,1044385384,SVM,MEAN_RATE_LINEAR_SVM,0,UNIT,0.4,proportion,1,False,NEW_SUPP_S1_FIXED_SEED,PENDING
Allen VBN|1044385384|MEAN_RATE_LINEAR_SVM|0|UNIT|0.4|2,Allen VBN,524761,1044385384,SVM,MEAN_RATE_LINEAR_SVM,0,UNIT,0.4,proportion,2,False,NEW_SUPP_S1_FIXED_SEED,PENDING
Allen VBN|1044385384|MEAN_RATE_LINEAR_SVM|0|UNIT|0.4|3,Allen VBN,524761,1044385384,SVM,MEAN_RATE_LINEAR_SVM,0,UNIT,0.4,proportion,3,False,NEW_SUPP_S1_FIXED_SEED,PENDING
Allen VBN|1044385384|MEAN_RATE_LINEAR_SVM|0|UNIT|0.4|4,Allen VBN,524761,1044385384,SVM,MEAN_RATE_LINEAR_SVM,0,UNIT,0.4,proportion,4,False,NEW_SUPP_S1_FIXED_SEED,PENDING
Allen VBN|1044385384|MEAN_RATE_LINEAR_SVM|0|UNIT|0.5|0,Allen VBN,524761,1044385384,SVM,MEAN_RATE_LINEAR_SVM,0,UNIT,0.5,proportion,0,False,NEW_SUPP_S1_FIXED_SEED,PENDING
Allen VBN|1044385384|MEAN_RATE_LINEAR_SVM|0|UNIT|0.5|1,Allen VBN,524761,1044385384,SVM,MEAN_RATE_LINEAR_SVM,0,UNIT,0.5,proportion,1,False,NEW_SUPP_S1_FIXED_SEED,PENDING
Allen VBN|1044385384|MEAN_RATE_LINEAR_SVM|0|UNIT|0.5|2,Allen VBN,524761,1044385384,SVM,MEAN_RATE_LINEAR_SVM,0,UNIT,0.5,proportion,2,False,NEW_SUPP_S1_FIXED_SEED,PENDING
Allen VBN|1044385384|MEAN_RATE_LINEAR_SVM|0|UNIT|0.5|3,Allen VBN,524761,1044385384,SVM,MEAN_RATE_LINEAR_SVM,0,UNIT,0.5,proportion,3,False,NEW_SUPP_S1_FIXED_SEED,PENDING
Allen VBN|1044385384|MEAN_RATE_LINEAR_SVM|0|UNIT|0.5|4,Allen VBN,524761,1044385384,SVM,MEAN_RATE_LINEAR_SVM,0,UNIT,0.5,proportion,4,False,NEW_SUPP_S1_FIXED_SEED,PENDING
Allen VBN|1044385384|MEAN_RATE_LINEAR_SVM|0|TEMPORAL|2|0,Allen VBN,524761,1044385384,SVM,MEAN_RATE_LINEAR_SVM,0,TEMPORAL,2,bins,0,False,NEW_SUPP_S1_FIXED_SEED,PENDING
Allen VBN|1044385384|MEAN_RATE_LINEAR_SVM|0|TEMPORAL|2|1,Allen VBN,524761,1044385384,SVM,MEAN_RATE_LINEAR_SVM,0,TEMPORAL,2,bins,1,False,NEW_SUPP_S1_FIXED_SEED,PENDING
Allen VBN|1044385384|MEAN_RATE_LINEAR_SVM|0|TEMPORAL|2|2,Allen VBN,524761,1044385384,SVM,MEAN_RATE_LINEAR_SVM,0,TEMPORAL,2,bins,2,False,NEW_SUPP_S1_FIXED_SEED,PENDING
Allen VBN|1044385384|MEAN_RATE_LINEAR_SVM|0|TEMPORAL|2|3,Allen VBN,524761,1044385384,SVM,MEAN_RATE_LINEAR_SVM,0,TEMPORAL,2,bins,3,False,NEW_SUPP_S1_FIXED_SEED,PENDING
Allen VBN|1044385384|MEAN_RATE_LINEAR_SVM|0|TEMPORAL|2|4,Allen VBN,524761,1044385384,SVM,MEAN_RATE_LINEAR_SVM,0,TEMPORAL,2,bins,4,False,NEW_SUPP_S1_FIXED_SEED,PENDING
Allen VBN|1044385384|MEAN_RATE_LINEAR_SVM|0|TEMPORAL|3|0,Allen VBN,524761,1044385384,SVM,MEAN_RATE_LINEAR_SVM,0,TEMPORAL,3,bins,0,False,NEW_SUPP_S1_FIXED_SEED,PENDING
Allen VBN|1044385384|MEAN_RATE_LINEAR_SVM|0|TEMPORAL|3|1,Allen VBN,524761,1044385384,SVM,MEAN_RATE_LINEAR_SVM,0,TEMPORAL,3,bins,1,False,NEW_SUPP_S1_FIXED_SEED,PENDING
Allen VBN|1044385384|MEAN_RATE_LINEAR_SVM|0|TEMPORAL|3|2,Allen VBN,524761,1044385384,SVM,MEAN_RATE_LINEAR_SVM,0,TEMPORAL,3,bins,2,False,NEW_SUPP_S1_FIXED_SEED,PENDING
Allen VBN|1044385384|MEAN_RATE_LINEAR_SVM|0|TEMPORAL|3|3,Allen VBN,524761,1044385384,SVM,MEAN_RATE_LINEAR_SVM,0,TEMPORAL,3,bins,3,False,NEW_SUPP_S1_FIXED_SEED,PENDING
Allen VBN|1044385384|MEAN_RATE_LINEAR_SVM|0|TEMPORAL|3|4,Allen VBN,524761,1044385384,SVM,MEAN_RATE_LINEAR_SVM,0,TEMPORAL,3,bins,4,False,NEW_SUPP_S1_FIXED_SEED,PENDING
Allen VBN|1044385384|MEAN_RATE_LINEAR_SVM|0|TEMPORAL|5|0,Allen VBN,524761,1044385384,SVM,MEAN_RATE_LINEAR_SVM,0,TEMPORAL,5,bins,0,True,MAIN_FROZEN_T5,PENDING
Allen VBN|1044385384|MEAN_RATE_LINEAR_SVM|0|TEMPORAL|5|1,Allen VBN,524761,1044385384,SVM,MEAN_RATE_LINEAR_SVM,0,TEMPORAL,5,bins,1,True,MAIN_FROZEN_T5,PENDING
Allen VBN|1044385384|MEAN_RATE_LINEAR_SVM|0|TEMPORAL|5|2,Allen VBN,524761,1044385384,SVM,MEAN_RATE_LINEAR_SVM,0,TEMPORAL,5,bins,2,True,MAIN_FROZEN_T5,PENDING
Allen VBN|1044385384|MEAN_RATE_LINEAR_SVM|0|TEMPORAL|5|3,Allen VBN,524761,1044385384,SVM,MEAN_RATE_LINEAR_SVM,0,TEMPORAL,5,bins,3,True,MAIN_FROZEN_T5,PENDING
Allen VBN|1044385384|MEAN_RATE_LINEAR_SVM|0|TEMPORAL|5|4,Allen VBN,524761,1044385384,SVM,MEAN_RATE_LINEAR_SVM,0,TEMPORAL,5,bins,4,True,MAIN_FROZEN_T5,PENDING
Allen VBN|1044385384|MEAN_RATE_LINEAR_SVM|0|TEMPORAL|7|0,Allen VBN,524761,1044385384,SVM,MEAN_RATE_LINEAR_SVM,0,TEMPORAL,7,bins,0,False,NEW_SUPP_S1_FIXED_SEED,PENDING
Allen VBN|1044385384|MEAN_RATE_LINEAR_SVM|0|TEMPORAL|7|1,Allen VBN,524761,1044385384,SVM,MEAN_RATE_LINEAR_SVM,0,TEMPORAL,7,bins,1,False,NEW_SUPP_S1_FIXED_SEED,PENDING
Allen VBN|1044385384|MEAN_RATE_LINEAR_SVM|0|TEMPORAL|7|2,Allen VBN,524761,1044385384,SVM,MEAN_RATE_LINEAR_SVM,0,TEMPORAL,7,bins,2,False,NEW_SUPP_S1_FIXED_SEED,PENDING
Allen VBN|1044385384|MEAN_RATE_LINEAR_SVM|0|TEMPORAL|7|3,Allen VBN,524761,1044385384,SVM,MEAN_RATE_LINEAR_SVM,0,TEMPORAL,7,bins,3,False,NEW_SUPP_S1_FIXED_SEED,PENDING
Allen VBN|1044385384|MEAN_RATE_LINEAR_SVM|0|TEMPORAL|7|4,Allen VBN,524761,1044385384,SVM,MEAN_RATE_LINEAR_SVM,0,TEMPORAL,7,bins,4,False,NEW_SUPP_S1_FIXED_SEED,PENDING
Allen VBN|1044385384|MEAN_RATE_LINEAR_SVM|0|TEMPORAL|10|0,Allen VBN,524761,1044385384,SVM,MEAN_RATE_LINEAR_SVM,0,TEMPORAL,10,bins,0,False,NEW_SUPP_S1_FIXED_SEED,PENDING
Allen VBN|1044385384|MEAN_RATE_LINEAR_SVM|0|TEMPORAL|10|1,Allen VBN,524761,1044385384,SVM,MEAN_RATE_LINEAR_SVM,0,TEMPORAL,10,bins,1,False,NEW_SUPP_S1_FIXED_SEED,PENDING
Allen VBN|1044385384|MEAN_RATE_LINEAR_SVM|0|TEMPORAL|10|2,Allen VBN,524761,1044385384,SVM,MEAN_RATE_LINEAR_SVM,0,TEMPORAL,10,bins,2,False,NEW_SUPP_S1_FIXED_SEED,PENDING
Allen VBN|1044385384|MEAN_RATE_LINEAR_SVM|0|TEMPORAL|10|3,Allen VBN,524761,1044385384,SVM,MEAN_RATE_LINEAR_SVM,0,TEMPORAL,10,bins,3,False,NEW_SUPP_S1_FIXED_SEED,PENDING
Allen VBN|1044385384|MEAN_RATE_LINEAR_SVM|0|TEMPORAL|10|4,Allen VBN,524761,1044385384,SVM,MEAN_RATE_LINEAR_SVM,0,TEMPORAL,10,bins,4,False,NEW_SUPP_S1_FIXED_SEED,PENDING
Allen VBN|1044385384|MEAN_RATE_LINEAR_SVM|1|CLEAN|0,Allen VBN,524761,1044385384,SVM,MEAN_RATE_LINEAR_SVM,1,CLEAN_REFERENCE,0,none,0,False,R4_CLEAN_REFERENCE,PENDING
Allen VBN|1044385384|MEAN_RATE_LINEAR_SVM|1|UNIT|0.1|0,Allen VBN,524761,1044385384,SVM,MEAN_RATE_LINEAR_SVM,1,UNIT,0.1,proportion,0,False,NEW_SUPP_S1_FIXED_SEED,PENDING
Allen VBN|1044385384|MEAN_RATE_LINEAR_SVM|1|UNIT|0.1|1,Allen VBN,524761,1044385384,SVM,MEAN_RATE_LINEAR_SVM,1,UNIT,0.1,proportion,1,False,NEW_SUPP_S1_FIXED_SEED,PENDING
Allen VBN|1044385384|MEAN_RATE_LINEAR_SVM|1|UNIT|0.1|2,Allen VBN,524761,1044385384,SVM,MEAN_RATE_LINEAR_SVM,1,UNIT,0.1,proportion,2,False,NEW_SUPP_S1_FIXED_SEED,PENDING
Allen VBN|1044385384|MEAN_RATE_LINEAR_SVM|1|UNIT|0.1|3,Allen VBN,524761,1044385384,SVM,MEAN_RATE_LINEAR_SVM,1,UNIT,0.1,proportion,3,False,NEW_SUPP_S1_FIXED_SEED,PENDING
Allen VBN|1044385384|MEAN_RATE_LINEAR_SVM|1|UNIT|0.1|4,Allen VBN,524761,1044385384,SVM,MEAN_RATE_LINEAR_SVM,1,UNIT,0.1,proportion,4,False,NEW_SUPP_S1_FIXED_SEED,PENDING
Allen VBN|1044385384|MEAN_RATE_LINEAR_SVM|1|UNIT|0.2|0,Allen VBN,524761,1044385384,SVM,MEAN_RATE_LINEAR_SVM,1,UNIT,0.2,proportion,0,False,NEW_SUPP_S1_FIXED_SEED,PENDING
Allen VBN|1044385384|MEAN_RATE_LINEAR_SVM|1|UNIT|0.2|1,Allen VBN,524761,1044385384,SVM,MEAN_RATE_LINEAR_SVM,1,UNIT,0.2,proportion,1,False,NEW_SUPP_S1_FIXED_SEED,PENDING
Allen VBN|1044385384|MEAN_RATE_LINEAR_SVM|1|UNIT|0.2|2,Allen VBN,524761,1044385384,SVM,MEAN_RATE_LINEAR_SVM,1,UNIT,0.2,proportion,2,False,NEW_SUPP_S1_FIXED_SEED,PENDING
Allen VBN|1044385384|MEAN_RATE_LINEAR_SVM|1|UNIT|0.2|3,Allen VBN,524761,1044385384,SVM,MEAN_RATE_LINEAR_SVM,1,UNIT,0.2,proportion,3,False,NEW_SUPP_S1_FIXED_SEED,PENDING
Allen VBN|1044385384|MEAN_RATE_LINEAR_SVM|1|UNIT|0.2|4,Allen VBN,524761,1044385384,SVM,MEAN_RATE_LINEAR_SVM,1,UNIT,0.2,proportion,4,False,NEW_SUPP_S1_FIXED_SEED,PENDING
Allen VBN|1044385384|MEAN_RATE_LINEAR_SVM|1|UNIT|0.3|0,Allen VBN,524761,1044385384,SVM,MEAN_RATE_LINEAR_SVM,1,UNIT,0.3,proportion,0,True,MAIN_FROZEN_U30,PENDING
Allen VBN|1044385384|MEAN_RATE_LINEAR_SVM|1|UNIT|0.3|1,Allen VBN,524761,1044385384,SVM,MEAN_RATE_LINEAR_SVM,1,UNIT,0.3,proportion,1,True,MAIN_FROZEN_U30,PENDING
Allen VBN|1044385384|MEAN_RATE_LINEAR_SVM|1|UNIT|0.3|2,Allen VBN,524761,1044385384,SVM,MEAN_RATE_LINEAR_SVM,1,UNIT,0.3,proportion,2,True,MAIN_FROZEN_U30,PENDING
Allen VBN|1044385384|MEAN_RATE_LINEAR_SVM|1|UNIT|0.3|3,Allen VBN,524761,1044385384,SVM,MEAN_RATE_LINEAR_SVM,1,UNIT,0.3,proportion,3,True,MAIN_FROZEN_U30,PENDING
Allen VBN|1044385384|MEAN_RATE_LINEAR_SVM|1|UNIT|0.3|4,Allen VBN,524761,1044385384,SVM,MEAN_RATE_LINEAR_SVM,1,UNIT,0.3,proportion,4,True,MAIN_FROZEN_U30,PENDING
Allen VBN|1044385384|MEAN_RATE_LINEAR_SVM|1|UNIT|0.4|0,Allen VBN,524761,1044385384,SVM,MEAN_RATE_LINEAR_SVM,1,UNIT,0.4,proportion,0,False,NEW_SUPP_S1_FIXED_SEED,PENDING
Allen VBN|1044385384|MEAN_RATE_LINEAR_SVM|1|UNIT|0.4|1,Allen VBN,524761,1044385384,SVM,MEAN_RATE_LINEAR_SVM,1,UNIT,0.4,proportion,1,False,NEW_SUPP_S1_FIXED_SEED,PENDING
Allen VBN|1044385384|MEAN_RATE_LINEAR_SVM|1|UNIT|0.4|2,Allen VBN,524761,1044385384,SVM,MEAN_RATE_LINEAR_SVM,1,UNIT,0.4,proportion,2,False,NEW_SUPP_S1_FIXED_SEED,PENDING
Allen VBN|1044385384|MEAN_RATE_LINEAR_SVM|1|UNIT|0.4|3,Allen VBN,524761,1044385384,SVM,MEAN_RATE_LINEAR_SVM,1,UNIT,0.4,proportion,3,False,NEW_SUPP_S1_FIXED_SEED,PENDING
Allen VBN|1044385384|MEAN_RATE_LINEAR_SVM|1|UNIT|0.4|4,Allen VBN,524761,1044385384,SVM,MEAN_RATE_LINEAR_SVM,1,UNIT,0.4,proportion,4,False,NEW_SUPP_S1_FIXED_SEED,PENDING
Allen VBN|1044385384|MEAN_RATE_LINEAR_SVM|1|UNIT|0.5|0,Allen VBN,524761,1044385384,SVM,MEAN_RATE_LINEAR_SVM,1,UNIT,0.5,proportion,0,False,NEW_SUPP_S1_FIXED_SEED,PENDING
Allen VBN|1044385384|MEAN_RATE_LINEAR_SVM|1|UNIT|0.5|1,Allen VBN,524761,1044385384,SVM,MEAN_RATE_LINEAR_SVM,1,UNIT,0.5,proportion,1,False,NEW_SUPP_S1_FIXED_SEED,PENDING
Allen VBN|1044385384|MEAN_RATE_LINEAR_SVM|1|UNIT|0.5|2,Allen VBN,524761,1044385384,SVM,MEAN_RATE_LINEAR_SVM,1,UNIT,0.5,proportion,2,False,NEW_SUPP_S1_FIXED_SEED,PENDING
Allen VBN|1044385384|MEAN_RATE_LINEAR_SVM|1|UNIT|0.5|3,Allen VBN,524761,1044385384,SVM,MEAN_RATE_LINEAR_SVM,1,UNIT,0.5,proportion,3,False,NEW_SUPP_S1_FIXED_SEED,PENDING
Allen VBN|1044385384|MEAN_RATE_LINEAR_SVM|1|UNIT|0.5|4,Allen VBN,524761,1044385384,SVM,MEAN_RATE_LINEAR_SVM,1,UNIT,0.5,proportion,4,False,NEW_SUPP_S1_FIXED_SEED,PENDING
Allen VBN|1044385384|MEAN_RATE_LINEAR_SVM|1|TEMPORAL|2|0,Allen VBN,524761,1044385384,SVM,MEAN_RATE_LINEAR_SVM,1,TEMPORAL,2,bins,0,False,NEW_SUPP_S1_FIXED_SEED,PENDING
Allen VBN|1044385384|MEAN_RATE_LINEAR_SVM|1|TEMPORAL|2|1,Allen VBN,524761,1044385384,SVM,MEAN_RATE_LINEAR_SVM,1,TEMPORAL,2,bins,1,False,NEW_SUPP_S1_FIXED_SEED,PENDING
Allen VBN|1044385384|MEAN_RATE_LINEAR_SVM|1|TEMPORAL|2|2,Allen VBN,524761,1044385384,SVM,MEAN_RATE_LINEAR_SVM,1,TEMPORAL,2,bins,2,False,NEW_SUPP_S1_FIXED_SEED,PENDING
Allen VBN|1044385384|MEAN_RATE_LINEAR_SVM|1|TEMPORAL|2|3,Allen VBN,524761,1044385384,SVM,MEAN_RATE_LINEAR_SVM,1,TEMPORAL,2,bins,3,False,NEW_SUPP_S1_FIXED_SEED,PENDING
Allen VBN|1044385384|MEAN_RATE_LINEAR_SVM|1|TEMPORAL|2|4,Allen VBN,524761,1044385384,SVM,MEAN_RATE_LINEAR_SVM,1,TEMPORAL,2,bins,4,False,NEW_SUPP_S1_FIXED_SEED,PENDING
Allen VBN|1044385384|MEAN_RATE_LINEAR_SVM|1|TEMPORAL|3|0,Allen VBN,524761,1044385384,SVM,MEAN_RATE_LINEAR_SVM,1,TEMPORAL,3,bins,0,False,NEW_SUPP_S1_FIXED_SEED,PENDING
Allen VBN|1044385384|MEAN_RATE_LINEAR_SVM|1|TEMPORAL|3|1,Allen VBN,524761,1044385384,SVM,MEAN_RATE_LINEAR_SVM,1,TEMPORAL,3,bins,1,False,NEW_SUPP_S1_FIXED_SEED,PENDING
Allen VBN|1044385384|MEAN_RATE_LINEAR_SVM|1|TEMPORAL|3|2,Allen VBN,524761,1044385384,SVM,MEAN_RATE_LINEAR_SVM,1,TEMPORAL,3,bins,2,False,NEW_SUPP_S1_FIXED_SEED,PENDING
Allen VBN|1044385384|MEAN_RATE_LINEAR_SVM|1|TEMPORAL|3|3,Allen VBN,524761,1044385384,SVM,MEAN_RATE_LINEAR_SVM,1,TEMPORAL,3,bins,3,False,NEW_SUPP_S1_FIXED_SEED,PENDING
Allen VBN|1044385384|MEAN_RATE_LINEAR_SVM|1|TEMPORAL|3|4,Allen VBN,524761,1044385384,SVM,MEAN_RATE_LINEAR_SVM,1,TEMPORAL,3,bins,4,False,NEW_SUPP_S1_FIXED_SEED,PENDING
Allen VBN|1044385384|MEAN_RATE_LINEAR_SVM|1|TEMPORAL|5|0,Allen VBN,524761,1044385384,SVM,MEAN_RATE_LINEAR_SVM,1,TEMPORAL,5,bins,0,True,MAIN_FROZEN_T5,PENDING
Allen VBN|1044385384|MEAN_RATE_LINEAR_SVM|1|TEMPORAL|5|1,Allen VBN,524761,1044385384,SVM,MEAN_RATE_LINEAR_SVM,1,TEMPORAL,5,bins,1,True,MAIN_FROZEN_T5,PENDING
Allen VBN|1044385384|MEAN_RATE_LINEAR_SVM|1|TEMPORAL|5|2,Allen VBN,524761,1044385384,SVM,MEAN_RATE_LINEAR_SVM,1,TEMPORAL,5,bins,2,True,MAIN_FROZEN_T5,PENDING
Allen VBN|1044385384|MEAN_RATE_LINEAR_SVM|1|TEMPORAL|5|3,Allen VBN,524761,1044385384,SVM,MEAN_RATE_LINEAR_SVM,1,TEMPORAL,5,bins,3,True,MAIN_FROZEN_T5,PENDING
Allen VBN|1044385384|MEAN_RATE_LINEAR_SVM|1|TEMPORAL|5|4,Allen VBN,524761,1044385384,SVM,MEAN_RATE_LINEAR_SVM,1,TEMPORAL,5,bins,4,True,MAIN_FROZEN_T5,PENDING
Allen VBN|1044385384|MEAN_RATE_LINEAR_SVM|1|TEMPORAL|7|0,Allen VBN,524761,1044385384,SVM,MEAN_RATE_LINEAR_SVM,1,TEMPORAL,7,bins,0,False,NEW_SUPP_S1_FIXED_SEED,PENDING
Allen VBN|1044385384|MEAN_RATE_LINEAR_SVM|1|TEMPORAL|7|1,Allen VBN,524761,1044385384,SVM,MEAN_RATE_LINEAR_SVM,1,TEMPORAL,7,bins,1,False,NEW_SUPP_S1_FIXED_SEED,PENDING
Allen VBN|1044385384|MEAN_RATE_LINEAR_SVM|1|TEMPORAL|7|2,Allen VBN,524761,1044385384,SVM,MEAN_RATE_LINEAR_SVM,1,TEMPORAL,7,bins,2,False,NEW_SUPP_S1_FIXED_SEED,PENDING
Allen VBN|1044385384|MEAN_RATE_LINEAR_SVM|1|TEMPORAL|7|3,Allen VBN,524761,1044385384,SVM,MEAN_RATE_LINEAR_SVM,1,TEMPORAL,7,bins,3,False,NEW_SUPP_S1_FIXED_SEED,PENDING
Allen VBN|1044385384|MEAN_RATE_LINEAR_SVM|1|TEMPORAL|7|4,Allen VBN,524761,1044385384,SVM,MEAN_RATE_LINEAR_SVM,1,TEMPORAL,7,bins,4,False,NEW_SUPP_S1_FIXED_SEED,PENDING
Allen VBN|1044385384|MEAN_RATE_LINEAR_SVM|1|TEMPORAL|10|0,Allen VBN,524761,1044385384,SVM,MEAN_RATE_LINEAR_SVM,1,TEMPORAL,10,bins,0,False,NEW_SUPP_S1_FIXED_SEED,PENDING
Allen VBN|1044385384|MEAN_RATE_LINEAR_SVM|1|TEMPORAL|10|1,Allen VBN,524761,1044385384,SVM,MEAN_RATE_LINEAR_SVM,1,TEMPORAL,10,bins,1,False,NEW_SUPP_S1_FIXED_SEED,PENDING
Allen VBN|1044385384|MEAN_RATE_LINEAR_SVM|1|TEMPORAL|10|2,Allen VBN,524761,1044385384,SVM,MEAN_RATE_LINEAR_SVM,1,TEMPORAL,10,bins,2,False,NEW_SUPP_S1_FIXED_SEED,PENDING
Allen VBN|1044385384|MEAN_RATE_LINEAR_SVM|1|TEMPORAL|10|3,Allen VBN,524761,1044385384,SVM,MEAN_RATE_LINEAR_SVM,1,TEMPORAL,10,bins,3,False,NEW_SUPP_S1_FIXED_SEED,PENDING
Allen VBN|1044385384|MEAN_RATE_LINEAR_SVM|1|TEMPORAL|10|4,Allen VBN,524761,1044385384,SVM,MEAN_RATE_LINEAR_SVM,1,TEMPORAL,10,bins,4,False,NEW_SUPP_S1_FIXED_SEED,PENDING
Allen VBN|1044389060|MM_RVD_A9_SELECTED_R6|0|CLEAN|0,Allen VBN,510589,1044389060,MM-RVD,MM_RVD_A9_SELECTED_R6,0,CLEAN_REFERENCE,0,none,0,False,R4_CLEAN_REFERENCE,PENDING
Allen VBN|1044389060|MM_RVD_A9_SELECTED_R6|0|UNIT|0.1|0,Allen VBN,510589,1044389060,MM-RVD,MM_RVD_A9_SELECTED_R6,0,UNIT,0.1,proportion,0,False,NEW_SUPP_S1_FIXED_SEED,PENDING
Allen VBN|1044389060|MM_RVD_A9_SELECTED_R6|0|UNIT|0.1|1,Allen VBN,510589,1044389060,MM-RVD,MM_RVD_A9_SELECTED_R6,0,UNIT,0.1,proportion,1,False,NEW_SUPP_S1_FIXED_SEED,PENDING
Allen VBN|1044389060|MM_RVD_A9_SELECTED_R6|0|UNIT|0.1|2,Allen VBN,510589,1044389060,MM-RVD,MM_RVD_A9_SELECTED_R6,0,UNIT,0.1,proportion,2,False,NEW_SUPP_S1_FIXED_SEED,PENDING
Allen VBN|1044389060|MM_RVD_A9_SELECTED_R6|0|UNIT|0.1|3,Allen VBN,510589,1044389060,MM-RVD,MM_RVD_A9_SELECTED_R6,0,UNIT,0.1,proportion,3,False,NEW_SUPP_S1_FIXED_SEED,PENDING
Allen VBN|1044389060|MM_RVD_A9_SELECTED_R6|0|UNIT|0.1|4,Allen VBN,510589,1044389060,MM-RVD,MM_RVD_A9_SELECTED_R6,0,UNIT,0.1,proportion,4,False,NEW_SUPP_S1_FIXED_SEED,PENDING
Allen VBN|1044389060|MM_RVD_A9_SELECTED_R6|0|UNIT|0.2|0,Allen VBN,510589,1044389060,MM-RVD,MM_RVD_A9_SELECTED_R6,0,UNIT,0.2,proportion,0,False,NEW_SUPP_S1_FIXED_SEED,PENDING
Allen VBN|1044389060|MM_RVD_A9_SELECTED_R6|0|UNIT|0.2|1,Allen VBN,510589,1044389060,MM-RVD,MM_RVD_A9_SELECTED_R6,0,UNIT,0.2,proportion,1,False,NEW_SUPP_S1_FIXED_SEED,PENDING
Allen VBN|1044389060|MM_RVD_A9_SELECTED_R6|0|UNIT|0.2|2,Allen VBN,510589,1044389060,MM-RVD,MM_RVD_A9_SELECTED_R6,0,UNIT,0.2,proportion,2,False,NEW_SUPP_S1_FIXED_SEED,PENDING
Allen VBN|1044389060|MM_RVD_A9_SELECTED_R6|0|UNIT|0.2|3,Allen VBN,510589,1044389060,MM-RVD,MM_RVD_A9_SELECTED_R6,0,UNIT,0.2,proportion,3,False,NEW_SUPP_S1_FIXED_SEED,PENDING
Allen VBN|1044389060|MM_RVD_A9_SELECTED_R6|0|UNIT|0.2|4,Allen VBN,510589,1044389060,MM-RVD,MM_RVD_A9_SELECTED_R6,0,UNIT,0.2,proportion,4,False,NEW_SUPP_S1_FIXED_SEED,PENDING
Allen VBN|1044389060|MM_RVD_A9_SELECTED_R6|0|UNIT|0.3|0,Allen VBN,510589,1044389060,MM-RVD,MM_RVD_A9_SELECTED_R6,0,UNIT,0.3,proportion,0,True,MAIN_FROZEN_U30,PENDING
Allen VBN|1044389060|MM_RVD_A9_SELECTED_R6|0|UNIT|0.3|1,Allen VBN,510589,1044389060,MM-RVD,MM_RVD_A9_SELECTED_R6,0,UNIT,0.3,proportion,1,True,MAIN_FROZEN_U30,PENDING
Allen VBN|1044389060|MM_RVD_A9_SELECTED_R6|0|UNIT|0.3|2,Allen VBN,510589,1044389060,MM-RVD,MM_RVD_A9_SELECTED_R6,0,UNIT,0.3,proportion,2,True,MAIN_FROZEN_U30,PENDING
Allen VBN|1044389060|MM_RVD_A9_SELECTED_R6|0|UNIT|0.3|3,Allen VBN,510589,1044389060,MM-RVD,MM_RVD_A9_SELECTED_R6,0,UNIT,0.3,proportion,3,True,MAIN_FROZEN_U30,PENDING
Allen VBN|1044389060|MM_RVD_A9_SELECTED_R6|0|UNIT|0.3|4,Allen VBN,510589,1044389060,MM-RVD,MM_RVD_A9_SELECTED_R6,0,UNIT,0.3,proportion,4,True,MAIN_FROZEN_U30,PENDING
Allen VBN|1044389060|MM_RVD_A9_SELECTED_R6|0|UNIT|0.4|0,Allen VBN,510589,1044389060,MM-RVD,MM_RVD_A9_SELECTED_R6,0,UNIT,0.4,proportion,0,False,NEW_SUPP_S1_FIXED_SEED,PENDING
Allen VBN|1044389060|MM_RVD_A9_SELECTED_R6|0|UNIT|0.4|1,Allen VBN,510589,1044389060,MM-RVD,MM_RVD_A9_SELECTED_R6,0,UNIT,0.4,proportion,1,False,NEW_SUPP_S1_FIXED_SEED,PENDING
Allen VBN|1044389060|MM_RVD_A9_SELECTED_R6|0|UNIT|0.4|2,Allen VBN,510589,1044389060,MM-RVD,MM_RVD_A9_SELECTED_R6,0,UNIT,0.4,proportion,2,False,NEW_SUPP_S1_FIXED_SEED,PENDING
Allen VBN|1044389060|MM_RVD_A9_SELECTED_R6|0|UNIT|0.4|3,Allen VBN,510589,1044389060,MM-RVD,MM_RVD_A9_SELECTED_R6,0,UNIT,0.4,proportion,3,False,NEW_SUPP_S1_FIXED_SEED,PENDING
Allen VBN|1044389060|MM_RVD_A9_SELECTED_R6|0|UNIT|0.4|4,Allen VBN,510589,1044389060,MM-RVD,MM_RVD_A9_SELECTED_R6,0,UNIT,0.4,proportion,4,False,NEW_SUPP_S1_FIXED_SEED,PENDING
Allen VBN|1044389060|MM_RVD_A9_SELECTED_R6|0|UNIT|0.5|0,Allen VBN,510589,1044389060,MM-RVD,MM_RVD_A9_SELECTED_R6,0,UNIT,0.5,proportion,0,False,NEW_SUPP_S1_FIXED_SEED,PENDING
Allen VBN|1044389060|MM_RVD_A9_SELECTED_R6|0|UNIT|0.5|1,Allen VBN,510589,1044389060,MM-RVD,MM_RVD_A9_SELECTED_R6,0,UNIT,0.5,proportion,1,False,NEW_SUPP_S1_FIXED_SEED,PENDING
Allen VBN|1044389060|MM_RVD_A9_SELECTED_R6|0|UNIT|0.5|2,Allen VBN,510589,1044389060,MM-RVD,MM_RVD_A9_SELECTED_R6,0,UNIT,0.5,proportion,2,False,NEW_SUPP_S1_FIXED_SEED,PENDING
Allen VBN|1044389060|MM_RVD_A9_SELECTED_R6|0|UNIT|0.5|3,Allen VBN,510589,1044389060,MM-RVD,MM_RVD_A9_SELECTED_R6,0,UNIT,0.5,proportion,3,False,NEW_SUPP_S1_FIXED_SEED,PENDING
Allen VBN|1044389060|MM_RVD_A9_SELECTED_R6|0|UNIT|0.5|4,Allen VBN,510589,1044389060,MM-RVD,MM_RVD_A9_SELECTED_R6,0,UNIT,0.5,proportion,4,False,NEW_SUPP_S1_FIXED_SEED,PENDING
Allen VBN|1044389060|MM_RVD_A9_SELECTED_R6|0|TEMPORAL|2|0,Allen VBN,510589,1044389060,MM-RVD,MM_RVD_A9_SELECTED_R6,0,TEMPORAL,2,bins,0,False,NEW_SUPP_S1_FIXED_SEED,PENDING
Allen VBN|1044389060|MM_RVD_A9_SELECTED_R6|0|TEMPORAL|2|1,Allen VBN,510589,1044389060,MM-RVD,MM_RVD_A9_SELECTED_R6,0,TEMPORAL,2,bins,1,False,NEW_SUPP_S1_FIXED_SEED,PENDING
Allen VBN|1044389060|MM_RVD_A9_SELECTED_R6|0|TEMPORAL|2|2,Allen VBN,510589,1044389060,MM-RVD,MM_RVD_A9_SELECTED_R6,0,TEMPORAL,2,bins,2,False,NEW_SUPP_S1_FIXED_SEED,PENDING
Allen VBN|1044389060|MM_RVD_A9_SELECTED_R6|0|TEMPORAL|2|3,Allen VBN,510589,1044389060,MM-RVD,MM_RVD_A9_SELECTED_R6,0,TEMPORAL,2,bins,3,False,NEW_SUPP_S1_FIXED_SEED,PENDING
Allen VBN|1044389060|MM_RVD_A9_SELECTED_R6|0|TEMPORAL|2|4,Allen VBN,510589,1044389060,MM-RVD,MM_RVD_A9_SELECTED_R6,0,TEMPORAL,2,bins,4,False,NEW_SUPP_S1_FIXED_SEED,PENDING
Allen VBN|1044389060|MM_RVD_A9_SELECTED_R6|0|TEMPORAL|3|0,Allen VBN,510589,1044389060,MM-RVD,MM_RVD_A9_SELECTED_R6,0,TEMPORAL,3,bins,0,False,NEW_SUPP_S1_FIXED_SEED,PENDING
Allen VBN|1044389060|MM_RVD_A9_SELECTED_R6|0|TEMPORAL|3|1,Allen VBN,510589,1044389060,MM-RVD,MM_RVD_A9_SELECTED_R6,0,TEMPORAL,3,bins,1,False,NEW_SUPP_S1_FIXED_SEED,PENDING
Allen VBN|1044389060|MM_RVD_A9_SELECTED_R6|0|TEMPORAL|3|2,Allen VBN,510589,1044389060,MM-RVD,MM_RVD_A9_SELECTED_R6,0,TEMPORAL,3,bins,2,False,NEW_SUPP_S1_FIXED_SEED,PENDING
Allen VBN|1044389060|MM_RVD_A9_SELECTED_R6|0|TEMPORAL|3|3,Allen VBN,510589,1044389060,MM-RVD,MM_RVD_A9_SELECTED_R6,0,TEMPORAL,3,bins,3,False,NEW_SUPP_S1_FIXED_SEED,PENDING
Allen VBN|1044389060|MM_RVD_A9_SELECTED_R6|0|TEMPORAL|3|4,Allen VBN,510589,1044389060,MM-RVD,MM_RVD_A9_SELECTED_R6,0,TEMPORAL,3,bins,4,False,NEW_SUPP_S1_FIXED_SEED,PENDING
Allen VBN|1044389060|MM_RVD_A9_SELECTED_R6|0|TEMPORAL|5|0,Allen VBN,510589,1044389060,MM-RVD,MM_RVD_A9_SELECTED_R6,0,TEMPORAL,5,bins,0,True,MAIN_FROZEN_T5,PENDING
Allen VBN|1044389060|MM_RVD_A9_SELECTED_R6|0|TEMPORAL|5|1,Allen VBN,510589,1044389060,MM-RVD,MM_RVD_A9_SELECTED_R6,0,TEMPORAL,5,bins,1,True,MAIN_FROZEN_T5,PENDING
Allen VBN|1044389060|MM_RVD_A9_SELECTED_R6|0|TEMPORAL|5|2,Allen VBN,510589,1044389060,MM-RVD,MM_RVD_A9_SELECTED_R6,0,TEMPORAL,5,bins,2,True,MAIN_FROZEN_T5,PENDING
Allen VBN|1044389060|MM_RVD_A9_SELECTED_R6|0|TEMPORAL|5|3,Allen VBN,510589,1044389060,MM-RVD,MM_RVD_A9_SELECTED_R6,0,TEMPORAL,5,bins,3,True,MAIN_FROZEN_T5,PENDING
Allen VBN|1044389060|MM_RVD_A9_SELECTED_R6|0|TEMPORAL|5|4,Allen VBN,510589,1044389060,MM-RVD,MM_RVD_A9_SELECTED_R6,0,TEMPORAL,5,bins,4,True,MAIN_FROZEN_T5,PENDING
Allen VBN|1044389060|MM_RVD_A9_SELECTED_R6|0|TEMPORAL|7|0,Allen VBN,510589,1044389060,MM-RVD,MM_RVD_A9_SELECTED_R6,0,TEMPORAL,7,bins,0,False,NEW_SUPP_S1_FIXED_SEED,PENDING
Allen VBN|1044389060|MM_RVD_A9_SELECTED_R6|0|TEMPORAL|7|1,Allen VBN,510589,1044389060,MM-RVD,MM_RVD_A9_SELECTED_R6,0,TEMPORAL,7,bins,1,False,NEW_SUPP_S1_FIXED_SEED,PENDING
Allen VBN|1044389060|MM_RVD_A9_SELECTED_R6|0|TEMPORAL|7|2,Allen VBN,510589,1044389060,MM-RVD,MM_RVD_A9_SELECTED_R6,0,TEMPORAL,7,bins,2,False,NEW_SUPP_S1_FIXED_SEED,PENDING
Allen VBN|1044389060|MM_RVD_A9_SELECTED_R6|0|TEMPORAL|7|3,Allen VBN,510589,1044389060,MM-RVD,MM_RVD_A9_SELECTED_R6,0,TEMPORAL,7,bins,3,False,NEW_SUPP_S1_FIXED_SEED,PENDING
Allen VBN|1044389060|MM_RVD_A9_SELECTED_R6|0|TEMPORAL|7|4,Allen VBN,510589,1044389060,MM-RVD,MM_RVD_A9_SELECTED_R6,0,TEMPORAL,7,bins,4,False,NEW_SUPP_S1_FIXED_SEED,PENDING
Allen VBN|1044389060|MM_RVD_A9_SELECTED_R6|0|TEMPORAL|10|0,Allen VBN,510589,1044389060,MM-RVD,MM_RVD_A9_SELECTED_R6,0,TEMPORAL,10,bins,0,False,NEW_SUPP_S1_FIXED_SEED,PENDING
Allen VBN|1044389060|MM_RVD_A9_SELECTED_R6|0|TEMPORAL|10|1,Allen VBN,510589,1044389060,MM-RVD,MM_RVD_A9_SELECTED_R6,0,TEMPORAL,10,bins,1,False,NEW_SUPP_S1_FIXED_SEED,PENDING
Allen VBN|1044389060|MM_RVD_A9_SELECTED_R6|0|TEMPORAL|10|2,Allen VBN,510589,1044389060,MM-RVD,MM_RVD_A9_SELECTED_R6,0,TEMPORAL,10,bins,2,False,NEW_SUPP_S1_FIXED_SEED,PENDING
Allen VBN|1044389060|MM_RVD_A9_SELECTED_R6|0|TEMPORAL|10|3,Allen VBN,510589,1044389060,MM-RVD,MM_RVD_A9_SELECTED_R6,0,TEMPORAL,10,bins,3,False,NEW_SUPP_S1_FIXED_SEED,PENDING
Allen VBN|1044389060|MM_RVD_A9_SELECTED_R6|0|TEMPORAL|10|4,Allen VBN,510589,1044389060,MM-RVD,MM_RVD_A9_SELECTED_R6,0,TEMPORAL,10,bins,4,False,NEW_SUPP_S1_FIXED_SEED,PENDING
Allen VBN|1044389060|MM_RVD_A9_SELECTED_R6|1|CLEAN|0,Allen VBN,510589,1044389060,MM-RVD,MM_RVD_A9_SELECTED_R6,1,CLEAN_REFERENCE,0,none,0,False,R4_CLEAN_REFERENCE,PENDING
Allen VBN|1044389060|MM_RVD_A9_SELECTED_R6|1|UNIT|0.1|0,Allen VBN,510589,1044389060,MM-RVD,MM_RVD_A9_SELECTED_R6,1,UNIT,0.1,proportion,0,False,NEW_SUPP_S1_FIXED_SEED,PENDING
Allen VBN|1044389060|MM_RVD_A9_SELECTED_R6|1|UNIT|0.1|1,Allen VBN,510589,1044389060,MM-RVD,MM_RVD_A9_SELECTED_R6,1,UNIT,0.1,proportion,1,False,NEW_SUPP_S1_FIXED_SEED,PENDING
Allen VBN|1044389060|MM_RVD_A9_SELECTED_R6|1|UNIT|0.1|2,Allen VBN,510589,1044389060,MM-RVD,MM_RVD_A9_SELECTED_R6,1,UNIT,0.1,proportion,2,False,NEW_SUPP_S1_FIXED_SEED,PENDING
Allen VBN|1044389060|MM_RVD_A9_SELECTED_R6|1|UNIT|0.1|3,Allen VBN,510589,1044389060,MM-RVD,MM_RVD_A9_SELECTED_R6,1,UNIT,0.1,proportion,3,False,NEW_SUPP_S1_FIXED_SEED,PENDING
Allen VBN|1044389060|MM_RVD_A9_SELECTED_R6|1|UNIT|0.1|4,Allen VBN,510589,1044389060,MM-RVD,MM_RVD_A9_SELECTED_R6,1,UNIT,0.1,proportion,4,False,NEW_SUPP_S1_FIXED_SEED,PENDING
Allen VBN|1044389060|MM_RVD_A9_SELECTED_R6|1|UNIT|0.2|0,Allen VBN,510589,1044389060,MM-RVD,MM_RVD_A9_SELECTED_R6,1,UNIT,0.2,proportion,0,False,NEW_SUPP_S1_FIXED_SEED,PENDING
Allen VBN|1044389060|MM_RVD_A9_SELECTED_R6|1|UNIT|0.2|1,Allen VBN,510589,1044389060,MM-RVD,MM_RVD_A9_SELECTED_R6,1,UNIT,0.2,proportion,1,False,NEW_SUPP_S1_FIXED_SEED,PENDING
Allen VBN|1044389060|MM_RVD_A9_SELECTED_R6|1|UNIT|0.2|2,Allen VBN,510589,1044389060,MM-RVD,MM_RVD_A9_SELECTED_R6,1,UNIT,0.2,proportion,2,False,NEW_SUPP_S1_FIXED_SEED,PENDING
Allen VBN|1044389060|MM_RVD_A9_SELECTED_R6|1|UNIT|0.2|3,Allen VBN,510589,1044389060,MM-RVD,MM_RVD_A9_SELECTED_R6,1,UNIT,0.2,proportion,3,False,NEW_SUPP_S1_FIXED_SEED,PENDING
Allen VBN|1044389060|MM_RVD_A9_SELECTED_R6|1|UNIT|0.2|4,Allen VBN,510589,1044389060,MM-RVD,MM_RVD_A9_SELECTED_R6,1,UNIT,0.2,proportion,4,False,NEW_SUPP_S1_FIXED_SEED,PENDING
Allen VBN|1044389060|MM_RVD_A9_SELECTED_R6|1|UNIT|0.3|0,Allen VBN,510589,1044389060,MM-RVD,MM_RVD_A9_SELECTED_R6,1,UNIT,0.3,proportion,0,True,MAIN_FROZEN_U30,PENDING
Allen VBN|1044389060|MM_RVD_A9_SELECTED_R6|1|UNIT|0.3|1,Allen VBN,510589,1044389060,MM-RVD,MM_RVD_A9_SELECTED_R6,1,UNIT,0.3,proportion,1,True,MAIN_FROZEN_U30,PENDING
Allen VBN|1044389060|MM_RVD_A9_SELECTED_R6|1|UNIT|0.3|2,Allen VBN,510589,1044389060,MM-RVD,MM_RVD_A9_SELECTED_R6,1,UNIT,0.3,proportion,2,True,MAIN_FROZEN_U30,PENDING
Allen VBN|1044389060|MM_RVD_A9_SELECTED_R6|1|UNIT|0.3|3,Allen VBN,510589,1044389060,MM-RVD,MM_RVD_A9_SELECTED_R6,1,UNIT,0.3,proportion,3,True,MAIN_FROZEN_U30,PENDING
Allen VBN|1044389060|MM_RVD_A9_SELECTED_R6|1|UNIT|0.3|4,Allen VBN,510589,1044389060,MM-RVD,MM_RVD_A9_SELECTED_R6,1,UNIT,0.3,proportion,4,True,MAIN_FROZEN_U30,PENDING
Allen VBN|1044389060|MM_RVD_A9_SELECTED_R6|1|UNIT|0.4|0,Allen VBN,510589,1044389060,MM-RVD,MM_RVD_A9_SELECTED_R6,1,UNIT,0.4,proportion,0,False,NEW_SUPP_S1_FIXED_SEED,PENDING
Allen VBN|1044389060|MM_RVD_A9_SELECTED_R6|1|UNIT|0.4|1,Allen VBN,510589,1044389060,MM-RVD,MM_RVD_A9_SELECTED_R6,1,UNIT,0.4,proportion,1,False,NEW_SUPP_S1_FIXED_SEED,PENDING
Allen VBN|1044389060|MM_RVD_A9_SELECTED_R6|1|UNIT|0.4|2,Allen VBN,510589,1044389060,MM-RVD,MM_RVD_A9_SELECTED_R6,1,UNIT,0.4,proportion,2,False,NEW_SUPP_S1_FIXED_SEED,PENDING
Allen VBN|1044389060|MM_RVD_A9_SELECTED_R6|1|UNIT|0.4|3,Allen VBN,510589,1044389060,MM-RVD,MM_RVD_A9_SELECTED_R6,1,UNIT,0.4,proportion,3,False,NEW_SUPP_S1_FIXED_SEED,PENDING
Allen VBN|1044389060|MM_RVD_A9_SELECTED_R6|1|UNIT|0.4|4,Allen VBN,510589,1044389060,MM-RVD,MM_RVD_A9_SELECTED_R6,1,UNIT,0.4,proportion,4,False,NEW_SUPP_S1_FIXED_SEED,PENDING
Allen VBN|1044389060|MM_RVD_A9_SELECTED_R6|1|UNIT|0.5|0,Allen VBN,510589,1044389060,MM-RVD,MM_RVD_A9_SELECTED_R6,1,UNIT,0.5,proportion,0,False,NEW_SUPP_S1_FIXED_SEED,PENDING
Allen VBN|1044389060|MM_RVD_A9_SELECTED_R6|1|UNIT|0.5|1,Allen VBN,510589,1044389060,MM-RVD,MM_RVD_A9_SELECTED_R6,1,UNIT,0.5,proportion,1,False,NEW_SUPP_S1_FIXED_SEED,PENDING
Allen VBN|1044389060|MM_RVD_A9_SELECTED_R6|1|UNIT|0.5|2,Allen VBN,510589,1044389060,MM-RVD,MM_RVD_A9_SELECTED_R6,1,UNIT,0.5,proportion,2,False,NEW_SUPP_S1_FIXED_SEED,PENDING
Allen VBN|1044389060|MM_RVD_A9_SELECTED_R6|1|UNIT|0.5|3,Allen VBN,510589,1044389060,MM-RVD,MM_RVD_A9_SELECTED_R6,1,UNIT,0.5,proportion,3,False,NEW_SUPP_S1_FIXED_SEED,PENDING
Allen VBN|1044389060|MM_RVD_A9_SELECTED_R6|1|UNIT|0.5|4,Allen VBN,510589,1044389060,MM-RVD,MM_RVD_A9_SELECTED_R6,1,UNIT,0.5,proportion,4,False,NEW_SUPP_S1_FIXED_SEED,PENDING
Allen VBN|1044389060|MM_RVD_A9_SELECTED_R6|1|TEMPORAL|2|0,Allen VBN,510589,1044389060,MM-RVD,MM_RVD_A9_SELECTED_R6,1,TEMPORAL,2,bins,0,False,NEW_SUPP_S1_FIXED_SEED,PENDING
Allen VBN|1044389060|MM_RVD_A9_SELECTED_R6|1|TEMPORAL|2|1,Allen VBN,510589,1044389060,MM-RVD,MM_RVD_A9_SELECTED_R6,1,TEMPORAL,2,bins,1,False,NEW_SUPP_S1_FIXED_SEED,PENDING
Allen VBN|1044389060|MM_RVD_A9_SELECTED_R6|1|TEMPORAL|2|2,Allen VBN,510589,1044389060,MM-RVD,MM_RVD_A9_SELECTED_R6,1,TEMPORAL,2,bins,2,False,NEW_SUPP_S1_FIXED_SEED,PENDING
Allen VBN|1044389060|MM_RVD_A9_SELECTED_R6|1|TEMPORAL|2|3,Allen VBN,510589,1044389060,MM-RVD,MM_RVD_A9_SELECTED_R6,1,TEMPORAL,2,bins,3,False,NEW_SUPP_S1_FIXED_SEED,PENDING
Allen VBN|1044389060|MM_RVD_A9_SELECTED_R6|1|TEMPORAL|2|4,Allen VBN,510589,1044389060,MM-RVD,MM_RVD_A9_SELECTED_R6,1,TEMPORAL,2,bins,4,False,NEW_SUPP_S1_FIXED_SEED,PENDING
Allen VBN|1044389060|MM_RVD_A9_SELECTED_R6|1|TEMPORAL|3|0,Allen VBN,510589,1044389060,MM-RVD,MM_RVD_A9_SELECTED_R6,1,TEMPORAL,3,bins,0,False,NEW_SUPP_S1_FIXED_SEED,PENDING
Allen VBN|1044389060|MM_RVD_A9_SELECTED_R6|1|TEMPORAL|3|1,Allen VBN,510589,1044389060,MM-RVD,MM_RVD_A9_SELECTED_R6,1,TEMPORAL,3,bins,1,False,NEW_SUPP_S1_FIXED_SEED,PENDING
Allen VBN|1044389060|MM_RVD_A9_SELECTED_R6|1|TEMPORAL|3|2,Allen VBN,510589,1044389060,MM-RVD,MM_RVD_A9_SELECTED_R6,1,TEMPORAL,3,bins,2,False,NEW_SUPP_S1_FIXED_SEED,PENDING
Allen VBN|1044389060|MM_RVD_A9_SELECTED_R6|1|TEMPORAL|3|3,Allen VBN,510589,1044389060,MM-RVD,MM_RVD_A9_SELECTED_R6,1,TEMPORAL,3,bins,3,False,NEW_SUPP_S1_FIXED_SEED,PENDING
Allen VBN|1044389060|MM_RVD_A9_SELECTED_R6|1|TEMPORAL|3|4,Allen VBN,510589,1044389060,MM-RVD,MM_RVD_A9_SELECTED_R6,1,TEMPORAL,3,bins,4,False,NEW_SUPP_S1_FIXED_SEED,PENDING
Allen VBN|1044389060|MM_RVD_A9_SELECTED_R6|1|TEMPORAL|5|0,Allen VBN,510589,1044389060,MM-RVD,MM_RVD_A9_SELECTED_R6,1,TEMPORAL,5,bins,0,True,MAIN_FROZEN_T5,PENDING
Allen VBN|1044389060|MM_RVD_A9_SELECTED_R6|1|TEMPORAL|5|1,Allen VBN,510589,1044389060,MM-RVD,MM_RVD_A9_SELECTED_R6,1,TEMPORAL,5,bins,1,True,MAIN_FROZEN_T5,PENDING
Allen VBN|1044389060|MM_RVD_A9_SELECTED_R6|1|TEMPORAL|5|2,Allen VBN,510589,1044389060,MM-RVD,MM_RVD_A9_SELECTED_R6,1,TEMPORAL,5,bins,2,True,MAIN_FROZEN_T5,PENDING
Allen VBN|1044389060|MM_RVD_A9_SELECTED_R6|1|TEMPORAL|5|3,Allen VBN,510589,1044389060,MM-RVD,MM_RVD_A9_SELECTED_R6,1,TEMPORAL,5,bins,3,True,MAIN_FROZEN_T5,PENDING
Allen VBN|1044389060|MM_RVD_A9_SELECTED_R6|1|TEMPORAL|5|4,Allen VBN,510589,1044389060,MM-RVD,MM_RVD_A9_SELECTED_R6,1,TEMPORAL,5,bins,4,True,MAIN_FROZEN_T5,PENDING
Allen VBN|1044389060|MM_RVD_A9_SELECTED_R6|1|TEMPORAL|7|0,Allen VBN,510589,1044389060,MM-RVD,MM_RVD_A9_SELECTED_R6,1,TEMPORAL,7,bins,0,False,NEW_SUPP_S1_FIXED_SEED,PENDING
Allen VBN|1044389060|MM_RVD_A9_SELECTED_R6|1|TEMPORAL|7|1,Allen VBN,510589,1044389060,MM-RVD,MM_RVD_A9_SELECTED_R6,1,TEMPORAL,7,bins,1,False,NEW_SUPP_S1_FIXED_SEED,PENDING
Allen VBN|1044389060|MM_RVD_A9_SELECTED_R6|1|TEMPORAL|7|2,Allen VBN,510589,1044389060,MM-RVD,MM_RVD_A9_SELECTED_R6,1,TEMPORAL,7,bins,2,False,NEW_SUPP_S1_FIXED_SEED,PENDING
Allen VBN|1044389060|MM_RVD_A9_SELECTED_R6|1|TEMPORAL|7|3,Allen VBN,510589,1044389060,MM-RVD,MM_RVD_A9_SELECTED_R6,1,TEMPORAL,7,bins,3,False,NEW_SUPP_S1_FIXED_SEED,PENDING
Allen VBN|1044389060|MM_RVD_A9_SELECTED_R6|1|TEMPORAL|7|4,Allen VBN,510589,1044389060,MM-RVD,MM_RVD_A9_SELECTED_R6,1,TEMPORAL,7,bins,4,False,NEW_SUPP_S1_FIXED_SEED,PENDING
Allen VBN|1044389060|MM_RVD_A9_SELECTED_R6|1|TEMPORAL|10|0,Allen VBN,510589,1044389060,MM-RVD,MM_RVD_A9_SELECTED_R6,1,TEMPORAL,10,bins,0,False,NEW_SUPP_S1_FIXED_SEED,PENDING
Allen VBN|1044389060|MM_RVD_A9_SELECTED_R6|1|TEMPORAL|10|1,Allen VBN,510589,1044389060,MM-RVD,MM_RVD_A9_SELECTED_R6,1,TEMPORAL,10,bins,1,False,NEW_SUPP_S1_FIXED_SEED,PENDING
Allen VBN|1044389060|MM_RVD_A9_SELECTED_R6|1|TEMPORAL|10|2,Allen VBN,510589,1044389060,MM-RVD,MM_RVD_A9_SELECTED_R6,1,TEMPORAL,10,bins,2,False,NEW_SUPP_S1_FIXED_SEED,PENDING
Allen VBN|1044389060|MM_RVD_A9_SELECTED_R6|1|TEMPORAL|10|3,Allen VBN,510589,1044389060,MM-RVD,MM_RVD_A9_SELECTED_R6,1,TEMPORAL,10,bins,3,False,NEW_SUPP_S1_FIXED_SEED,PENDING
Allen VBN|1044389060|MM_RVD_A9_SELECTED_R6|1|TEMPORAL|10|4,Allen VBN,510589,1044389060,MM-RVD,MM_RVD_A9_SELECTED_R6,1,TEMPORAL,10,bins,4,False,NEW_SUPP_S1_FIXED_SEED,PENDING
Allen VBN|1044389060|MEAN_RATE_LINEAR_SVM|0|CLEAN|0,Allen VBN,510589,1044389060,SVM,MEAN_RATE_LINEAR_SVM,0,CLEAN_REFERENCE,0,none,0,False,R4_CLEAN_REFERENCE,PENDING
Allen VBN|1044389060|MEAN_RATE_LINEAR_SVM|0|UNIT|0.1|0,Allen VBN,510589,1044389060,SVM,MEAN_RATE_LINEAR_SVM,0,UNIT,0.1,proportion,0,False,NEW_SUPP_S1_FIXED_SEED,PENDING
Allen VBN|1044389060|MEAN_RATE_LINEAR_SVM|0|UNIT|0.1|1,Allen VBN,510589,1044389060,SVM,MEAN_RATE_LINEAR_SVM,0,UNIT,0.1,proportion,1,False,NEW_SUPP_S1_FIXED_SEED,PENDING
Allen VBN|1044389060|MEAN_RATE_LINEAR_SVM|0|UNIT|0.1|2,Allen VBN,510589,1044389060,SVM,MEAN_RATE_LINEAR_SVM,0,UNIT,0.1,proportion,2,False,NEW_SUPP_S1_FIXED_SEED,PENDING
Allen VBN|1044389060|MEAN_RATE_LINEAR_SVM|0|UNIT|0.1|3,Allen VBN,510589,1044389060,SVM,MEAN_RATE_LINEAR_SVM,0,UNIT,0.1,proportion,3,False,NEW_SUPP_S1_FIXED_SEED,PENDING
Allen VBN|1044389060|MEAN_RATE_LINEAR_SVM|0|UNIT|0.1|4,Allen VBN,510589,1044389060,SVM,MEAN_RATE_LINEAR_SVM,0,UNIT,0.1,proportion,4,False,NEW_SUPP_S1_FIXED_SEED,PENDING
Allen VBN|1044389060|MEAN_RATE_LINEAR_SVM|0|UNIT|0.2|0,Allen VBN,510589,1044389060,SVM,MEAN_RATE_LINEAR_SVM,0,UNIT,0.2,proportion,0,False,NEW_SUPP_S1_FIXED_SEED,PENDING
Allen VBN|1044389060|MEAN_RATE_LINEAR_SVM|0|UNIT|0.2|1,Allen VBN,510589,1044389060,SVM,MEAN_RATE_LINEAR_SVM,0,UNIT,0.2,proportion,1,False,NEW_SUPP_S1_FIXED_SEED,PENDING
Allen VBN|1044389060|MEAN_RATE_LINEAR_SVM|0|UNIT|0.2|2,Allen VBN,510589,1044389060,SVM,MEAN_RATE_LINEAR_SVM,0,UNIT,0.2,proportion,2,False,NEW_SUPP_S1_FIXED_SEED,PENDING
Allen VBN|1044389060|MEAN_RATE_LINEAR_SVM|0|UNIT|0.2|3,Allen VBN,510589,1044389060,SVM,MEAN_RATE_LINEAR_SVM,0,UNIT,0.2,proportion,3,False,NEW_SUPP_S1_FIXED_SEED,PENDING
Allen VBN|1044389060|MEAN_RATE_LINEAR_SVM|0|UNIT|0.2|4,Allen VBN,510589,1044389060,SVM,MEAN_RATE_LINEAR_SVM,0,UNIT,0.2,proportion,4,False,NEW_SUPP_S1_FIXED_SEED,PENDING
Allen VBN|1044389060|MEAN_RATE_LINEAR_SVM|0|UNIT|0.3|0,Allen VBN,510589,1044389060,SVM,MEAN_RATE_LINEAR_SVM,0,UNIT,0.3,proportion,0,True,MAIN_FROZEN_U30,PENDING
Allen VBN|1044389060|MEAN_RATE_LINEAR_SVM|0|UNIT|0.3|1,Allen VBN,510589,1044389060,SVM,MEAN_RATE_LINEAR_SVM,0,UNIT,0.3,proportion,1,True,MAIN_FROZEN_U30,PENDING
Allen VBN|1044389060|MEAN_RATE_LINEAR_SVM|0|UNIT|0.3|2,Allen VBN,510589,1044389060,SVM,MEAN_RATE_LINEAR_SVM,0,UNIT,0.3,proportion,2,True,MAIN_FROZEN_U30,PENDING
Allen VBN|1044389060|MEAN_RATE_LINEAR_SVM|0|UNIT|0.3|3,Allen VBN,510589,1044389060,SVM,MEAN_RATE_LINEAR_SVM,0,UNIT,0.3,proportion,3,True,MAIN_FROZEN_U30,PENDING
Allen VBN|1044389060|MEAN_RATE_LINEAR_SVM|0|UNIT|0.3|4,Allen VBN,510589,1044389060,SVM,MEAN_RATE_LINEAR_SVM,0,UNIT,0.3,proportion,4,True,MAIN_FROZEN_U30,PENDING
Allen VBN|1044389060|MEAN_RATE_LINEAR_SVM|0|UNIT|0.4|0,Allen VBN,510589,1044389060,SVM,MEAN_RATE_LINEAR_SVM,0,UNIT,0.4,proportion,0,False,NEW_SUPP_S1_FIXED_SEED,PENDING
Allen VBN|1044389060|MEAN_RATE_LINEAR_SVM|0|UNIT|0.4|1,Allen VBN,510589,1044389060,SVM,MEAN_RATE_LINEAR_SVM,0,UNIT,0.4,proportion,1,False,NEW_SUPP_S1_FIXED_SEED,PENDING
Allen VBN|1044389060|MEAN_RATE_LINEAR_SVM|0|UNIT|0.4|2,Allen VBN,510589,1044389060,SVM,MEAN_RATE_LINEAR_SVM,0,UNIT,0.4,proportion,2,False,NEW_SUPP_S1_FIXED_SEED,PENDING
Allen VBN|1044389060|MEAN_RATE_LINEAR_SVM|0|UNIT|0.4|3,Allen VBN,510589,1044389060,SVM,MEAN_RATE_LINEAR_SVM,0,UNIT,0.4,proportion,3,False,NEW_SUPP_S1_FIXED_SEED,PENDING
Allen VBN|1044389060|MEAN_RATE_LINEAR_SVM|0|UNIT|0.4|4,Allen VBN,510589,1044389060,SVM,MEAN_RATE_LINEAR_SVM,0,UNIT,0.4,proportion,4,False,NEW_SUPP_S1_FIXED_SEED,PENDING
Allen VBN|1044389060|MEAN_RATE_LINEAR_SVM|0|UNIT|0.5|0,Allen VBN,510589,1044389060,SVM,MEAN_RATE_LINEAR_SVM,0,UNIT,0.5,proportion,0,False,NEW_SUPP_S1_FIXED_SEED,PENDING
Allen VBN|1044389060|MEAN_RATE_LINEAR_SVM|0|UNIT|0.5|1,Allen VBN,510589,1044389060,SVM,MEAN_RATE_LINEAR_SVM,0,UNIT,0.5,proportion,1,False,NEW_SUPP_S1_FIXED_SEED,PENDING
Allen VBN|1044389060|MEAN_RATE_LINEAR_SVM|0|UNIT|0.5|2,Allen VBN,510589,1044389060,SVM,MEAN_RATE_LINEAR_SVM,0,UNIT,0.5,proportion,2,False,NEW_SUPP_S1_FIXED_SEED,PENDING
Allen VBN|1044389060|MEAN_RATE_LINEAR_SVM|0|UNIT|0.5|3,Allen VBN,510589,1044389060,SVM,MEAN_RATE_LINEAR_SVM,0,UNIT,0.5,proportion,3,False,NEW_SUPP_S1_FIXED_SEED,PENDING
Allen VBN|1044389060|MEAN_RATE_LINEAR_SVM|0|UNIT|0.5|4,Allen VBN,510589,1044389060,SVM,MEAN_RATE_LINEAR_SVM,0,UNIT,0.5,proportion,4,False,NEW_SUPP_S1_FIXED_SEED,PENDING
Allen VBN|1044389060|MEAN_RATE_LINEAR_SVM|0|TEMPORAL|2|0,Allen VBN,510589,1044389060,SVM,MEAN_RATE_LINEAR_SVM,0,TEMPORAL,2,bins,0,False,NEW_SUPP_S1_FIXED_SEED,PENDING
Allen VBN|1044389060|MEAN_RATE_LINEAR_SVM|0|TEMPORAL|2|1,Allen VBN,510589,1044389060,SVM,MEAN_RATE_LINEAR_SVM,0,TEMPORAL,2,bins,1,False,NEW_SUPP_S1_FIXED_SEED,PENDING
Allen VBN|1044389060|MEAN_RATE_LINEAR_SVM|0|TEMPORAL|2|2,Allen VBN,510589,1044389060,SVM,MEAN_RATE_LINEAR_SVM,0,TEMPORAL,2,bins,2,False,NEW_SUPP_S1_FIXED_SEED,PENDING
Allen VBN|1044389060|MEAN_RATE_LINEAR_SVM|0|TEMPORAL|2|3,Allen VBN,510589,1044389060,SVM,MEAN_RATE_LINEAR_SVM,0,TEMPORAL,2,bins,3,False,NEW_SUPP_S1_FIXED_SEED,PENDING
Allen VBN|1044389060|MEAN_RATE_LINEAR_SVM|0|TEMPORAL|2|4,Allen VBN,510589,1044389060,SVM,MEAN_RATE_LINEAR_SVM,0,TEMPORAL,2,bins,4,False,NEW_SUPP_S1_FIXED_SEED,PENDING
Allen VBN|1044389060|MEAN_RATE_LINEAR_SVM|0|TEMPORAL|3|0,Allen VBN,510589,1044389060,SVM,MEAN_RATE_LINEAR_SVM,0,TEMPORAL,3,bins,0,False,NEW_SUPP_S1_FIXED_SEED,PENDING
Allen VBN|1044389060|MEAN_RATE_LINEAR_SVM|0|TEMPORAL|3|1,Allen VBN,510589,1044389060,SVM,MEAN_RATE_LINEAR_SVM,0,TEMPORAL,3,bins,1,False,NEW_SUPP_S1_FIXED_SEED,PENDING
Allen VBN|1044389060|MEAN_RATE_LINEAR_SVM|0|TEMPORAL|3|2,Allen VBN,510589,1044389060,SVM,MEAN_RATE_LINEAR_SVM,0,TEMPORAL,3,bins,2,False,NEW_SUPP_S1_FIXED_SEED,PENDING
Allen VBN|1044389060|MEAN_RATE_LINEAR_SVM|0|TEMPORAL|3|3,Allen VBN,510589,1044389060,SVM,MEAN_RATE_LINEAR_SVM,0,TEMPORAL,3,bins,3,False,NEW_SUPP_S1_FIXED_SEED,PENDING
Allen VBN|1044389060|MEAN_RATE_LINEAR_SVM|0|TEMPORAL|3|4,Allen VBN,510589,1044389060,SVM,MEAN_RATE_LINEAR_SVM,0,TEMPORAL,3,bins,4,False,NEW_SUPP_S1_FIXED_SEED,PENDING
Allen VBN|1044389060|MEAN_RATE_LINEAR_SVM|0|TEMPORAL|5|0,Allen VBN,510589,1044389060,SVM,MEAN_RATE_LINEAR_SVM,0,TEMPORAL,5,bins,0,True,MAIN_FROZEN_T5,PENDING
Allen VBN|1044389060|MEAN_RATE_LINEAR_SVM|0|TEMPORAL|5|1,Allen VBN,510589,1044389060,SVM,MEAN_RATE_LINEAR_SVM,0,TEMPORAL,5,bins,1,True,MAIN_FROZEN_T5,PENDING
Allen VBN|1044389060|MEAN_RATE_LINEAR_SVM|0|TEMPORAL|5|2,Allen VBN,510589,1044389060,SVM,MEAN_RATE_LINEAR_SVM,0,TEMPORAL,5,bins,2,True,MAIN_FROZEN_T5,PENDING
Allen VBN|1044389060|MEAN_RATE_LINEAR_SVM|0|TEMPORAL|5|3,Allen VBN,510589,1044389060,SVM,MEAN_RATE_LINEAR_SVM,0,TEMPORAL,5,bins,3,True,MAIN_FROZEN_T5,PENDING
Allen VBN|1044389060|MEAN_RATE_LINEAR_SVM|0|TEMPORAL|5|4,Allen VBN,510589,1044389060,SVM,MEAN_RATE_LINEAR_SVM,0,TEMPORAL,5,bins,4,True,MAIN_FROZEN_T5,PENDING
Allen VBN|1044389060|MEAN_RATE_LINEAR_SVM|0|TEMPORAL|7|0,Allen VBN,510589,1044389060,SVM,MEAN_RATE_LINEAR_SVM,0,TEMPORAL,7,bins,0,False,NEW_SUPP_S1_FIXED_SEED,PENDING
Allen VBN|1044389060|MEAN_RATE_LINEAR_SVM|0|TEMPORAL|7|1,Allen VBN,510589,1044389060,SVM,MEAN_RATE_LINEAR_SVM,0,TEMPORAL,7,bins,1,False,NEW_SUPP_S1_FIXED_SEED,PENDING
Allen VBN|1044389060|MEAN_RATE_LINEAR_SVM|0|TEMPORAL|7|2,Allen VBN,510589,1044389060,SVM,MEAN_RATE_LINEAR_SVM,0,TEMPORAL,7,bins,2,False,NEW_SUPP_S1_FIXED_SEED,PENDING
Allen VBN|1044389060|MEAN_RATE_LINEAR_SVM|0|TEMPORAL|7|3,Allen VBN,510589,1044389060,SVM,MEAN_RATE_LINEAR_SVM,0,TEMPORAL,7,bins,3,False,NEW_SUPP_S1_FIXED_SEED,PENDING
Allen VBN|1044389060|MEAN_RATE_LINEAR_SVM|0|TEMPORAL|7|4,Allen VBN,510589,1044389060,SVM,MEAN_RATE_LINEAR_SVM,0,TEMPORAL,7,bins,4,False,NEW_SUPP_S1_FIXED_SEED,PENDING
Allen VBN|1044389060|MEAN_RATE_LINEAR_SVM|0|TEMPORAL|10|0,Allen VBN,510589,1044389060,SVM,MEAN_RATE_LINEAR_SVM,0,TEMPORAL,10,bins,0,False,NEW_SUPP_S1_FIXED_SEED,PENDING
Allen VBN|1044389060|MEAN_RATE_LINEAR_SVM|0|TEMPORAL|10|1,Allen VBN,510589,1044389060,SVM,MEAN_RATE_LINEAR_SVM,0,TEMPORAL,10,bins,1,False,NEW_SUPP_S1_FIXED_SEED,PENDING
Allen VBN|1044389060|MEAN_RATE_LINEAR_SVM|0|TEMPORAL|10|2,Allen VBN,510589,1044389060,SVM,MEAN_RATE_LINEAR_SVM,0,TEMPORAL,10,bins,2,False,NEW_SUPP_S1_FIXED_SEED,PENDING
Allen VBN|1044389060|MEAN_RATE_LINEAR_SVM|0|TEMPORAL|10|3,Allen VBN,510589,1044389060,SVM,MEAN_RATE_LINEAR_SVM,0,TEMPORAL,10,bins,3,False,NEW_SUPP_S1_FIXED_SEED,PENDING
Allen VBN|1044389060|MEAN_RATE_LINEAR_SVM|0|TEMPORAL|10|4,Allen VBN,510589,1044389060,SVM,MEAN_RATE_LINEAR_SVM,0,TEMPORAL,10,bins,4,False,NEW_SUPP_S1_FIXED_SEED,PENDING
Allen VBN|1044389060|MEAN_RATE_LINEAR_SVM|1|CLEAN|0,Allen VBN,510589,1044389060,SVM,MEAN_RATE_LINEAR_SVM,1,CLEAN_REFERENCE,0,none,0,False,R4_CLEAN_REFERENCE,PENDING
Allen VBN|1044389060|MEAN_RATE_LINEAR_SVM|1|UNIT|0.1|0,Allen VBN,510589,1044389060,SVM,MEAN_RATE_LINEAR_SVM,1,UNIT,0.1,proportion,0,False,NEW_SUPP_S1_FIXED_SEED,PENDING
Allen VBN|1044389060|MEAN_RATE_LINEAR_SVM|1|UNIT|0.1|1,Allen VBN,510589,1044389060,SVM,MEAN_RATE_LINEAR_SVM,1,UNIT,0.1,proportion,1,False,NEW_SUPP_S1_FIXED_SEED,PENDING
Allen VBN|1044389060|MEAN_RATE_LINEAR_SVM|1|UNIT|0.1|2,Allen VBN,510589,1044389060,SVM,MEAN_RATE_LINEAR_SVM,1,UNIT,0.1,proportion,2,False,NEW_SUPP_S1_FIXED_SEED,PENDING
Allen VBN|1044389060|MEAN_RATE_LINEAR_SVM|1|UNIT|0.1|3,Allen VBN,510589,1044389060,SVM,MEAN_RATE_LINEAR_SVM,1,UNIT,0.1,proportion,3,False,NEW_SUPP_S1_FIXED_SEED,PENDING
Allen VBN|1044389060|MEAN_RATE_LINEAR_SVM|1|UNIT|0.1|4,Allen VBN,510589,1044389060,SVM,MEAN_RATE_LINEAR_SVM,1,UNIT,0.1,proportion,4,False,NEW_SUPP_S1_FIXED_SEED,PENDING
Allen VBN|1044389060|MEAN_RATE_LINEAR_SVM|1|UNIT|0.2|0,Allen VBN,510589,1044389060,SVM,MEAN_RATE_LINEAR_SVM,1,UNIT,0.2,proportion,0,False,NEW_SUPP_S1_FIXED_SEED,PENDING
Allen VBN|1044389060|MEAN_RATE_LINEAR_SVM|1|UNIT|0.2|1,Allen VBN,510589,1044389060,SVM,MEAN_RATE_LINEAR_SVM,1,UNIT,0.2,proportion,1,False,NEW_SUPP_S1_FIXED_SEED,PENDING
Allen VBN|1044389060|MEAN_RATE_LINEAR_SVM|1|UNIT|0.2|2,Allen VBN,510589,1044389060,SVM,MEAN_RATE_LINEAR_SVM,1,UNIT,0.2,proportion,2,False,NEW_SUPP_S1_FIXED_SEED,PENDING
Allen VBN|1044389060|MEAN_RATE_LINEAR_SVM|1|UNIT|0.2|3,Allen VBN,510589,1044389060,SVM,MEAN_RATE_LINEAR_SVM,1,UNIT,0.2,proportion,3,False,NEW_SUPP_S1_FIXED_SEED,PENDING
Allen VBN|1044389060|MEAN_RATE_LINEAR_SVM|1|UNIT|0.2|4,Allen VBN,510589,1044389060,SVM,MEAN_RATE_LINEAR_SVM,1,UNIT,0.2,proportion,4,False,NEW_SUPP_S1_FIXED_SEED,PENDING
Allen VBN|1044389060|MEAN_RATE_LINEAR_SVM|1|UNIT|0.3|0,Allen VBN,510589,1044389060,SVM,MEAN_RATE_LINEAR_SVM,1,UNIT,0.3,proportion,0,True,MAIN_FROZEN_U30,PENDING
Allen VBN|1044389060|MEAN_RATE_LINEAR_SVM|1|UNIT|0.3|1,Allen VBN,510589,1044389060,SVM,MEAN_RATE_LINEAR_SVM,1,UNIT,0.3,proportion,1,True,MAIN_FROZEN_U30,PENDING
Allen VBN|1044389060|MEAN_RATE_LINEAR_SVM|1|UNIT|0.3|2,Allen VBN,510589,1044389060,SVM,MEAN_RATE_LINEAR_SVM,1,UNIT,0.3,proportion,2,True,MAIN_FROZEN_U30,PENDING
Allen VBN|1044389060|MEAN_RATE_LINEAR_SVM|1|UNIT|0.3|3,Allen VBN,510589,1044389060,SVM,MEAN_RATE_LINEAR_SVM,1,UNIT,0.3,proportion,3,True,MAIN_FROZEN_U30,PENDING
Allen VBN|1044389060|MEAN_RATE_LINEAR_SVM|1|UNIT|0.3|4,Allen VBN,510589,1044389060,SVM,MEAN_RATE_LINEAR_SVM,1,UNIT,0.3,proportion,4,True,MAIN_FROZEN_U30,PENDING
Allen VBN|1044389060|MEAN_RATE_LINEAR_SVM|1|UNIT|0.4|0,Allen VBN,510589,1044389060,SVM,MEAN_RATE_LINEAR_SVM,1,UNIT,0.4,proportion,0,False,NEW_SUPP_S1_FIXED_SEED,PENDING
Allen VBN|1044389060|MEAN_RATE_LINEAR_SVM|1|UNIT|0.4|1,Allen VBN,510589,1044389060,SVM,MEAN_RATE_LINEAR_SVM,1,UNIT,0.4,proportion,1,False,NEW_SUPP_S1_FIXED_SEED,PENDING
Allen VBN|1044389060|MEAN_RATE_LINEAR_SVM|1|UNIT|0.4|2,Allen VBN,510589,1044389060,SVM,MEAN_RATE_LINEAR_SVM,1,UNIT,0.4,proportion,2,False,NEW_SUPP_S1_FIXED_SEED,PENDING
Allen VBN|1044389060|MEAN_RATE_LINEAR_SVM|1|UNIT|0.4|3,Allen VBN,510589,1044389060,SVM,MEAN_RATE_LINEAR_SVM,1,UNIT,0.4,proportion,3,False,NEW_SUPP_S1_FIXED_SEED,PENDING
Allen VBN|1044389060|MEAN_RATE_LINEAR_SVM|1|UNIT|0.4|4,Allen VBN,510589,1044389060,SVM,MEAN_RATE_LINEAR_SVM,1,UNIT,0.4,proportion,4,False,NEW_SUPP_S1_FIXED_SEED,PENDING
Allen VBN|1044389060|MEAN_RATE_LINEAR_SVM|1|UNIT|0.5|0,Allen VBN,510589,1044389060,SVM,MEAN_RATE_LINEAR_SVM,1,UNIT,0.5,proportion,0,False,NEW_SUPP_S1_FIXED_SEED,PENDING
Allen VBN|1044389060|MEAN_RATE_LINEAR_SVM|1|UNIT|0.5|1,Allen VBN,510589,1044389060,SVM,MEAN_RATE_LINEAR_SVM,1,UNIT,0.5,proportion,1,False,NEW_SUPP_S1_FIXED_SEED,PENDING
Allen VBN|1044389060|MEAN_RATE_LINEAR_SVM|1|UNIT|0.5|2,Allen VBN,510589,1044389060,SVM,MEAN_RATE_LINEAR_SVM,1,UNIT,0.5,proportion,2,False,NEW_SUPP_S1_FIXED_SEED,PENDING
Allen VBN|1044389060|MEAN_RATE_LINEAR_SVM|1|UNIT|0.5|3,Allen VBN,510589,1044389060,SVM,MEAN_RATE_LINEAR_SVM,1,UNIT,0.5,proportion,3,False,NEW_SUPP_S1_FIXED_SEED,PENDING
Allen VBN|1044389060|MEAN_RATE_LINEAR_SVM|1|UNIT|0.5|4,Allen VBN,510589,1044389060,SVM,MEAN_RATE_LINEAR_SVM,1,UNIT,0.5,proportion,4,False,NEW_SUPP_S1_FIXED_SEED,PENDING
Allen VBN|1044389060|MEAN_RATE_LINEAR_SVM|1|TEMPORAL|2|0,Allen VBN,510589,1044389060,SVM,MEAN_RATE_LINEAR_SVM,1,TEMPORAL,2,bins,0,False,NEW_SUPP_S1_FIXED_SEED,PENDING
Allen VBN|1044389060|MEAN_RATE_LINEAR_SVM|1|TEMPORAL|2|1,Allen VBN,510589,1044389060,SVM,MEAN_RATE_LINEAR_SVM,1,TEMPORAL,2,bins,1,False,NEW_SUPP_S1_FIXED_SEED,PENDING
Allen VBN|1044389060|MEAN_RATE_LINEAR_SVM|1|TEMPORAL|2|2,Allen VBN,510589,1044389060,SVM,MEAN_RATE_LINEAR_SVM,1,TEMPORAL,2,bins,2,False,NEW_SUPP_S1_FIXED_SEED,PENDING
Allen VBN|1044389060|MEAN_RATE_LINEAR_SVM|1|TEMPORAL|2|3,Allen VBN,510589,1044389060,SVM,MEAN_RATE_LINEAR_SVM,1,TEMPORAL,2,bins,3,False,NEW_SUPP_S1_FIXED_SEED,PENDING
Allen VBN|1044389060|MEAN_RATE_LINEAR_SVM|1|TEMPORAL|2|4,Allen VBN,510589,1044389060,SVM,MEAN_RATE_LINEAR_SVM,1,TEMPORAL,2,bins,4,False,NEW_SUPP_S1_FIXED_SEED,PENDING
Allen VBN|1044389060|MEAN_RATE_LINEAR_SVM|1|TEMPORAL|3|0,Allen VBN,510589,1044389060,SVM,MEAN_RATE_LINEAR_SVM,1,TEMPORAL,3,bins,0,False,NEW_SUPP_S1_FIXED_SEED,PENDING
Allen VBN|1044389060|MEAN_RATE_LINEAR_SVM|1|TEMPORAL|3|1,Allen VBN,510589,1044389060,SVM,MEAN_RATE_LINEAR_SVM,1,TEMPORAL,3,bins,1,False,NEW_SUPP_S1_FIXED_SEED,PENDING
Allen VBN|1044389060|MEAN_RATE_LINEAR_SVM|1|TEMPORAL|3|2,Allen VBN,510589,1044389060,SVM,MEAN_RATE_LINEAR_SVM,1,TEMPORAL,3,bins,2,False,NEW_SUPP_S1_FIXED_SEED,PENDING
Allen VBN|1044389060|MEAN_RATE_LINEAR_SVM|1|TEMPORAL|3|3,Allen VBN,510589,1044389060,SVM,MEAN_RATE_LINEAR_SVM,1,TEMPORAL,3,bins,3,False,NEW_SUPP_S1_FIXED_SEED,PENDING
Allen VBN|1044389060|MEAN_RATE_LINEAR_SVM|1|TEMPORAL|3|4,Allen VBN,510589,1044389060,SVM,MEAN_RATE_LINEAR_SVM,1,TEMPORAL,3,bins,4,False,NEW_SUPP_S1_FIXED_SEED,PENDING
Allen VBN|1044389060|MEAN_RATE_LINEAR_SVM|1|TEMPORAL|5|0,Allen VBN,510589,1044389060,SVM,MEAN_RATE_LINEAR_SVM,1,TEMPORAL,5,bins,0,True,MAIN_FROZEN_T5,PENDING
Allen VBN|1044389060|MEAN_RATE_LINEAR_SVM|1|TEMPORAL|5|1,Allen VBN,510589,1044389060,SVM,MEAN_RATE_LINEAR_SVM,1,TEMPORAL,5,bins,1,True,MAIN_FROZEN_T5,PENDING
Allen VBN|1044389060|MEAN_RATE_LINEAR_SVM|1|TEMPORAL|5|2,Allen VBN,510589,1044389060,SVM,MEAN_RATE_LINEAR_SVM,1,TEMPORAL,5,bins,2,True,MAIN_FROZEN_T5,PENDING
Allen VBN|1044389060|MEAN_RATE_LINEAR_SVM|1|TEMPORAL|5|3,Allen VBN,510589,1044389060,SVM,MEAN_RATE_LINEAR_SVM,1,TEMPORAL,5,bins,3,True,MAIN_FROZEN_T5,PENDING
Allen VBN|1044389060|MEAN_RATE_LINEAR_SVM|1|TEMPORAL|5|4,Allen VBN,510589,1044389060,SVM,MEAN_RATE_LINEAR_SVM,1,TEMPORAL,5,bins,4,True,MAIN_FROZEN_T5,PENDING
Allen VBN|1044389060|MEAN_RATE_LINEAR_SVM|1|TEMPORAL|7|0,Allen VBN,510589,1044389060,SVM,MEAN_RATE_LINEAR_SVM,1,TEMPORAL,7,bins,0,False,NEW_SUPP_S1_FIXED_SEED,PENDING
Allen VBN|1044389060|MEAN_RATE_LINEAR_SVM|1|TEMPORAL|7|1,Allen VBN,510589,1044389060,SVM,MEAN_RATE_LINEAR_SVM,1,TEMPORAL,7,bins,1,False,NEW_SUPP_S1_FIXED_SEED,PENDING
Allen VBN|1044389060|MEAN_RATE_LINEAR_SVM|1|TEMPORAL|7|2,Allen VBN,510589,1044389060,SVM,MEAN_RATE_LINEAR_SVM,1,TEMPORAL,7,bins,2,False,NEW_SUPP_S1_FIXED_SEED,PENDING
Allen VBN|1044389060|MEAN_RATE_LINEAR_SVM|1|TEMPORAL|7|3,Allen VBN,510589,1044389060,SVM,MEAN_RATE_LINEAR_SVM,1,TEMPORAL,7,bins,3,False,NEW_SUPP_S1_FIXED_SEED,PENDING
Allen VBN|1044389060|MEAN_RATE_LINEAR_SVM|1|TEMPORAL|7|4,Allen VBN,510589,1044389060,SVM,MEAN_RATE_LINEAR_SVM,1,TEMPORAL,7,bins,4,False,NEW_SUPP_S1_FIXED_SEED,PENDING
Allen VBN|1044389060|MEAN_RATE_LINEAR_SVM|1|TEMPORAL|10|0,Allen VBN,510589,1044389060,SVM,MEAN_RATE_LINEAR_SVM,1,TEMPORAL,10,bins,0,False,NEW_SUPP_S1_FIXED_SEED,PENDING
Allen VBN|1044389060|MEAN_RATE_LINEAR_SVM|1|TEMPORAL|10|1,Allen VBN,510589,1044389060,SVM,MEAN_RATE_LINEAR_SVM,1,TEMPORAL,10,bins,1,False,NEW_SUPP_S1_FIXED_SEED,PENDING
Allen VBN|1044389060|MEAN_RATE_LINEAR_SVM|1|TEMPORAL|10|2,Allen VBN,510589,1044389060,SVM,MEAN_RATE_LINEAR_SVM,1,TEMPORAL,10,bins,2,False,NEW_SUPP_S1_FIXED_SEED,PENDING
Allen VBN|1044389060|MEAN_RATE_LINEAR_SVM|1|TEMPORAL|10|3,Allen VBN,510589,1044389060,SVM,MEAN_RATE_LINEAR_SVM,1,TEMPORAL,10,bins,3,False,NEW_SUPP_S1_FIXED_SEED,PENDING
Allen VBN|1044389060|MEAN_RATE_LINEAR_SVM|1|TEMPORAL|10|4,Allen VBN,510589,1044389060,SVM,MEAN_RATE_LINEAR_SVM,1,TEMPORAL,10,bins,4,False,NEW_SUPP_S1_FIXED_SEED,PENDING
Allen VBN|1044594870|MM_RVD_A9_SELECTED_R6|0|CLEAN|0,Allen VBN,524761,1044594870,MM-RVD,MM_RVD_A9_SELECTED_R6,0,CLEAN_REFERENCE,0,none,0,False,R4_CLEAN_REFERENCE,PENDING
Allen VBN|1044594870|MM_RVD_A9_SELECTED_R6|0|UNIT|0.1|0,Allen VBN,524761,1044594870,MM-RVD,MM_RVD_A9_SELECTED_R6,0,UNIT,0.1,proportion,0,False,NEW_SUPP_S1_FIXED_SEED,PENDING
Allen VBN|1044594870|MM_RVD_A9_SELECTED_R6|0|UNIT|0.1|1,Allen VBN,524761,1044594870,MM-RVD,MM_RVD_A9_SELECTED_R6,0,UNIT,0.1,proportion,1,False,NEW_SUPP_S1_FIXED_SEED,PENDING
Allen VBN|1044594870|MM_RVD_A9_SELECTED_R6|0|UNIT|0.1|2,Allen VBN,524761,1044594870,MM-RVD,MM_RVD_A9_SELECTED_R6,0,UNIT,0.1,proportion,2,False,NEW_SUPP_S1_FIXED_SEED,PENDING
Allen VBN|1044594870|MM_RVD_A9_SELECTED_R6|0|UNIT|0.1|3,Allen VBN,524761,1044594870,MM-RVD,MM_RVD_A9_SELECTED_R6,0,UNIT,0.1,proportion,3,False,NEW_SUPP_S1_FIXED_SEED,PENDING
Allen VBN|1044594870|MM_RVD_A9_SELECTED_R6|0|UNIT|0.1|4,Allen VBN,524761,1044594870,MM-RVD,MM_RVD_A9_SELECTED_R6,0,UNIT,0.1,proportion,4,False,NEW_SUPP_S1_FIXED_SEED,PENDING
Allen VBN|1044594870|MM_RVD_A9_SELECTED_R6|0|UNIT|0.2|0,Allen VBN,524761,1044594870,MM-RVD,MM_RVD_A9_SELECTED_R6,0,UNIT,0.2,proportion,0,False,NEW_SUPP_S1_FIXED_SEED,PENDING
Allen VBN|1044594870|MM_RVD_A9_SELECTED_R6|0|UNIT|0.2|1,Allen VBN,524761,1044594870,MM-RVD,MM_RVD_A9_SELECTED_R6,0,UNIT,0.2,proportion,1,False,NEW_SUPP_S1_FIXED_SEED,PENDING
Allen VBN|1044594870|MM_RVD_A9_SELECTED_R6|0|UNIT|0.2|2,Allen VBN,524761,1044594870,MM-RVD,MM_RVD_A9_SELECTED_R6,0,UNIT,0.2,proportion,2,False,NEW_SUPP_S1_FIXED_SEED,PENDING
Allen VBN|1044594870|MM_RVD_A9_SELECTED_R6|0|UNIT|0.2|3,Allen VBN,524761,1044594870,MM-RVD,MM_RVD_A9_SELECTED_R6,0,UNIT,0.2,proportion,3,False,NEW_SUPP_S1_FIXED_SEED,PENDING
Allen VBN|1044594870|MM_RVD_A9_SELECTED_R6|0|UNIT|0.2|4,Allen VBN,524761,1044594870,MM-RVD,MM_RVD_A9_SELECTED_R6,0,UNIT,0.2,proportion,4,False,NEW_SUPP_S1_FIXED_SEED,PENDING
Allen VBN|1044594870|MM_RVD_A9_SELECTED_R6|0|UNIT|0.3|0,Allen VBN,524761,1044594870,MM-RVD,MM_RVD_A9_SELECTED_R6,0,UNIT,0.3,proportion,0,True,MAIN_FROZEN_U30,PENDING
Allen VBN|1044594870|MM_RVD_A9_SELECTED_R6|0|UNIT|0.3|1,Allen VBN,524761,1044594870,MM-RVD,MM_RVD_A9_SELECTED_R6,0,UNIT,0.3,proportion,1,True,MAIN_FROZEN_U30,PENDING
Allen VBN|1044594870|MM_RVD_A9_SELECTED_R6|0|UNIT|0.3|2,Allen VBN,524761,1044594870,MM-RVD,MM_RVD_A9_SELECTED_R6,0,UNIT,0.3,proportion,2,True,MAIN_FROZEN_U30,PENDING
Allen VBN|1044594870|MM_RVD_A9_SELECTED_R6|0|UNIT|0.3|3,Allen VBN,524761,1044594870,MM-RVD,MM_RVD_A9_SELECTED_R6,0,UNIT,0.3,proportion,3,True,MAIN_FROZEN_U30,PENDING
Allen VBN|1044594870|MM_RVD_A9_SELECTED_R6|0|UNIT|0.3|4,Allen VBN,524761,1044594870,MM-RVD,MM_RVD_A9_SELECTED_R6,0,UNIT,0.3,proportion,4,True,MAIN_FROZEN_U30,PENDING
Allen VBN|1044594870|MM_RVD_A9_SELECTED_R6|0|UNIT|0.4|0,Allen VBN,524761,1044594870,MM-RVD,MM_RVD_A9_SELECTED_R6,0,UNIT,0.4,proportion,0,False,NEW_SUPP_S1_FIXED_SEED,PENDING
Allen VBN|1044594870|MM_RVD_A9_SELECTED_R6|0|UNIT|0.4|1,Allen VBN,524761,1044594870,MM-RVD,MM_RVD_A9_SELECTED_R6,0,UNIT,0.4,proportion,1,False,NEW_SUPP_S1_FIXED_SEED,PENDING
Allen VBN|1044594870|MM_RVD_A9_SELECTED_R6|0|UNIT|0.4|2,Allen VBN,524761,1044594870,MM-RVD,MM_RVD_A9_SELECTED_R6,0,UNIT,0.4,proportion,2,False,NEW_SUPP_S1_FIXED_SEED,PENDING
Allen VBN|1044594870|MM_RVD_A9_SELECTED_R6|0|UNIT|0.4|3,Allen VBN,524761,1044594870,MM-RVD,MM_RVD_A9_SELECTED_R6,0,UNIT,0.4,proportion,3,False,NEW_SUPP_S1_FIXED_SEED,PENDING
Allen VBN|1044594870|MM_RVD_A9_SELECTED_R6|0|UNIT|0.4|4,Allen VBN,524761,1044594870,MM-RVD,MM_RVD_A9_SELECTED_R6,0,UNIT,0.4,proportion,4,False,NEW_SUPP_S1_FIXED_SEED,PENDING
Allen VBN|1044594870|MM_RVD_A9_SELECTED_R6|0|UNIT|0.5|0,Allen VBN,524761,1044594870,MM-RVD,MM_RVD_A9_SELECTED_R6,0,UNIT,0.5,proportion,0,False,NEW_SUPP_S1_FIXED_SEED,PENDING
Allen VBN|1044594870|MM_RVD_A9_SELECTED_R6|0|UNIT|0.5|1,Allen VBN,524761,1044594870,MM-RVD,MM_RVD_A9_SELECTED_R6,0,UNIT,0.5,proportion,1,False,NEW_SUPP_S1_FIXED_SEED,PENDING
Allen VBN|1044594870|MM_RVD_A9_SELECTED_R6|0|UNIT|0.5|2,Allen VBN,524761,1044594870,MM-RVD,MM_RVD_A9_SELECTED_R6,0,UNIT,0.5,proportion,2,False,NEW_SUPP_S1_FIXED_SEED,PENDING
Allen VBN|1044594870|MM_RVD_A9_SELECTED_R6|0|UNIT|0.5|3,Allen VBN,524761,1044594870,MM-RVD,MM_RVD_A9_SELECTED_R6,0,UNIT,0.5,proportion,3,False,NEW_SUPP_S1_FIXED_SEED,PENDING
Allen VBN|1044594870|MM_RVD_A9_SELECTED_R6|0|UNIT|0.5|4,Allen VBN,524761,1044594870,MM-RVD,MM_RVD_A9_SELECTED_R6,0,UNIT,0.5,proportion,4,False,NEW_SUPP_S1_FIXED_SEED,PENDING
Allen VBN|1044594870|MM_RVD_A9_SELECTED_R6|0|TEMPORAL|2|0,Allen VBN,524761,1044594870,MM-RVD,MM_RVD_A9_SELECTED_R6,0,TEMPORAL,2,bins,0,False,NEW_SUPP_S1_FIXED_SEED,PENDING
Allen VBN|1044594870|MM_RVD_A9_SELECTED_R6|0|TEMPORAL|2|1,Allen VBN,524761,1044594870,MM-RVD,MM_RVD_A9_SELECTED_R6,0,TEMPORAL,2,bins,1,False,NEW_SUPP_S1_FIXED_SEED,PENDING
Allen VBN|1044594870|MM_RVD_A9_SELECTED_R6|0|TEMPORAL|2|2,Allen VBN,524761,1044594870,MM-RVD,MM_RVD_A9_SELECTED_R6,0,TEMPORAL,2,bins,2,False,NEW_SUPP_S1_FIXED_SEED,PENDING
Allen VBN|1044594870|MM_RVD_A9_SELECTED_R6|0|TEMPORAL|2|3,Allen VBN,524761,1044594870,MM-RVD,MM_RVD_A9_SELECTED_R6,0,TEMPORAL,2,bins,3,False,NEW_SUPP_S1_FIXED_SEED,PENDING
Allen VBN|1044594870|MM_RVD_A9_SELECTED_R6|0|TEMPORAL|2|4,Allen VBN,524761,1044594870,MM-RVD,MM_RVD_A9_SELECTED_R6,0,TEMPORAL,2,bins,4,False,NEW_SUPP_S1_FIXED_SEED,PENDING
Allen VBN|1044594870|MM_RVD_A9_SELECTED_R6|0|TEMPORAL|3|0,Allen VBN,524761,1044594870,MM-RVD,MM_RVD_A9_SELECTED_R6,0,TEMPORAL,3,bins,0,False,NEW_SUPP_S1_FIXED_SEED,PENDING
Allen VBN|1044594870|MM_RVD_A9_SELECTED_R6|0|TEMPORAL|3|1,Allen VBN,524761,1044594870,MM-RVD,MM_RVD_A9_SELECTED_R6,0,TEMPORAL,3,bins,1,False,NEW_SUPP_S1_FIXED_SEED,PENDING
Allen VBN|1044594870|MM_RVD_A9_SELECTED_R6|0|TEMPORAL|3|2,Allen VBN,524761,1044594870,MM-RVD,MM_RVD_A9_SELECTED_R6,0,TEMPORAL,3,bins,2,False,NEW_SUPP_S1_FIXED_SEED,PENDING
Allen VBN|1044594870|MM_RVD_A9_SELECTED_R6|0|TEMPORAL|3|3,Allen VBN,524761,1044594870,MM-RVD,MM_RVD_A9_SELECTED_R6,0,TEMPORAL,3,bins,3,False,NEW_SUPP_S1_FIXED_SEED,PENDING
Allen VBN|1044594870|MM_RVD_A9_SELECTED_R6|0|TEMPORAL|3|4,Allen VBN,524761,1044594870,MM-RVD,MM_RVD_A9_SELECTED_R6,0,TEMPORAL,3,bins,4,False,NEW_SUPP_S1_FIXED_SEED,PENDING
Allen VBN|1044594870|MM_RVD_A9_SELECTED_R6|0|TEMPORAL|5|0,Allen VBN,524761,1044594870,MM-RVD,MM_RVD_A9_SELECTED_R6,0,TEMPORAL,5,bins,0,True,MAIN_FROZEN_T5,PENDING
Allen VBN|1044594870|MM_RVD_A9_SELECTED_R6|0|TEMPORAL|5|1,Allen VBN,524761,1044594870,MM-RVD,MM_RVD_A9_SELECTED_R6,0,TEMPORAL,5,bins,1,True,MAIN_FROZEN_T5,PENDING
Allen VBN|1044594870|MM_RVD_A9_SELECTED_R6|0|TEMPORAL|5|2,Allen VBN,524761,1044594870,MM-RVD,MM_RVD_A9_SELECTED_R6,0,TEMPORAL,5,bins,2,True,MAIN_FROZEN_T5,PENDING
Allen VBN|1044594870|MM_RVD_A9_SELECTED_R6|0|TEMPORAL|5|3,Allen VBN,524761,1044594870,MM-RVD,MM_RVD_A9_SELECTED_R6,0,TEMPORAL,5,bins,3,True,MAIN_FROZEN_T5,PENDING
Allen VBN|1044594870|MM_RVD_A9_SELECTED_R6|0|TEMPORAL|5|4,Allen VBN,524761,1044594870,MM-RVD,MM_RVD_A9_SELECTED_R6,0,TEMPORAL,5,bins,4,True,MAIN_FROZEN_T5,PENDING
Allen VBN|1044594870|MM_RVD_A9_SELECTED_R6|0|TEMPORAL|7|0,Allen VBN,524761,1044594870,MM-RVD,MM_RVD_A9_SELECTED_R6,0,TEMPORAL,7,bins,0,False,NEW_SUPP_S1_FIXED_SEED,PENDING
Allen VBN|1044594870|MM_RVD_A9_SELECTED_R6|0|TEMPORAL|7|1,Allen VBN,524761,1044594870,MM-RVD,MM_RVD_A9_SELECTED_R6,0,TEMPORAL,7,bins,1,False,NEW_SUPP_S1_FIXED_SEED,PENDING
Allen VBN|1044594870|MM_RVD_A9_SELECTED_R6|0|TEMPORAL|7|2,Allen VBN,524761,1044594870,MM-RVD,MM_RVD_A9_SELECTED_R6,0,TEMPORAL,7,bins,2,False,NEW_SUPP_S1_FIXED_SEED,PENDING
Allen VBN|1044594870|MM_RVD_A9_SELECTED_R6|0|TEMPORAL|7|3,Allen VBN,524761,1044594870,MM-RVD,MM_RVD_A9_SELECTED_R6,0,TEMPORAL,7,bins,3,False,NEW_SUPP_S1_FIXED_SEED,PENDING
Allen VBN|1044594870|MM_RVD_A9_SELECTED_R6|0|TEMPORAL|7|4,Allen VBN,524761,1044594870,MM-RVD,MM_RVD_A9_SELECTED_R6,0,TEMPORAL,7,bins,4,False,NEW_SUPP_S1_FIXED_SEED,PENDING
Allen VBN|1044594870|MM_RVD_A9_SELECTED_R6|0|TEMPORAL|10|0,Allen VBN,524761,1044594870,MM-RVD,MM_RVD_A9_SELECTED_R6,0,TEMPORAL,10,bins,0,False,NEW_SUPP_S1_FIXED_SEED,PENDING
Allen VBN|1044594870|MM_RVD_A9_SELECTED_R6|0|TEMPORAL|10|1,Allen VBN,524761,1044594870,MM-RVD,MM_RVD_A9_SELECTED_R6,0,TEMPORAL,10,bins,1,False,NEW_SUPP_S1_FIXED_SEED,PENDING
Allen VBN|1044594870|MM_RVD_A9_SELECTED_R6|0|TEMPORAL|10|2,Allen VBN,524761,1044594870,MM-RVD,MM_RVD_A9_SELECTED_R6,0,TEMPORAL,10,bins,2,False,NEW_SUPP_S1_FIXED_SEED,PENDING
Allen VBN|1044594870|MM_RVD_A9_SELECTED_R6|0|TEMPORAL|10|3,Allen VBN,524761,1044594870,MM-RVD,MM_RVD_A9_SELECTED_R6,0,TEMPORAL,10,bins,3,False,NEW_SUPP_S1_FIXED_SEED,PENDING
Allen VBN|1044594870|MM_RVD_A9_SELECTED_R6|0|TEMPORAL|10|4,Allen VBN,524761,1044594870,MM-RVD,MM_RVD_A9_SELECTED_R6,0,TEMPORAL,10,bins,4,False,NEW_SUPP_S1_FIXED_SEED,PENDING
Allen VBN|1044594870|MM_RVD_A9_SELECTED_R6|1|CLEAN|0,Allen VBN,524761,1044594870,MM-RVD,MM_RVD_A9_SELECTED_R6,1,CLEAN_REFERENCE,0,none,0,False,R4_CLEAN_REFERENCE,PENDING
Allen VBN|1044594870|MM_RVD_A9_SELECTED_R6|1|UNIT|0.1|0,Allen VBN,524761,1044594870,MM-RVD,MM_RVD_A9_SELECTED_R6,1,UNIT,0.1,proportion,0,False,NEW_SUPP_S1_FIXED_SEED,PENDING
Allen VBN|1044594870|MM_RVD_A9_SELECTED_R6|1|UNIT|0.1|1,Allen VBN,524761,1044594870,MM-RVD,MM_RVD_A9_SELECTED_R6,1,UNIT,0.1,proportion,1,False,NEW_SUPP_S1_FIXED_SEED,PENDING
Allen VBN|1044594870|MM_RVD_A9_SELECTED_R6|1|UNIT|0.1|2,Allen VBN,524761,1044594870,MM-RVD,MM_RVD_A9_SELECTED_R6,1,UNIT,0.1,proportion,2,False,NEW_SUPP_S1_FIXED_SEED,PENDING
Allen VBN|1044594870|MM_RVD_A9_SELECTED_R6|1|UNIT|0.1|3,Allen VBN,524761,1044594870,MM-RVD,MM_RVD_A9_SELECTED_R6,1,UNIT,0.1,proportion,3,False,NEW_SUPP_S1_FIXED_SEED,PENDING
Allen VBN|1044594870|MM_RVD_A9_SELECTED_R6|1|UNIT|0.1|4,Allen VBN,524761,1044594870,MM-RVD,MM_RVD_A9_SELECTED_R6,1,UNIT,0.1,proportion,4,False,NEW_SUPP_S1_FIXED_SEED,PENDING
Allen VBN|1044594870|MM_RVD_A9_SELECTED_R6|1|UNIT|0.2|0,Allen VBN,524761,1044594870,MM-RVD,MM_RVD_A9_SELECTED_R6,1,UNIT,0.2,proportion,0,False,NEW_SUPP_S1_FIXED_SEED,PENDING
Allen VBN|1044594870|MM_RVD_A9_SELECTED_R6|1|UNIT|0.2|1,Allen VBN,524761,1044594870,MM-RVD,MM_RVD_A9_SELECTED_R6,1,UNIT,0.2,proportion,1,False,NEW_SUPP_S1_FIXED_SEED,PENDING
Allen VBN|1044594870|MM_RVD_A9_SELECTED_R6|1|UNIT|0.2|2,Allen VBN,524761,1044594870,MM-RVD,MM_RVD_A9_SELECTED_R6,1,UNIT,0.2,proportion,2,False,NEW_SUPP_S1_FIXED_SEED,PENDING
Allen VBN|1044594870|MM_RVD_A9_SELECTED_R6|1|UNIT|0.2|3,Allen VBN,524761,1044594870,MM-RVD,MM_RVD_A9_SELECTED_R6,1,UNIT,0.2,proportion,3,False,NEW_SUPP_S1_FIXED_SEED,PENDING
Allen VBN|1044594870|MM_RVD_A9_SELECTED_R6|1|UNIT|0.2|4,Allen VBN,524761,1044594870,MM-RVD,MM_RVD_A9_SELECTED_R6,1,UNIT,0.2,proportion,4,False,NEW_SUPP_S1_FIXED_SEED,PENDING
Allen VBN|1044594870|MM_RVD_A9_SELECTED_R6|1|UNIT|0.3|0,Allen VBN,524761,1044594870,MM-RVD,MM_RVD_A9_SELECTED_R6,1,UNIT,0.3,proportion,0,True,MAIN_FROZEN_U30,PENDING
Allen VBN|1044594870|MM_RVD_A9_SELECTED_R6|1|UNIT|0.3|1,Allen VBN,524761,1044594870,MM-RVD,MM_RVD_A9_SELECTED_R6,1,UNIT,0.3,proportion,1,True,MAIN_FROZEN_U30,PENDING
Allen VBN|1044594870|MM_RVD_A9_SELECTED_R6|1|UNIT|0.3|2,Allen VBN,524761,1044594870,MM-RVD,MM_RVD_A9_SELECTED_R6,1,UNIT,0.3,proportion,2,True,MAIN_FROZEN_U30,PENDING
Allen VBN|1044594870|MM_RVD_A9_SELECTED_R6|1|UNIT|0.3|3,Allen VBN,524761,1044594870,MM-RVD,MM_RVD_A9_SELECTED_R6,1,UNIT,0.3,proportion,3,True,MAIN_FROZEN_U30,PENDING
Allen VBN|1044594870|MM_RVD_A9_SELECTED_R6|1|UNIT|0.3|4,Allen VBN,524761,1044594870,MM-RVD,MM_RVD_A9_SELECTED_R6,1,UNIT,0.3,proportion,4,True,MAIN_FROZEN_U30,PENDING
Allen VBN|1044594870|MM_RVD_A9_SELECTED_R6|1|UNIT|0.4|0,Allen VBN,524761,1044594870,MM-RVD,MM_RVD_A9_SELECTED_R6,1,UNIT,0.4,proportion,0,False,NEW_SUPP_S1_FIXED_SEED,PENDING
Allen VBN|1044594870|MM_RVD_A9_SELECTED_R6|1|UNIT|0.4|1,Allen VBN,524761,1044594870,MM-RVD,MM_RVD_A9_SELECTED_R6,1,UNIT,0.4,proportion,1,False,NEW_SUPP_S1_FIXED_SEED,PENDING
Allen VBN|1044594870|MM_RVD_A9_SELECTED_R6|1|UNIT|0.4|2,Allen VBN,524761,1044594870,MM-RVD,MM_RVD_A9_SELECTED_R6,1,UNIT,0.4,proportion,2,False,NEW_SUPP_S1_FIXED_SEED,PENDING
Allen VBN|1044594870|MM_RVD_A9_SELECTED_R6|1|UNIT|0.4|3,Allen VBN,524761,1044594870,MM-RVD,MM_RVD_A9_SELECTED_R6,1,UNIT,0.4,proportion,3,False,NEW_SUPP_S1_FIXED_SEED,PENDING
Allen VBN|1044594870|MM_RVD_A9_SELECTED_R6|1|UNIT|0.4|4,Allen VBN,524761,1044594870,MM-RVD,MM_RVD_A9_SELECTED_R6,1,UNIT,0.4,proportion,4,False,NEW_SUPP_S1_FIXED_SEED,PENDING
Allen VBN|1044594870|MM_RVD_A9_SELECTED_R6|1|UNIT|0.5|0,Allen VBN,524761,1044594870,MM-RVD,MM_RVD_A9_SELECTED_R6,1,UNIT,0.5,proportion,0,False,NEW_SUPP_S1_FIXED_SEED,PENDING
Allen VBN|1044594870|MM_RVD_A9_SELECTED_R6|1|UNIT|0.5|1,Allen VBN,524761,1044594870,MM-RVD,MM_RVD_A9_SELECTED_R6,1,UNIT,0.5,proportion,1,False,NEW_SUPP_S1_FIXED_SEED,PENDING
Allen VBN|1044594870|MM_RVD_A9_SELECTED_R6|1|UNIT|0.5|2,Allen VBN,524761,1044594870,MM-RVD,MM_RVD_A9_SELECTED_R6,1,UNIT,0.5,proportion,2,False,NEW_SUPP_S1_FIXED_SEED,PENDING
Allen VBN|1044594870|MM_RVD_A9_SELECTED_R6|1|UNIT|0.5|3,Allen VBN,524761,1044594870,MM-RVD,MM_RVD_A9_SELECTED_R6,1,UNIT,0.5,proportion,3,False,NEW_SUPP_S1_FIXED_SEED,PENDING
Allen VBN|1044594870|MM_RVD_A9_SELECTED_R6|1|UNIT|0.5|4,Allen VBN,524761,1044594870,MM-RVD,MM_RVD_A9_SELECTED_R6,1,UNIT,0.5,proportion,4,False,NEW_SUPP_S1_FIXED_SEED,PENDING
Allen VBN|1044594870|MM_RVD_A9_SELECTED_R6|1|TEMPORAL|2|0,Allen VBN,524761,1044594870,MM-RVD,MM_RVD_A9_SELECTED_R6,1,TEMPORAL,2,bins,0,False,NEW_SUPP_S1_FIXED_SEED,PENDING
Allen VBN|1044594870|MM_RVD_A9_SELECTED_R6|1|TEMPORAL|2|1,Allen VBN,524761,1044594870,MM-RVD,MM_RVD_A9_SELECTED_R6,1,TEMPORAL,2,bins,1,False,NEW_SUPP_S1_FIXED_SEED,PENDING
Allen VBN|1044594870|MM_RVD_A9_SELECTED_R6|1|TEMPORAL|2|2,Allen VBN,524761,1044594870,MM-RVD,MM_RVD_A9_SELECTED_R6,1,TEMPORAL,2,bins,2,False,NEW_SUPP_S1_FIXED_SEED,PENDING
Allen VBN|1044594870|MM_RVD_A9_SELECTED_R6|1|TEMPORAL|2|3,Allen VBN,524761,1044594870,MM-RVD,MM_RVD_A9_SELECTED_R6,1,TEMPORAL,2,bins,3,False,NEW_SUPP_S1_FIXED_SEED,PENDING
Allen VBN|1044594870|MM_RVD_A9_SELECTED_R6|1|TEMPORAL|2|4,Allen VBN,524761,1044594870,MM-RVD,MM_RVD_A9_SELECTED_R6,1,TEMPORAL,2,bins,4,False,NEW_SUPP_S1_FIXED_SEED,PENDING
Allen VBN|1044594870|MM_RVD_A9_SELECTED_R6|1|TEMPORAL|3|0,Allen VBN,524761,1044594870,MM-RVD,MM_RVD_A9_SELECTED_R6,1,TEMPORAL,3,bins,0,False,NEW_SUPP_S1_FIXED_SEED,PENDING
Allen VBN|1044594870|MM_RVD_A9_SELECTED_R6|1|TEMPORAL|3|1,Allen VBN,524761,1044594870,MM-RVD,MM_RVD_A9_SELECTED_R6,1,TEMPORAL,3,bins,1,False,NEW_SUPP_S1_FIXED_SEED,PENDING
Allen VBN|1044594870|MM_RVD_A9_SELECTED_R6|1|TEMPORAL|3|2,Allen VBN,524761,1044594870,MM-RVD,MM_RVD_A9_SELECTED_R6,1,TEMPORAL,3,bins,2,False,NEW_SUPP_S1_FIXED_SEED,PENDING
Allen VBN|1044594870|MM_RVD_A9_SELECTED_R6|1|TEMPORAL|3|3,Allen VBN,524761,1044594870,MM-RVD,MM_RVD_A9_SELECTED_R6,1,TEMPORAL,3,bins,3,False,NEW_SUPP_S1_FIXED_SEED,PENDING
Allen VBN|1044594870|MM_RVD_A9_SELECTED_R6|1|TEMPORAL|3|4,Allen VBN,524761,1044594870,MM-RVD,MM_RVD_A9_SELECTED_R6,1,TEMPORAL,3,bins,4,False,NEW_SUPP_S1_FIXED_SEED,PENDING
Allen VBN|1044594870|MM_RVD_A9_SELECTED_R6|1|TEMPORAL|5|0,Allen VBN,524761,1044594870,MM-RVD,MM_RVD_A9_SELECTED_R6,1,TEMPORAL,5,bins,0,True,MAIN_FROZEN_T5,PENDING
Allen VBN|1044594870|MM_RVD_A9_SELECTED_R6|1|TEMPORAL|5|1,Allen VBN,524761,1044594870,MM-RVD,MM_RVD_A9_SELECTED_R6,1,TEMPORAL,5,bins,1,True,MAIN_FROZEN_T5,PENDING
Allen VBN|1044594870|MM_RVD_A9_SELECTED_R6|1|TEMPORAL|5|2,Allen VBN,524761,1044594870,MM-RVD,MM_RVD_A9_SELECTED_R6,1,TEMPORAL,5,bins,2,True,MAIN_FROZEN_T5,PENDING
Allen VBN|1044594870|MM_RVD_A9_SELECTED_R6|1|TEMPORAL|5|3,Allen VBN,524761,1044594870,MM-RVD,MM_RVD_A9_SELECTED_R6,1,TEMPORAL,5,bins,3,True,MAIN_FROZEN_T5,PENDING
Allen VBN|1044594870|MM_RVD_A9_SELECTED_R6|1|TEMPORAL|5|4,Allen VBN,524761,1044594870,MM-RVD,MM_RVD_A9_SELECTED_R6,1,TEMPORAL,5,bins,4,True,MAIN_FROZEN_T5,PENDING
Allen VBN|1044594870|MM_RVD_A9_SELECTED_R6|1|TEMPORAL|7|0,Allen VBN,524761,1044594870,MM-RVD,MM_RVD_A9_SELECTED_R6,1,TEMPORAL,7,bins,0,False,NEW_SUPP_S1_FIXED_SEED,PENDING
Allen VBN|1044594870|MM_RVD_A9_SELECTED_R6|1|TEMPORAL|7|1,Allen VBN,524761,1044594870,MM-RVD,MM_RVD_A9_SELECTED_R6,1,TEMPORAL,7,bins,1,False,NEW_SUPP_S1_FIXED_SEED,PENDING
Allen VBN|1044594870|MM_RVD_A9_SELECTED_R6|1|TEMPORAL|7|2,Allen VBN,524761,1044594870,MM-RVD,MM_RVD_A9_SELECTED_R6,1,TEMPORAL,7,bins,2,False,NEW_SUPP_S1_FIXED_SEED,PENDING
Allen VBN|1044594870|MM_RVD_A9_SELECTED_R6|1|TEMPORAL|7|3,Allen VBN,524761,1044594870,MM-RVD,MM_RVD_A9_SELECTED_R6,1,TEMPORAL,7,bins,3,False,NEW_SUPP_S1_FIXED_SEED,PENDING
Allen VBN|1044594870|MM_RVD_A9_SELECTED_R6|1|TEMPORAL|7|4,Allen VBN,524761,1044594870,MM-RVD,MM_RVD_A9_SELECTED_R6,1,TEMPORAL,7,bins,4,False,NEW_SUPP_S1_FIXED_SEED,PENDING
Allen VBN|1044594870|MM_RVD_A9_SELECTED_R6|1|TEMPORAL|10|0,Allen VBN,524761,1044594870,MM-RVD,MM_RVD_A9_SELECTED_R6,1,TEMPORAL,10,bins,0,False,NEW_SUPP_S1_FIXED_SEED,PENDING
Allen VBN|1044594870|MM_RVD_A9_SELECTED_R6|1|TEMPORAL|10|1,Allen VBN,524761,1044594870,MM-RVD,MM_RVD_A9_SELECTED_R6,1,TEMPORAL,10,bins,1,False,NEW_SUPP_S1_FIXED_SEED,PENDING
Allen VBN|1044594870|MM_RVD_A9_SELECTED_R6|1|TEMPORAL|10|2,Allen VBN,524761,1044594870,MM-RVD,MM_RVD_A9_SELECTED_R6,1,TEMPORAL,10,bins,2,False,NEW_SUPP_S1_FIXED_SEED,PENDING
Allen VBN|1044594870|MM_RVD_A9_SELECTED_R6|1|TEMPORAL|10|3,Allen VBN,524761,1044594870,MM-RVD,MM_RVD_A9_SELECTED_R6,1,TEMPORAL,10,bins,3,False,NEW_SUPP_S1_FIXED_SEED,PENDING
Allen VBN|1044594870|MM_RVD_A9_SELECTED_R6|1|TEMPORAL|10|4,Allen VBN,524761,1044594870,MM-RVD,MM_RVD_A9_SELECTED_R6,1,TEMPORAL,10,bins,4,False,NEW_SUPP_S1_FIXED_SEED,PENDING
Allen VBN|1044594870|MEAN_RATE_LINEAR_SVM|0|CLEAN|0,Allen VBN,524761,1044594870,SVM,MEAN_RATE_LINEAR_SVM,0,CLEAN_REFERENCE,0,none,0,False,R4_CLEAN_REFERENCE,PENDING
Allen VBN|1044594870|MEAN_RATE_LINEAR_SVM|0|UNIT|0.1|0,Allen VBN,524761,1044594870,SVM,MEAN_RATE_LINEAR_SVM,0,UNIT,0.1,proportion,0,False,NEW_SUPP_S1_FIXED_SEED,PENDING
Allen VBN|1044594870|MEAN_RATE_LINEAR_SVM|0|UNIT|0.1|1,Allen VBN,524761,1044594870,SVM,MEAN_RATE_LINEAR_SVM,0,UNIT,0.1,proportion,1,False,NEW_SUPP_S1_FIXED_SEED,PENDING
Allen VBN|1044594870|MEAN_RATE_LINEAR_SVM|0|UNIT|0.1|2,Allen VBN,524761,1044594870,SVM,MEAN_RATE_LINEAR_SVM,0,UNIT,0.1,proportion,2,False,NEW_SUPP_S1_FIXED_SEED,PENDING
Allen VBN|1044594870|MEAN_RATE_LINEAR_SVM|0|UNIT|0.1|3,Allen VBN,524761,1044594870,SVM,MEAN_RATE_LINEAR_SVM,0,UNIT,0.1,proportion,3,False,NEW_SUPP_S1_FIXED_SEED,PENDING
Allen VBN|1044594870|MEAN_RATE_LINEAR_SVM|0|UNIT|0.1|4,Allen VBN,524761,1044594870,SVM,MEAN_RATE_LINEAR_SVM,0,UNIT,0.1,proportion,4,False,NEW_SUPP_S1_FIXED_SEED,PENDING
Allen VBN|1044594870|MEAN_RATE_LINEAR_SVM|0|UNIT|0.2|0,Allen VBN,524761,1044594870,SVM,MEAN_RATE_LINEAR_SVM,0,UNIT,0.2,proportion,0,False,NEW_SUPP_S1_FIXED_SEED,PENDING
Allen VBN|1044594870|MEAN_RATE_LINEAR_SVM|0|UNIT|0.2|1,Allen VBN,524761,1044594870,SVM,MEAN_RATE_LINEAR_SVM,0,UNIT,0.2,proportion,1,False,NEW_SUPP_S1_FIXED_SEED,PENDING
Allen VBN|1044594870|MEAN_RATE_LINEAR_SVM|0|UNIT|0.2|2,Allen VBN,524761,1044594870,SVM,MEAN_RATE_LINEAR_SVM,0,UNIT,0.2,proportion,2,False,NEW_SUPP_S1_FIXED_SEED,PENDING
Allen VBN|1044594870|MEAN_RATE_LINEAR_SVM|0|UNIT|0.2|3,Allen VBN,524761,1044594870,SVM,MEAN_RATE_LINEAR_SVM,0,UNIT,0.2,proportion,3,False,NEW_SUPP_S1_FIXED_SEED,PENDING
Allen VBN|1044594870|MEAN_RATE_LINEAR_SVM|0|UNIT|0.2|4,Allen VBN,524761,1044594870,SVM,MEAN_RATE_LINEAR_SVM,0,UNIT,0.2,proportion,4,False,NEW_SUPP_S1_FIXED_SEED,PENDING
Allen VBN|1044594870|MEAN_RATE_LINEAR_SVM|0|UNIT|0.3|0,Allen VBN,524761,1044594870,SVM,MEAN_RATE_LINEAR_SVM,0,UNIT,0.3,proportion,0,True,MAIN_FROZEN_U30,PENDING
Allen VBN|1044594870|MEAN_RATE_LINEAR_SVM|0|UNIT|0.3|1,Allen VBN,524761,1044594870,SVM,MEAN_RATE_LINEAR_SVM,0,UNIT,0.3,proportion,1,True,MAIN_FROZEN_U30,PENDING
Allen VBN|1044594870|MEAN_RATE_LINEAR_SVM|0|UNIT|0.3|2,Allen VBN,524761,1044594870,SVM,MEAN_RATE_LINEAR_SVM,0,UNIT,0.3,proportion,2,True,MAIN_FROZEN_U30,PENDING
Allen VBN|1044594870|MEAN_RATE_LINEAR_SVM|0|UNIT|0.3|3,Allen VBN,524761,1044594870,SVM,MEAN_RATE_LINEAR_SVM,0,UNIT,0.3,proportion,3,True,MAIN_FROZEN_U30,PENDING
Allen VBN|1044594870|MEAN_RATE_LINEAR_SVM|0|UNIT|0.3|4,Allen VBN,524761,1044594870,SVM,MEAN_RATE_LINEAR_SVM,0,UNIT,0.3,proportion,4,True,MAIN_FROZEN_U30,PENDING
Allen VBN|1044594870|MEAN_RATE_LINEAR_SVM|0|UNIT|0.4|0,Allen VBN,524761,1044594870,SVM,MEAN_RATE_LINEAR_SVM,0,UNIT,0.4,proportion,0,False,NEW_SUPP_S1_FIXED_SEED,PENDING
Allen VBN|1044594870|MEAN_RATE_LINEAR_SVM|0|UNIT|0.4|1,Allen VBN,524761,1044594870,SVM,MEAN_RATE_LINEAR_SVM,0,UNIT,0.4,proportion,1,False,NEW_SUPP_S1_FIXED_SEED,PENDING
Allen VBN|1044594870|MEAN_RATE_LINEAR_SVM|0|UNIT|0.4|2,Allen VBN,524761,1044594870,SVM,MEAN_RATE_LINEAR_SVM,0,UNIT,0.4,proportion,2,False,NEW_SUPP_S1_FIXED_SEED,PENDING
Allen VBN|1044594870|MEAN_RATE_LINEAR_SVM|0|UNIT|0.4|3,Allen VBN,524761,1044594870,SVM,MEAN_RATE_LINEAR_SVM,0,UNIT,0.4,proportion,3,False,NEW_SUPP_S1_FIXED_SEED,PENDING
Allen VBN|1044594870|MEAN_RATE_LINEAR_SVM|0|UNIT|0.4|4,Allen VBN,524761,1044594870,SVM,MEAN_RATE_LINEAR_SVM,0,UNIT,0.4,proportion,4,False,NEW_SUPP_S1_FIXED_SEED,PENDING
Allen VBN|1044594870|MEAN_RATE_LINEAR_SVM|0|UNIT|0.5|0,Allen VBN,524761,1044594870,SVM,MEAN_RATE_LINEAR_SVM,0,UNIT,0.5,proportion,0,False,NEW_SUPP_S1_FIXED_SEED,PENDING
Allen VBN|1044594870|MEAN_RATE_LINEAR_SVM|0|UNIT|0.5|1,Allen VBN,524761,1044594870,SVM,MEAN_RATE_LINEAR_SVM,0,UNIT,0.5,proportion,1,False,NEW_SUPP_S1_FIXED_SEED,PENDING
Allen VBN|1044594870|MEAN_RATE_LINEAR_SVM|0|UNIT|0.5|2,Allen VBN,524761,1044594870,SVM,MEAN_RATE_LINEAR_SVM,0,UNIT,0.5,proportion,2,False,NEW_SUPP_S1_FIXED_SEED,PENDING
Allen VBN|1044594870|MEAN_RATE_LINEAR_SVM|0|UNIT|0.5|3,Allen VBN,524761,1044594870,SVM,MEAN_RATE_LINEAR_SVM,0,UNIT,0.5,proportion,3,False,NEW_SUPP_S1_FIXED_SEED,PENDING
Allen VBN|1044594870|MEAN_RATE_LINEAR_SVM|0|UNIT|0.5|4,Allen VBN,524761,1044594870,SVM,MEAN_RATE_LINEAR_SVM,0,UNIT,0.5,proportion,4,False,NEW_SUPP_S1_FIXED_SEED,PENDING
Allen VBN|1044594870|MEAN_RATE_LINEAR_SVM|0|TEMPORAL|2|0,Allen VBN,524761,1044594870,SVM,MEAN_RATE_LINEAR_SVM,0,TEMPORAL,2,bins,0,False,NEW_SUPP_S1_FIXED_SEED,PENDING
Allen VBN|1044594870|MEAN_RATE_LINEAR_SVM|0|TEMPORAL|2|1,Allen VBN,524761,1044594870,SVM,MEAN_RATE_LINEAR_SVM,0,TEMPORAL,2,bins,1,False,NEW_SUPP_S1_FIXED_SEED,PENDING
Allen VBN|1044594870|MEAN_RATE_LINEAR_SVM|0|TEMPORAL|2|2,Allen VBN,524761,1044594870,SVM,MEAN_RATE_LINEAR_SVM,0,TEMPORAL,2,bins,2,False,NEW_SUPP_S1_FIXED_SEED,PENDING
Allen VBN|1044594870|MEAN_RATE_LINEAR_SVM|0|TEMPORAL|2|3,Allen VBN,524761,1044594870,SVM,MEAN_RATE_LINEAR_SVM,0,TEMPORAL,2,bins,3,False,NEW_SUPP_S1_FIXED_SEED,PENDING
Allen VBN|1044594870|MEAN_RATE_LINEAR_SVM|0|TEMPORAL|2|4,Allen VBN,524761,1044594870,SVM,MEAN_RATE_LINEAR_SVM,0,TEMPORAL,2,bins,4,False,NEW_SUPP_S1_FIXED_SEED,PENDING
Allen VBN|1044594870|MEAN_RATE_LINEAR_SVM|0|TEMPORAL|3|0,Allen VBN,524761,1044594870,SVM,MEAN_RATE_LINEAR_SVM,0,TEMPORAL,3,bins,0,False,NEW_SUPP_S1_FIXED_SEED,PENDING
Allen VBN|1044594870|MEAN_RATE_LINEAR_SVM|0|TEMPORAL|3|1,Allen VBN,524761,1044594870,SVM,MEAN_RATE_LINEAR_SVM,0,TEMPORAL,3,bins,1,False,NEW_SUPP_S1_FIXED_SEED,PENDING
Allen VBN|1044594870|MEAN_RATE_LINEAR_SVM|0|TEMPORAL|3|2,Allen VBN,524761,1044594870,SVM,MEAN_RATE_LINEAR_SVM,0,TEMPORAL,3,bins,2,False,NEW_SUPP_S1_FIXED_SEED,PENDING
Allen VBN|1044594870|MEAN_RATE_LINEAR_SVM|0|TEMPORAL|3|3,Allen VBN,524761,1044594870,SVM,MEAN_RATE_LINEAR_SVM,0,TEMPORAL,3,bins,3,False,NEW_SUPP_S1_FIXED_SEED,PENDING
Allen VBN|1044594870|MEAN_RATE_LINEAR_SVM|0|TEMPORAL|3|4,Allen VBN,524761,1044594870,SVM,MEAN_RATE_LINEAR_SVM,0,TEMPORAL,3,bins,4,False,NEW_SUPP_S1_FIXED_SEED,PENDING
Allen VBN|1044594870|MEAN_RATE_LINEAR_SVM|0|TEMPORAL|5|0,Allen VBN,524761,1044594870,SVM,MEAN_RATE_LINEAR_SVM,0,TEMPORAL,5,bins,0,True,MAIN_FROZEN_T5,PENDING
Allen VBN|1044594870|MEAN_RATE_LINEAR_SVM|0|TEMPORAL|5|1,Allen VBN,524761,1044594870,SVM,MEAN_RATE_LINEAR_SVM,0,TEMPORAL,5,bins,1,True,MAIN_FROZEN_T5,PENDING
Allen VBN|1044594870|MEAN_RATE_LINEAR_SVM|0|TEMPORAL|5|2,Allen VBN,524761,1044594870,SVM,MEAN_RATE_LINEAR_SVM,0,TEMPORAL,5,bins,2,True,MAIN_FROZEN_T5,PENDING
Allen VBN|1044594870|MEAN_RATE_LINEAR_SVM|0|TEMPORAL|5|3,Allen VBN,524761,1044594870,SVM,MEAN_RATE_LINEAR_SVM,0,TEMPORAL,5,bins,3,True,MAIN_FROZEN_T5,PENDING
Allen VBN|1044594870|MEAN_RATE_LINEAR_SVM|0|TEMPORAL|5|4,Allen VBN,524761,1044594870,SVM,MEAN_RATE_LINEAR_SVM,0,TEMPORAL,5,bins,4,True,MAIN_FROZEN_T5,PENDING
Allen VBN|1044594870|MEAN_RATE_LINEAR_SVM|0|TEMPORAL|7|0,Allen VBN,524761,1044594870,SVM,MEAN_RATE_LINEAR_SVM,0,TEMPORAL,7,bins,0,False,NEW_SUPP_S1_FIXED_SEED,PENDING
Allen VBN|1044594870|MEAN_RATE_LINEAR_SVM|0|TEMPORAL|7|1,Allen VBN,524761,1044594870,SVM,MEAN_RATE_LINEAR_SVM,0,TEMPORAL,7,bins,1,False,NEW_SUPP_S1_FIXED_SEED,PENDING
Allen VBN|1044594870|MEAN_RATE_LINEAR_SVM|0|TEMPORAL|7|2,Allen VBN,524761,1044594870,SVM,MEAN_RATE_LINEAR_SVM,0,TEMPORAL,7,bins,2,False,NEW_SUPP_S1_FIXED_SEED,PENDING
Allen VBN|1044594870|MEAN_RATE_LINEAR_SVM|0|TEMPORAL|7|3,Allen VBN,524761,1044594870,SVM,MEAN_RATE_LINEAR_SVM,0,TEMPORAL,7,bins,3,False,NEW_SUPP_S1_FIXED_SEED,PENDING
Allen VBN|1044594870|MEAN_RATE_LINEAR_SVM|0|TEMPORAL|7|4,Allen VBN,524761,1044594870,SVM,MEAN_RATE_LINEAR_SVM,0,TEMPORAL,7,bins,4,False,NEW_SUPP_S1_FIXED_SEED,PENDING
Allen VBN|1044594870|MEAN_RATE_LINEAR_SVM|0|TEMPORAL|10|0,Allen VBN,524761,1044594870,SVM,MEAN_RATE_LINEAR_SVM,0,TEMPORAL,10,bins,0,False,NEW_SUPP_S1_FIXED_SEED,PENDING
Allen VBN|1044594870|MEAN_RATE_LINEAR_SVM|0|TEMPORAL|10|1,Allen VBN,524761,1044594870,SVM,MEAN_RATE_LINEAR_SVM,0,TEMPORAL,10,bins,1,False,NEW_SUPP_S1_FIXED_SEED,PENDING
Allen VBN|1044594870|MEAN_RATE_LINEAR_SVM|0|TEMPORAL|10|2,Allen VBN,524761,1044594870,SVM,MEAN_RATE_LINEAR_SVM,0,TEMPORAL,10,bins,2,False,NEW_SUPP_S1_FIXED_SEED,PENDING
Allen VBN|1044594870|MEAN_RATE_LINEAR_SVM|0|TEMPORAL|10|3,Allen VBN,524761,1044594870,SVM,MEAN_RATE_LINEAR_SVM,0,TEMPORAL,10,bins,3,False,NEW_SUPP_S1_FIXED_SEED,PENDING
Allen VBN|1044594870|MEAN_RATE_LINEAR_SVM|0|TEMPORAL|10|4,Allen VBN,524761,1044594870,SVM,MEAN_RATE_LINEAR_SVM,0,TEMPORAL,10,bins,4,False,NEW_SUPP_S1_FIXED_SEED,PENDING
Allen VBN|1044594870|MEAN_RATE_LINEAR_SVM|1|CLEAN|0,Allen VBN,524761,1044594870,SVM,MEAN_RATE_LINEAR_SVM,1,CLEAN_REFERENCE,0,none,0,False,R4_CLEAN_REFERENCE,PENDING
Allen VBN|1044594870|MEAN_RATE_LINEAR_SVM|1|UNIT|0.1|0,Allen VBN,524761,1044594870,SVM,MEAN_RATE_LINEAR_SVM,1,UNIT,0.1,proportion,0,False,NEW_SUPP_S1_FIXED_SEED,PENDING
Allen VBN|1044594870|MEAN_RATE_LINEAR_SVM|1|UNIT|0.1|1,Allen VBN,524761,1044594870,SVM,MEAN_RATE_LINEAR_SVM,1,UNIT,0.1,proportion,1,False,NEW_SUPP_S1_FIXED_SEED,PENDING
Allen VBN|1044594870|MEAN_RATE_LINEAR_SVM|1|UNIT|0.1|2,Allen VBN,524761,1044594870,SVM,MEAN_RATE_LINEAR_SVM,1,UNIT,0.1,proportion,2,False,NEW_SUPP_S1_FIXED_SEED,PENDING
Allen VBN|1044594870|MEAN_RATE_LINEAR_SVM|1|UNIT|0.1|3,Allen VBN,524761,1044594870,SVM,MEAN_RATE_LINEAR_SVM,1,UNIT,0.1,proportion,3,False,NEW_SUPP_S1_FIXED_SEED,PENDING
Allen VBN|1044594870|MEAN_RATE_LINEAR_SVM|1|UNIT|0.1|4,Allen VBN,524761,1044594870,SVM,MEAN_RATE_LINEAR_SVM,1,UNIT,0.1,proportion,4,False,NEW_SUPP_S1_FIXED_SEED,PENDING
Allen VBN|1044594870|MEAN_RATE_LINEAR_SVM|1|UNIT|0.2|0,Allen VBN,524761,1044594870,SVM,MEAN_RATE_LINEAR_SVM,1,UNIT,0.2,proportion,0,False,NEW_SUPP_S1_FIXED_SEED,PENDING
Allen VBN|1044594870|MEAN_RATE_LINEAR_SVM|1|UNIT|0.2|1,Allen VBN,524761,1044594870,SVM,MEAN_RATE_LINEAR_SVM,1,UNIT,0.2,proportion,1,False,NEW_SUPP_S1_FIXED_SEED,PENDING
Allen VBN|1044594870|MEAN_RATE_LINEAR_SVM|1|UNIT|0.2|2,Allen VBN,524761,1044594870,SVM,MEAN_RATE_LINEAR_SVM,1,UNIT,0.2,proportion,2,False,NEW_SUPP_S1_FIXED_SEED,PENDING
Allen VBN|1044594870|MEAN_RATE_LINEAR_SVM|1|UNIT|0.2|3,Allen VBN,524761,1044594870,SVM,MEAN_RATE_LINEAR_SVM,1,UNIT,0.2,proportion,3,False,NEW_SUPP_S1_FIXED_SEED,PENDING
Allen VBN|1044594870|MEAN_RATE_LINEAR_SVM|1|UNIT|0.2|4,Allen VBN,524761,1044594870,SVM,MEAN_RATE_LINEAR_SVM,1,UNIT,0.2,proportion,4,False,NEW_SUPP_S1_FIXED_SEED,PENDING
Allen VBN|1044594870|MEAN_RATE_LINEAR_SVM|1|UNIT|0.3|0,Allen VBN,524761,1044594870,SVM,MEAN_RATE_LINEAR_SVM,1,UNIT,0.3,proportion,0,True,MAIN_FROZEN_U30,PENDING
Allen VBN|1044594870|MEAN_RATE_LINEAR_SVM|1|UNIT|0.3|1,Allen VBN,524761,1044594870,SVM,MEAN_RATE_LINEAR_SVM,1,UNIT,0.3,proportion,1,True,MAIN_FROZEN_U30,PENDING
Allen VBN|1044594870|MEAN_RATE_LINEAR_SVM|1|UNIT|0.3|2,Allen VBN,524761,1044594870,SVM,MEAN_RATE_LINEAR_SVM,1,UNIT,0.3,proportion,2,True,MAIN_FROZEN_U30,PENDING
Allen VBN|1044594870|MEAN_RATE_LINEAR_SVM|1|UNIT|0.3|3,Allen VBN,524761,1044594870,SVM,MEAN_RATE_LINEAR_SVM,1,UNIT,0.3,proportion,3,True,MAIN_FROZEN_U30,PENDING
Allen VBN|1044594870|MEAN_RATE_LINEAR_SVM|1|UNIT|0.3|4,Allen VBN,524761,1044594870,SVM,MEAN_RATE_LINEAR_SVM,1,UNIT,0.3,proportion,4,True,MAIN_FROZEN_U30,PENDING
Allen VBN|1044594870|MEAN_RATE_LINEAR_SVM|1|UNIT|0.4|0,Allen VBN,524761,1044594870,SVM,MEAN_RATE_LINEAR_SVM,1,UNIT,0.4,proportion,0,False,NEW_SUPP_S1_FIXED_SEED,PENDING
Allen VBN|1044594870|MEAN_RATE_LINEAR_SVM|1|UNIT|0.4|1,Allen VBN,524761,1044594870,SVM,MEAN_RATE_LINEAR_SVM,1,UNIT,0.4,proportion,1,False,NEW_SUPP_S1_FIXED_SEED,PENDING
Allen VBN|1044594870|MEAN_RATE_LINEAR_SVM|1|UNIT|0.4|2,Allen VBN,524761,1044594870,SVM,MEAN_RATE_LINEAR_SVM,1,UNIT,0.4,proportion,2,False,NEW_SUPP_S1_FIXED_SEED,PENDING
Allen VBN|1044594870|MEAN_RATE_LINEAR_SVM|1|UNIT|0.4|3,Allen VBN,524761,1044594870,SVM,MEAN_RATE_LINEAR_SVM,1,UNIT,0.4,proportion,3,False,NEW_SUPP_S1_FIXED_SEED,PENDING
Allen VBN|1044594870|MEAN_RATE_LINEAR_SVM|1|UNIT|0.4|4,Allen VBN,524761,1044594870,SVM,MEAN_RATE_LINEAR_SVM,1,UNIT,0.4,proportion,4,False,NEW_SUPP_S1_FIXED_SEED,PENDING
Allen VBN|1044594870|MEAN_RATE_LINEAR_SVM|1|UNIT|0.5|0,Allen VBN,524761,1044594870,SVM,MEAN_RATE_LINEAR_SVM,1,UNIT,0.5,proportion,0,False,NEW_SUPP_S1_FIXED_SEED,PENDING
Allen VBN|1044594870|MEAN_RATE_LINEAR_SVM|1|UNIT|0.5|1,Allen VBN,524761,1044594870,SVM,MEAN_RATE_LINEAR_SVM,1,UNIT,0.5,proportion,1,False,NEW_SUPP_S1_FIXED_SEED,PENDING
Allen VBN|1044594870|MEAN_RATE_LINEAR_SVM|1|UNIT|0.5|2,Allen VBN,524761,1044594870,SVM,MEAN_RATE_LINEAR_SVM,1,UNIT,0.5,proportion,2,False,NEW_SUPP_S1_FIXED_SEED,PENDING
Allen VBN|1044594870|MEAN_RATE_LINEAR_SVM|1|UNIT|0.5|3,Allen VBN,524761,1044594870,SVM,MEAN_RATE_LINEAR_SVM,1,UNIT,0.5,proportion,3,False,NEW_SUPP_S1_FIXED_SEED,PENDING
Allen VBN|1044594870|MEAN_RATE_LINEAR_SVM|1|UNIT|0.5|4,Allen VBN,524761,1044594870,SVM,MEAN_RATE_LINEAR_SVM,1,UNIT,0.5,proportion,4,False,NEW_SUPP_S1_FIXED_SEED,PENDING
Allen VBN|1044594870|MEAN_RATE_LINEAR_SVM|1|TEMPORAL|2|0,Allen VBN,524761,1044594870,SVM,MEAN_RATE_LINEAR_SVM,1,TEMPORAL,2,bins,0,False,NEW_SUPP_S1_FIXED_SEED,PENDING
Allen VBN|1044594870|MEAN_RATE_LINEAR_SVM|1|TEMPORAL|2|1,Allen VBN,524761,1044594870,SVM,MEAN_RATE_LINEAR_SVM,1,TEMPORAL,2,bins,1,False,NEW_SUPP_S1_FIXED_SEED,PENDING
Allen VBN|1044594870|MEAN_RATE_LINEAR_SVM|1|TEMPORAL|2|2,Allen VBN,524761,1044594870,SVM,MEAN_RATE_LINEAR_SVM,1,TEMPORAL,2,bins,2,False,NEW_SUPP_S1_FIXED_SEED,PENDING
Allen VBN|1044594870|MEAN_RATE_LINEAR_SVM|1|TEMPORAL|2|3,Allen VBN,524761,1044594870,SVM,MEAN_RATE_LINEAR_SVM,1,TEMPORAL,2,bins,3,False,NEW_SUPP_S1_FIXED_SEED,PENDING
Allen VBN|1044594870|MEAN_RATE_LINEAR_SVM|1|TEMPORAL|2|4,Allen VBN,524761,1044594870,SVM,MEAN_RATE_LINEAR_SVM,1,TEMPORAL,2,bins,4,False,NEW_SUPP_S1_FIXED_SEED,PENDING
Allen VBN|1044594870|MEAN_RATE_LINEAR_SVM|1|TEMPORAL|3|0,Allen VBN,524761,1044594870,SVM,MEAN_RATE_LINEAR_SVM,1,TEMPORAL,3,bins,0,False,NEW_SUPP_S1_FIXED_SEED,PENDING
Allen VBN|1044594870|MEAN_RATE_LINEAR_SVM|1|TEMPORAL|3|1,Allen VBN,524761,1044594870,SVM,MEAN_RATE_LINEAR_SVM,1,TEMPORAL,3,bins,1,False,NEW_SUPP_S1_FIXED_SEED,PENDING
Allen VBN|1044594870|MEAN_RATE_LINEAR_SVM|1|TEMPORAL|3|2,Allen VBN,524761,1044594870,SVM,MEAN_RATE_LINEAR_SVM,1,TEMPORAL,3,bins,2,False,NEW_SUPP_S1_FIXED_SEED,PENDING
Allen VBN|1044594870|MEAN_RATE_LINEAR_SVM|1|TEMPORAL|3|3,Allen VBN,524761,1044594870,SVM,MEAN_RATE_LINEAR_SVM,1,TEMPORAL,3,bins,3,False,NEW_SUPP_S1_FIXED_SEED,PENDING
Allen VBN|1044594870|MEAN_RATE_LINEAR_SVM|1|TEMPORAL|3|4,Allen VBN,524761,1044594870,SVM,MEAN_RATE_LINEAR_SVM,1,TEMPORAL,3,bins,4,False,NEW_SUPP_S1_FIXED_SEED,PENDING
Allen VBN|1044594870|MEAN_RATE_LINEAR_SVM|1|TEMPORAL|5|0,Allen VBN,524761,1044594870,SVM,MEAN_RATE_LINEAR_SVM,1,TEMPORAL,5,bins,0,True,MAIN_FROZEN_T5,PENDING
Allen VBN|1044594870|MEAN_RATE_LINEAR_SVM|1|TEMPORAL|5|1,Allen VBN,524761,1044594870,SVM,MEAN_RATE_LINEAR_SVM,1,TEMPORAL,5,bins,1,True,MAIN_FROZEN_T5,PENDING
Allen VBN|1044594870|MEAN_RATE_LINEAR_SVM|1|TEMPORAL|5|2,Allen VBN,524761,1044594870,SVM,MEAN_RATE_LINEAR_SVM,1,TEMPORAL,5,bins,2,True,MAIN_FROZEN_T5,PENDING
Allen VBN|1044594870|MEAN_RATE_LINEAR_SVM|1|TEMPORAL|5|3,Allen VBN,524761,1044594870,SVM,MEAN_RATE_LINEAR_SVM,1,TEMPORAL,5,bins,3,True,MAIN_FROZEN_T5,PENDING
Allen VBN|1044594870|MEAN_RATE_LINEAR_SVM|1|TEMPORAL|5|4,Allen VBN,524761,1044594870,SVM,MEAN_RATE_LINEAR_SVM,1,TEMPORAL,5,bins,4,True,MAIN_FROZEN_T5,PENDING
Allen VBN|1044594870|MEAN_RATE_LINEAR_SVM|1|TEMPORAL|7|0,Allen VBN,524761,1044594870,SVM,MEAN_RATE_LINEAR_SVM,1,TEMPORAL,7,bins,0,False,NEW_SUPP_S1_FIXED_SEED,PENDING
Allen VBN|1044594870|MEAN_RATE_LINEAR_SVM|1|TEMPORAL|7|1,Allen VBN,524761,1044594870,SVM,MEAN_RATE_LINEAR_SVM,1,TEMPORAL,7,bins,1,False,NEW_SUPP_S1_FIXED_SEED,PENDING
Allen VBN|1044594870|MEAN_RATE_LINEAR_SVM|1|TEMPORAL|7|2,Allen VBN,524761,1044594870,SVM,MEAN_RATE_LINEAR_SVM,1,TEMPORAL,7,bins,2,False,NEW_SUPP_S1_FIXED_SEED,PENDING
Allen VBN|1044594870|MEAN_RATE_LINEAR_SVM|1|TEMPORAL|7|3,Allen VBN,524761,1044594870,SVM,MEAN_RATE_LINEAR_SVM,1,TEMPORAL,7,bins,3,False,NEW_SUPP_S1_FIXED_SEED,PENDING
Allen VBN|1044594870|MEAN_RATE_LINEAR_SVM|1|TEMPORAL|7|4,Allen VBN,524761,1044594870,SVM,MEAN_RATE_LINEAR_SVM,1,TEMPORAL,7,bins,4,False,NEW_SUPP_S1_FIXED_SEED,PENDING
Allen VBN|1044594870|MEAN_RATE_LINEAR_SVM|1|TEMPORAL|10|0,Allen VBN,524761,1044594870,SVM,MEAN_RATE_LINEAR_SVM,1,TEMPORAL,10,bins,0,False,NEW_SUPP_S1_FIXED_SEED,PENDING
Allen VBN|1044594870|MEAN_RATE_LINEAR_SVM|1|TEMPORAL|10|1,Allen VBN,524761,1044594870,SVM,MEAN_RATE_LINEAR_SVM,1,TEMPORAL,10,bins,1,False,NEW_SUPP_S1_FIXED_SEED,PENDING
Allen VBN|1044594870|MEAN_RATE_LINEAR_SVM|1|TEMPORAL|10|2,Allen VBN,524761,1044594870,SVM,MEAN_RATE_LINEAR_SVM,1,TEMPORAL,10,bins,2,False,NEW_SUPP_S1_FIXED_SEED,PENDING
Allen VBN|1044594870|MEAN_RATE_LINEAR_SVM|1|TEMPORAL|10|3,Allen VBN,524761,1044594870,SVM,MEAN_RATE_LINEAR_SVM,1,TEMPORAL,10,bins,3,False,NEW_SUPP_S1_FIXED_SEED,PENDING
Allen VBN|1044594870|MEAN_RATE_LINEAR_SVM|1|TEMPORAL|10|4,Allen VBN,524761,1044594870,SVM,MEAN_RATE_LINEAR_SVM,1,TEMPORAL,10,bins,4,False,NEW_SUPP_S1_FIXED_SEED,PENDING
Allen VBN|1049514117|MM_RVD_A9_SELECTED_R6|0|CLEAN|0,Allen VBN,521466,1049514117,MM-RVD,MM_RVD_A9_SELECTED_R6,0,CLEAN_REFERENCE,0,none,0,False,R4_CLEAN_REFERENCE,PENDING
Allen VBN|1049514117|MM_RVD_A9_SELECTED_R6|0|UNIT|0.1|0,Allen VBN,521466,1049514117,MM-RVD,MM_RVD_A9_SELECTED_R6,0,UNIT,0.1,proportion,0,False,NEW_SUPP_S1_FIXED_SEED,PENDING
Allen VBN|1049514117|MM_RVD_A9_SELECTED_R6|0|UNIT|0.1|1,Allen VBN,521466,1049514117,MM-RVD,MM_RVD_A9_SELECTED_R6,0,UNIT,0.1,proportion,1,False,NEW_SUPP_S1_FIXED_SEED,PENDING
Allen VBN|1049514117|MM_RVD_A9_SELECTED_R6|0|UNIT|0.1|2,Allen VBN,521466,1049514117,MM-RVD,MM_RVD_A9_SELECTED_R6,0,UNIT,0.1,proportion,2,False,NEW_SUPP_S1_FIXED_SEED,PENDING
Allen VBN|1049514117|MM_RVD_A9_SELECTED_R6|0|UNIT|0.1|3,Allen VBN,521466,1049514117,MM-RVD,MM_RVD_A9_SELECTED_R6,0,UNIT,0.1,proportion,3,False,NEW_SUPP_S1_FIXED_SEED,PENDING
Allen VBN|1049514117|MM_RVD_A9_SELECTED_R6|0|UNIT|0.1|4,Allen VBN,521466,1049514117,MM-RVD,MM_RVD_A9_SELECTED_R6,0,UNIT,0.1,proportion,4,False,NEW_SUPP_S1_FIXED_SEED,PENDING
Allen VBN|1049514117|MM_RVD_A9_SELECTED_R6|0|UNIT|0.2|0,Allen VBN,521466,1049514117,MM-RVD,MM_RVD_A9_SELECTED_R6,0,UNIT,0.2,proportion,0,False,NEW_SUPP_S1_FIXED_SEED,PENDING
Allen VBN|1049514117|MM_RVD_A9_SELECTED_R6|0|UNIT|0.2|1,Allen VBN,521466,1049514117,MM-RVD,MM_RVD_A9_SELECTED_R6,0,UNIT,0.2,proportion,1,False,NEW_SUPP_S1_FIXED_SEED,PENDING
Allen VBN|1049514117|MM_RVD_A9_SELECTED_R6|0|UNIT|0.2|2,Allen VBN,521466,1049514117,MM-RVD,MM_RVD_A9_SELECTED_R6,0,UNIT,0.2,proportion,2,False,NEW_SUPP_S1_FIXED_SEED,PENDING
Allen VBN|1049514117|MM_RVD_A9_SELECTED_R6|0|UNIT|0.2|3,Allen VBN,521466,1049514117,MM-RVD,MM_RVD_A9_SELECTED_R6,0,UNIT,0.2,proportion,3,False,NEW_SUPP_S1_FIXED_SEED,PENDING
Allen VBN|1049514117|MM_RVD_A9_SELECTED_R6|0|UNIT|0.2|4,Allen VBN,521466,1049514117,MM-RVD,MM_RVD_A9_SELECTED_R6,0,UNIT,0.2,proportion,4,False,NEW_SUPP_S1_FIXED_SEED,PENDING
Allen VBN|1049514117|MM_RVD_A9_SELECTED_R6|0|UNIT|0.3|0,Allen VBN,521466,1049514117,MM-RVD,MM_RVD_A9_SELECTED_R6,0,UNIT,0.3,proportion,0,True,MAIN_FROZEN_U30,PENDING
Allen VBN|1049514117|MM_RVD_A9_SELECTED_R6|0|UNIT|0.3|1,Allen VBN,521466,1049514117,MM-RVD,MM_RVD_A9_SELECTED_R6,0,UNIT,0.3,proportion,1,True,MAIN_FROZEN_U30,PENDING
Allen VBN|1049514117|MM_RVD_A9_SELECTED_R6|0|UNIT|0.3|2,Allen VBN,521466,1049514117,MM-RVD,MM_RVD_A9_SELECTED_R6,0,UNIT,0.3,proportion,2,True,MAIN_FROZEN_U30,PENDING
Allen VBN|1049514117|MM_RVD_A9_SELECTED_R6|0|UNIT|0.3|3,Allen VBN,521466,1049514117,MM-RVD,MM_RVD_A9_SELECTED_R6,0,UNIT,0.3,proportion,3,True,MAIN_FROZEN_U30,PENDING
Allen VBN|1049514117|MM_RVD_A9_SELECTED_R6|0|UNIT|0.3|4,Allen VBN,521466,1049514117,MM-RVD,MM_RVD_A9_SELECTED_R6,0,UNIT,0.3,proportion,4,True,MAIN_FROZEN_U30,PENDING
Allen VBN|1049514117|MM_RVD_A9_SELECTED_R6|0|UNIT|0.4|0,Allen VBN,521466,1049514117,MM-RVD,MM_RVD_A9_SELECTED_R6,0,UNIT,0.4,proportion,0,False,NEW_SUPP_S1_FIXED_SEED,PENDING
Allen VBN|1049514117|MM_RVD_A9_SELECTED_R6|0|UNIT|0.4|1,Allen VBN,521466,1049514117,MM-RVD,MM_RVD_A9_SELECTED_R6,0,UNIT,0.4,proportion,1,False,NEW_SUPP_S1_FIXED_SEED,PENDING
Allen VBN|1049514117|MM_RVD_A9_SELECTED_R6|0|UNIT|0.4|2,Allen VBN,521466,1049514117,MM-RVD,MM_RVD_A9_SELECTED_R6,0,UNIT,0.4,proportion,2,False,NEW_SUPP_S1_FIXED_SEED,PENDING
Allen VBN|1049514117|MM_RVD_A9_SELECTED_R6|0|UNIT|0.4|3,Allen VBN,521466,1049514117,MM-RVD,MM_RVD_A9_SELECTED_R6,0,UNIT,0.4,proportion,3,False,NEW_SUPP_S1_FIXED_SEED,PENDING
Allen VBN|1049514117|MM_RVD_A9_SELECTED_R6|0|UNIT|0.4|4,Allen VBN,521466,1049514117,MM-RVD,MM_RVD_A9_SELECTED_R6,0,UNIT,0.4,proportion,4,False,NEW_SUPP_S1_FIXED_SEED,PENDING
Allen VBN|1049514117|MM_RVD_A9_SELECTED_R6|0|UNIT|0.5|0,Allen VBN,521466,1049514117,MM-RVD,MM_RVD_A9_SELECTED_R6,0,UNIT,0.5,proportion,0,False,NEW_SUPP_S1_FIXED_SEED,PENDING
Allen VBN|1049514117|MM_RVD_A9_SELECTED_R6|0|UNIT|0.5|1,Allen VBN,521466,1049514117,MM-RVD,MM_RVD_A9_SELECTED_R6,0,UNIT,0.5,proportion,1,False,NEW_SUPP_S1_FIXED_SEED,PENDING
Allen VBN|1049514117|MM_RVD_A9_SELECTED_R6|0|UNIT|0.5|2,Allen VBN,521466,1049514117,MM-RVD,MM_RVD_A9_SELECTED_R6,0,UNIT,0.5,proportion,2,False,NEW_SUPP_S1_FIXED_SEED,PENDING
Allen VBN|1049514117|MM_RVD_A9_SELECTED_R6|0|UNIT|0.5|3,Allen VBN,521466,1049514117,MM-RVD,MM_RVD_A9_SELECTED_R6,0,UNIT,0.5,proportion,3,False,NEW_SUPP_S1_FIXED_SEED,PENDING
Allen VBN|1049514117|MM_RVD_A9_SELECTED_R6|0|UNIT|0.5|4,Allen VBN,521466,1049514117,MM-RVD,MM_RVD_A9_SELECTED_R6,0,UNIT,0.5,proportion,4,False,NEW_SUPP_S1_FIXED_SEED,PENDING
Allen VBN|1049514117|MM_RVD_A9_SELECTED_R6|0|TEMPORAL|2|0,Allen VBN,521466,1049514117,MM-RVD,MM_RVD_A9_SELECTED_R6,0,TEMPORAL,2,bins,0,False,NEW_SUPP_S1_FIXED_SEED,PENDING
Allen VBN|1049514117|MM_RVD_A9_SELECTED_R6|0|TEMPORAL|2|1,Allen VBN,521466,1049514117,MM-RVD,MM_RVD_A9_SELECTED_R6,0,TEMPORAL,2,bins,1,False,NEW_SUPP_S1_FIXED_SEED,PENDING
Allen VBN|1049514117|MM_RVD_A9_SELECTED_R6|0|TEMPORAL|2|2,Allen VBN,521466,1049514117,MM-RVD,MM_RVD_A9_SELECTED_R6,0,TEMPORAL,2,bins,2,False,NEW_SUPP_S1_FIXED_SEED,PENDING
Allen VBN|1049514117|MM_RVD_A9_SELECTED_R6|0|TEMPORAL|2|3,Allen VBN,521466,1049514117,MM-RVD,MM_RVD_A9_SELECTED_R6,0,TEMPORAL,2,bins,3,False,NEW_SUPP_S1_FIXED_SEED,PENDING
Allen VBN|1049514117|MM_RVD_A9_SELECTED_R6|0|TEMPORAL|2|4,Allen VBN,521466,1049514117,MM-RVD,MM_RVD_A9_SELECTED_R6,0,TEMPORAL,2,bins,4,False,NEW_SUPP_S1_FIXED_SEED,PENDING
Allen VBN|1049514117|MM_RVD_A9_SELECTED_R6|0|TEMPORAL|3|0,Allen VBN,521466,1049514117,MM-RVD,MM_RVD_A9_SELECTED_R6,0,TEMPORAL,3,bins,0,False,NEW_SUPP_S1_FIXED_SEED,PENDING
Allen VBN|1049514117|MM_RVD_A9_SELECTED_R6|0|TEMPORAL|3|1,Allen VBN,521466,1049514117,MM-RVD,MM_RVD_A9_SELECTED_R6,0,TEMPORAL,3,bins,1,False,NEW_SUPP_S1_FIXED_SEED,PENDING
Allen VBN|1049514117|MM_RVD_A9_SELECTED_R6|0|TEMPORAL|3|2,Allen VBN,521466,1049514117,MM-RVD,MM_RVD_A9_SELECTED_R6,0,TEMPORAL,3,bins,2,False,NEW_SUPP_S1_FIXED_SEED,PENDING
Allen VBN|1049514117|MM_RVD_A9_SELECTED_R6|0|TEMPORAL|3|3,Allen VBN,521466,1049514117,MM-RVD,MM_RVD_A9_SELECTED_R6,0,TEMPORAL,3,bins,3,False,NEW_SUPP_S1_FIXED_SEED,PENDING
Allen VBN|1049514117|MM_RVD_A9_SELECTED_R6|0|TEMPORAL|3|4,Allen VBN,521466,1049514117,MM-RVD,MM_RVD_A9_SELECTED_R6,0,TEMPORAL,3,bins,4,False,NEW_SUPP_S1_FIXED_SEED,PENDING
Allen VBN|1049514117|MM_RVD_A9_SELECTED_R6|0|TEMPORAL|5|0,Allen VBN,521466,1049514117,MM-RVD,MM_RVD_A9_SELECTED_R6,0,TEMPORAL,5,bins,0,True,MAIN_FROZEN_T5,PENDING
Allen VBN|1049514117|MM_RVD_A9_SELECTED_R6|0|TEMPORAL|5|1,Allen VBN,521466,1049514117,MM-RVD,MM_RVD_A9_SELECTED_R6,0,TEMPORAL,5,bins,1,True,MAIN_FROZEN_T5,PENDING
Allen VBN|1049514117|MM_RVD_A9_SELECTED_R6|0|TEMPORAL|5|2,Allen VBN,521466,1049514117,MM-RVD,MM_RVD_A9_SELECTED_R6,0,TEMPORAL,5,bins,2,True,MAIN_FROZEN_T5,PENDING
Allen VBN|1049514117|MM_RVD_A9_SELECTED_R6|0|TEMPORAL|5|3,Allen VBN,521466,1049514117,MM-RVD,MM_RVD_A9_SELECTED_R6,0,TEMPORAL,5,bins,3,True,MAIN_FROZEN_T5,PENDING
Allen VBN|1049514117|MM_RVD_A9_SELECTED_R6|0|TEMPORAL|5|4,Allen VBN,521466,1049514117,MM-RVD,MM_RVD_A9_SELECTED_R6,0,TEMPORAL,5,bins,4,True,MAIN_FROZEN_T5,PENDING
Allen VBN|1049514117|MM_RVD_A9_SELECTED_R6|0|TEMPORAL|7|0,Allen VBN,521466,1049514117,MM-RVD,MM_RVD_A9_SELECTED_R6,0,TEMPORAL,7,bins,0,False,NEW_SUPP_S1_FIXED_SEED,PENDING
Allen VBN|1049514117|MM_RVD_A9_SELECTED_R6|0|TEMPORAL|7|1,Allen VBN,521466,1049514117,MM-RVD,MM_RVD_A9_SELECTED_R6,0,TEMPORAL,7,bins,1,False,NEW_SUPP_S1_FIXED_SEED,PENDING
Allen VBN|1049514117|MM_RVD_A9_SELECTED_R6|0|TEMPORAL|7|2,Allen VBN,521466,1049514117,MM-RVD,MM_RVD_A9_SELECTED_R6,0,TEMPORAL,7,bins,2,False,NEW_SUPP_S1_FIXED_SEED,PENDING
Allen VBN|1049514117|MM_RVD_A9_SELECTED_R6|0|TEMPORAL|7|3,Allen VBN,521466,1049514117,MM-RVD,MM_RVD_A9_SELECTED_R6,0,TEMPORAL,7,bins,3,False,NEW_SUPP_S1_FIXED_SEED,PENDING
Allen VBN|1049514117|MM_RVD_A9_SELECTED_R6|0|TEMPORAL|7|4,Allen VBN,521466,1049514117,MM-RVD,MM_RVD_A9_SELECTED_R6,0,TEMPORAL,7,bins,4,False,NEW_SUPP_S1_FIXED_SEED,PENDING
Allen VBN|1049514117|MM_RVD_A9_SELECTED_R6|0|TEMPORAL|10|0,Allen VBN,521466,1049514117,MM-RVD,MM_RVD_A9_SELECTED_R6,0,TEMPORAL,10,bins,0,False,NEW_SUPP_S1_FIXED_SEED,PENDING
Allen VBN|1049514117|MM_RVD_A9_SELECTED_R6|0|TEMPORAL|10|1,Allen VBN,521466,1049514117,MM-RVD,MM_RVD_A9_SELECTED_R6,0,TEMPORAL,10,bins,1,False,NEW_SUPP_S1_FIXED_SEED,PENDING
Allen VBN|1049514117|MM_RVD_A9_SELECTED_R6|0|TEMPORAL|10|2,Allen VBN,521466,1049514117,MM-RVD,MM_RVD_A9_SELECTED_R6,0,TEMPORAL,10,bins,2,False,NEW_SUPP_S1_FIXED_SEED,PENDING
Allen VBN|1049514117|MM_RVD_A9_SELECTED_R6|0|TEMPORAL|10|3,Allen VBN,521466,1049514117,MM-RVD,MM_RVD_A9_SELECTED_R6,0,TEMPORAL,10,bins,3,False,NEW_SUPP_S1_FIXED_SEED,PENDING
Allen VBN|1049514117|MM_RVD_A9_SELECTED_R6|0|TEMPORAL|10|4,Allen VBN,521466,1049514117,MM-RVD,MM_RVD_A9_SELECTED_R6,0,TEMPORAL,10,bins,4,False,NEW_SUPP_S1_FIXED_SEED,PENDING
Allen VBN|1049514117|MM_RVD_A9_SELECTED_R6|1|CLEAN|0,Allen VBN,521466,1049514117,MM-RVD,MM_RVD_A9_SELECTED_R6,1,CLEAN_REFERENCE,0,none,0,False,R4_CLEAN_REFERENCE,PENDING
Allen VBN|1049514117|MM_RVD_A9_SELECTED_R6|1|UNIT|0.1|0,Allen VBN,521466,1049514117,MM-RVD,MM_RVD_A9_SELECTED_R6,1,UNIT,0.1,proportion,0,False,NEW_SUPP_S1_FIXED_SEED,PENDING
Allen VBN|1049514117|MM_RVD_A9_SELECTED_R6|1|UNIT|0.1|1,Allen VBN,521466,1049514117,MM-RVD,MM_RVD_A9_SELECTED_R6,1,UNIT,0.1,proportion,1,False,NEW_SUPP_S1_FIXED_SEED,PENDING
Allen VBN|1049514117|MM_RVD_A9_SELECTED_R6|1|UNIT|0.1|2,Allen VBN,521466,1049514117,MM-RVD,MM_RVD_A9_SELECTED_R6,1,UNIT,0.1,proportion,2,False,NEW_SUPP_S1_FIXED_SEED,PENDING
Allen VBN|1049514117|MM_RVD_A9_SELECTED_R6|1|UNIT|0.1|3,Allen VBN,521466,1049514117,MM-RVD,MM_RVD_A9_SELECTED_R6,1,UNIT,0.1,proportion,3,False,NEW_SUPP_S1_FIXED_SEED,PENDING
Allen VBN|1049514117|MM_RVD_A9_SELECTED_R6|1|UNIT|0.1|4,Allen VBN,521466,1049514117,MM-RVD,MM_RVD_A9_SELECTED_R6,1,UNIT,0.1,proportion,4,False,NEW_SUPP_S1_FIXED_SEED,PENDING
Allen VBN|1049514117|MM_RVD_A9_SELECTED_R6|1|UNIT|0.2|0,Allen VBN,521466,1049514117,MM-RVD,MM_RVD_A9_SELECTED_R6,1,UNIT,0.2,proportion,0,False,NEW_SUPP_S1_FIXED_SEED,PENDING
Allen VBN|1049514117|MM_RVD_A9_SELECTED_R6|1|UNIT|0.2|1,Allen VBN,521466,1049514117,MM-RVD,MM_RVD_A9_SELECTED_R6,1,UNIT,0.2,proportion,1,False,NEW_SUPP_S1_FIXED_SEED,PENDING
Allen VBN|1049514117|MM_RVD_A9_SELECTED_R6|1|UNIT|0.2|2,Allen VBN,521466,1049514117,MM-RVD,MM_RVD_A9_SELECTED_R6,1,UNIT,0.2,proportion,2,False,NEW_SUPP_S1_FIXED_SEED,PENDING
Allen VBN|1049514117|MM_RVD_A9_SELECTED_R6|1|UNIT|0.2|3,Allen VBN,521466,1049514117,MM-RVD,MM_RVD_A9_SELECTED_R6,1,UNIT,0.2,proportion,3,False,NEW_SUPP_S1_FIXED_SEED,PENDING
Allen VBN|1049514117|MM_RVD_A9_SELECTED_R6|1|UNIT|0.2|4,Allen VBN,521466,1049514117,MM-RVD,MM_RVD_A9_SELECTED_R6,1,UNIT,0.2,proportion,4,False,NEW_SUPP_S1_FIXED_SEED,PENDING
Allen VBN|1049514117|MM_RVD_A9_SELECTED_R6|1|UNIT|0.3|0,Allen VBN,521466,1049514117,MM-RVD,MM_RVD_A9_SELECTED_R6,1,UNIT,0.3,proportion,0,True,MAIN_FROZEN_U30,PENDING
Allen VBN|1049514117|MM_RVD_A9_SELECTED_R6|1|UNIT|0.3|1,Allen VBN,521466,1049514117,MM-RVD,MM_RVD_A9_SELECTED_R6,1,UNIT,0.3,proportion,1,True,MAIN_FROZEN_U30,PENDING
Allen VBN|1049514117|MM_RVD_A9_SELECTED_R6|1|UNIT|0.3|2,Allen VBN,521466,1049514117,MM-RVD,MM_RVD_A9_SELECTED_R6,1,UNIT,0.3,proportion,2,True,MAIN_FROZEN_U30,PENDING
Allen VBN|1049514117|MM_RVD_A9_SELECTED_R6|1|UNIT|0.3|3,Allen VBN,521466,1049514117,MM-RVD,MM_RVD_A9_SELECTED_R6,1,UNIT,0.3,proportion,3,True,MAIN_FROZEN_U30,PENDING
Allen VBN|1049514117|MM_RVD_A9_SELECTED_R6|1|UNIT|0.3|4,Allen VBN,521466,1049514117,MM-RVD,MM_RVD_A9_SELECTED_R6,1,UNIT,0.3,proportion,4,True,MAIN_FROZEN_U30,PENDING
Allen VBN|1049514117|MM_RVD_A9_SELECTED_R6|1|UNIT|0.4|0,Allen VBN,521466,1049514117,MM-RVD,MM_RVD_A9_SELECTED_R6,1,UNIT,0.4,proportion,0,False,NEW_SUPP_S1_FIXED_SEED,PENDING
Allen VBN|1049514117|MM_RVD_A9_SELECTED_R6|1|UNIT|0.4|1,Allen VBN,521466,1049514117,MM-RVD,MM_RVD_A9_SELECTED_R6,1,UNIT,0.4,proportion,1,False,NEW_SUPP_S1_FIXED_SEED,PENDING
Allen VBN|1049514117|MM_RVD_A9_SELECTED_R6|1|UNIT|0.4|2,Allen VBN,521466,1049514117,MM-RVD,MM_RVD_A9_SELECTED_R6,1,UNIT,0.4,proportion,2,False,NEW_SUPP_S1_FIXED_SEED,PENDING
Allen VBN|1049514117|MM_RVD_A9_SELECTED_R6|1|UNIT|0.4|3,Allen VBN,521466,1049514117,MM-RVD,MM_RVD_A9_SELECTED_R6,1,UNIT,0.4,proportion,3,False,NEW_SUPP_S1_FIXED_SEED,PENDING
Allen VBN|1049514117|MM_RVD_A9_SELECTED_R6|1|UNIT|0.4|4,Allen VBN,521466,1049514117,MM-RVD,MM_RVD_A9_SELECTED_R6,1,UNIT,0.4,proportion,4,False,NEW_SUPP_S1_FIXED_SEED,PENDING
Allen VBN|1049514117|MM_RVD_A9_SELECTED_R6|1|UNIT|0.5|0,Allen VBN,521466,1049514117,MM-RVD,MM_RVD_A9_SELECTED_R6,1,UNIT,0.5,proportion,0,False,NEW_SUPP_S1_FIXED_SEED,PENDING
Allen VBN|1049514117|MM_RVD_A9_SELECTED_R6|1|UNIT|0.5|1,Allen VBN,521466,1049514117,MM-RVD,MM_RVD_A9_SELECTED_R6,1,UNIT,0.5,proportion,1,False,NEW_SUPP_S1_FIXED_SEED,PENDING
Allen VBN|1049514117|MM_RVD_A9_SELECTED_R6|1|UNIT|0.5|2,Allen VBN,521466,1049514117,MM-RVD,MM_RVD_A9_SELECTED_R6,1,UNIT,0.5,proportion,2,False,NEW_SUPP_S1_FIXED_SEED,PENDING
Allen VBN|1049514117|MM_RVD_A9_SELECTED_R6|1|UNIT|0.5|3,Allen VBN,521466,1049514117,MM-RVD,MM_RVD_A9_SELECTED_R6,1,UNIT,0.5,proportion,3,False,NEW_SUPP_S1_FIXED_SEED,PENDING
Allen VBN|1049514117|MM_RVD_A9_SELECTED_R6|1|UNIT|0.5|4,Allen VBN,521466,1049514117,MM-RVD,MM_RVD_A9_SELECTED_R6,1,UNIT,0.5,proportion,4,False,NEW_SUPP_S1_FIXED_SEED,PENDING
Allen VBN|1049514117|MM_RVD_A9_SELECTED_R6|1|TEMPORAL|2|0,Allen VBN,521466,1049514117,MM-RVD,MM_RVD_A9_SELECTED_R6,1,TEMPORAL,2,bins,0,False,NEW_SUPP_S1_FIXED_SEED,PENDING
Allen VBN|1049514117|MM_RVD_A9_SELECTED_R6|1|TEMPORAL|2|1,Allen VBN,521466,1049514117,MM-RVD,MM_RVD_A9_SELECTED_R6,1,TEMPORAL,2,bins,1,False,NEW_SUPP_S1_FIXED_SEED,PENDING
Allen VBN|1049514117|MM_RVD_A9_SELECTED_R6|1|TEMPORAL|2|2,Allen VBN,521466,1049514117,MM-RVD,MM_RVD_A9_SELECTED_R6,1,TEMPORAL,2,bins,2,False,NEW_SUPP_S1_FIXED_SEED,PENDING
Allen VBN|1049514117|MM_RVD_A9_SELECTED_R6|1|TEMPORAL|2|3,Allen VBN,521466,1049514117,MM-RVD,MM_RVD_A9_SELECTED_R6,1,TEMPORAL,2,bins,3,False,NEW_SUPP_S1_FIXED_SEED,PENDING
Allen VBN|1049514117|MM_RVD_A9_SELECTED_R6|1|TEMPORAL|2|4,Allen VBN,521466,1049514117,MM-RVD,MM_RVD_A9_SELECTED_R6,1,TEMPORAL,2,bins,4,False,NEW_SUPP_S1_FIXED_SEED,PENDING
Allen VBN|1049514117|MM_RVD_A9_SELECTED_R6|1|TEMPORAL|3|0,Allen VBN,521466,1049514117,MM-RVD,MM_RVD_A9_SELECTED_R6,1,TEMPORAL,3,bins,0,False,NEW_SUPP_S1_FIXED_SEED,PENDING
Allen VBN|1049514117|MM_RVD_A9_SELECTED_R6|1|TEMPORAL|3|1,Allen VBN,521466,1049514117,MM-RVD,MM_RVD_A9_SELECTED_R6,1,TEMPORAL,3,bins,1,False,NEW_SUPP_S1_FIXED_SEED,PENDING
Allen VBN|1049514117|MM_RVD_A9_SELECTED_R6|1|TEMPORAL|3|2,Allen VBN,521466,1049514117,MM-RVD,MM_RVD_A9_SELECTED_R6,1,TEMPORAL,3,bins,2,False,NEW_SUPP_S1_FIXED_SEED,PENDING
Allen VBN|1049514117|MM_RVD_A9_SELECTED_R6|1|TEMPORAL|3|3,Allen VBN,521466,1049514117,MM-RVD,MM_RVD_A9_SELECTED_R6,1,TEMPORAL,3,bins,3,False,NEW_SUPP_S1_FIXED_SEED,PENDING
Allen VBN|1049514117|MM_RVD_A9_SELECTED_R6|1|TEMPORAL|3|4,Allen VBN,521466,1049514117,MM-RVD,MM_RVD_A9_SELECTED_R6,1,TEMPORAL,3,bins,4,False,NEW_SUPP_S1_FIXED_SEED,PENDING
Allen VBN|1049514117|MM_RVD_A9_SELECTED_R6|1|TEMPORAL|5|0,Allen VBN,521466,1049514117,MM-RVD,MM_RVD_A9_SELECTED_R6,1,TEMPORAL,5,bins,0,True,MAIN_FROZEN_T5,PENDING
Allen VBN|1049514117|MM_RVD_A9_SELECTED_R6|1|TEMPORAL|5|1,Allen VBN,521466,1049514117,MM-RVD,MM_RVD_A9_SELECTED_R6,1,TEMPORAL,5,bins,1,True,MAIN_FROZEN_T5,PENDING
Allen VBN|1049514117|MM_RVD_A9_SELECTED_R6|1|TEMPORAL|5|2,Allen VBN,521466,1049514117,MM-RVD,MM_RVD_A9_SELECTED_R6,1,TEMPORAL,5,bins,2,True,MAIN_FROZEN_T5,PENDING
Allen VBN|1049514117|MM_RVD_A9_SELECTED_R6|1|TEMPORAL|5|3,Allen VBN,521466,1049514117,MM-RVD,MM_RVD_A9_SELECTED_R6,1,TEMPORAL,5,bins,3,True,MAIN_FROZEN_T5,PENDING
Allen VBN|1049514117|MM_RVD_A9_SELECTED_R6|1|TEMPORAL|5|4,Allen VBN,521466,1049514117,MM-RVD,MM_RVD_A9_SELECTED_R6,1,TEMPORAL,5,bins,4,True,MAIN_FROZEN_T5,PENDING
Allen VBN|1049514117|MM_RVD_A9_SELECTED_R6|1|TEMPORAL|7|0,Allen VBN,521466,1049514117,MM-RVD,MM_RVD_A9_SELECTED_R6,1,TEMPORAL,7,bins,0,False,NEW_SUPP_S1_FIXED_SEED,PENDING
Allen VBN|1049514117|MM_RVD_A9_SELECTED_R6|1|TEMPORAL|7|1,Allen VBN,521466,1049514117,MM-RVD,MM_RVD_A9_SELECTED_R6,1,TEMPORAL,7,bins,1,False,NEW_SUPP_S1_FIXED_SEED,PENDING
Allen VBN|1049514117|MM_RVD_A9_SELECTED_R6|1|TEMPORAL|7|2,Allen VBN,521466,1049514117,MM-RVD,MM_RVD_A9_SELECTED_R6,1,TEMPORAL,7,bins,2,False,NEW_SUPP_S1_FIXED_SEED,PENDING
Allen VBN|1049514117|MM_RVD_A9_SELECTED_R6|1|TEMPORAL|7|3,Allen VBN,521466,1049514117,MM-RVD,MM_RVD_A9_SELECTED_R6,1,TEMPORAL,7,bins,3,False,NEW_SUPP_S1_FIXED_SEED,PENDING
Allen VBN|1049514117|MM_RVD_A9_SELECTED_R6|1|TEMPORAL|7|4,Allen VBN,521466,1049514117,MM-RVD,MM_RVD_A9_SELECTED_R6,1,TEMPORAL,7,bins,4,False,NEW_SUPP_S1_FIXED_SEED,PENDING
Allen VBN|1049514117|MM_RVD_A9_SELECTED_R6|1|TEMPORAL|10|0,Allen VBN,521466,1049514117,MM-RVD,MM_RVD_A9_SELECTED_R6,1,TEMPORAL,10,bins,0,False,NEW_SUPP_S1_FIXED_SEED,PENDING
Allen VBN|1049514117|MM_RVD_A9_SELECTED_R6|1|TEMPORAL|10|1,Allen VBN,521466,1049514117,MM-RVD,MM_RVD_A9_SELECTED_R6,1,TEMPORAL,10,bins,1,False,NEW_SUPP_S1_FIXED_SEED,PENDING
Allen VBN|1049514117|MM_RVD_A9_SELECTED_R6|1|TEMPORAL|10|2,Allen VBN,521466,1049514117,MM-RVD,MM_RVD_A9_SELECTED_R6,1,TEMPORAL,10,bins,2,False,NEW_SUPP_S1_FIXED_SEED,PENDING
Allen VBN|1049514117|MM_RVD_A9_SELECTED_R6|1|TEMPORAL|10|3,Allen VBN,521466,1049514117,MM-RVD,MM_RVD_A9_SELECTED_R6,1,TEMPORAL,10,bins,3,False,NEW_SUPP_S1_FIXED_SEED,PENDING
Allen VBN|1049514117|MM_RVD_A9_SELECTED_R6|1|TEMPORAL|10|4,Allen VBN,521466,1049514117,MM-RVD,MM_RVD_A9_SELECTED_R6,1,TEMPORAL,10,bins,4,False,NEW_SUPP_S1_FIXED_SEED,PENDING
Allen VBN|1049514117|MEAN_RATE_LINEAR_SVM|0|CLEAN|0,Allen VBN,521466,1049514117,SVM,MEAN_RATE_LINEAR_SVM,0,CLEAN_REFERENCE,0,none,0,False,R4_CLEAN_REFERENCE,PENDING
Allen VBN|1049514117|MEAN_RATE_LINEAR_SVM|0|UNIT|0.1|0,Allen VBN,521466,1049514117,SVM,MEAN_RATE_LINEAR_SVM,0,UNIT,0.1,proportion,0,False,NEW_SUPP_S1_FIXED_SEED,PENDING
Allen VBN|1049514117|MEAN_RATE_LINEAR_SVM|0|UNIT|0.1|1,Allen VBN,521466,1049514117,SVM,MEAN_RATE_LINEAR_SVM,0,UNIT,0.1,proportion,1,False,NEW_SUPP_S1_FIXED_SEED,PENDING
Allen VBN|1049514117|MEAN_RATE_LINEAR_SVM|0|UNIT|0.1|2,Allen VBN,521466,1049514117,SVM,MEAN_RATE_LINEAR_SVM,0,UNIT,0.1,proportion,2,False,NEW_SUPP_S1_FIXED_SEED,PENDING
Allen VBN|1049514117|MEAN_RATE_LINEAR_SVM|0|UNIT|0.1|3,Allen VBN,521466,1049514117,SVM,MEAN_RATE_LINEAR_SVM,0,UNIT,0.1,proportion,3,False,NEW_SUPP_S1_FIXED_SEED,PENDING
Allen VBN|1049514117|MEAN_RATE_LINEAR_SVM|0|UNIT|0.1|4,Allen VBN,521466,1049514117,SVM,MEAN_RATE_LINEAR_SVM,0,UNIT,0.1,proportion,4,False,NEW_SUPP_S1_FIXED_SEED,PENDING
Allen VBN|1049514117|MEAN_RATE_LINEAR_SVM|0|UNIT|0.2|0,Allen VBN,521466,1049514117,SVM,MEAN_RATE_LINEAR_SVM,0,UNIT,0.2,proportion,0,False,NEW_SUPP_S1_FIXED_SEED,PENDING
Allen VBN|1049514117|MEAN_RATE_LINEAR_SVM|0|UNIT|0.2|1,Allen VBN,521466,1049514117,SVM,MEAN_RATE_LINEAR_SVM,0,UNIT,0.2,proportion,1,False,NEW_SUPP_S1_FIXED_SEED,PENDING
Allen VBN|1049514117|MEAN_RATE_LINEAR_SVM|0|UNIT|0.2|2,Allen VBN,521466,1049514117,SVM,MEAN_RATE_LINEAR_SVM,0,UNIT,0.2,proportion,2,False,NEW_SUPP_S1_FIXED_SEED,PENDING
Allen VBN|1049514117|MEAN_RATE_LINEAR_SVM|0|UNIT|0.2|3,Allen VBN,521466,1049514117,SVM,MEAN_RATE_LINEAR_SVM,0,UNIT,0.2,proportion,3,False,NEW_SUPP_S1_FIXED_SEED,PENDING
Allen VBN|1049514117|MEAN_RATE_LINEAR_SVM|0|UNIT|0.2|4,Allen VBN,521466,1049514117,SVM,MEAN_RATE_LINEAR_SVM,0,UNIT,0.2,proportion,4,False,NEW_SUPP_S1_FIXED_SEED,PENDING
Allen VBN|1049514117|MEAN_RATE_LINEAR_SVM|0|UNIT|0.3|0,Allen VBN,521466,1049514117,SVM,MEAN_RATE_LINEAR_SVM,0,UNIT,0.3,proportion,0,True,MAIN_FROZEN_U30,PENDING
Allen VBN|1049514117|MEAN_RATE_LINEAR_SVM|0|UNIT|0.3|1,Allen VBN,521466,1049514117,SVM,MEAN_RATE_LINEAR_SVM,0,UNIT,0.3,proportion,1,True,MAIN_FROZEN_U30,PENDING
Allen VBN|1049514117|MEAN_RATE_LINEAR_SVM|0|UNIT|0.3|2,Allen VBN,521466,1049514117,SVM,MEAN_RATE_LINEAR_SVM,0,UNIT,0.3,proportion,2,True,MAIN_FROZEN_U30,PENDING
Allen VBN|1049514117|MEAN_RATE_LINEAR_SVM|0|UNIT|0.3|3,Allen VBN,521466,1049514117,SVM,MEAN_RATE_LINEAR_SVM,0,UNIT,0.3,proportion,3,True,MAIN_FROZEN_U30,PENDING
Allen VBN|1049514117|MEAN_RATE_LINEAR_SVM|0|UNIT|0.3|4,Allen VBN,521466,1049514117,SVM,MEAN_RATE_LINEAR_SVM,0,UNIT,0.3,proportion,4,True,MAIN_FROZEN_U30,PENDING
Allen VBN|1049514117|MEAN_RATE_LINEAR_SVM|0|UNIT|0.4|0,Allen VBN,521466,1049514117,SVM,MEAN_RATE_LINEAR_SVM,0,UNIT,0.4,proportion,0,False,NEW_SUPP_S1_FIXED_SEED,PENDING
Allen VBN|1049514117|MEAN_RATE_LINEAR_SVM|0|UNIT|0.4|1,Allen VBN,521466,1049514117,SVM,MEAN_RATE_LINEAR_SVM,0,UNIT,0.4,proportion,1,False,NEW_SUPP_S1_FIXED_SEED,PENDING
Allen VBN|1049514117|MEAN_RATE_LINEAR_SVM|0|UNIT|0.4|2,Allen VBN,521466,1049514117,SVM,MEAN_RATE_LINEAR_SVM,0,UNIT,0.4,proportion,2,False,NEW_SUPP_S1_FIXED_SEED,PENDING
Allen VBN|1049514117|MEAN_RATE_LINEAR_SVM|0|UNIT|0.4|3,Allen VBN,521466,1049514117,SVM,MEAN_RATE_LINEAR_SVM,0,UNIT,0.4,proportion,3,False,NEW_SUPP_S1_FIXED_SEED,PENDING
Allen VBN|1049514117|MEAN_RATE_LINEAR_SVM|0|UNIT|0.4|4,Allen VBN,521466,1049514117,SVM,MEAN_RATE_LINEAR_SVM,0,UNIT,0.4,proportion,4,False,NEW_SUPP_S1_FIXED_SEED,PENDING
Allen VBN|1049514117|MEAN_RATE_LINEAR_SVM|0|UNIT|0.5|0,Allen VBN,521466,1049514117,SVM,MEAN_RATE_LINEAR_SVM,0,UNIT,0.5,proportion,0,False,NEW_SUPP_S1_FIXED_SEED,PENDING
Allen VBN|1049514117|MEAN_RATE_LINEAR_SVM|0|UNIT|0.5|1,Allen VBN,521466,1049514117,SVM,MEAN_RATE_LINEAR_SVM,0,UNIT,0.5,proportion,1,False,NEW_SUPP_S1_FIXED_SEED,PENDING
Allen VBN|1049514117|MEAN_RATE_LINEAR_SVM|0|UNIT|0.5|2,Allen VBN,521466,1049514117,SVM,MEAN_RATE_LINEAR_SVM,0,UNIT,0.5,proportion,2,False,NEW_SUPP_S1_FIXED_SEED,PENDING
Allen VBN|1049514117|MEAN_RATE_LINEAR_SVM|0|UNIT|0.5|3,Allen VBN,521466,1049514117,SVM,MEAN_RATE_LINEAR_SVM,0,UNIT,0.5,proportion,3,False,NEW_SUPP_S1_FIXED_SEED,PENDING
Allen VBN|1049514117|MEAN_RATE_LINEAR_SVM|0|UNIT|0.5|4,Allen VBN,521466,1049514117,SVM,MEAN_RATE_LINEAR_SVM,0,UNIT,0.5,proportion,4,False,NEW_SUPP_S1_FIXED_SEED,PENDING
Allen VBN|1049514117|MEAN_RATE_LINEAR_SVM|0|TEMPORAL|2|0,Allen VBN,521466,1049514117,SVM,MEAN_RATE_LINEAR_SVM,0,TEMPORAL,2,bins,0,False,NEW_SUPP_S1_FIXED_SEED,PENDING
Allen VBN|1049514117|MEAN_RATE_LINEAR_SVM|0|TEMPORAL|2|1,Allen VBN,521466,1049514117,SVM,MEAN_RATE_LINEAR_SVM,0,TEMPORAL,2,bins,1,False,NEW_SUPP_S1_FIXED_SEED,PENDING
Allen VBN|1049514117|MEAN_RATE_LINEAR_SVM|0|TEMPORAL|2|2,Allen VBN,521466,1049514117,SVM,MEAN_RATE_LINEAR_SVM,0,TEMPORAL,2,bins,2,False,NEW_SUPP_S1_FIXED_SEED,PENDING
Allen VBN|1049514117|MEAN_RATE_LINEAR_SVM|0|TEMPORAL|2|3,Allen VBN,521466,1049514117,SVM,MEAN_RATE_LINEAR_SVM,0,TEMPORAL,2,bins,3,False,NEW_SUPP_S1_FIXED_SEED,PENDING
Allen VBN|1049514117|MEAN_RATE_LINEAR_SVM|0|TEMPORAL|2|4,Allen VBN,521466,1049514117,SVM,MEAN_RATE_LINEAR_SVM,0,TEMPORAL,2,bins,4,False,NEW_SUPP_S1_FIXED_SEED,PENDING
Allen VBN|1049514117|MEAN_RATE_LINEAR_SVM|0|TEMPORAL|3|0,Allen VBN,521466,1049514117,SVM,MEAN_RATE_LINEAR_SVM,0,TEMPORAL,3,bins,0,False,NEW_SUPP_S1_FIXED_SEED,PENDING
Allen VBN|1049514117|MEAN_RATE_LINEAR_SVM|0|TEMPORAL|3|1,Allen VBN,521466,1049514117,SVM,MEAN_RATE_LINEAR_SVM,0,TEMPORAL,3,bins,1,False,NEW_SUPP_S1_FIXED_SEED,PENDING
Allen VBN|1049514117|MEAN_RATE_LINEAR_SVM|0|TEMPORAL|3|2,Allen VBN,521466,1049514117,SVM,MEAN_RATE_LINEAR_SVM,0,TEMPORAL,3,bins,2,False,NEW_SUPP_S1_FIXED_SEED,PENDING
Allen VBN|1049514117|MEAN_RATE_LINEAR_SVM|0|TEMPORAL|3|3,Allen VBN,521466,1049514117,SVM,MEAN_RATE_LINEAR_SVM,0,TEMPORAL,3,bins,3,False,NEW_SUPP_S1_FIXED_SEED,PENDING
Allen VBN|1049514117|MEAN_RATE_LINEAR_SVM|0|TEMPORAL|3|4,Allen VBN,521466,1049514117,SVM,MEAN_RATE_LINEAR_SVM,0,TEMPORAL,3,bins,4,False,NEW_SUPP_S1_FIXED_SEED,PENDING
Allen VBN|1049514117|MEAN_RATE_LINEAR_SVM|0|TEMPORAL|5|0,Allen VBN,521466,1049514117,SVM,MEAN_RATE_LINEAR_SVM,0,TEMPORAL,5,bins,0,True,MAIN_FROZEN_T5,PENDING
Allen VBN|1049514117|MEAN_RATE_LINEAR_SVM|0|TEMPORAL|5|1,Allen VBN,521466,1049514117,SVM,MEAN_RATE_LINEAR_SVM,0,TEMPORAL,5,bins,1,True,MAIN_FROZEN_T5,PENDING
Allen VBN|1049514117|MEAN_RATE_LINEAR_SVM|0|TEMPORAL|5|2,Allen VBN,521466,1049514117,SVM,MEAN_RATE_LINEAR_SVM,0,TEMPORAL,5,bins,2,True,MAIN_FROZEN_T5,PENDING
Allen VBN|1049514117|MEAN_RATE_LINEAR_SVM|0|TEMPORAL|5|3,Allen VBN,521466,1049514117,SVM,MEAN_RATE_LINEAR_SVM,0,TEMPORAL,5,bins,3,True,MAIN_FROZEN_T5,PENDING
Allen VBN|1049514117|MEAN_RATE_LINEAR_SVM|0|TEMPORAL|5|4,Allen VBN,521466,1049514117,SVM,MEAN_RATE_LINEAR_SVM,0,TEMPORAL,5,bins,4,True,MAIN_FROZEN_T5,PENDING
Allen VBN|1049514117|MEAN_RATE_LINEAR_SVM|0|TEMPORAL|7|0,Allen VBN,521466,1049514117,SVM,MEAN_RATE_LINEAR_SVM,0,TEMPORAL,7,bins,0,False,NEW_SUPP_S1_FIXED_SEED,PENDING
Allen VBN|1049514117|MEAN_RATE_LINEAR_SVM|0|TEMPORAL|7|1,Allen VBN,521466,1049514117,SVM,MEAN_RATE_LINEAR_SVM,0,TEMPORAL,7,bins,1,False,NEW_SUPP_S1_FIXED_SEED,PENDING
Allen VBN|1049514117|MEAN_RATE_LINEAR_SVM|0|TEMPORAL|7|2,Allen VBN,521466,1049514117,SVM,MEAN_RATE_LINEAR_SVM,0,TEMPORAL,7,bins,2,False,NEW_SUPP_S1_FIXED_SEED,PENDING
Allen VBN|1049514117|MEAN_RATE_LINEAR_SVM|0|TEMPORAL|7|3,Allen VBN,521466,1049514117,SVM,MEAN_RATE_LINEAR_SVM,0,TEMPORAL,7,bins,3,False,NEW_SUPP_S1_FIXED_SEED,PENDING
Allen VBN|1049514117|MEAN_RATE_LINEAR_SVM|0|TEMPORAL|7|4,Allen VBN,521466,1049514117,SVM,MEAN_RATE_LINEAR_SVM,0,TEMPORAL,7,bins,4,False,NEW_SUPP_S1_FIXED_SEED,PENDING
Allen VBN|1049514117|MEAN_RATE_LINEAR_SVM|0|TEMPORAL|10|0,Allen VBN,521466,1049514117,SVM,MEAN_RATE_LINEAR_SVM,0,TEMPORAL,10,bins,0,False,NEW_SUPP_S1_FIXED_SEED,PENDING
Allen VBN|1049514117|MEAN_RATE_LINEAR_SVM|0|TEMPORAL|10|1,Allen VBN,521466,1049514117,SVM,MEAN_RATE_LINEAR_SVM,0,TEMPORAL,10,bins,1,False,NEW_SUPP_S1_FIXED_SEED,PENDING
Allen VBN|1049514117|MEAN_RATE_LINEAR_SVM|0|TEMPORAL|10|2,Allen VBN,521466,1049514117,SVM,MEAN_RATE_LINEAR_SVM,0,TEMPORAL,10,bins,2,False,NEW_SUPP_S1_FIXED_SEED,PENDING
Allen VBN|1049514117|MEAN_RATE_LINEAR_SVM|0|TEMPORAL|10|3,Allen VBN,521466,1049514117,SVM,MEAN_RATE_LINEAR_SVM,0,TEMPORAL,10,bins,3,False,NEW_SUPP_S1_FIXED_SEED,PENDING
Allen VBN|1049514117|MEAN_RATE_LINEAR_SVM|0|TEMPORAL|10|4,Allen VBN,521466,1049514117,SVM,MEAN_RATE_LINEAR_SVM,0,TEMPORAL,10,bins,4,False,NEW_SUPP_S1_FIXED_SEED,PENDING
Allen VBN|1049514117|MEAN_RATE_LINEAR_SVM|1|CLEAN|0,Allen VBN,521466,1049514117,SVM,MEAN_RATE_LINEAR_SVM,1,CLEAN_REFERENCE,0,none,0,False,R4_CLEAN_REFERENCE,PENDING
Allen VBN|1049514117|MEAN_RATE_LINEAR_SVM|1|UNIT|0.1|0,Allen VBN,521466,1049514117,SVM,MEAN_RATE_LINEAR_SVM,1,UNIT,0.1,proportion,0,False,NEW_SUPP_S1_FIXED_SEED,PENDING
Allen VBN|1049514117|MEAN_RATE_LINEAR_SVM|1|UNIT|0.1|1,Allen VBN,521466,1049514117,SVM,MEAN_RATE_LINEAR_SVM,1,UNIT,0.1,proportion,1,False,NEW_SUPP_S1_FIXED_SEED,PENDING
Allen VBN|1049514117|MEAN_RATE_LINEAR_SVM|1|UNIT|0.1|2,Allen VBN,521466,1049514117,SVM,MEAN_RATE_LINEAR_SVM,1,UNIT,0.1,proportion,2,False,NEW_SUPP_S1_FIXED_SEED,PENDING
Allen VBN|1049514117|MEAN_RATE_LINEAR_SVM|1|UNIT|0.1|3,Allen VBN,521466,1049514117,SVM,MEAN_RATE_LINEAR_SVM,1,UNIT,0.1,proportion,3,False,NEW_SUPP_S1_FIXED_SEED,PENDING
Allen VBN|1049514117|MEAN_RATE_LINEAR_SVM|1|UNIT|0.1|4,Allen VBN,521466,1049514117,SVM,MEAN_RATE_LINEAR_SVM,1,UNIT,0.1,proportion,4,False,NEW_SUPP_S1_FIXED_SEED,PENDING
Allen VBN|1049514117|MEAN_RATE_LINEAR_SVM|1|UNIT|0.2|0,Allen VBN,521466,1049514117,SVM,MEAN_RATE_LINEAR_SVM,1,UNIT,0.2,proportion,0,False,NEW_SUPP_S1_FIXED_SEED,PENDING
Allen VBN|1049514117|MEAN_RATE_LINEAR_SVM|1|UNIT|0.2|1,Allen VBN,521466,1049514117,SVM,MEAN_RATE_LINEAR_SVM,1,UNIT,0.2,proportion,1,False,NEW_SUPP_S1_FIXED_SEED,PENDING
Allen VBN|1049514117|MEAN_RATE_LINEAR_SVM|1|UNIT|0.2|2,Allen VBN,521466,1049514117,SVM,MEAN_RATE_LINEAR_SVM,1,UNIT,0.2,proportion,2,False,NEW_SUPP_S1_FIXED_SEED,PENDING
Allen VBN|1049514117|MEAN_RATE_LINEAR_SVM|1|UNIT|0.2|3,Allen VBN,521466,1049514117,SVM,MEAN_RATE_LINEAR_SVM,1,UNIT,0.2,proportion,3,False,NEW_SUPP_S1_FIXED_SEED,PENDING
Allen VBN|1049514117|MEAN_RATE_LINEAR_SVM|1|UNIT|0.2|4,Allen VBN,521466,1049514117,SVM,MEAN_RATE_LINEAR_SVM,1,UNIT,0.2,proportion,4,False,NEW_SUPP_S1_FIXED_SEED,PENDING
Allen VBN|1049514117|MEAN_RATE_LINEAR_SVM|1|UNIT|0.3|0,Allen VBN,521466,1049514117,SVM,MEAN_RATE_LINEAR_SVM,1,UNIT,0.3,proportion,0,True,MAIN_FROZEN_U30,PENDING
Allen VBN|1049514117|MEAN_RATE_LINEAR_SVM|1|UNIT|0.3|1,Allen VBN,521466,1049514117,SVM,MEAN_RATE_LINEAR_SVM,1,UNIT,0.3,proportion,1,True,MAIN_FROZEN_U30,PENDING
Allen VBN|1049514117|MEAN_RATE_LINEAR_SVM|1|UNIT|0.3|2,Allen VBN,521466,1049514117,SVM,MEAN_RATE_LINEAR_SVM,1,UNIT,0.3,proportion,2,True,MAIN_FROZEN_U30,PENDING
Allen VBN|1049514117|MEAN_RATE_LINEAR_SVM|1|UNIT|0.3|3,Allen VBN,521466,1049514117,SVM,MEAN_RATE_LINEAR_SVM,1,UNIT,0.3,proportion,3,True,MAIN_FROZEN_U30,PENDING
Allen VBN|1049514117|MEAN_RATE_LINEAR_SVM|1|UNIT|0.3|4,Allen VBN,521466,1049514117,SVM,MEAN_RATE_LINEAR_SVM,1,UNIT,0.3,proportion,4,True,MAIN_FROZEN_U30,PENDING
Allen VBN|1049514117|MEAN_RATE_LINEAR_SVM|1|UNIT|0.4|0,Allen VBN,521466,1049514117,SVM,MEAN_RATE_LINEAR_SVM,1,UNIT,0.4,proportion,0,False,NEW_SUPP_S1_FIXED_SEED,PENDING
Allen VBN|1049514117|MEAN_RATE_LINEAR_SVM|1|UNIT|0.4|1,Allen VBN,521466,1049514117,SVM,MEAN_RATE_LINEAR_SVM,1,UNIT,0.4,proportion,1,False,NEW_SUPP_S1_FIXED_SEED,PENDING
Allen VBN|1049514117|MEAN_RATE_LINEAR_SVM|1|UNIT|0.4|2,Allen VBN,521466,1049514117,SVM,MEAN_RATE_LINEAR_SVM,1,UNIT,0.4,proportion,2,False,NEW_SUPP_S1_FIXED_SEED,PENDING
Allen VBN|1049514117|MEAN_RATE_LINEAR_SVM|1|UNIT|0.4|3,Allen VBN,521466,1049514117,SVM,MEAN_RATE_LINEAR_SVM,1,UNIT,0.4,proportion,3,False,NEW_SUPP_S1_FIXED_SEED,PENDING
Allen VBN|1049514117|MEAN_RATE_LINEAR_SVM|1|UNIT|0.4|4,Allen VBN,521466,1049514117,SVM,MEAN_RATE_LINEAR_SVM,1,UNIT,0.4,proportion,4,False,NEW_SUPP_S1_FIXED_SEED,PENDING
Allen VBN|1049514117|MEAN_RATE_LINEAR_SVM|1|UNIT|0.5|0,Allen VBN,521466,1049514117,SVM,MEAN_RATE_LINEAR_SVM,1,UNIT,0.5,proportion,0,False,NEW_SUPP_S1_FIXED_SEED,PENDING
Allen VBN|1049514117|MEAN_RATE_LINEAR_SVM|1|UNIT|0.5|1,Allen VBN,521466,1049514117,SVM,MEAN_RATE_LINEAR_SVM,1,UNIT,0.5,proportion,1,False,NEW_SUPP_S1_FIXED_SEED,PENDING
Allen VBN|1049514117|MEAN_RATE_LINEAR_SVM|1|UNIT|0.5|2,Allen VBN,521466,1049514117,SVM,MEAN_RATE_LINEAR_SVM,1,UNIT,0.5,proportion,2,False,NEW_SUPP_S1_FIXED_SEED,PENDING
Allen VBN|1049514117|MEAN_RATE_LINEAR_SVM|1|UNIT|0.5|3,Allen VBN,521466,1049514117,SVM,MEAN_RATE_LINEAR_SVM,1,UNIT,0.5,proportion,3,False,NEW_SUPP_S1_FIXED_SEED,PENDING
Allen VBN|1049514117|MEAN_RATE_LINEAR_SVM|1|UNIT|0.5|4,Allen VBN,521466,1049514117,SVM,MEAN_RATE_LINEAR_SVM,1,UNIT,0.5,proportion,4,False,NEW_SUPP_S1_FIXED_SEED,PENDING
Allen VBN|1049514117|MEAN_RATE_LINEAR_SVM|1|TEMPORAL|2|0,Allen VBN,521466,1049514117,SVM,MEAN_RATE_LINEAR_SVM,1,TEMPORAL,2,bins,0,False,NEW_SUPP_S1_FIXED_SEED,PENDING
Allen VBN|1049514117|MEAN_RATE_LINEAR_SVM|1|TEMPORAL|2|1,Allen VBN,521466,1049514117,SVM,MEAN_RATE_LINEAR_SVM,1,TEMPORAL,2,bins,1,False,NEW_SUPP_S1_FIXED_SEED,PENDING
Allen VBN|1049514117|MEAN_RATE_LINEAR_SVM|1|TEMPORAL|2|2,Allen VBN,521466,1049514117,SVM,MEAN_RATE_LINEAR_SVM,1,TEMPORAL,2,bins,2,False,NEW_SUPP_S1_FIXED_SEED,PENDING
Allen VBN|1049514117|MEAN_RATE_LINEAR_SVM|1|TEMPORAL|2|3,Allen VBN,521466,1049514117,SVM,MEAN_RATE_LINEAR_SVM,1,TEMPORAL,2,bins,3,False,NEW_SUPP_S1_FIXED_SEED,PENDING
Allen VBN|1049514117|MEAN_RATE_LINEAR_SVM|1|TEMPORAL|2|4,Allen VBN,521466,1049514117,SVM,MEAN_RATE_LINEAR_SVM,1,TEMPORAL,2,bins,4,False,NEW_SUPP_S1_FIXED_SEED,PENDING
Allen VBN|1049514117|MEAN_RATE_LINEAR_SVM|1|TEMPORAL|3|0,Allen VBN,521466,1049514117,SVM,MEAN_RATE_LINEAR_SVM,1,TEMPORAL,3,bins,0,False,NEW_SUPP_S1_FIXED_SEED,PENDING
Allen VBN|1049514117|MEAN_RATE_LINEAR_SVM|1|TEMPORAL|3|1,Allen VBN,521466,1049514117,SVM,MEAN_RATE_LINEAR_SVM,1,TEMPORAL,3,bins,1,False,NEW_SUPP_S1_FIXED_SEED,PENDING
Allen VBN|1049514117|MEAN_RATE_LINEAR_SVM|1|TEMPORAL|3|2,Allen VBN,521466,1049514117,SVM,MEAN_RATE_LINEAR_SVM,1,TEMPORAL,3,bins,2,False,NEW_SUPP_S1_FIXED_SEED,PENDING
Allen VBN|1049514117|MEAN_RATE_LINEAR_SVM|1|TEMPORAL|3|3,Allen VBN,521466,1049514117,SVM,MEAN_RATE_LINEAR_SVM,1,TEMPORAL,3,bins,3,False,NEW_SUPP_S1_FIXED_SEED,PENDING
Allen VBN|1049514117|MEAN_RATE_LINEAR_SVM|1|TEMPORAL|3|4,Allen VBN,521466,1049514117,SVM,MEAN_RATE_LINEAR_SVM,1,TEMPORAL,3,bins,4,False,NEW_SUPP_S1_FIXED_SEED,PENDING
Allen VBN|1049514117|MEAN_RATE_LINEAR_SVM|1|TEMPORAL|5|0,Allen VBN,521466,1049514117,SVM,MEAN_RATE_LINEAR_SVM,1,TEMPORAL,5,bins,0,True,MAIN_FROZEN_T5,PENDING
Allen VBN|1049514117|MEAN_RATE_LINEAR_SVM|1|TEMPORAL|5|1,Allen VBN,521466,1049514117,SVM,MEAN_RATE_LINEAR_SVM,1,TEMPORAL,5,bins,1,True,MAIN_FROZEN_T5,PENDING
Allen VBN|1049514117|MEAN_RATE_LINEAR_SVM|1|TEMPORAL|5|2,Allen VBN,521466,1049514117,SVM,MEAN_RATE_LINEAR_SVM,1,TEMPORAL,5,bins,2,True,MAIN_FROZEN_T5,PENDING
Allen VBN|1049514117|MEAN_RATE_LINEAR_SVM|1|TEMPORAL|5|3,Allen VBN,521466,1049514117,SVM,MEAN_RATE_LINEAR_SVM,1,TEMPORAL,5,bins,3,True,MAIN_FROZEN_T5,PENDING
Allen VBN|1049514117|MEAN_RATE_LINEAR_SVM|1|TEMPORAL|5|4,Allen VBN,521466,1049514117,SVM,MEAN_RATE_LINEAR_SVM,1,TEMPORAL,5,bins,4,True,MAIN_FROZEN_T5,PENDING
Allen VBN|1049514117|MEAN_RATE_LINEAR_SVM|1|TEMPORAL|7|0,Allen VBN,521466,1049514117,SVM,MEAN_RATE_LINEAR_SVM,1,TEMPORAL,7,bins,0,False,NEW_SUPP_S1_FIXED_SEED,PENDING
Allen VBN|1049514117|MEAN_RATE_LINEAR_SVM|1|TEMPORAL|7|1,Allen VBN,521466,1049514117,SVM,MEAN_RATE_LINEAR_SVM,1,TEMPORAL,7,bins,1,False,NEW_SUPP_S1_FIXED_SEED,PENDING
Allen VBN|1049514117|MEAN_RATE_LINEAR_SVM|1|TEMPORAL|7|2,Allen VBN,521466,1049514117,SVM,MEAN_RATE_LINEAR_SVM,1,TEMPORAL,7,bins,2,False,NEW_SUPP_S1_FIXED_SEED,PENDING
Allen VBN|1049514117|MEAN_RATE_LINEAR_SVM|1|TEMPORAL|7|3,Allen VBN,521466,1049514117,SVM,MEAN_RATE_LINEAR_SVM,1,TEMPORAL,7,bins,3,False,NEW_SUPP_S1_FIXED_SEED,PENDING
Allen VBN|1049514117|MEAN_RATE_LINEAR_SVM|1|TEMPORAL|7|4,Allen VBN,521466,1049514117,SVM,MEAN_RATE_LINEAR_SVM,1,TEMPORAL,7,bins,4,False,NEW_SUPP_S1_FIXED_SEED,PENDING
Allen VBN|1049514117|MEAN_RATE_LINEAR_SVM|1|TEMPORAL|10|0,Allen VBN,521466,1049514117,SVM,MEAN_RATE_LINEAR_SVM,1,TEMPORAL,10,bins,0,False,NEW_SUPP_S1_FIXED_SEED,PENDING
Allen VBN|1049514117|MEAN_RATE_LINEAR_SVM|1|TEMPORAL|10|1,Allen VBN,521466,1049514117,SVM,MEAN_RATE_LINEAR_SVM,1,TEMPORAL,10,bins,1,False,NEW_SUPP_S1_FIXED_SEED,PENDING
Allen VBN|1049514117|MEAN_RATE_LINEAR_SVM|1|TEMPORAL|10|2,Allen VBN,521466,1049514117,SVM,MEAN_RATE_LINEAR_SVM,1,TEMPORAL,10,bins,2,False,NEW_SUPP_S1_FIXED_SEED,PENDING
Allen VBN|1049514117|MEAN_RATE_LINEAR_SVM|1|TEMPORAL|10|3,Allen VBN,521466,1049514117,SVM,MEAN_RATE_LINEAR_SVM,1,TEMPORAL,10,bins,3,False,NEW_SUPP_S1_FIXED_SEED,PENDING
Allen VBN|1049514117|MEAN_RATE_LINEAR_SVM|1|TEMPORAL|10|4,Allen VBN,521466,1049514117,SVM,MEAN_RATE_LINEAR_SVM,1,TEMPORAL,10,bins,4,False,NEW_SUPP_S1_FIXED_SEED,PENDING
Allen VBN|1051155866|MM_RVD_A9_SELECTED_R6|0|CLEAN|0,Allen VBN,524760,1051155866,MM-RVD,MM_RVD_A9_SELECTED_R6,0,CLEAN_REFERENCE,0,none,0,False,R4_CLEAN_REFERENCE,PENDING
Allen VBN|1051155866|MM_RVD_A9_SELECTED_R6|0|UNIT|0.1|0,Allen VBN,524760,1051155866,MM-RVD,MM_RVD_A9_SELECTED_R6,0,UNIT,0.1,proportion,0,False,NEW_SUPP_S1_FIXED_SEED,PENDING
Allen VBN|1051155866|MM_RVD_A9_SELECTED_R6|0|UNIT|0.1|1,Allen VBN,524760,1051155866,MM-RVD,MM_RVD_A9_SELECTED_R6,0,UNIT,0.1,proportion,1,False,NEW_SUPP_S1_FIXED_SEED,PENDING
Allen VBN|1051155866|MM_RVD_A9_SELECTED_R6|0|UNIT|0.1|2,Allen VBN,524760,1051155866,MM-RVD,MM_RVD_A9_SELECTED_R6,0,UNIT,0.1,proportion,2,False,NEW_SUPP_S1_FIXED_SEED,PENDING
Allen VBN|1051155866|MM_RVD_A9_SELECTED_R6|0|UNIT|0.1|3,Allen VBN,524760,1051155866,MM-RVD,MM_RVD_A9_SELECTED_R6,0,UNIT,0.1,proportion,3,False,NEW_SUPP_S1_FIXED_SEED,PENDING
Allen VBN|1051155866|MM_RVD_A9_SELECTED_R6|0|UNIT|0.1|4,Allen VBN,524760,1051155866,MM-RVD,MM_RVD_A9_SELECTED_R6,0,UNIT,0.1,proportion,4,False,NEW_SUPP_S1_FIXED_SEED,PENDING
Allen VBN|1051155866|MM_RVD_A9_SELECTED_R6|0|UNIT|0.2|0,Allen VBN,524760,1051155866,MM-RVD,MM_RVD_A9_SELECTED_R6,0,UNIT,0.2,proportion,0,False,NEW_SUPP_S1_FIXED_SEED,PENDING
Allen VBN|1051155866|MM_RVD_A9_SELECTED_R6|0|UNIT|0.2|1,Allen VBN,524760,1051155866,MM-RVD,MM_RVD_A9_SELECTED_R6,0,UNIT,0.2,proportion,1,False,NEW_SUPP_S1_FIXED_SEED,PENDING
Allen VBN|1051155866|MM_RVD_A9_SELECTED_R6|0|UNIT|0.2|2,Allen VBN,524760,1051155866,MM-RVD,MM_RVD_A9_SELECTED_R6,0,UNIT,0.2,proportion,2,False,NEW_SUPP_S1_FIXED_SEED,PENDING
Allen VBN|1051155866|MM_RVD_A9_SELECTED_R6|0|UNIT|0.2|3,Allen VBN,524760,1051155866,MM-RVD,MM_RVD_A9_SELECTED_R6,0,UNIT,0.2,proportion,3,False,NEW_SUPP_S1_FIXED_SEED,PENDING
Allen VBN|1051155866|MM_RVD_A9_SELECTED_R6|0|UNIT|0.2|4,Allen VBN,524760,1051155866,MM-RVD,MM_RVD_A9_SELECTED_R6,0,UNIT,0.2,proportion,4,False,NEW_SUPP_S1_FIXED_SEED,PENDING
Allen VBN|1051155866|MM_RVD_A9_SELECTED_R6|0|UNIT|0.3|0,Allen VBN,524760,1051155866,MM-RVD,MM_RVD_A9_SELECTED_R6,0,UNIT,0.3,proportion,0,True,MAIN_FROZEN_U30,PENDING
Allen VBN|1051155866|MM_RVD_A9_SELECTED_R6|0|UNIT|0.3|1,Allen VBN,524760,1051155866,MM-RVD,MM_RVD_A9_SELECTED_R6,0,UNIT,0.3,proportion,1,True,MAIN_FROZEN_U30,PENDING
Allen VBN|1051155866|MM_RVD_A9_SELECTED_R6|0|UNIT|0.3|2,Allen VBN,524760,1051155866,MM-RVD,MM_RVD_A9_SELECTED_R6,0,UNIT,0.3,proportion,2,True,MAIN_FROZEN_U30,PENDING
Allen VBN|1051155866|MM_RVD_A9_SELECTED_R6|0|UNIT|0.3|3,Allen VBN,524760,1051155866,MM-RVD,MM_RVD_A9_SELECTED_R6,0,UNIT,0.3,proportion,3,True,MAIN_FROZEN_U30,PENDING
Allen VBN|1051155866|MM_RVD_A9_SELECTED_R6|0|UNIT|0.3|4,Allen VBN,524760,1051155866,MM-RVD,MM_RVD_A9_SELECTED_R6,0,UNIT,0.3,proportion,4,True,MAIN_FROZEN_U30,PENDING
Allen VBN|1051155866|MM_RVD_A9_SELECTED_R6|0|UNIT|0.4|0,Allen VBN,524760,1051155866,MM-RVD,MM_RVD_A9_SELECTED_R6,0,UNIT,0.4,proportion,0,False,NEW_SUPP_S1_FIXED_SEED,PENDING
Allen VBN|1051155866|MM_RVD_A9_SELECTED_R6|0|UNIT|0.4|1,Allen VBN,524760,1051155866,MM-RVD,MM_RVD_A9_SELECTED_R6,0,UNIT,0.4,proportion,1,False,NEW_SUPP_S1_FIXED_SEED,PENDING
Allen VBN|1051155866|MM_RVD_A9_SELECTED_R6|0|UNIT|0.4|2,Allen VBN,524760,1051155866,MM-RVD,MM_RVD_A9_SELECTED_R6,0,UNIT,0.4,proportion,2,False,NEW_SUPP_S1_FIXED_SEED,PENDING
Allen VBN|1051155866|MM_RVD_A9_SELECTED_R6|0|UNIT|0.4|3,Allen VBN,524760,1051155866,MM-RVD,MM_RVD_A9_SELECTED_R6,0,UNIT,0.4,proportion,3,False,NEW_SUPP_S1_FIXED_SEED,PENDING
Allen VBN|1051155866|MM_RVD_A9_SELECTED_R6|0|UNIT|0.4|4,Allen VBN,524760,1051155866,MM-RVD,MM_RVD_A9_SELECTED_R6,0,UNIT,0.4,proportion,4,False,NEW_SUPP_S1_FIXED_SEED,PENDING
Allen VBN|1051155866|MM_RVD_A9_SELECTED_R6|0|UNIT|0.5|0,Allen VBN,524760,1051155866,MM-RVD,MM_RVD_A9_SELECTED_R6,0,UNIT,0.5,proportion,0,False,NEW_SUPP_S1_FIXED_SEED,PENDING
Allen VBN|1051155866|MM_RVD_A9_SELECTED_R6|0|UNIT|0.5|1,Allen VBN,524760,1051155866,MM-RVD,MM_RVD_A9_SELECTED_R6,0,UNIT,0.5,proportion,1,False,NEW_SUPP_S1_FIXED_SEED,PENDING
Allen VBN|1051155866|MM_RVD_A9_SELECTED_R6|0|UNIT|0.5|2,Allen VBN,524760,1051155866,MM-RVD,MM_RVD_A9_SELECTED_R6,0,UNIT,0.5,proportion,2,False,NEW_SUPP_S1_FIXED_SEED,PENDING
Allen VBN|1051155866|MM_RVD_A9_SELECTED_R6|0|UNIT|0.5|3,Allen VBN,524760,1051155866,MM-RVD,MM_RVD_A9_SELECTED_R6,0,UNIT,0.5,proportion,3,False,NEW_SUPP_S1_FIXED_SEED,PENDING
Allen VBN|1051155866|MM_RVD_A9_SELECTED_R6|0|UNIT|0.5|4,Allen VBN,524760,1051155866,MM-RVD,MM_RVD_A9_SELECTED_R6,0,UNIT,0.5,proportion,4,False,NEW_SUPP_S1_FIXED_SEED,PENDING
Allen VBN|1051155866|MM_RVD_A9_SELECTED_R6|0|TEMPORAL|2|0,Allen VBN,524760,1051155866,MM-RVD,MM_RVD_A9_SELECTED_R6,0,TEMPORAL,2,bins,0,False,NEW_SUPP_S1_FIXED_SEED,PENDING
Allen VBN|1051155866|MM_RVD_A9_SELECTED_R6|0|TEMPORAL|2|1,Allen VBN,524760,1051155866,MM-RVD,MM_RVD_A9_SELECTED_R6,0,TEMPORAL,2,bins,1,False,NEW_SUPP_S1_FIXED_SEED,PENDING
Allen VBN|1051155866|MM_RVD_A9_SELECTED_R6|0|TEMPORAL|2|2,Allen VBN,524760,1051155866,MM-RVD,MM_RVD_A9_SELECTED_R6,0,TEMPORAL,2,bins,2,False,NEW_SUPP_S1_FIXED_SEED,PENDING
Allen VBN|1051155866|MM_RVD_A9_SELECTED_R6|0|TEMPORAL|2|3,Allen VBN,524760,1051155866,MM-RVD,MM_RVD_A9_SELECTED_R6,0,TEMPORAL,2,bins,3,False,NEW_SUPP_S1_FIXED_SEED,PENDING
Allen VBN|1051155866|MM_RVD_A9_SELECTED_R6|0|TEMPORAL|2|4,Allen VBN,524760,1051155866,MM-RVD,MM_RVD_A9_SELECTED_R6,0,TEMPORAL,2,bins,4,False,NEW_SUPP_S1_FIXED_SEED,PENDING
Allen VBN|1051155866|MM_RVD_A9_SELECTED_R6|0|TEMPORAL|3|0,Allen VBN,524760,1051155866,MM-RVD,MM_RVD_A9_SELECTED_R6,0,TEMPORAL,3,bins,0,False,NEW_SUPP_S1_FIXED_SEED,PENDING
Allen VBN|1051155866|MM_RVD_A9_SELECTED_R6|0|TEMPORAL|3|1,Allen VBN,524760,1051155866,MM-RVD,MM_RVD_A9_SELECTED_R6,0,TEMPORAL,3,bins,1,False,NEW_SUPP_S1_FIXED_SEED,PENDING
Allen VBN|1051155866|MM_RVD_A9_SELECTED_R6|0|TEMPORAL|3|2,Allen VBN,524760,1051155866,MM-RVD,MM_RVD_A9_SELECTED_R6,0,TEMPORAL,3,bins,2,False,NEW_SUPP_S1_FIXED_SEED,PENDING
Allen VBN|1051155866|MM_RVD_A9_SELECTED_R6|0|TEMPORAL|3|3,Allen VBN,524760,1051155866,MM-RVD,MM_RVD_A9_SELECTED_R6,0,TEMPORAL,3,bins,3,False,NEW_SUPP_S1_FIXED_SEED,PENDING
Allen VBN|1051155866|MM_RVD_A9_SELECTED_R6|0|TEMPORAL|3|4,Allen VBN,524760,1051155866,MM-RVD,MM_RVD_A9_SELECTED_R6,0,TEMPORAL,3,bins,4,False,NEW_SUPP_S1_FIXED_SEED,PENDING
Allen VBN|1051155866|MM_RVD_A9_SELECTED_R6|0|TEMPORAL|5|0,Allen VBN,524760,1051155866,MM-RVD,MM_RVD_A9_SELECTED_R6,0,TEMPORAL,5,bins,0,True,MAIN_FROZEN_T5,PENDING
Allen VBN|1051155866|MM_RVD_A9_SELECTED_R6|0|TEMPORAL|5|1,Allen VBN,524760,1051155866,MM-RVD,MM_RVD_A9_SELECTED_R6,0,TEMPORAL,5,bins,1,True,MAIN_FROZEN_T5,PENDING
Allen VBN|1051155866|MM_RVD_A9_SELECTED_R6|0|TEMPORAL|5|2,Allen VBN,524760,1051155866,MM-RVD,MM_RVD_A9_SELECTED_R6,0,TEMPORAL,5,bins,2,True,MAIN_FROZEN_T5,PENDING
Allen VBN|1051155866|MM_RVD_A9_SELECTED_R6|0|TEMPORAL|5|3,Allen VBN,524760,1051155866,MM-RVD,MM_RVD_A9_SELECTED_R6,0,TEMPORAL,5,bins,3,True,MAIN_FROZEN_T5,PENDING
Allen VBN|1051155866|MM_RVD_A9_SELECTED_R6|0|TEMPORAL|5|4,Allen VBN,524760,1051155866,MM-RVD,MM_RVD_A9_SELECTED_R6,0,TEMPORAL,5,bins,4,True,MAIN_FROZEN_T5,PENDING
Allen VBN|1051155866|MM_RVD_A9_SELECTED_R6|0|TEMPORAL|7|0,Allen VBN,524760,1051155866,MM-RVD,MM_RVD_A9_SELECTED_R6,0,TEMPORAL,7,bins,0,False,NEW_SUPP_S1_FIXED_SEED,PENDING
Allen VBN|1051155866|MM_RVD_A9_SELECTED_R6|0|TEMPORAL|7|1,Allen VBN,524760,1051155866,MM-RVD,MM_RVD_A9_SELECTED_R6,0,TEMPORAL,7,bins,1,False,NEW_SUPP_S1_FIXED_SEED,PENDING
Allen VBN|1051155866|MM_RVD_A9_SELECTED_R6|0|TEMPORAL|7|2,Allen VBN,524760,1051155866,MM-RVD,MM_RVD_A9_SELECTED_R6,0,TEMPORAL,7,bins,2,False,NEW_SUPP_S1_FIXED_SEED,PENDING
Allen VBN|1051155866|MM_RVD_A9_SELECTED_R6|0|TEMPORAL|7|3,Allen VBN,524760,1051155866,MM-RVD,MM_RVD_A9_SELECTED_R6,0,TEMPORAL,7,bins,3,False,NEW_SUPP_S1_FIXED_SEED,PENDING
Allen VBN|1051155866|MM_RVD_A9_SELECTED_R6|0|TEMPORAL|7|4,Allen VBN,524760,1051155866,MM-RVD,MM_RVD_A9_SELECTED_R6,0,TEMPORAL,7,bins,4,False,NEW_SUPP_S1_FIXED_SEED,PENDING
Allen VBN|1051155866|MM_RVD_A9_SELECTED_R6|0|TEMPORAL|10|0,Allen VBN,524760,1051155866,MM-RVD,MM_RVD_A9_SELECTED_R6,0,TEMPORAL,10,bins,0,False,NEW_SUPP_S1_FIXED_SEED,PENDING
Allen VBN|1051155866|MM_RVD_A9_SELECTED_R6|0|TEMPORAL|10|1,Allen VBN,524760,1051155866,MM-RVD,MM_RVD_A9_SELECTED_R6,0,TEMPORAL,10,bins,1,False,NEW_SUPP_S1_FIXED_SEED,PENDING
Allen VBN|1051155866|MM_RVD_A9_SELECTED_R6|0|TEMPORAL|10|2,Allen VBN,524760,1051155866,MM-RVD,MM_RVD_A9_SELECTED_R6,0,TEMPORAL,10,bins,2,False,NEW_SUPP_S1_FIXED_SEED,PENDING
Allen VBN|1051155866|MM_RVD_A9_SELECTED_R6|0|TEMPORAL|10|3,Allen VBN,524760,1051155866,MM-RVD,MM_RVD_A9_SELECTED_R6,0,TEMPORAL,10,bins,3,False,NEW_SUPP_S1_FIXED_SEED,PENDING
Allen VBN|1051155866|MM_RVD_A9_SELECTED_R6|0|TEMPORAL|10|4,Allen VBN,524760,1051155866,MM-RVD,MM_RVD_A9_SELECTED_R6,0,TEMPORAL,10,bins,4,False,NEW_SUPP_S1_FIXED_SEED,PENDING
Allen VBN|1051155866|MM_RVD_A9_SELECTED_R6|1|CLEAN|0,Allen VBN,524760,1051155866,MM-RVD,MM_RVD_A9_SELECTED_R6,1,CLEAN_REFERENCE,0,none,0,False,R4_CLEAN_REFERENCE,PENDING
Allen VBN|1051155866|MM_RVD_A9_SELECTED_R6|1|UNIT|0.1|0,Allen VBN,524760,1051155866,MM-RVD,MM_RVD_A9_SELECTED_R6,1,UNIT,0.1,proportion,0,False,NEW_SUPP_S1_FIXED_SEED,PENDING
Allen VBN|1051155866|MM_RVD_A9_SELECTED_R6|1|UNIT|0.1|1,Allen VBN,524760,1051155866,MM-RVD,MM_RVD_A9_SELECTED_R6,1,UNIT,0.1,proportion,1,False,NEW_SUPP_S1_FIXED_SEED,PENDING
Allen VBN|1051155866|MM_RVD_A9_SELECTED_R6|1|UNIT|0.1|2,Allen VBN,524760,1051155866,MM-RVD,MM_RVD_A9_SELECTED_R6,1,UNIT,0.1,proportion,2,False,NEW_SUPP_S1_FIXED_SEED,PENDING
Allen VBN|1051155866|MM_RVD_A9_SELECTED_R6|1|UNIT|0.1|3,Allen VBN,524760,1051155866,MM-RVD,MM_RVD_A9_SELECTED_R6,1,UNIT,0.1,proportion,3,False,NEW_SUPP_S1_FIXED_SEED,PENDING
Allen VBN|1051155866|MM_RVD_A9_SELECTED_R6|1|UNIT|0.1|4,Allen VBN,524760,1051155866,MM-RVD,MM_RVD_A9_SELECTED_R6,1,UNIT,0.1,proportion,4,False,NEW_SUPP_S1_FIXED_SEED,PENDING
Allen VBN|1051155866|MM_RVD_A9_SELECTED_R6|1|UNIT|0.2|0,Allen VBN,524760,1051155866,MM-RVD,MM_RVD_A9_SELECTED_R6,1,UNIT,0.2,proportion,0,False,NEW_SUPP_S1_FIXED_SEED,PENDING
Allen VBN|1051155866|MM_RVD_A9_SELECTED_R6|1|UNIT|0.2|1,Allen VBN,524760,1051155866,MM-RVD,MM_RVD_A9_SELECTED_R6,1,UNIT,0.2,proportion,1,False,NEW_SUPP_S1_FIXED_SEED,PENDING
Allen VBN|1051155866|MM_RVD_A9_SELECTED_R6|1|UNIT|0.2|2,Allen VBN,524760,1051155866,MM-RVD,MM_RVD_A9_SELECTED_R6,1,UNIT,0.2,proportion,2,False,NEW_SUPP_S1_FIXED_SEED,PENDING
Allen VBN|1051155866|MM_RVD_A9_SELECTED_R6|1|UNIT|0.2|3,Allen VBN,524760,1051155866,MM-RVD,MM_RVD_A9_SELECTED_R6,1,UNIT,0.2,proportion,3,False,NEW_SUPP_S1_FIXED_SEED,PENDING
Allen VBN|1051155866|MM_RVD_A9_SELECTED_R6|1|UNIT|0.2|4,Allen VBN,524760,1051155866,MM-RVD,MM_RVD_A9_SELECTED_R6,1,UNIT,0.2,proportion,4,False,NEW_SUPP_S1_FIXED_SEED,PENDING
Allen VBN|1051155866|MM_RVD_A9_SELECTED_R6|1|UNIT|0.3|0,Allen VBN,524760,1051155866,MM-RVD,MM_RVD_A9_SELECTED_R6,1,UNIT,0.3,proportion,0,True,MAIN_FROZEN_U30,PENDING
Allen VBN|1051155866|MM_RVD_A9_SELECTED_R6|1|UNIT|0.3|1,Allen VBN,524760,1051155866,MM-RVD,MM_RVD_A9_SELECTED_R6,1,UNIT,0.3,proportion,1,True,MAIN_FROZEN_U30,PENDING
Allen VBN|1051155866|MM_RVD_A9_SELECTED_R6|1|UNIT|0.3|2,Allen VBN,524760,1051155866,MM-RVD,MM_RVD_A9_SELECTED_R6,1,UNIT,0.3,proportion,2,True,MAIN_FROZEN_U30,PENDING
Allen VBN|1051155866|MM_RVD_A9_SELECTED_R6|1|UNIT|0.3|3,Allen VBN,524760,1051155866,MM-RVD,MM_RVD_A9_SELECTED_R6,1,UNIT,0.3,proportion,3,True,MAIN_FROZEN_U30,PENDING
Allen VBN|1051155866|MM_RVD_A9_SELECTED_R6|1|UNIT|0.3|4,Allen VBN,524760,1051155866,MM-RVD,MM_RVD_A9_SELECTED_R6,1,UNIT,0.3,proportion,4,True,MAIN_FROZEN_U30,PENDING
Allen VBN|1051155866|MM_RVD_A9_SELECTED_R6|1|UNIT|0.4|0,Allen VBN,524760,1051155866,MM-RVD,MM_RVD_A9_SELECTED_R6,1,UNIT,0.4,proportion,0,False,NEW_SUPP_S1_FIXED_SEED,PENDING
Allen VBN|1051155866|MM_RVD_A9_SELECTED_R6|1|UNIT|0.4|1,Allen VBN,524760,1051155866,MM-RVD,MM_RVD_A9_SELECTED_R6,1,UNIT,0.4,proportion,1,False,NEW_SUPP_S1_FIXED_SEED,PENDING
Allen VBN|1051155866|MM_RVD_A9_SELECTED_R6|1|UNIT|0.4|2,Allen VBN,524760,1051155866,MM-RVD,MM_RVD_A9_SELECTED_R6,1,UNIT,0.4,proportion,2,False,NEW_SUPP_S1_FIXED_SEED,PENDING
Allen VBN|1051155866|MM_RVD_A9_SELECTED_R6|1|UNIT|0.4|3,Allen VBN,524760,1051155866,MM-RVD,MM_RVD_A9_SELECTED_R6,1,UNIT,0.4,proportion,3,False,NEW_SUPP_S1_FIXED_SEED,PENDING
Allen VBN|1051155866|MM_RVD_A9_SELECTED_R6|1|UNIT|0.4|4,Allen VBN,524760,1051155866,MM-RVD,MM_RVD_A9_SELECTED_R6,1,UNIT,0.4,proportion,4,False,NEW_SUPP_S1_FIXED_SEED,PENDING
Allen VBN|1051155866|MM_RVD_A9_SELECTED_R6|1|UNIT|0.5|0,Allen VBN,524760,1051155866,MM-RVD,MM_RVD_A9_SELECTED_R6,1,UNIT,0.5,proportion,0,False,NEW_SUPP_S1_FIXED_SEED,PENDING
Allen VBN|1051155866|MM_RVD_A9_SELECTED_R6|1|UNIT|0.5|1,Allen VBN,524760,1051155866,MM-RVD,MM_RVD_A9_SELECTED_R6,1,UNIT,0.5,proportion,1,False,NEW_SUPP_S1_FIXED_SEED,PENDING
Allen VBN|1051155866|MM_RVD_A9_SELECTED_R6|1|UNIT|0.5|2,Allen VBN,524760,1051155866,MM-RVD,MM_RVD_A9_SELECTED_R6,1,UNIT,0.5,proportion,2,False,NEW_SUPP_S1_FIXED_SEED,PENDING
Allen VBN|1051155866|MM_RVD_A9_SELECTED_R6|1|UNIT|0.5|3,Allen VBN,524760,1051155866,MM-RVD,MM_RVD_A9_SELECTED_R6,1,UNIT,0.5,proportion,3,False,NEW_SUPP_S1_FIXED_SEED,PENDING
Allen VBN|1051155866|MM_RVD_A9_SELECTED_R6|1|UNIT|0.5|4,Allen VBN,524760,1051155866,MM-RVD,MM_RVD_A9_SELECTED_R6,1,UNIT,0.5,proportion,4,False,NEW_SUPP_S1_FIXED_SEED,PENDING
Allen VBN|1051155866|MM_RVD_A9_SELECTED_R6|1|TEMPORAL|2|0,Allen VBN,524760,1051155866,MM-RVD,MM_RVD_A9_SELECTED_R6,1,TEMPORAL,2,bins,0,False,NEW_SUPP_S1_FIXED_SEED,PENDING
Allen VBN|1051155866|MM_RVD_A9_SELECTED_R6|1|TEMPORAL|2|1,Allen VBN,524760,1051155866,MM-RVD,MM_RVD_A9_SELECTED_R6,1,TEMPORAL,2,bins,1,False,NEW_SUPP_S1_FIXED_SEED,PENDING
Allen VBN|1051155866|MM_RVD_A9_SELECTED_R6|1|TEMPORAL|2|2,Allen VBN,524760,1051155866,MM-RVD,MM_RVD_A9_SELECTED_R6,1,TEMPORAL,2,bins,2,False,NEW_SUPP_S1_FIXED_SEED,PENDING
Allen VBN|1051155866|MM_RVD_A9_SELECTED_R6|1|TEMPORAL|2|3,Allen VBN,524760,1051155866,MM-RVD,MM_RVD_A9_SELECTED_R6,1,TEMPORAL,2,bins,3,False,NEW_SUPP_S1_FIXED_SEED,PENDING
Allen VBN|1051155866|MM_RVD_A9_SELECTED_R6|1|TEMPORAL|2|4,Allen VBN,524760,1051155866,MM-RVD,MM_RVD_A9_SELECTED_R6,1,TEMPORAL,2,bins,4,False,NEW_SUPP_S1_FIXED_SEED,PENDING
Allen VBN|1051155866|MM_RVD_A9_SELECTED_R6|1|TEMPORAL|3|0,Allen VBN,524760,1051155866,MM-RVD,MM_RVD_A9_SELECTED_R6,1,TEMPORAL,3,bins,0,False,NEW_SUPP_S1_FIXED_SEED,PENDING
Allen VBN|1051155866|MM_RVD_A9_SELECTED_R6|1|TEMPORAL|3|1,Allen VBN,524760,1051155866,MM-RVD,MM_RVD_A9_SELECTED_R6,1,TEMPORAL,3,bins,1,False,NEW_SUPP_S1_FIXED_SEED,PENDING
Allen VBN|1051155866|MM_RVD_A9_SELECTED_R6|1|TEMPORAL|3|2,Allen VBN,524760,1051155866,MM-RVD,MM_RVD_A9_SELECTED_R6,1,TEMPORAL,3,bins,2,False,NEW_SUPP_S1_FIXED_SEED,PENDING
Allen VBN|1051155866|MM_RVD_A9_SELECTED_R6|1|TEMPORAL|3|3,Allen VBN,524760,1051155866,MM-RVD,MM_RVD_A9_SELECTED_R6,1,TEMPORAL,3,bins,3,False,NEW_SUPP_S1_FIXED_SEED,PENDING
Allen VBN|1051155866|MM_RVD_A9_SELECTED_R6|1|TEMPORAL|3|4,Allen VBN,524760,1051155866,MM-RVD,MM_RVD_A9_SELECTED_R6,1,TEMPORAL,3,bins,4,False,NEW_SUPP_S1_FIXED_SEED,PENDING
Allen VBN|1051155866|MM_RVD_A9_SELECTED_R6|1|TEMPORAL|5|0,Allen VBN,524760,1051155866,MM-RVD,MM_RVD_A9_SELECTED_R6,1,TEMPORAL,5,bins,0,True,MAIN_FROZEN_T5,PENDING
Allen VBN|1051155866|MM_RVD_A9_SELECTED_R6|1|TEMPORAL|5|1,Allen VBN,524760,1051155866,MM-RVD,MM_RVD_A9_SELECTED_R6,1,TEMPORAL,5,bins,1,True,MAIN_FROZEN_T5,PENDING
Allen VBN|1051155866|MM_RVD_A9_SELECTED_R6|1|TEMPORAL|5|2,Allen VBN,524760,1051155866,MM-RVD,MM_RVD_A9_SELECTED_R6,1,TEMPORAL,5,bins,2,True,MAIN_FROZEN_T5,PENDING
Allen VBN|1051155866|MM_RVD_A9_SELECTED_R6|1|TEMPORAL|5|3,Allen VBN,524760,1051155866,MM-RVD,MM_RVD_A9_SELECTED_R6,1,TEMPORAL,5,bins,3,True,MAIN_FROZEN_T5,PENDING
Allen VBN|1051155866|MM_RVD_A9_SELECTED_R6|1|TEMPORAL|5|4,Allen VBN,524760,1051155866,MM-RVD,MM_RVD_A9_SELECTED_R6,1,TEMPORAL,5,bins,4,True,MAIN_FROZEN_T5,PENDING
Allen VBN|1051155866|MM_RVD_A9_SELECTED_R6|1|TEMPORAL|7|0,Allen VBN,524760,1051155866,MM-RVD,MM_RVD_A9_SELECTED_R6,1,TEMPORAL,7,bins,0,False,NEW_SUPP_S1_FIXED_SEED,PENDING
Allen VBN|1051155866|MM_RVD_A9_SELECTED_R6|1|TEMPORAL|7|1,Allen VBN,524760,1051155866,MM-RVD,MM_RVD_A9_SELECTED_R6,1,TEMPORAL,7,bins,1,False,NEW_SUPP_S1_FIXED_SEED,PENDING
Allen VBN|1051155866|MM_RVD_A9_SELECTED_R6|1|TEMPORAL|7|2,Allen VBN,524760,1051155866,MM-RVD,MM_RVD_A9_SELECTED_R6,1,TEMPORAL,7,bins,2,False,NEW_SUPP_S1_FIXED_SEED,PENDING
Allen VBN|1051155866|MM_RVD_A9_SELECTED_R6|1|TEMPORAL|7|3,Allen VBN,524760,1051155866,MM-RVD,MM_RVD_A9_SELECTED_R6,1,TEMPORAL,7,bins,3,False,NEW_SUPP_S1_FIXED_SEED,PENDING
Allen VBN|1051155866|MM_RVD_A9_SELECTED_R6|1|TEMPORAL|7|4,Allen VBN,524760,1051155866,MM-RVD,MM_RVD_A9_SELECTED_R6,1,TEMPORAL,7,bins,4,False,NEW_SUPP_S1_FIXED_SEED,PENDING
Allen VBN|1051155866|MM_RVD_A9_SELECTED_R6|1|TEMPORAL|10|0,Allen VBN,524760,1051155866,MM-RVD,MM_RVD_A9_SELECTED_R6,1,TEMPORAL,10,bins,0,False,NEW_SUPP_S1_FIXED_SEED,PENDING
Allen VBN|1051155866|MM_RVD_A9_SELECTED_R6|1|TEMPORAL|10|1,Allen VBN,524760,1051155866,MM-RVD,MM_RVD_A9_SELECTED_R6,1,TEMPORAL,10,bins,1,False,NEW_SUPP_S1_FIXED_SEED,PENDING
Allen VBN|1051155866|MM_RVD_A9_SELECTED_R6|1|TEMPORAL|10|2,Allen VBN,524760,1051155866,MM-RVD,MM_RVD_A9_SELECTED_R6,1,TEMPORAL,10,bins,2,False,NEW_SUPP_S1_FIXED_SEED,PENDING
Allen VBN|1051155866|MM_RVD_A9_SELECTED_R6|1|TEMPORAL|10|3,Allen VBN,524760,1051155866,MM-RVD,MM_RVD_A9_SELECTED_R6,1,TEMPORAL,10,bins,3,False,NEW_SUPP_S1_FIXED_SEED,PENDING
Allen VBN|1051155866|MM_RVD_A9_SELECTED_R6|1|TEMPORAL|10|4,Allen VBN,524760,1051155866,MM-RVD,MM_RVD_A9_SELECTED_R6,1,TEMPORAL,10,bins,4,False,NEW_SUPP_S1_FIXED_SEED,PENDING
Allen VBN|1051155866|MEAN_RATE_LINEAR_SVM|0|CLEAN|0,Allen VBN,524760,1051155866,SVM,MEAN_RATE_LINEAR_SVM,0,CLEAN_REFERENCE,0,none,0,False,R4_CLEAN_REFERENCE,PENDING
Allen VBN|1051155866|MEAN_RATE_LINEAR_SVM|0|UNIT|0.1|0,Allen VBN,524760,1051155866,SVM,MEAN_RATE_LINEAR_SVM,0,UNIT,0.1,proportion,0,False,NEW_SUPP_S1_FIXED_SEED,PENDING
Allen VBN|1051155866|MEAN_RATE_LINEAR_SVM|0|UNIT|0.1|1,Allen VBN,524760,1051155866,SVM,MEAN_RATE_LINEAR_SVM,0,UNIT,0.1,proportion,1,False,NEW_SUPP_S1_FIXED_SEED,PENDING
Allen VBN|1051155866|MEAN_RATE_LINEAR_SVM|0|UNIT|0.1|2,Allen VBN,524760,1051155866,SVM,MEAN_RATE_LINEAR_SVM,0,UNIT,0.1,proportion,2,False,NEW_SUPP_S1_FIXED_SEED,PENDING
Allen VBN|1051155866|MEAN_RATE_LINEAR_SVM|0|UNIT|0.1|3,Allen VBN,524760,1051155866,SVM,MEAN_RATE_LINEAR_SVM,0,UNIT,0.1,proportion,3,False,NEW_SUPP_S1_FIXED_SEED,PENDING
Allen VBN|1051155866|MEAN_RATE_LINEAR_SVM|0|UNIT|0.1|4,Allen VBN,524760,1051155866,SVM,MEAN_RATE_LINEAR_SVM,0,UNIT,0.1,proportion,4,False,NEW_SUPP_S1_FIXED_SEED,PENDING
Allen VBN|1051155866|MEAN_RATE_LINEAR_SVM|0|UNIT|0.2|0,Allen VBN,524760,1051155866,SVM,MEAN_RATE_LINEAR_SVM,0,UNIT,0.2,proportion,0,False,NEW_SUPP_S1_FIXED_SEED,PENDING
Allen VBN|1051155866|MEAN_RATE_LINEAR_SVM|0|UNIT|0.2|1,Allen VBN,524760,1051155866,SVM,MEAN_RATE_LINEAR_SVM,0,UNIT,0.2,proportion,1,False,NEW_SUPP_S1_FIXED_SEED,PENDING
Allen VBN|1051155866|MEAN_RATE_LINEAR_SVM|0|UNIT|0.2|2,Allen VBN,524760,1051155866,SVM,MEAN_RATE_LINEAR_SVM,0,UNIT,0.2,proportion,2,False,NEW_SUPP_S1_FIXED_SEED,PENDING
Allen VBN|1051155866|MEAN_RATE_LINEAR_SVM|0|UNIT|0.2|3,Allen VBN,524760,1051155866,SVM,MEAN_RATE_LINEAR_SVM,0,UNIT,0.2,proportion,3,False,NEW_SUPP_S1_FIXED_SEED,PENDING
Allen VBN|1051155866|MEAN_RATE_LINEAR_SVM|0|UNIT|0.2|4,Allen VBN,524760,1051155866,SVM,MEAN_RATE_LINEAR_SVM,0,UNIT,0.2,proportion,4,False,NEW_SUPP_S1_FIXED_SEED,PENDING
Allen VBN|1051155866|MEAN_RATE_LINEAR_SVM|0|UNIT|0.3|0,Allen VBN,524760,1051155866,SVM,MEAN_RATE_LINEAR_SVM,0,UNIT,0.3,proportion,0,True,MAIN_FROZEN_U30,PENDING
Allen VBN|1051155866|MEAN_RATE_LINEAR_SVM|0|UNIT|0.3|1,Allen VBN,524760,1051155866,SVM,MEAN_RATE_LINEAR_SVM,0,UNIT,0.3,proportion,1,True,MAIN_FROZEN_U30,PENDING
Allen VBN|1051155866|MEAN_RATE_LINEAR_SVM|0|UNIT|0.3|2,Allen VBN,524760,1051155866,SVM,MEAN_RATE_LINEAR_SVM,0,UNIT,0.3,proportion,2,True,MAIN_FROZEN_U30,PENDING
Allen VBN|1051155866|MEAN_RATE_LINEAR_SVM|0|UNIT|0.3|3,Allen VBN,524760,1051155866,SVM,MEAN_RATE_LINEAR_SVM,0,UNIT,0.3,proportion,3,True,MAIN_FROZEN_U30,PENDING
Allen VBN|1051155866|MEAN_RATE_LINEAR_SVM|0|UNIT|0.3|4,Allen VBN,524760,1051155866,SVM,MEAN_RATE_LINEAR_SVM,0,UNIT,0.3,proportion,4,True,MAIN_FROZEN_U30,PENDING
Allen VBN|1051155866|MEAN_RATE_LINEAR_SVM|0|UNIT|0.4|0,Allen VBN,524760,1051155866,SVM,MEAN_RATE_LINEAR_SVM,0,UNIT,0.4,proportion,0,False,NEW_SUPP_S1_FIXED_SEED,PENDING
Allen VBN|1051155866|MEAN_RATE_LINEAR_SVM|0|UNIT|0.4|1,Allen VBN,524760,1051155866,SVM,MEAN_RATE_LINEAR_SVM,0,UNIT,0.4,proportion,1,False,NEW_SUPP_S1_FIXED_SEED,PENDING
Allen VBN|1051155866|MEAN_RATE_LINEAR_SVM|0|UNIT|0.4|2,Allen VBN,524760,1051155866,SVM,MEAN_RATE_LINEAR_SVM,0,UNIT,0.4,proportion,2,False,NEW_SUPP_S1_FIXED_SEED,PENDING
Allen VBN|1051155866|MEAN_RATE_LINEAR_SVM|0|UNIT|0.4|3,Allen VBN,524760,1051155866,SVM,MEAN_RATE_LINEAR_SVM,0,UNIT,0.4,proportion,3,False,NEW_SUPP_S1_FIXED_SEED,PENDING
Allen VBN|1051155866|MEAN_RATE_LINEAR_SVM|0|UNIT|0.4|4,Allen VBN,524760,1051155866,SVM,MEAN_RATE_LINEAR_SVM,0,UNIT,0.4,proportion,4,False,NEW_SUPP_S1_FIXED_SEED,PENDING
Allen VBN|1051155866|MEAN_RATE_LINEAR_SVM|0|UNIT|0.5|0,Allen VBN,524760,1051155866,SVM,MEAN_RATE_LINEAR_SVM,0,UNIT,0.5,proportion,0,False,NEW_SUPP_S1_FIXED_SEED,PENDING
Allen VBN|1051155866|MEAN_RATE_LINEAR_SVM|0|UNIT|0.5|1,Allen VBN,524760,1051155866,SVM,MEAN_RATE_LINEAR_SVM,0,UNIT,0.5,proportion,1,False,NEW_SUPP_S1_FIXED_SEED,PENDING
Allen VBN|1051155866|MEAN_RATE_LINEAR_SVM|0|UNIT|0.5|2,Allen VBN,524760,1051155866,SVM,MEAN_RATE_LINEAR_SVM,0,UNIT,0.5,proportion,2,False,NEW_SUPP_S1_FIXED_SEED,PENDING
Allen VBN|1051155866|MEAN_RATE_LINEAR_SVM|0|UNIT|0.5|3,Allen VBN,524760,1051155866,SVM,MEAN_RATE_LINEAR_SVM,0,UNIT,0.5,proportion,3,False,NEW_SUPP_S1_FIXED_SEED,PENDING
Allen VBN|1051155866|MEAN_RATE_LINEAR_SVM|0|UNIT|0.5|4,Allen VBN,524760,1051155866,SVM,MEAN_RATE_LINEAR_SVM,0,UNIT,0.5,proportion,4,False,NEW_SUPP_S1_FIXED_SEED,PENDING
Allen VBN|1051155866|MEAN_RATE_LINEAR_SVM|0|TEMPORAL|2|0,Allen VBN,524760,1051155866,SVM,MEAN_RATE_LINEAR_SVM,0,TEMPORAL,2,bins,0,False,NEW_SUPP_S1_FIXED_SEED,PENDING
Allen VBN|1051155866|MEAN_RATE_LINEAR_SVM|0|TEMPORAL|2|1,Allen VBN,524760,1051155866,SVM,MEAN_RATE_LINEAR_SVM,0,TEMPORAL,2,bins,1,False,NEW_SUPP_S1_FIXED_SEED,PENDING
Allen VBN|1051155866|MEAN_RATE_LINEAR_SVM|0|TEMPORAL|2|2,Allen VBN,524760,1051155866,SVM,MEAN_RATE_LINEAR_SVM,0,TEMPORAL,2,bins,2,False,NEW_SUPP_S1_FIXED_SEED,PENDING
Allen VBN|1051155866|MEAN_RATE_LINEAR_SVM|0|TEMPORAL|2|3,Allen VBN,524760,1051155866,SVM,MEAN_RATE_LINEAR_SVM,0,TEMPORAL,2,bins,3,False,NEW_SUPP_S1_FIXED_SEED,PENDING
Allen VBN|1051155866|MEAN_RATE_LINEAR_SVM|0|TEMPORAL|2|4,Allen VBN,524760,1051155866,SVM,MEAN_RATE_LINEAR_SVM,0,TEMPORAL,2,bins,4,False,NEW_SUPP_S1_FIXED_SEED,PENDING
Allen VBN|1051155866|MEAN_RATE_LINEAR_SVM|0|TEMPORAL|3|0,Allen VBN,524760,1051155866,SVM,MEAN_RATE_LINEAR_SVM,0,TEMPORAL,3,bins,0,False,NEW_SUPP_S1_FIXED_SEED,PENDING
Allen VBN|1051155866|MEAN_RATE_LINEAR_SVM|0|TEMPORAL|3|1,Allen VBN,524760,1051155866,SVM,MEAN_RATE_LINEAR_SVM,0,TEMPORAL,3,bins,1,False,NEW_SUPP_S1_FIXED_SEED,PENDING
Allen VBN|1051155866|MEAN_RATE_LINEAR_SVM|0|TEMPORAL|3|2,Allen VBN,524760,1051155866,SVM,MEAN_RATE_LINEAR_SVM,0,TEMPORAL,3,bins,2,False,NEW_SUPP_S1_FIXED_SEED,PENDING
Allen VBN|1051155866|MEAN_RATE_LINEAR_SVM|0|TEMPORAL|3|3,Allen VBN,524760,1051155866,SVM,MEAN_RATE_LINEAR_SVM,0,TEMPORAL,3,bins,3,False,NEW_SUPP_S1_FIXED_SEED,PENDING
Allen VBN|1051155866|MEAN_RATE_LINEAR_SVM|0|TEMPORAL|3|4,Allen VBN,524760,1051155866,SVM,MEAN_RATE_LINEAR_SVM,0,TEMPORAL,3,bins,4,False,NEW_SUPP_S1_FIXED_SEED,PENDING
Allen VBN|1051155866|MEAN_RATE_LINEAR_SVM|0|TEMPORAL|5|0,Allen VBN,524760,1051155866,SVM,MEAN_RATE_LINEAR_SVM,0,TEMPORAL,5,bins,0,True,MAIN_FROZEN_T5,PENDING
Allen VBN|1051155866|MEAN_RATE_LINEAR_SVM|0|TEMPORAL|5|1,Allen VBN,524760,1051155866,SVM,MEAN_RATE_LINEAR_SVM,0,TEMPORAL,5,bins,1,True,MAIN_FROZEN_T5,PENDING
Allen VBN|1051155866|MEAN_RATE_LINEAR_SVM|0|TEMPORAL|5|2,Allen VBN,524760,1051155866,SVM,MEAN_RATE_LINEAR_SVM,0,TEMPORAL,5,bins,2,True,MAIN_FROZEN_T5,PENDING
Allen VBN|1051155866|MEAN_RATE_LINEAR_SVM|0|TEMPORAL|5|3,Allen VBN,524760,1051155866,SVM,MEAN_RATE_LINEAR_SVM,0,TEMPORAL,5,bins,3,True,MAIN_FROZEN_T5,PENDING
Allen VBN|1051155866|MEAN_RATE_LINEAR_SVM|0|TEMPORAL|5|4,Allen VBN,524760,1051155866,SVM,MEAN_RATE_LINEAR_SVM,0,TEMPORAL,5,bins,4,True,MAIN_FROZEN_T5,PENDING
Allen VBN|1051155866|MEAN_RATE_LINEAR_SVM|0|TEMPORAL|7|0,Allen VBN,524760,1051155866,SVM,MEAN_RATE_LINEAR_SVM,0,TEMPORAL,7,bins,0,False,NEW_SUPP_S1_FIXED_SEED,PENDING
Allen VBN|1051155866|MEAN_RATE_LINEAR_SVM|0|TEMPORAL|7|1,Allen VBN,524760,1051155866,SVM,MEAN_RATE_LINEAR_SVM,0,TEMPORAL,7,bins,1,False,NEW_SUPP_S1_FIXED_SEED,PENDING
Allen VBN|1051155866|MEAN_RATE_LINEAR_SVM|0|TEMPORAL|7|2,Allen VBN,524760,1051155866,SVM,MEAN_RATE_LINEAR_SVM,0,TEMPORAL,7,bins,2,False,NEW_SUPP_S1_FIXED_SEED,PENDING
Allen VBN|1051155866|MEAN_RATE_LINEAR_SVM|0|TEMPORAL|7|3,Allen VBN,524760,1051155866,SVM,MEAN_RATE_LINEAR_SVM,0,TEMPORAL,7,bins,3,False,NEW_SUPP_S1_FIXED_SEED,PENDING
Allen VBN|1051155866|MEAN_RATE_LINEAR_SVM|0|TEMPORAL|7|4,Allen VBN,524760,1051155866,SVM,MEAN_RATE_LINEAR_SVM,0,TEMPORAL,7,bins,4,False,NEW_SUPP_S1_FIXED_SEED,PENDING
Allen VBN|1051155866|MEAN_RATE_LINEAR_SVM|0|TEMPORAL|10|0,Allen VBN,524760,1051155866,SVM,MEAN_RATE_LINEAR_SVM,0,TEMPORAL,10,bins,0,False,NEW_SUPP_S1_FIXED_SEED,PENDING
Allen VBN|1051155866|MEAN_RATE_LINEAR_SVM|0|TEMPORAL|10|1,Allen VBN,524760,1051155866,SVM,MEAN_RATE_LINEAR_SVM,0,TEMPORAL,10,bins,1,False,NEW_SUPP_S1_FIXED_SEED,PENDING
Allen VBN|1051155866|MEAN_RATE_LINEAR_SVM|0|TEMPORAL|10|2,Allen VBN,524760,1051155866,SVM,MEAN_RATE_LINEAR_SVM,0,TEMPORAL,10,bins,2,False,NEW_SUPP_S1_FIXED_SEED,PENDING
Allen VBN|1051155866|MEAN_RATE_LINEAR_SVM|0|TEMPORAL|10|3,Allen VBN,524760,1051155866,SVM,MEAN_RATE_LINEAR_SVM,0,TEMPORAL,10,bins,3,False,NEW_SUPP_S1_FIXED_SEED,PENDING
Allen VBN|1051155866|MEAN_RATE_LINEAR_SVM|0|TEMPORAL|10|4,Allen VBN,524760,1051155866,SVM,MEAN_RATE_LINEAR_SVM,0,TEMPORAL,10,bins,4,False,NEW_SUPP_S1_FIXED_SEED,PENDING
Allen VBN|1051155866|MEAN_RATE_LINEAR_SVM|1|CLEAN|0,Allen VBN,524760,1051155866,SVM,MEAN_RATE_LINEAR_SVM,1,CLEAN_REFERENCE,0,none,0,False,R4_CLEAN_REFERENCE,PENDING
Allen VBN|1051155866|MEAN_RATE_LINEAR_SVM|1|UNIT|0.1|0,Allen VBN,524760,1051155866,SVM,MEAN_RATE_LINEAR_SVM,1,UNIT,0.1,proportion,0,False,NEW_SUPP_S1_FIXED_SEED,PENDING
Allen VBN|1051155866|MEAN_RATE_LINEAR_SVM|1|UNIT|0.1|1,Allen VBN,524760,1051155866,SVM,MEAN_RATE_LINEAR_SVM,1,UNIT,0.1,proportion,1,False,NEW_SUPP_S1_FIXED_SEED,PENDING
Allen VBN|1051155866|MEAN_RATE_LINEAR_SVM|1|UNIT|0.1|2,Allen VBN,524760,1051155866,SVM,MEAN_RATE_LINEAR_SVM,1,UNIT,0.1,proportion,2,False,NEW_SUPP_S1_FIXED_SEED,PENDING
Allen VBN|1051155866|MEAN_RATE_LINEAR_SVM|1|UNIT|0.1|3,Allen VBN,524760,1051155866,SVM,MEAN_RATE_LINEAR_SVM,1,UNIT,0.1,proportion,3,False,NEW_SUPP_S1_FIXED_SEED,PENDING
Allen VBN|1051155866|MEAN_RATE_LINEAR_SVM|1|UNIT|0.1|4,Allen VBN,524760,1051155866,SVM,MEAN_RATE_LINEAR_SVM,1,UNIT,0.1,proportion,4,False,NEW_SUPP_S1_FIXED_SEED,PENDING
Allen VBN|1051155866|MEAN_RATE_LINEAR_SVM|1|UNIT|0.2|0,Allen VBN,524760,1051155866,SVM,MEAN_RATE_LINEAR_SVM,1,UNIT,0.2,proportion,0,False,NEW_SUPP_S1_FIXED_SEED,PENDING
Allen VBN|1051155866|MEAN_RATE_LINEAR_SVM|1|UNIT|0.2|1,Allen VBN,524760,1051155866,SVM,MEAN_RATE_LINEAR_SVM,1,UNIT,0.2,proportion,1,False,NEW_SUPP_S1_FIXED_SEED,PENDING
Allen VBN|1051155866|MEAN_RATE_LINEAR_SVM|1|UNIT|0.2|2,Allen VBN,524760,1051155866,SVM,MEAN_RATE_LINEAR_SVM,1,UNIT,0.2,proportion,2,False,NEW_SUPP_S1_FIXED_SEED,PENDING
Allen VBN|1051155866|MEAN_RATE_LINEAR_SVM|1|UNIT|0.2|3,Allen VBN,524760,1051155866,SVM,MEAN_RATE_LINEAR_SVM,1,UNIT,0.2,proportion,3,False,NEW_SUPP_S1_FIXED_SEED,PENDING
Allen VBN|1051155866|MEAN_RATE_LINEAR_SVM|1|UNIT|0.2|4,Allen VBN,524760,1051155866,SVM,MEAN_RATE_LINEAR_SVM,1,UNIT,0.2,proportion,4,False,NEW_SUPP_S1_FIXED_SEED,PENDING
Allen VBN|1051155866|MEAN_RATE_LINEAR_SVM|1|UNIT|0.3|0,Allen VBN,524760,1051155866,SVM,MEAN_RATE_LINEAR_SVM,1,UNIT,0.3,proportion,0,True,MAIN_FROZEN_U30,PENDING
Allen VBN|1051155866|MEAN_RATE_LINEAR_SVM|1|UNIT|0.3|1,Allen VBN,524760,1051155866,SVM,MEAN_RATE_LINEAR_SVM,1,UNIT,0.3,proportion,1,True,MAIN_FROZEN_U30,PENDING
Allen VBN|1051155866|MEAN_RATE_LINEAR_SVM|1|UNIT|0.3|2,Allen VBN,524760,1051155866,SVM,MEAN_RATE_LINEAR_SVM,1,UNIT,0.3,proportion,2,True,MAIN_FROZEN_U30,PENDING
Allen VBN|1051155866|MEAN_RATE_LINEAR_SVM|1|UNIT|0.3|3,Allen VBN,524760,1051155866,SVM,MEAN_RATE_LINEAR_SVM,1,UNIT,0.3,proportion,3,True,MAIN_FROZEN_U30,PENDING
Allen VBN|1051155866|MEAN_RATE_LINEAR_SVM|1|UNIT|0.3|4,Allen VBN,524760,1051155866,SVM,MEAN_RATE_LINEAR_SVM,1,UNIT,0.3,proportion,4,True,MAIN_FROZEN_U30,PENDING
Allen VBN|1051155866|MEAN_RATE_LINEAR_SVM|1|UNIT|0.4|0,Allen VBN,524760,1051155866,SVM,MEAN_RATE_LINEAR_SVM,1,UNIT,0.4,proportion,0,False,NEW_SUPP_S1_FIXED_SEED,PENDING
Allen VBN|1051155866|MEAN_RATE_LINEAR_SVM|1|UNIT|0.4|1,Allen VBN,524760,1051155866,SVM,MEAN_RATE_LINEAR_SVM,1,UNIT,0.4,proportion,1,False,NEW_SUPP_S1_FIXED_SEED,PENDING
Allen VBN|1051155866|MEAN_RATE_LINEAR_SVM|1|UNIT|0.4|2,Allen VBN,524760,1051155866,SVM,MEAN_RATE_LINEAR_SVM,1,UNIT,0.4,proportion,2,False,NEW_SUPP_S1_FIXED_SEED,PENDING
Allen VBN|1051155866|MEAN_RATE_LINEAR_SVM|1|UNIT|0.4|3,Allen VBN,524760,1051155866,SVM,MEAN_RATE_LINEAR_SVM,1,UNIT,0.4,proportion,3,False,NEW_SUPP_S1_FIXED_SEED,PENDING
Allen VBN|1051155866|MEAN_RATE_LINEAR_SVM|1|UNIT|0.4|4,Allen VBN,524760,1051155866,SVM,MEAN_RATE_LINEAR_SVM,1,UNIT,0.4,proportion,4,False,NEW_SUPP_S1_FIXED_SEED,PENDING
Allen VBN|1051155866|MEAN_RATE_LINEAR_SVM|1|UNIT|0.5|0,Allen VBN,524760,1051155866,SVM,MEAN_RATE_LINEAR_SVM,1,UNIT,0.5,proportion,0,False,NEW_SUPP_S1_FIXED_SEED,PENDING
Allen VBN|1051155866|MEAN_RATE_LINEAR_SVM|1|UNIT|0.5|1,Allen VBN,524760,1051155866,SVM,MEAN_RATE_LINEAR_SVM,1,UNIT,0.5,proportion,1,False,NEW_SUPP_S1_FIXED_SEED,PENDING
Allen VBN|1051155866|MEAN_RATE_LINEAR_SVM|1|UNIT|0.5|2,Allen VBN,524760,1051155866,SVM,MEAN_RATE_LINEAR_SVM,1,UNIT,0.5,proportion,2,False,NEW_SUPP_S1_FIXED_SEED,PENDING
Allen VBN|1051155866|MEAN_RATE_LINEAR_SVM|1|UNIT|0.5|3,Allen VBN,524760,1051155866,SVM,MEAN_RATE_LINEAR_SVM,1,UNIT,0.5,proportion,3,False,NEW_SUPP_S1_FIXED_SEED,PENDING
Allen VBN|1051155866|MEAN_RATE_LINEAR_SVM|1|UNIT|0.5|4,Allen VBN,524760,1051155866,SVM,MEAN_RATE_LINEAR_SVM,1,UNIT,0.5,proportion,4,False,NEW_SUPP_S1_FIXED_SEED,PENDING
Allen VBN|1051155866|MEAN_RATE_LINEAR_SVM|1|TEMPORAL|2|0,Allen VBN,524760,1051155866,SVM,MEAN_RATE_LINEAR_SVM,1,TEMPORAL,2,bins,0,False,NEW_SUPP_S1_FIXED_SEED,PENDING
Allen VBN|1051155866|MEAN_RATE_LINEAR_SVM|1|TEMPORAL|2|1,Allen VBN,524760,1051155866,SVM,MEAN_RATE_LINEAR_SVM,1,TEMPORAL,2,bins,1,False,NEW_SUPP_S1_FIXED_SEED,PENDING
Allen VBN|1051155866|MEAN_RATE_LINEAR_SVM|1|TEMPORAL|2|2,Allen VBN,524760,1051155866,SVM,MEAN_RATE_LINEAR_SVM,1,TEMPORAL,2,bins,2,False,NEW_SUPP_S1_FIXED_SEED,PENDING
Allen VBN|1051155866|MEAN_RATE_LINEAR_SVM|1|TEMPORAL|2|3,Allen VBN,524760,1051155866,SVM,MEAN_RATE_LINEAR_SVM,1,TEMPORAL,2,bins,3,False,NEW_SUPP_S1_FIXED_SEED,PENDING
Allen VBN|1051155866|MEAN_RATE_LINEAR_SVM|1|TEMPORAL|2|4,Allen VBN,524760,1051155866,SVM,MEAN_RATE_LINEAR_SVM,1,TEMPORAL,2,bins,4,False,NEW_SUPP_S1_FIXED_SEED,PENDING
Allen VBN|1051155866|MEAN_RATE_LINEAR_SVM|1|TEMPORAL|3|0,Allen VBN,524760,1051155866,SVM,MEAN_RATE_LINEAR_SVM,1,TEMPORAL,3,bins,0,False,NEW_SUPP_S1_FIXED_SEED,PENDING
Allen VBN|1051155866|MEAN_RATE_LINEAR_SVM|1|TEMPORAL|3|1,Allen VBN,524760,1051155866,SVM,MEAN_RATE_LINEAR_SVM,1,TEMPORAL,3,bins,1,False,NEW_SUPP_S1_FIXED_SEED,PENDING
Allen VBN|1051155866|MEAN_RATE_LINEAR_SVM|1|TEMPORAL|3|2,Allen VBN,524760,1051155866,SVM,MEAN_RATE_LINEAR_SVM,1,TEMPORAL,3,bins,2,False,NEW_SUPP_S1_FIXED_SEED,PENDING
Allen VBN|1051155866|MEAN_RATE_LINEAR_SVM|1|TEMPORAL|3|3,Allen VBN,524760,1051155866,SVM,MEAN_RATE_LINEAR_SVM,1,TEMPORAL,3,bins,3,False,NEW_SUPP_S1_FIXED_SEED,PENDING
Allen VBN|1051155866|MEAN_RATE_LINEAR_SVM|1|TEMPORAL|3|4,Allen VBN,524760,1051155866,SVM,MEAN_RATE_LINEAR_SVM,1,TEMPORAL,3,bins,4,False,NEW_SUPP_S1_FIXED_SEED,PENDING
Allen VBN|1051155866|MEAN_RATE_LINEAR_SVM|1|TEMPORAL|5|0,Allen VBN,524760,1051155866,SVM,MEAN_RATE_LINEAR_SVM,1,TEMPORAL,5,bins,0,True,MAIN_FROZEN_T5,PENDING
Allen VBN|1051155866|MEAN_RATE_LINEAR_SVM|1|TEMPORAL|5|1,Allen VBN,524760,1051155866,SVM,MEAN_RATE_LINEAR_SVM,1,TEMPORAL,5,bins,1,True,MAIN_FROZEN_T5,PENDING
Allen VBN|1051155866|MEAN_RATE_LINEAR_SVM|1|TEMPORAL|5|2,Allen VBN,524760,1051155866,SVM,MEAN_RATE_LINEAR_SVM,1,TEMPORAL,5,bins,2,True,MAIN_FROZEN_T5,PENDING
Allen VBN|1051155866|MEAN_RATE_LINEAR_SVM|1|TEMPORAL|5|3,Allen VBN,524760,1051155866,SVM,MEAN_RATE_LINEAR_SVM,1,TEMPORAL,5,bins,3,True,MAIN_FROZEN_T5,PENDING
Allen VBN|1051155866|MEAN_RATE_LINEAR_SVM|1|TEMPORAL|5|4,Allen VBN,524760,1051155866,SVM,MEAN_RATE_LINEAR_SVM,1,TEMPORAL,5,bins,4,True,MAIN_FROZEN_T5,PENDING
Allen VBN|1051155866|MEAN_RATE_LINEAR_SVM|1|TEMPORAL|7|0,Allen VBN,524760,1051155866,SVM,MEAN_RATE_LINEAR_SVM,1,TEMPORAL,7,bins,0,False,NEW_SUPP_S1_FIXED_SEED,PENDING
Allen VBN|1051155866|MEAN_RATE_LINEAR_SVM|1|TEMPORAL|7|1,Allen VBN,524760,1051155866,SVM,MEAN_RATE_LINEAR_SVM,1,TEMPORAL,7,bins,1,False,NEW_SUPP_S1_FIXED_SEED,PENDING
Allen VBN|1051155866|MEAN_RATE_LINEAR_SVM|1|TEMPORAL|7|2,Allen VBN,524760,1051155866,SVM,MEAN_RATE_LINEAR_SVM,1,TEMPORAL,7,bins,2,False,NEW_SUPP_S1_FIXED_SEED,PENDING
Allen VBN|1051155866|MEAN_RATE_LINEAR_SVM|1|TEMPORAL|7|3,Allen VBN,524760,1051155866,SVM,MEAN_RATE_LINEAR_SVM,1,TEMPORAL,7,bins,3,False,NEW_SUPP_S1_FIXED_SEED,PENDING
Allen VBN|1051155866|MEAN_RATE_LINEAR_SVM|1|TEMPORAL|7|4,Allen VBN,524760,1051155866,SVM,MEAN_RATE_LINEAR_SVM,1,TEMPORAL,7,bins,4,False,NEW_SUPP_S1_FIXED_SEED,PENDING
Allen VBN|1051155866|MEAN_RATE_LINEAR_SVM|1|TEMPORAL|10|0,Allen VBN,524760,1051155866,SVM,MEAN_RATE_LINEAR_SVM,1,TEMPORAL,10,bins,0,False,NEW_SUPP_S1_FIXED_SEED,PENDING
Allen VBN|1051155866|MEAN_RATE_LINEAR_SVM|1|TEMPORAL|10|1,Allen VBN,524760,1051155866,SVM,MEAN_RATE_LINEAR_SVM,1,TEMPORAL,10,bins,1,False,NEW_SUPP_S1_FIXED_SEED,PENDING
Allen VBN|1051155866|MEAN_RATE_LINEAR_SVM|1|TEMPORAL|10|2,Allen VBN,524760,1051155866,SVM,MEAN_RATE_LINEAR_SVM,1,TEMPORAL,10,bins,2,False,NEW_SUPP_S1_FIXED_SEED,PENDING
Allen VBN|1051155866|MEAN_RATE_LINEAR_SVM|1|TEMPORAL|10|3,Allen VBN,524760,1051155866,SVM,MEAN_RATE_LINEAR_SVM,1,TEMPORAL,10,bins,3,False,NEW_SUPP_S1_FIXED_SEED,PENDING
Allen VBN|1051155866|MEAN_RATE_LINEAR_SVM|1|TEMPORAL|10|4,Allen VBN,524760,1051155866,SVM,MEAN_RATE_LINEAR_SVM,1,TEMPORAL,10,bins,4,False,NEW_SUPP_S1_FIXED_SEED,PENDING
Allen VBN|1053718935|MM_RVD_A9_SELECTED_R6|0|CLEAN|0,Allen VBN,527749,1053718935,MM-RVD,MM_RVD_A9_SELECTED_R6,0,CLEAN_REFERENCE,0,none,0,False,R4_CLEAN_REFERENCE,PENDING
Allen VBN|1053718935|MM_RVD_A9_SELECTED_R6|0|UNIT|0.1|0,Allen VBN,527749,1053718935,MM-RVD,MM_RVD_A9_SELECTED_R6,0,UNIT,0.1,proportion,0,False,NEW_SUPP_S1_FIXED_SEED,PENDING
Allen VBN|1053718935|MM_RVD_A9_SELECTED_R6|0|UNIT|0.1|1,Allen VBN,527749,1053718935,MM-RVD,MM_RVD_A9_SELECTED_R6,0,UNIT,0.1,proportion,1,False,NEW_SUPP_S1_FIXED_SEED,PENDING
Allen VBN|1053718935|MM_RVD_A9_SELECTED_R6|0|UNIT|0.1|2,Allen VBN,527749,1053718935,MM-RVD,MM_RVD_A9_SELECTED_R6,0,UNIT,0.1,proportion,2,False,NEW_SUPP_S1_FIXED_SEED,PENDING
Allen VBN|1053718935|MM_RVD_A9_SELECTED_R6|0|UNIT|0.1|3,Allen VBN,527749,1053718935,MM-RVD,MM_RVD_A9_SELECTED_R6,0,UNIT,0.1,proportion,3,False,NEW_SUPP_S1_FIXED_SEED,PENDING
Allen VBN|1053718935|MM_RVD_A9_SELECTED_R6|0|UNIT|0.1|4,Allen VBN,527749,1053718935,MM-RVD,MM_RVD_A9_SELECTED_R6,0,UNIT,0.1,proportion,4,False,NEW_SUPP_S1_FIXED_SEED,PENDING
Allen VBN|1053718935|MM_RVD_A9_SELECTED_R6|0|UNIT|0.2|0,Allen VBN,527749,1053718935,MM-RVD,MM_RVD_A9_SELECTED_R6,0,UNIT,0.2,proportion,0,False,NEW_SUPP_S1_FIXED_SEED,PENDING
Allen VBN|1053718935|MM_RVD_A9_SELECTED_R6|0|UNIT|0.2|1,Allen VBN,527749,1053718935,MM-RVD,MM_RVD_A9_SELECTED_R6,0,UNIT,0.2,proportion,1,False,NEW_SUPP_S1_FIXED_SEED,PENDING
Allen VBN|1053718935|MM_RVD_A9_SELECTED_R6|0|UNIT|0.2|2,Allen VBN,527749,1053718935,MM-RVD,MM_RVD_A9_SELECTED_R6,0,UNIT,0.2,proportion,2,False,NEW_SUPP_S1_FIXED_SEED,PENDING
Allen VBN|1053718935|MM_RVD_A9_SELECTED_R6|0|UNIT|0.2|3,Allen VBN,527749,1053718935,MM-RVD,MM_RVD_A9_SELECTED_R6,0,UNIT,0.2,proportion,3,False,NEW_SUPP_S1_FIXED_SEED,PENDING
Allen VBN|1053718935|MM_RVD_A9_SELECTED_R6|0|UNIT|0.2|4,Allen VBN,527749,1053718935,MM-RVD,MM_RVD_A9_SELECTED_R6,0,UNIT,0.2,proportion,4,False,NEW_SUPP_S1_FIXED_SEED,PENDING
Allen VBN|1053718935|MM_RVD_A9_SELECTED_R6|0|UNIT|0.3|0,Allen VBN,527749,1053718935,MM-RVD,MM_RVD_A9_SELECTED_R6,0,UNIT,0.3,proportion,0,True,MAIN_FROZEN_U30,PENDING
Allen VBN|1053718935|MM_RVD_A9_SELECTED_R6|0|UNIT|0.3|1,Allen VBN,527749,1053718935,MM-RVD,MM_RVD_A9_SELECTED_R6,0,UNIT,0.3,proportion,1,True,MAIN_FROZEN_U30,PENDING
Allen VBN|1053718935|MM_RVD_A9_SELECTED_R6|0|UNIT|0.3|2,Allen VBN,527749,1053718935,MM-RVD,MM_RVD_A9_SELECTED_R6,0,UNIT,0.3,proportion,2,True,MAIN_FROZEN_U30,PENDING
Allen VBN|1053718935|MM_RVD_A9_SELECTED_R6|0|UNIT|0.3|3,Allen VBN,527749,1053718935,MM-RVD,MM_RVD_A9_SELECTED_R6,0,UNIT,0.3,proportion,3,True,MAIN_FROZEN_U30,PENDING
Allen VBN|1053718935|MM_RVD_A9_SELECTED_R6|0|UNIT|0.3|4,Allen VBN,527749,1053718935,MM-RVD,MM_RVD_A9_SELECTED_R6,0,UNIT,0.3,proportion,4,True,MAIN_FROZEN_U30,PENDING
Allen VBN|1053718935|MM_RVD_A9_SELECTED_R6|0|UNIT|0.4|0,Allen VBN,527749,1053718935,MM-RVD,MM_RVD_A9_SELECTED_R6,0,UNIT,0.4,proportion,0,False,NEW_SUPP_S1_FIXED_SEED,PENDING
Allen VBN|1053718935|MM_RVD_A9_SELECTED_R6|0|UNIT|0.4|1,Allen VBN,527749,1053718935,MM-RVD,MM_RVD_A9_SELECTED_R6,0,UNIT,0.4,proportion,1,False,NEW_SUPP_S1_FIXED_SEED,PENDING
Allen VBN|1053718935|MM_RVD_A9_SELECTED_R6|0|UNIT|0.4|2,Allen VBN,527749,1053718935,MM-RVD,MM_RVD_A9_SELECTED_R6,0,UNIT,0.4,proportion,2,False,NEW_SUPP_S1_FIXED_SEED,PENDING
Allen VBN|1053718935|MM_RVD_A9_SELECTED_R6|0|UNIT|0.4|3,Allen VBN,527749,1053718935,MM-RVD,MM_RVD_A9_SELECTED_R6,0,UNIT,0.4,proportion,3,False,NEW_SUPP_S1_FIXED_SEED,PENDING
Allen VBN|1053718935|MM_RVD_A9_SELECTED_R6|0|UNIT|0.4|4,Allen VBN,527749,1053718935,MM-RVD,MM_RVD_A9_SELECTED_R6,0,UNIT,0.4,proportion,4,False,NEW_SUPP_S1_FIXED_SEED,PENDING
Allen VBN|1053718935|MM_RVD_A9_SELECTED_R6|0|UNIT|0.5|0,Allen VBN,527749,1053718935,MM-RVD,MM_RVD_A9_SELECTED_R6,0,UNIT,0.5,proportion,0,False,NEW_SUPP_S1_FIXED_SEED,PENDING
Allen VBN|1053718935|MM_RVD_A9_SELECTED_R6|0|UNIT|0.5|1,Allen VBN,527749,1053718935,MM-RVD,MM_RVD_A9_SELECTED_R6,0,UNIT,0.5,proportion,1,False,NEW_SUPP_S1_FIXED_SEED,PENDING
Allen VBN|1053718935|MM_RVD_A9_SELECTED_R6|0|UNIT|0.5|2,Allen VBN,527749,1053718935,MM-RVD,MM_RVD_A9_SELECTED_R6,0,UNIT,0.5,proportion,2,False,NEW_SUPP_S1_FIXED_SEED,PENDING
Allen VBN|1053718935|MM_RVD_A9_SELECTED_R6|0|UNIT|0.5|3,Allen VBN,527749,1053718935,MM-RVD,MM_RVD_A9_SELECTED_R6,0,UNIT,0.5,proportion,3,False,NEW_SUPP_S1_FIXED_SEED,PENDING
Allen VBN|1053718935|MM_RVD_A9_SELECTED_R6|0|UNIT|0.5|4,Allen VBN,527749,1053718935,MM-RVD,MM_RVD_A9_SELECTED_R6,0,UNIT,0.5,proportion,4,False,NEW_SUPP_S1_FIXED_SEED,PENDING
Allen VBN|1053718935|MM_RVD_A9_SELECTED_R6|0|TEMPORAL|2|0,Allen VBN,527749,1053718935,MM-RVD,MM_RVD_A9_SELECTED_R6,0,TEMPORAL,2,bins,0,False,NEW_SUPP_S1_FIXED_SEED,PENDING
Allen VBN|1053718935|MM_RVD_A9_SELECTED_R6|0|TEMPORAL|2|1,Allen VBN,527749,1053718935,MM-RVD,MM_RVD_A9_SELECTED_R6,0,TEMPORAL,2,bins,1,False,NEW_SUPP_S1_FIXED_SEED,PENDING
Allen VBN|1053718935|MM_RVD_A9_SELECTED_R6|0|TEMPORAL|2|2,Allen VBN,527749,1053718935,MM-RVD,MM_RVD_A9_SELECTED_R6,0,TEMPORAL,2,bins,2,False,NEW_SUPP_S1_FIXED_SEED,PENDING
Allen VBN|1053718935|MM_RVD_A9_SELECTED_R6|0|TEMPORAL|2|3,Allen VBN,527749,1053718935,MM-RVD,MM_RVD_A9_SELECTED_R6,0,TEMPORAL,2,bins,3,False,NEW_SUPP_S1_FIXED_SEED,PENDING
Allen VBN|1053718935|MM_RVD_A9_SELECTED_R6|0|TEMPORAL|2|4,Allen VBN,527749,1053718935,MM-RVD,MM_RVD_A9_SELECTED_R6,0,TEMPORAL,2,bins,4,False,NEW_SUPP_S1_FIXED_SEED,PENDING
Allen VBN|1053718935|MM_RVD_A9_SELECTED_R6|0|TEMPORAL|3|0,Allen VBN,527749,1053718935,MM-RVD,MM_RVD_A9_SELECTED_R6,0,TEMPORAL,3,bins,0,False,NEW_SUPP_S1_FIXED_SEED,PENDING
Allen VBN|1053718935|MM_RVD_A9_SELECTED_R6|0|TEMPORAL|3|1,Allen VBN,527749,1053718935,MM-RVD,MM_RVD_A9_SELECTED_R6,0,TEMPORAL,3,bins,1,False,NEW_SUPP_S1_FIXED_SEED,PENDING
Allen VBN|1053718935|MM_RVD_A9_SELECTED_R6|0|TEMPORAL|3|2,Allen VBN,527749,1053718935,MM-RVD,MM_RVD_A9_SELECTED_R6,0,TEMPORAL,3,bins,2,False,NEW_SUPP_S1_FIXED_SEED,PENDING
Allen VBN|1053718935|MM_RVD_A9_SELECTED_R6|0|TEMPORAL|3|3,Allen VBN,527749,1053718935,MM-RVD,MM_RVD_A9_SELECTED_R6,0,TEMPORAL,3,bins,3,False,NEW_SUPP_S1_FIXED_SEED,PENDING
Allen VBN|1053718935|MM_RVD_A9_SELECTED_R6|0|TEMPORAL|3|4,Allen VBN,527749,1053718935,MM-RVD,MM_RVD_A9_SELECTED_R6,0,TEMPORAL,3,bins,4,False,NEW_SUPP_S1_FIXED_SEED,PENDING
Allen VBN|1053718935|MM_RVD_A9_SELECTED_R6|0|TEMPORAL|5|0,Allen VBN,527749,1053718935,MM-RVD,MM_RVD_A9_SELECTED_R6,0,TEMPORAL,5,bins,0,True,MAIN_FROZEN_T5,PENDING
Allen VBN|1053718935|MM_RVD_A9_SELECTED_R6|0|TEMPORAL|5|1,Allen VBN,527749,1053718935,MM-RVD,MM_RVD_A9_SELECTED_R6,0,TEMPORAL,5,bins,1,True,MAIN_FROZEN_T5,PENDING
Allen VBN|1053718935|MM_RVD_A9_SELECTED_R6|0|TEMPORAL|5|2,Allen VBN,527749,1053718935,MM-RVD,MM_RVD_A9_SELECTED_R6,0,TEMPORAL,5,bins,2,True,MAIN_FROZEN_T5,PENDING
Allen VBN|1053718935|MM_RVD_A9_SELECTED_R6|0|TEMPORAL|5|3,Allen VBN,527749,1053718935,MM-RVD,MM_RVD_A9_SELECTED_R6,0,TEMPORAL,5,bins,3,True,MAIN_FROZEN_T5,PENDING
Allen VBN|1053718935|MM_RVD_A9_SELECTED_R6|0|TEMPORAL|5|4,Allen VBN,527749,1053718935,MM-RVD,MM_RVD_A9_SELECTED_R6,0,TEMPORAL,5,bins,4,True,MAIN_FROZEN_T5,PENDING
Allen VBN|1053718935|MM_RVD_A9_SELECTED_R6|0|TEMPORAL|7|0,Allen VBN,527749,1053718935,MM-RVD,MM_RVD_A9_SELECTED_R6,0,TEMPORAL,7,bins,0,False,NEW_SUPP_S1_FIXED_SEED,PENDING
Allen VBN|1053718935|MM_RVD_A9_SELECTED_R6|0|TEMPORAL|7|1,Allen VBN,527749,1053718935,MM-RVD,MM_RVD_A9_SELECTED_R6,0,TEMPORAL,7,bins,1,False,NEW_SUPP_S1_FIXED_SEED,PENDING
Allen VBN|1053718935|MM_RVD_A9_SELECTED_R6|0|TEMPORAL|7|2,Allen VBN,527749,1053718935,MM-RVD,MM_RVD_A9_SELECTED_R6,0,TEMPORAL,7,bins,2,False,NEW_SUPP_S1_FIXED_SEED,PENDING
Allen VBN|1053718935|MM_RVD_A9_SELECTED_R6|0|TEMPORAL|7|3,Allen VBN,527749,1053718935,MM-RVD,MM_RVD_A9_SELECTED_R6,0,TEMPORAL,7,bins,3,False,NEW_SUPP_S1_FIXED_SEED,PENDING
Allen VBN|1053718935|MM_RVD_A9_SELECTED_R6|0|TEMPORAL|7|4,Allen VBN,527749,1053718935,MM-RVD,MM_RVD_A9_SELECTED_R6,0,TEMPORAL,7,bins,4,False,NEW_SUPP_S1_FIXED_SEED,PENDING
Allen VBN|1053718935|MM_RVD_A9_SELECTED_R6|0|TEMPORAL|10|0,Allen VBN,527749,1053718935,MM-RVD,MM_RVD_A9_SELECTED_R6,0,TEMPORAL,10,bins,0,False,NEW_SUPP_S1_FIXED_SEED,PENDING
Allen VBN|1053718935|MM_RVD_A9_SELECTED_R6|0|TEMPORAL|10|1,Allen VBN,527749,1053718935,MM-RVD,MM_RVD_A9_SELECTED_R6,0,TEMPORAL,10,bins,1,False,NEW_SUPP_S1_FIXED_SEED,PENDING
Allen VBN|1053718935|MM_RVD_A9_SELECTED_R6|0|TEMPORAL|10|2,Allen VBN,527749,1053718935,MM-RVD,MM_RVD_A9_SELECTED_R6,0,TEMPORAL,10,bins,2,False,NEW_SUPP_S1_FIXED_SEED,PENDING
Allen VBN|1053718935|MM_RVD_A9_SELECTED_R6|0|TEMPORAL|10|3,Allen VBN,527749,1053718935,MM-RVD,MM_RVD_A9_SELECTED_R6,0,TEMPORAL,10,bins,3,False,NEW_SUPP_S1_FIXED_SEED,PENDING
Allen VBN|1053718935|MM_RVD_A9_SELECTED_R6|0|TEMPORAL|10|4,Allen VBN,527749,1053718935,MM-RVD,MM_RVD_A9_SELECTED_R6,0,TEMPORAL,10,bins,4,False,NEW_SUPP_S1_FIXED_SEED,PENDING
Allen VBN|1053718935|MM_RVD_A9_SELECTED_R6|1|CLEAN|0,Allen VBN,527749,1053718935,MM-RVD,MM_RVD_A9_SELECTED_R6,1,CLEAN_REFERENCE,0,none,0,False,R4_CLEAN_REFERENCE,PENDING
Allen VBN|1053718935|MM_RVD_A9_SELECTED_R6|1|UNIT|0.1|0,Allen VBN,527749,1053718935,MM-RVD,MM_RVD_A9_SELECTED_R6,1,UNIT,0.1,proportion,0,False,NEW_SUPP_S1_FIXED_SEED,PENDING
Allen VBN|1053718935|MM_RVD_A9_SELECTED_R6|1|UNIT|0.1|1,Allen VBN,527749,1053718935,MM-RVD,MM_RVD_A9_SELECTED_R6,1,UNIT,0.1,proportion,1,False,NEW_SUPP_S1_FIXED_SEED,PENDING
Allen VBN|1053718935|MM_RVD_A9_SELECTED_R6|1|UNIT|0.1|2,Allen VBN,527749,1053718935,MM-RVD,MM_RVD_A9_SELECTED_R6,1,UNIT,0.1,proportion,2,False,NEW_SUPP_S1_FIXED_SEED,PENDING
Allen VBN|1053718935|MM_RVD_A9_SELECTED_R6|1|UNIT|0.1|3,Allen VBN,527749,1053718935,MM-RVD,MM_RVD_A9_SELECTED_R6,1,UNIT,0.1,proportion,3,False,NEW_SUPP_S1_FIXED_SEED,PENDING
Allen VBN|1053718935|MM_RVD_A9_SELECTED_R6|1|UNIT|0.1|4,Allen VBN,527749,1053718935,MM-RVD,MM_RVD_A9_SELECTED_R6,1,UNIT,0.1,proportion,4,False,NEW_SUPP_S1_FIXED_SEED,PENDING
Allen VBN|1053718935|MM_RVD_A9_SELECTED_R6|1|UNIT|0.2|0,Allen VBN,527749,1053718935,MM-RVD,MM_RVD_A9_SELECTED_R6,1,UNIT,0.2,proportion,0,False,NEW_SUPP_S1_FIXED_SEED,PENDING
Allen VBN|1053718935|MM_RVD_A9_SELECTED_R6|1|UNIT|0.2|1,Allen VBN,527749,1053718935,MM-RVD,MM_RVD_A9_SELECTED_R6,1,UNIT,0.2,proportion,1,False,NEW_SUPP_S1_FIXED_SEED,PENDING
Allen VBN|1053718935|MM_RVD_A9_SELECTED_R6|1|UNIT|0.2|2,Allen VBN,527749,1053718935,MM-RVD,MM_RVD_A9_SELECTED_R6,1,UNIT,0.2,proportion,2,False,NEW_SUPP_S1_FIXED_SEED,PENDING
Allen VBN|1053718935|MM_RVD_A9_SELECTED_R6|1|UNIT|0.2|3,Allen VBN,527749,1053718935,MM-RVD,MM_RVD_A9_SELECTED_R6,1,UNIT,0.2,proportion,3,False,NEW_SUPP_S1_FIXED_SEED,PENDING
Allen VBN|1053718935|MM_RVD_A9_SELECTED_R6|1|UNIT|0.2|4,Allen VBN,527749,1053718935,MM-RVD,MM_RVD_A9_SELECTED_R6,1,UNIT,0.2,proportion,4,False,NEW_SUPP_S1_FIXED_SEED,PENDING
Allen VBN|1053718935|MM_RVD_A9_SELECTED_R6|1|UNIT|0.3|0,Allen VBN,527749,1053718935,MM-RVD,MM_RVD_A9_SELECTED_R6,1,UNIT,0.3,proportion,0,True,MAIN_FROZEN_U30,PENDING
Allen VBN|1053718935|MM_RVD_A9_SELECTED_R6|1|UNIT|0.3|1,Allen VBN,527749,1053718935,MM-RVD,MM_RVD_A9_SELECTED_R6,1,UNIT,0.3,proportion,1,True,MAIN_FROZEN_U30,PENDING
Allen VBN|1053718935|MM_RVD_A9_SELECTED_R6|1|UNIT|0.3|2,Allen VBN,527749,1053718935,MM-RVD,MM_RVD_A9_SELECTED_R6,1,UNIT,0.3,proportion,2,True,MAIN_FROZEN_U30,PENDING
Allen VBN|1053718935|MM_RVD_A9_SELECTED_R6|1|UNIT|0.3|3,Allen VBN,527749,1053718935,MM-RVD,MM_RVD_A9_SELECTED_R6,1,UNIT,0.3,proportion,3,True,MAIN_FROZEN_U30,PENDING
Allen VBN|1053718935|MM_RVD_A9_SELECTED_R6|1|UNIT|0.3|4,Allen VBN,527749,1053718935,MM-RVD,MM_RVD_A9_SELECTED_R6,1,UNIT,0.3,proportion,4,True,MAIN_FROZEN_U30,PENDING
Allen VBN|1053718935|MM_RVD_A9_SELECTED_R6|1|UNIT|0.4|0,Allen VBN,527749,1053718935,MM-RVD,MM_RVD_A9_SELECTED_R6,1,UNIT,0.4,proportion,0,False,NEW_SUPP_S1_FIXED_SEED,PENDING
Allen VBN|1053718935|MM_RVD_A9_SELECTED_R6|1|UNIT|0.4|1,Allen VBN,527749,1053718935,MM-RVD,MM_RVD_A9_SELECTED_R6,1,UNIT,0.4,proportion,1,False,NEW_SUPP_S1_FIXED_SEED,PENDING
Allen VBN|1053718935|MM_RVD_A9_SELECTED_R6|1|UNIT|0.4|2,Allen VBN,527749,1053718935,MM-RVD,MM_RVD_A9_SELECTED_R6,1,UNIT,0.4,proportion,2,False,NEW_SUPP_S1_FIXED_SEED,PENDING
Allen VBN|1053718935|MM_RVD_A9_SELECTED_R6|1|UNIT|0.4|3,Allen VBN,527749,1053718935,MM-RVD,MM_RVD_A9_SELECTED_R6,1,UNIT,0.4,proportion,3,False,NEW_SUPP_S1_FIXED_SEED,PENDING
Allen VBN|1053718935|MM_RVD_A9_SELECTED_R6|1|UNIT|0.4|4,Allen VBN,527749,1053718935,MM-RVD,MM_RVD_A9_SELECTED_R6,1,UNIT,0.4,proportion,4,False,NEW_SUPP_S1_FIXED_SEED,PENDING
Allen VBN|1053718935|MM_RVD_A9_SELECTED_R6|1|UNIT|0.5|0,Allen VBN,527749,1053718935,MM-RVD,MM_RVD_A9_SELECTED_R6,1,UNIT,0.5,proportion,0,False,NEW_SUPP_S1_FIXED_SEED,PENDING
Allen VBN|1053718935|MM_RVD_A9_SELECTED_R6|1|UNIT|0.5|1,Allen VBN,527749,1053718935,MM-RVD,MM_RVD_A9_SELECTED_R6,1,UNIT,0.5,proportion,1,False,NEW_SUPP_S1_FIXED_SEED,PENDING
Allen VBN|1053718935|MM_RVD_A9_SELECTED_R6|1|UNIT|0.5|2,Allen VBN,527749,1053718935,MM-RVD,MM_RVD_A9_SELECTED_R6,1,UNIT,0.5,proportion,2,False,NEW_SUPP_S1_FIXED_SEED,PENDING
Allen VBN|1053718935|MM_RVD_A9_SELECTED_R6|1|UNIT|0.5|3,Allen VBN,527749,1053718935,MM-RVD,MM_RVD_A9_SELECTED_R6,1,UNIT,0.5,proportion,3,False,NEW_SUPP_S1_FIXED_SEED,PENDING
Allen VBN|1053718935|MM_RVD_A9_SELECTED_R6|1|UNIT|0.5|4,Allen VBN,527749,1053718935,MM-RVD,MM_RVD_A9_SELECTED_R6,1,UNIT,0.5,proportion,4,False,NEW_SUPP_S1_FIXED_SEED,PENDING
Allen VBN|1053718935|MM_RVD_A9_SELECTED_R6|1|TEMPORAL|2|0,Allen VBN,527749,1053718935,MM-RVD,MM_RVD_A9_SELECTED_R6,1,TEMPORAL,2,bins,0,False,NEW_SUPP_S1_FIXED_SEED,PENDING
Allen VBN|1053718935|MM_RVD_A9_SELECTED_R6|1|TEMPORAL|2|1,Allen VBN,527749,1053718935,MM-RVD,MM_RVD_A9_SELECTED_R6,1,TEMPORAL,2,bins,1,False,NEW_SUPP_S1_FIXED_SEED,PENDING
Allen VBN|1053718935|MM_RVD_A9_SELECTED_R6|1|TEMPORAL|2|2,Allen VBN,527749,1053718935,MM-RVD,MM_RVD_A9_SELECTED_R6,1,TEMPORAL,2,bins,2,False,NEW_SUPP_S1_FIXED_SEED,PENDING
Allen VBN|1053718935|MM_RVD_A9_SELECTED_R6|1|TEMPORAL|2|3,Allen VBN,527749,1053718935,MM-RVD,MM_RVD_A9_SELECTED_R6,1,TEMPORAL,2,bins,3,False,NEW_SUPP_S1_FIXED_SEED,PENDING
Allen VBN|1053718935|MM_RVD_A9_SELECTED_R6|1|TEMPORAL|2|4,Allen VBN,527749,1053718935,MM-RVD,MM_RVD_A9_SELECTED_R6,1,TEMPORAL,2,bins,4,False,NEW_SUPP_S1_FIXED_SEED,PENDING
Allen VBN|1053718935|MM_RVD_A9_SELECTED_R6|1|TEMPORAL|3|0,Allen VBN,527749,1053718935,MM-RVD,MM_RVD_A9_SELECTED_R6,1,TEMPORAL,3,bins,0,False,NEW_SUPP_S1_FIXED_SEED,PENDING
Allen VBN|1053718935|MM_RVD_A9_SELECTED_R6|1|TEMPORAL|3|1,Allen VBN,527749,1053718935,MM-RVD,MM_RVD_A9_SELECTED_R6,1,TEMPORAL,3,bins,1,False,NEW_SUPP_S1_FIXED_SEED,PENDING
Allen VBN|1053718935|MM_RVD_A9_SELECTED_R6|1|TEMPORAL|3|2,Allen VBN,527749,1053718935,MM-RVD,MM_RVD_A9_SELECTED_R6,1,TEMPORAL,3,bins,2,False,NEW_SUPP_S1_FIXED_SEED,PENDING
Allen VBN|1053718935|MM_RVD_A9_SELECTED_R6|1|TEMPORAL|3|3,Allen VBN,527749,1053718935,MM-RVD,MM_RVD_A9_SELECTED_R6,1,TEMPORAL,3,bins,3,False,NEW_SUPP_S1_FIXED_SEED,PENDING
Allen VBN|1053718935|MM_RVD_A9_SELECTED_R6|1|TEMPORAL|3|4,Allen VBN,527749,1053718935,MM-RVD,MM_RVD_A9_SELECTED_R6,1,TEMPORAL,3,bins,4,False,NEW_SUPP_S1_FIXED_SEED,PENDING
Allen VBN|1053718935|MM_RVD_A9_SELECTED_R6|1|TEMPORAL|5|0,Allen VBN,527749,1053718935,MM-RVD,MM_RVD_A9_SELECTED_R6,1,TEMPORAL,5,bins,0,True,MAIN_FROZEN_T5,PENDING
Allen VBN|1053718935|MM_RVD_A9_SELECTED_R6|1|TEMPORAL|5|1,Allen VBN,527749,1053718935,MM-RVD,MM_RVD_A9_SELECTED_R6,1,TEMPORAL,5,bins,1,True,MAIN_FROZEN_T5,PENDING
Allen VBN|1053718935|MM_RVD_A9_SELECTED_R6|1|TEMPORAL|5|2,Allen VBN,527749,1053718935,MM-RVD,MM_RVD_A9_SELECTED_R6,1,TEMPORAL,5,bins,2,True,MAIN_FROZEN_T5,PENDING
Allen VBN|1053718935|MM_RVD_A9_SELECTED_R6|1|TEMPORAL|5|3,Allen VBN,527749,1053718935,MM-RVD,MM_RVD_A9_SELECTED_R6,1,TEMPORAL,5,bins,3,True,MAIN_FROZEN_T5,PENDING
Allen VBN|1053718935|MM_RVD_A9_SELECTED_R6|1|TEMPORAL|5|4,Allen VBN,527749,1053718935,MM-RVD,MM_RVD_A9_SELECTED_R6,1,TEMPORAL,5,bins,4,True,MAIN_FROZEN_T5,PENDING
Allen VBN|1053718935|MM_RVD_A9_SELECTED_R6|1|TEMPORAL|7|0,Allen VBN,527749,1053718935,MM-RVD,MM_RVD_A9_SELECTED_R6,1,TEMPORAL,7,bins,0,False,NEW_SUPP_S1_FIXED_SEED,PENDING
Allen VBN|1053718935|MM_RVD_A9_SELECTED_R6|1|TEMPORAL|7|1,Allen VBN,527749,1053718935,MM-RVD,MM_RVD_A9_SELECTED_R6,1,TEMPORAL,7,bins,1,False,NEW_SUPP_S1_FIXED_SEED,PENDING
Allen VBN|1053718935|MM_RVD_A9_SELECTED_R6|1|TEMPORAL|7|2,Allen VBN,527749,1053718935,MM-RVD,MM_RVD_A9_SELECTED_R6,1,TEMPORAL,7,bins,2,False,NEW_SUPP_S1_FIXED_SEED,PENDING
Allen VBN|1053718935|MM_RVD_A9_SELECTED_R6|1|TEMPORAL|7|3,Allen VBN,527749,1053718935,MM-RVD,MM_RVD_A9_SELECTED_R6,1,TEMPORAL,7,bins,3,False,NEW_SUPP_S1_FIXED_SEED,PENDING
Allen VBN|1053718935|MM_RVD_A9_SELECTED_R6|1|TEMPORAL|7|4,Allen VBN,527749,1053718935,MM-RVD,MM_RVD_A9_SELECTED_R6,1,TEMPORAL,7,bins,4,False,NEW_SUPP_S1_FIXED_SEED,PENDING
Allen VBN|1053718935|MM_RVD_A9_SELECTED_R6|1|TEMPORAL|10|0,Allen VBN,527749,1053718935,MM-RVD,MM_RVD_A9_SELECTED_R6,1,TEMPORAL,10,bins,0,False,NEW_SUPP_S1_FIXED_SEED,PENDING
Allen VBN|1053718935|MM_RVD_A9_SELECTED_R6|1|TEMPORAL|10|1,Allen VBN,527749,1053718935,MM-RVD,MM_RVD_A9_SELECTED_R6,1,TEMPORAL,10,bins,1,False,NEW_SUPP_S1_FIXED_SEED,PENDING
Allen VBN|1053718935|MM_RVD_A9_SELECTED_R6|1|TEMPORAL|10|2,Allen VBN,527749,1053718935,MM-RVD,MM_RVD_A9_SELECTED_R6,1,TEMPORAL,10,bins,2,False,NEW_SUPP_S1_FIXED_SEED,PENDING
Allen VBN|1053718935|MM_RVD_A9_SELECTED_R6|1|TEMPORAL|10|3,Allen VBN,527749,1053718935,MM-RVD,MM_RVD_A9_SELECTED_R6,1,TEMPORAL,10,bins,3,False,NEW_SUPP_S1_FIXED_SEED,PENDING
Allen VBN|1053718935|MM_RVD_A9_SELECTED_R6|1|TEMPORAL|10|4,Allen VBN,527749,1053718935,MM-RVD,MM_RVD_A9_SELECTED_R6,1,TEMPORAL,10,bins,4,False,NEW_SUPP_S1_FIXED_SEED,PENDING
Allen VBN|1053718935|MEAN_RATE_LINEAR_SVM|0|CLEAN|0,Allen VBN,527749,1053718935,SVM,MEAN_RATE_LINEAR_SVM,0,CLEAN_REFERENCE,0,none,0,False,R4_CLEAN_REFERENCE,PENDING
Allen VBN|1053718935|MEAN_RATE_LINEAR_SVM|0|UNIT|0.1|0,Allen VBN,527749,1053718935,SVM,MEAN_RATE_LINEAR_SVM,0,UNIT,0.1,proportion,0,False,NEW_SUPP_S1_FIXED_SEED,PENDING
Allen VBN|1053718935|MEAN_RATE_LINEAR_SVM|0|UNIT|0.1|1,Allen VBN,527749,1053718935,SVM,MEAN_RATE_LINEAR_SVM,0,UNIT,0.1,proportion,1,False,NEW_SUPP_S1_FIXED_SEED,PENDING
Allen VBN|1053718935|MEAN_RATE_LINEAR_SVM|0|UNIT|0.1|2,Allen VBN,527749,1053718935,SVM,MEAN_RATE_LINEAR_SVM,0,UNIT,0.1,proportion,2,False,NEW_SUPP_S1_FIXED_SEED,PENDING
Allen VBN|1053718935|MEAN_RATE_LINEAR_SVM|0|UNIT|0.1|3,Allen VBN,527749,1053718935,SVM,MEAN_RATE_LINEAR_SVM,0,UNIT,0.1,proportion,3,False,NEW_SUPP_S1_FIXED_SEED,PENDING
Allen VBN|1053718935|MEAN_RATE_LINEAR_SVM|0|UNIT|0.1|4,Allen VBN,527749,1053718935,SVM,MEAN_RATE_LINEAR_SVM,0,UNIT,0.1,proportion,4,False,NEW_SUPP_S1_FIXED_SEED,PENDING
Allen VBN|1053718935|MEAN_RATE_LINEAR_SVM|0|UNIT|0.2|0,Allen VBN,527749,1053718935,SVM,MEAN_RATE_LINEAR_SVM,0,UNIT,0.2,proportion,0,False,NEW_SUPP_S1_FIXED_SEED,PENDING
Allen VBN|1053718935|MEAN_RATE_LINEAR_SVM|0|UNIT|0.2|1,Allen VBN,527749,1053718935,SVM,MEAN_RATE_LINEAR_SVM,0,UNIT,0.2,proportion,1,False,NEW_SUPP_S1_FIXED_SEED,PENDING
Allen VBN|1053718935|MEAN_RATE_LINEAR_SVM|0|UNIT|0.2|2,Allen VBN,527749,1053718935,SVM,MEAN_RATE_LINEAR_SVM,0,UNIT,0.2,proportion,2,False,NEW_SUPP_S1_FIXED_SEED,PENDING
Allen VBN|1053718935|MEAN_RATE_LINEAR_SVM|0|UNIT|0.2|3,Allen VBN,527749,1053718935,SVM,MEAN_RATE_LINEAR_SVM,0,UNIT,0.2,proportion,3,False,NEW_SUPP_S1_FIXED_SEED,PENDING
Allen VBN|1053718935|MEAN_RATE_LINEAR_SVM|0|UNIT|0.2|4,Allen VBN,527749,1053718935,SVM,MEAN_RATE_LINEAR_SVM,0,UNIT,0.2,proportion,4,False,NEW_SUPP_S1_FIXED_SEED,PENDING
Allen VBN|1053718935|MEAN_RATE_LINEAR_SVM|0|UNIT|0.3|0,Allen VBN,527749,1053718935,SVM,MEAN_RATE_LINEAR_SVM,0,UNIT,0.3,proportion,0,True,MAIN_FROZEN_U30,PENDING
Allen VBN|1053718935|MEAN_RATE_LINEAR_SVM|0|UNIT|0.3|1,Allen VBN,527749,1053718935,SVM,MEAN_RATE_LINEAR_SVM,0,UNIT,0.3,proportion,1,True,MAIN_FROZEN_U30,PENDING
Allen VBN|1053718935|MEAN_RATE_LINEAR_SVM|0|UNIT|0.3|2,Allen VBN,527749,1053718935,SVM,MEAN_RATE_LINEAR_SVM,0,UNIT,0.3,proportion,2,True,MAIN_FROZEN_U30,PENDING
Allen VBN|1053718935|MEAN_RATE_LINEAR_SVM|0|UNIT|0.3|3,Allen VBN,527749,1053718935,SVM,MEAN_RATE_LINEAR_SVM,0,UNIT,0.3,proportion,3,True,MAIN_FROZEN_U30,PENDING
Allen VBN|1053718935|MEAN_RATE_LINEAR_SVM|0|UNIT|0.3|4,Allen VBN,527749,1053718935,SVM,MEAN_RATE_LINEAR_SVM,0,UNIT,0.3,proportion,4,True,MAIN_FROZEN_U30,PENDING
Allen VBN|1053718935|MEAN_RATE_LINEAR_SVM|0|UNIT|0.4|0,Allen VBN,527749,1053718935,SVM,MEAN_RATE_LINEAR_SVM,0,UNIT,0.4,proportion,0,False,NEW_SUPP_S1_FIXED_SEED,PENDING
Allen VBN|1053718935|MEAN_RATE_LINEAR_SVM|0|UNIT|0.4|1,Allen VBN,527749,1053718935,SVM,MEAN_RATE_LINEAR_SVM,0,UNIT,0.4,proportion,1,False,NEW_SUPP_S1_FIXED_SEED,PENDING
Allen VBN|1053718935|MEAN_RATE_LINEAR_SVM|0|UNIT|0.4|2,Allen VBN,527749,1053718935,SVM,MEAN_RATE_LINEAR_SVM,0,UNIT,0.4,proportion,2,False,NEW_SUPP_S1_FIXED_SEED,PENDING
Allen VBN|1053718935|MEAN_RATE_LINEAR_SVM|0|UNIT|0.4|3,Allen VBN,527749,1053718935,SVM,MEAN_RATE_LINEAR_SVM,0,UNIT,0.4,proportion,3,False,NEW_SUPP_S1_FIXED_SEED,PENDING
Allen VBN|1053718935|MEAN_RATE_LINEAR_SVM|0|UNIT|0.4|4,Allen VBN,527749,1053718935,SVM,MEAN_RATE_LINEAR_SVM,0,UNIT,0.4,proportion,4,False,NEW_SUPP_S1_FIXED_SEED,PENDING
Allen VBN|1053718935|MEAN_RATE_LINEAR_SVM|0|UNIT|0.5|0,Allen VBN,527749,1053718935,SVM,MEAN_RATE_LINEAR_SVM,0,UNIT,0.5,proportion,0,False,NEW_SUPP_S1_FIXED_SEED,PENDING
Allen VBN|1053718935|MEAN_RATE_LINEAR_SVM|0|UNIT|0.5|1,Allen VBN,527749,1053718935,SVM,MEAN_RATE_LINEAR_SVM,0,UNIT,0.5,proportion,1,False,NEW_SUPP_S1_FIXED_SEED,PENDING
Allen VBN|1053718935|MEAN_RATE_LINEAR_SVM|0|UNIT|0.5|2,Allen VBN,527749,1053718935,SVM,MEAN_RATE_LINEAR_SVM,0,UNIT,0.5,proportion,2,False,NEW_SUPP_S1_FIXED_SEED,PENDING
Allen VBN|1053718935|MEAN_RATE_LINEAR_SVM|0|UNIT|0.5|3,Allen VBN,527749,1053718935,SVM,MEAN_RATE_LINEAR_SVM,0,UNIT,0.5,proportion,3,False,NEW_SUPP_S1_FIXED_SEED,PENDING
Allen VBN|1053718935|MEAN_RATE_LINEAR_SVM|0|UNIT|0.5|4,Allen VBN,527749,1053718935,SVM,MEAN_RATE_LINEAR_SVM,0,UNIT,0.5,proportion,4,False,NEW_SUPP_S1_FIXED_SEED,PENDING
Allen VBN|1053718935|MEAN_RATE_LINEAR_SVM|0|TEMPORAL|2|0,Allen VBN,527749,1053718935,SVM,MEAN_RATE_LINEAR_SVM,0,TEMPORAL,2,bins,0,False,NEW_SUPP_S1_FIXED_SEED,PENDING
Allen VBN|1053718935|MEAN_RATE_LINEAR_SVM|0|TEMPORAL|2|1,Allen VBN,527749,1053718935,SVM,MEAN_RATE_LINEAR_SVM,0,TEMPORAL,2,bins,1,False,NEW_SUPP_S1_FIXED_SEED,PENDING
Allen VBN|1053718935|MEAN_RATE_LINEAR_SVM|0|TEMPORAL|2|2,Allen VBN,527749,1053718935,SVM,MEAN_RATE_LINEAR_SVM,0,TEMPORAL,2,bins,2,False,NEW_SUPP_S1_FIXED_SEED,PENDING
Allen VBN|1053718935|MEAN_RATE_LINEAR_SVM|0|TEMPORAL|2|3,Allen VBN,527749,1053718935,SVM,MEAN_RATE_LINEAR_SVM,0,TEMPORAL,2,bins,3,False,NEW_SUPP_S1_FIXED_SEED,PENDING
Allen VBN|1053718935|MEAN_RATE_LINEAR_SVM|0|TEMPORAL|2|4,Allen VBN,527749,1053718935,SVM,MEAN_RATE_LINEAR_SVM,0,TEMPORAL,2,bins,4,False,NEW_SUPP_S1_FIXED_SEED,PENDING
Allen VBN|1053718935|MEAN_RATE_LINEAR_SVM|0|TEMPORAL|3|0,Allen VBN,527749,1053718935,SVM,MEAN_RATE_LINEAR_SVM,0,TEMPORAL,3,bins,0,False,NEW_SUPP_S1_FIXED_SEED,PENDING
Allen VBN|1053718935|MEAN_RATE_LINEAR_SVM|0|TEMPORAL|3|1,Allen VBN,527749,1053718935,SVM,MEAN_RATE_LINEAR_SVM,0,TEMPORAL,3,bins,1,False,NEW_SUPP_S1_FIXED_SEED,PENDING
Allen VBN|1053718935|MEAN_RATE_LINEAR_SVM|0|TEMPORAL|3|2,Allen VBN,527749,1053718935,SVM,MEAN_RATE_LINEAR_SVM,0,TEMPORAL,3,bins,2,False,NEW_SUPP_S1_FIXED_SEED,PENDING
Allen VBN|1053718935|MEAN_RATE_LINEAR_SVM|0|TEMPORAL|3|3,Allen VBN,527749,1053718935,SVM,MEAN_RATE_LINEAR_SVM,0,TEMPORAL,3,bins,3,False,NEW_SUPP_S1_FIXED_SEED,PENDING
Allen VBN|1053718935|MEAN_RATE_LINEAR_SVM|0|TEMPORAL|3|4,Allen VBN,527749,1053718935,SVM,MEAN_RATE_LINEAR_SVM,0,TEMPORAL,3,bins,4,False,NEW_SUPP_S1_FIXED_SEED,PENDING
Allen VBN|1053718935|MEAN_RATE_LINEAR_SVM|0|TEMPORAL|5|0,Allen VBN,527749,1053718935,SVM,MEAN_RATE_LINEAR_SVM,0,TEMPORAL,5,bins,0,True,MAIN_FROZEN_T5,PENDING
Allen VBN|1053718935|MEAN_RATE_LINEAR_SVM|0|TEMPORAL|5|1,Allen VBN,527749,1053718935,SVM,MEAN_RATE_LINEAR_SVM,0,TEMPORAL,5,bins,1,True,MAIN_FROZEN_T5,PENDING
Allen VBN|1053718935|MEAN_RATE_LINEAR_SVM|0|TEMPORAL|5|2,Allen VBN,527749,1053718935,SVM,MEAN_RATE_LINEAR_SVM,0,TEMPORAL,5,bins,2,True,MAIN_FROZEN_T5,PENDING
Allen VBN|1053718935|MEAN_RATE_LINEAR_SVM|0|TEMPORAL|5|3,Allen VBN,527749,1053718935,SVM,MEAN_RATE_LINEAR_SVM,0,TEMPORAL,5,bins,3,True,MAIN_FROZEN_T5,PENDING
Allen VBN|1053718935|MEAN_RATE_LINEAR_SVM|0|TEMPORAL|5|4,Allen VBN,527749,1053718935,SVM,MEAN_RATE_LINEAR_SVM,0,TEMPORAL,5,bins,4,True,MAIN_FROZEN_T5,PENDING
Allen VBN|1053718935|MEAN_RATE_LINEAR_SVM|0|TEMPORAL|7|0,Allen VBN,527749,1053718935,SVM,MEAN_RATE_LINEAR_SVM,0,TEMPORAL,7,bins,0,False,NEW_SUPP_S1_FIXED_SEED,PENDING
Allen VBN|1053718935|MEAN_RATE_LINEAR_SVM|0|TEMPORAL|7|1,Allen VBN,527749,1053718935,SVM,MEAN_RATE_LINEAR_SVM,0,TEMPORAL,7,bins,1,False,NEW_SUPP_S1_FIXED_SEED,PENDING
Allen VBN|1053718935|MEAN_RATE_LINEAR_SVM|0|TEMPORAL|7|2,Allen VBN,527749,1053718935,SVM,MEAN_RATE_LINEAR_SVM,0,TEMPORAL,7,bins,2,False,NEW_SUPP_S1_FIXED_SEED,PENDING
Allen VBN|1053718935|MEAN_RATE_LINEAR_SVM|0|TEMPORAL|7|3,Allen VBN,527749,1053718935,SVM,MEAN_RATE_LINEAR_SVM,0,TEMPORAL,7,bins,3,False,NEW_SUPP_S1_FIXED_SEED,PENDING
Allen VBN|1053718935|MEAN_RATE_LINEAR_SVM|0|TEMPORAL|7|4,Allen VBN,527749,1053718935,SVM,MEAN_RATE_LINEAR_SVM,0,TEMPORAL,7,bins,4,False,NEW_SUPP_S1_FIXED_SEED,PENDING
Allen VBN|1053718935|MEAN_RATE_LINEAR_SVM|0|TEMPORAL|10|0,Allen VBN,527749,1053718935,SVM,MEAN_RATE_LINEAR_SVM,0,TEMPORAL,10,bins,0,False,NEW_SUPP_S1_FIXED_SEED,PENDING
Allen VBN|1053718935|MEAN_RATE_LINEAR_SVM|0|TEMPORAL|10|1,Allen VBN,527749,1053718935,SVM,MEAN_RATE_LINEAR_SVM,0,TEMPORAL,10,bins,1,False,NEW_SUPP_S1_FIXED_SEED,PENDING
Allen VBN|1053718935|MEAN_RATE_LINEAR_SVM|0|TEMPORAL|10|2,Allen VBN,527749,1053718935,SVM,MEAN_RATE_LINEAR_SVM,0,TEMPORAL,10,bins,2,False,NEW_SUPP_S1_FIXED_SEED,PENDING
Allen VBN|1053718935|MEAN_RATE_LINEAR_SVM|0|TEMPORAL|10|3,Allen VBN,527749,1053718935,SVM,MEAN_RATE_LINEAR_SVM,0,TEMPORAL,10,bins,3,False,NEW_SUPP_S1_FIXED_SEED,PENDING
Allen VBN|1053718935|MEAN_RATE_LINEAR_SVM|0|TEMPORAL|10|4,Allen VBN,527749,1053718935,SVM,MEAN_RATE_LINEAR_SVM,0,TEMPORAL,10,bins,4,False,NEW_SUPP_S1_FIXED_SEED,PENDING
Allen VBN|1053718935|MEAN_RATE_LINEAR_SVM|1|CLEAN|0,Allen VBN,527749,1053718935,SVM,MEAN_RATE_LINEAR_SVM,1,CLEAN_REFERENCE,0,none,0,False,R4_CLEAN_REFERENCE,PENDING
Allen VBN|1053718935|MEAN_RATE_LINEAR_SVM|1|UNIT|0.1|0,Allen VBN,527749,1053718935,SVM,MEAN_RATE_LINEAR_SVM,1,UNIT,0.1,proportion,0,False,NEW_SUPP_S1_FIXED_SEED,PENDING
Allen VBN|1053718935|MEAN_RATE_LINEAR_SVM|1|UNIT|0.1|1,Allen VBN,527749,1053718935,SVM,MEAN_RATE_LINEAR_SVM,1,UNIT,0.1,proportion,1,False,NEW_SUPP_S1_FIXED_SEED,PENDING
Allen VBN|1053718935|MEAN_RATE_LINEAR_SVM|1|UNIT|0.1|2,Allen VBN,527749,1053718935,SVM,MEAN_RATE_LINEAR_SVM,1,UNIT,0.1,proportion,2,False,NEW_SUPP_S1_FIXED_SEED,PENDING
Allen VBN|1053718935|MEAN_RATE_LINEAR_SVM|1|UNIT|0.1|3,Allen VBN,527749,1053718935,SVM,MEAN_RATE_LINEAR_SVM,1,UNIT,0.1,proportion,3,False,NEW_SUPP_S1_FIXED_SEED,PENDING
Allen VBN|1053718935|MEAN_RATE_LINEAR_SVM|1|UNIT|0.1|4,Allen VBN,527749,1053718935,SVM,MEAN_RATE_LINEAR_SVM,1,UNIT,0.1,proportion,4,False,NEW_SUPP_S1_FIXED_SEED,PENDING
Allen VBN|1053718935|MEAN_RATE_LINEAR_SVM|1|UNIT|0.2|0,Allen VBN,527749,1053718935,SVM,MEAN_RATE_LINEAR_SVM,1,UNIT,0.2,proportion,0,False,NEW_SUPP_S1_FIXED_SEED,PENDING
Allen VBN|1053718935|MEAN_RATE_LINEAR_SVM|1|UNIT|0.2|1,Allen VBN,527749,1053718935,SVM,MEAN_RATE_LINEAR_SVM,1,UNIT,0.2,proportion,1,False,NEW_SUPP_S1_FIXED_SEED,PENDING
Allen VBN|1053718935|MEAN_RATE_LINEAR_SVM|1|UNIT|0.2|2,Allen VBN,527749,1053718935,SVM,MEAN_RATE_LINEAR_SVM,1,UNIT,0.2,proportion,2,False,NEW_SUPP_S1_FIXED_SEED,PENDING
Allen VBN|1053718935|MEAN_RATE_LINEAR_SVM|1|UNIT|0.2|3,Allen VBN,527749,1053718935,SVM,MEAN_RATE_LINEAR_SVM,1,UNIT,0.2,proportion,3,False,NEW_SUPP_S1_FIXED_SEED,PENDING
Allen VBN|1053718935|MEAN_RATE_LINEAR_SVM|1|UNIT|0.2|4,Allen VBN,527749,1053718935,SVM,MEAN_RATE_LINEAR_SVM,1,UNIT,0.2,proportion,4,False,NEW_SUPP_S1_FIXED_SEED,PENDING
Allen VBN|1053718935|MEAN_RATE_LINEAR_SVM|1|UNIT|0.3|0,Allen VBN,527749,1053718935,SVM,MEAN_RATE_LINEAR_SVM,1,UNIT,0.3,proportion,0,True,MAIN_FROZEN_U30,PENDING
Allen VBN|1053718935|MEAN_RATE_LINEAR_SVM|1|UNIT|0.3|1,Allen VBN,527749,1053718935,SVM,MEAN_RATE_LINEAR_SVM,1,UNIT,0.3,proportion,1,True,MAIN_FROZEN_U30,PENDING
Allen VBN|1053718935|MEAN_RATE_LINEAR_SVM|1|UNIT|0.3|2,Allen VBN,527749,1053718935,SVM,MEAN_RATE_LINEAR_SVM,1,UNIT,0.3,proportion,2,True,MAIN_FROZEN_U30,PENDING
Allen VBN|1053718935|MEAN_RATE_LINEAR_SVM|1|UNIT|0.3|3,Allen VBN,527749,1053718935,SVM,MEAN_RATE_LINEAR_SVM,1,UNIT,0.3,proportion,3,True,MAIN_FROZEN_U30,PENDING
Allen VBN|1053718935|MEAN_RATE_LINEAR_SVM|1|UNIT|0.3|4,Allen VBN,527749,1053718935,SVM,MEAN_RATE_LINEAR_SVM,1,UNIT,0.3,proportion,4,True,MAIN_FROZEN_U30,PENDING
Allen VBN|1053718935|MEAN_RATE_LINEAR_SVM|1|UNIT|0.4|0,Allen VBN,527749,1053718935,SVM,MEAN_RATE_LINEAR_SVM,1,UNIT,0.4,proportion,0,False,NEW_SUPP_S1_FIXED_SEED,PENDING
Allen VBN|1053718935|MEAN_RATE_LINEAR_SVM|1|UNIT|0.4|1,Allen VBN,527749,1053718935,SVM,MEAN_RATE_LINEAR_SVM,1,UNIT,0.4,proportion,1,False,NEW_SUPP_S1_FIXED_SEED,PENDING
Allen VBN|1053718935|MEAN_RATE_LINEAR_SVM|1|UNIT|0.4|2,Allen VBN,527749,1053718935,SVM,MEAN_RATE_LINEAR_SVM,1,UNIT,0.4,proportion,2,False,NEW_SUPP_S1_FIXED_SEED,PENDING
Allen VBN|1053718935|MEAN_RATE_LINEAR_SVM|1|UNIT|0.4|3,Allen VBN,527749,1053718935,SVM,MEAN_RATE_LINEAR_SVM,1,UNIT,0.4,proportion,3,False,NEW_SUPP_S1_FIXED_SEED,PENDING
Allen VBN|1053718935|MEAN_RATE_LINEAR_SVM|1|UNIT|0.4|4,Allen VBN,527749,1053718935,SVM,MEAN_RATE_LINEAR_SVM,1,UNIT,0.4,proportion,4,False,NEW_SUPP_S1_FIXED_SEED,PENDING
Allen VBN|1053718935|MEAN_RATE_LINEAR_SVM|1|UNIT|0.5|0,Allen VBN,527749,1053718935,SVM,MEAN_RATE_LINEAR_SVM,1,UNIT,0.5,proportion,0,False,NEW_SUPP_S1_FIXED_SEED,PENDING
Allen VBN|1053718935|MEAN_RATE_LINEAR_SVM|1|UNIT|0.5|1,Allen VBN,527749,1053718935,SVM,MEAN_RATE_LINEAR_SVM,1,UNIT,0.5,proportion,1,False,NEW_SUPP_S1_FIXED_SEED,PENDING
Allen VBN|1053718935|MEAN_RATE_LINEAR_SVM|1|UNIT|0.5|2,Allen VBN,527749,1053718935,SVM,MEAN_RATE_LINEAR_SVM,1,UNIT,0.5,proportion,2,False,NEW_SUPP_S1_FIXED_SEED,PENDING
Allen VBN|1053718935|MEAN_RATE_LINEAR_SVM|1|UNIT|0.5|3,Allen VBN,527749,1053718935,SVM,MEAN_RATE_LINEAR_SVM,1,UNIT,0.5,proportion,3,False,NEW_SUPP_S1_FIXED_SEED,PENDING
Allen VBN|1053718935|MEAN_RATE_LINEAR_SVM|1|UNIT|0.5|4,Allen VBN,527749,1053718935,SVM,MEAN_RATE_LINEAR_SVM,1,UNIT,0.5,proportion,4,False,NEW_SUPP_S1_FIXED_SEED,PENDING
Allen VBN|1053718935|MEAN_RATE_LINEAR_SVM|1|TEMPORAL|2|0,Allen VBN,527749,1053718935,SVM,MEAN_RATE_LINEAR_SVM,1,TEMPORAL,2,bins,0,False,NEW_SUPP_S1_FIXED_SEED,PENDING
Allen VBN|1053718935|MEAN_RATE_LINEAR_SVM|1|TEMPORAL|2|1,Allen VBN,527749,1053718935,SVM,MEAN_RATE_LINEAR_SVM,1,TEMPORAL,2,bins,1,False,NEW_SUPP_S1_FIXED_SEED,PENDING
Allen VBN|1053718935|MEAN_RATE_LINEAR_SVM|1|TEMPORAL|2|2,Allen VBN,527749,1053718935,SVM,MEAN_RATE_LINEAR_SVM,1,TEMPORAL,2,bins,2,False,NEW_SUPP_S1_FIXED_SEED,PENDING
Allen VBN|1053718935|MEAN_RATE_LINEAR_SVM|1|TEMPORAL|2|3,Allen VBN,527749,1053718935,SVM,MEAN_RATE_LINEAR_SVM,1,TEMPORAL,2,bins,3,False,NEW_SUPP_S1_FIXED_SEED,PENDING
Allen VBN|1053718935|MEAN_RATE_LINEAR_SVM|1|TEMPORAL|2|4,Allen VBN,527749,1053718935,SVM,MEAN_RATE_LINEAR_SVM,1,TEMPORAL,2,bins,4,False,NEW_SUPP_S1_FIXED_SEED,PENDING
Allen VBN|1053718935|MEAN_RATE_LINEAR_SVM|1|TEMPORAL|3|0,Allen VBN,527749,1053718935,SVM,MEAN_RATE_LINEAR_SVM,1,TEMPORAL,3,bins,0,False,NEW_SUPP_S1_FIXED_SEED,PENDING
Allen VBN|1053718935|MEAN_RATE_LINEAR_SVM|1|TEMPORAL|3|1,Allen VBN,527749,1053718935,SVM,MEAN_RATE_LINEAR_SVM,1,TEMPORAL,3,bins,1,False,NEW_SUPP_S1_FIXED_SEED,PENDING
Allen VBN|1053718935|MEAN_RATE_LINEAR_SVM|1|TEMPORAL|3|2,Allen VBN,527749,1053718935,SVM,MEAN_RATE_LINEAR_SVM,1,TEMPORAL,3,bins,2,False,NEW_SUPP_S1_FIXED_SEED,PENDING
Allen VBN|1053718935|MEAN_RATE_LINEAR_SVM|1|TEMPORAL|3|3,Allen VBN,527749,1053718935,SVM,MEAN_RATE_LINEAR_SVM,1,TEMPORAL,3,bins,3,False,NEW_SUPP_S1_FIXED_SEED,PENDING
Allen VBN|1053718935|MEAN_RATE_LINEAR_SVM|1|TEMPORAL|3|4,Allen VBN,527749,1053718935,SVM,MEAN_RATE_LINEAR_SVM,1,TEMPORAL,3,bins,4,False,NEW_SUPP_S1_FIXED_SEED,PENDING
Allen VBN|1053718935|MEAN_RATE_LINEAR_SVM|1|TEMPORAL|5|0,Allen VBN,527749,1053718935,SVM,MEAN_RATE_LINEAR_SVM,1,TEMPORAL,5,bins,0,True,MAIN_FROZEN_T5,PENDING
Allen VBN|1053718935|MEAN_RATE_LINEAR_SVM|1|TEMPORAL|5|1,Allen VBN,527749,1053718935,SVM,MEAN_RATE_LINEAR_SVM,1,TEMPORAL,5,bins,1,True,MAIN_FROZEN_T5,PENDING
Allen VBN|1053718935|MEAN_RATE_LINEAR_SVM|1|TEMPORAL|5|2,Allen VBN,527749,1053718935,SVM,MEAN_RATE_LINEAR_SVM,1,TEMPORAL,5,bins,2,True,MAIN_FROZEN_T5,PENDING
Allen VBN|1053718935|MEAN_RATE_LINEAR_SVM|1|TEMPORAL|5|3,Allen VBN,527749,1053718935,SVM,MEAN_RATE_LINEAR_SVM,1,TEMPORAL,5,bins,3,True,MAIN_FROZEN_T5,PENDING
Allen VBN|1053718935|MEAN_RATE_LINEAR_SVM|1|TEMPORAL|5|4,Allen VBN,527749,1053718935,SVM,MEAN_RATE_LINEAR_SVM,1,TEMPORAL,5,bins,4,True,MAIN_FROZEN_T5,PENDING
Allen VBN|1053718935|MEAN_RATE_LINEAR_SVM|1|TEMPORAL|7|0,Allen VBN,527749,1053718935,SVM,MEAN_RATE_LINEAR_SVM,1,TEMPORAL,7,bins,0,False,NEW_SUPP_S1_FIXED_SEED,PENDING
Allen VBN|1053718935|MEAN_RATE_LINEAR_SVM|1|TEMPORAL|7|1,Allen VBN,527749,1053718935,SVM,MEAN_RATE_LINEAR_SVM,1,TEMPORAL,7,bins,1,False,NEW_SUPP_S1_FIXED_SEED,PENDING
Allen VBN|1053718935|MEAN_RATE_LINEAR_SVM|1|TEMPORAL|7|2,Allen VBN,527749,1053718935,SVM,MEAN_RATE_LINEAR_SVM,1,TEMPORAL,7,bins,2,False,NEW_SUPP_S1_FIXED_SEED,PENDING
Allen VBN|1053718935|MEAN_RATE_LINEAR_SVM|1|TEMPORAL|7|3,Allen VBN,527749,1053718935,SVM,MEAN_RATE_LINEAR_SVM,1,TEMPORAL,7,bins,3,False,NEW_SUPP_S1_FIXED_SEED,PENDING
Allen VBN|1053718935|MEAN_RATE_LINEAR_SVM|1|TEMPORAL|7|4,Allen VBN,527749,1053718935,SVM,MEAN_RATE_LINEAR_SVM,1,TEMPORAL,7,bins,4,False,NEW_SUPP_S1_FIXED_SEED,PENDING
Allen VBN|1053718935|MEAN_RATE_LINEAR_SVM|1|TEMPORAL|10|0,Allen VBN,527749,1053718935,SVM,MEAN_RATE_LINEAR_SVM,1,TEMPORAL,10,bins,0,False,NEW_SUPP_S1_FIXED_SEED,PENDING
Allen VBN|1053718935|MEAN_RATE_LINEAR_SVM|1|TEMPORAL|10|1,Allen VBN,527749,1053718935,SVM,MEAN_RATE_LINEAR_SVM,1,TEMPORAL,10,bins,1,False,NEW_SUPP_S1_FIXED_SEED,PENDING
Allen VBN|1053718935|MEAN_RATE_LINEAR_SVM|1|TEMPORAL|10|2,Allen VBN,527749,1053718935,SVM,MEAN_RATE_LINEAR_SVM,1,TEMPORAL,10,bins,2,False,NEW_SUPP_S1_FIXED_SEED,PENDING
Allen VBN|1053718935|MEAN_RATE_LINEAR_SVM|1|TEMPORAL|10|3,Allen VBN,527749,1053718935,SVM,MEAN_RATE_LINEAR_SVM,1,TEMPORAL,10,bins,3,False,NEW_SUPP_S1_FIXED_SEED,PENDING
Allen VBN|1053718935|MEAN_RATE_LINEAR_SVM|1|TEMPORAL|10|4,Allen VBN,527749,1053718935,SVM,MEAN_RATE_LINEAR_SVM,1,TEMPORAL,10,bins,4,False,NEW_SUPP_S1_FIXED_SEED,PENDING
Allen VBN|1056495334|MM_RVD_A9_SELECTED_R6|0|CLEAN|0,Allen VBN,531237,1056495334,MM-RVD,MM_RVD_A9_SELECTED_R6,0,CLEAN_REFERENCE,0,none,0,False,R4_CLEAN_REFERENCE,PENDING
Allen VBN|1056495334|MM_RVD_A9_SELECTED_R6|0|UNIT|0.1|0,Allen VBN,531237,1056495334,MM-RVD,MM_RVD_A9_SELECTED_R6,0,UNIT,0.1,proportion,0,False,NEW_SUPP_S1_FIXED_SEED,PENDING
Allen VBN|1056495334|MM_RVD_A9_SELECTED_R6|0|UNIT|0.1|1,Allen VBN,531237,1056495334,MM-RVD,MM_RVD_A9_SELECTED_R6,0,UNIT,0.1,proportion,1,False,NEW_SUPP_S1_FIXED_SEED,PENDING
Allen VBN|1056495334|MM_RVD_A9_SELECTED_R6|0|UNIT|0.1|2,Allen VBN,531237,1056495334,MM-RVD,MM_RVD_A9_SELECTED_R6,0,UNIT,0.1,proportion,2,False,NEW_SUPP_S1_FIXED_SEED,PENDING
Allen VBN|1056495334|MM_RVD_A9_SELECTED_R6|0|UNIT|0.1|3,Allen VBN,531237,1056495334,MM-RVD,MM_RVD_A9_SELECTED_R6,0,UNIT,0.1,proportion,3,False,NEW_SUPP_S1_FIXED_SEED,PENDING
Allen VBN|1056495334|MM_RVD_A9_SELECTED_R6|0|UNIT|0.1|4,Allen VBN,531237,1056495334,MM-RVD,MM_RVD_A9_SELECTED_R6,0,UNIT,0.1,proportion,4,False,NEW_SUPP_S1_FIXED_SEED,PENDING
Allen VBN|1056495334|MM_RVD_A9_SELECTED_R6|0|UNIT|0.2|0,Allen VBN,531237,1056495334,MM-RVD,MM_RVD_A9_SELECTED_R6,0,UNIT,0.2,proportion,0,False,NEW_SUPP_S1_FIXED_SEED,PENDING
Allen VBN|1056495334|MM_RVD_A9_SELECTED_R6|0|UNIT|0.2|1,Allen VBN,531237,1056495334,MM-RVD,MM_RVD_A9_SELECTED_R6,0,UNIT,0.2,proportion,1,False,NEW_SUPP_S1_FIXED_SEED,PENDING
Allen VBN|1056495334|MM_RVD_A9_SELECTED_R6|0|UNIT|0.2|2,Allen VBN,531237,1056495334,MM-RVD,MM_RVD_A9_SELECTED_R6,0,UNIT,0.2,proportion,2,False,NEW_SUPP_S1_FIXED_SEED,PENDING
Allen VBN|1056495334|MM_RVD_A9_SELECTED_R6|0|UNIT|0.2|3,Allen VBN,531237,1056495334,MM-RVD,MM_RVD_A9_SELECTED_R6,0,UNIT,0.2,proportion,3,False,NEW_SUPP_S1_FIXED_SEED,PENDING
Allen VBN|1056495334|MM_RVD_A9_SELECTED_R6|0|UNIT|0.2|4,Allen VBN,531237,1056495334,MM-RVD,MM_RVD_A9_SELECTED_R6,0,UNIT,0.2,proportion,4,False,NEW_SUPP_S1_FIXED_SEED,PENDING
Allen VBN|1056495334|MM_RVD_A9_SELECTED_R6|0|UNIT|0.3|0,Allen VBN,531237,1056495334,MM-RVD,MM_RVD_A9_SELECTED_R6,0,UNIT,0.3,proportion,0,True,MAIN_FROZEN_U30,PENDING
Allen VBN|1056495334|MM_RVD_A9_SELECTED_R6|0|UNIT|0.3|1,Allen VBN,531237,1056495334,MM-RVD,MM_RVD_A9_SELECTED_R6,0,UNIT,0.3,proportion,1,True,MAIN_FROZEN_U30,PENDING
Allen VBN|1056495334|MM_RVD_A9_SELECTED_R6|0|UNIT|0.3|2,Allen VBN,531237,1056495334,MM-RVD,MM_RVD_A9_SELECTED_R6,0,UNIT,0.3,proportion,2,True,MAIN_FROZEN_U30,PENDING
Allen VBN|1056495334|MM_RVD_A9_SELECTED_R6|0|UNIT|0.3|3,Allen VBN,531237,1056495334,MM-RVD,MM_RVD_A9_SELECTED_R6,0,UNIT,0.3,proportion,3,True,MAIN_FROZEN_U30,PENDING
Allen VBN|1056495334|MM_RVD_A9_SELECTED_R6|0|UNIT|0.3|4,Allen VBN,531237,1056495334,MM-RVD,MM_RVD_A9_SELECTED_R6,0,UNIT,0.3,proportion,4,True,MAIN_FROZEN_U30,PENDING
Allen VBN|1056495334|MM_RVD_A9_SELECTED_R6|0|UNIT|0.4|0,Allen VBN,531237,1056495334,MM-RVD,MM_RVD_A9_SELECTED_R6,0,UNIT,0.4,proportion,0,False,NEW_SUPP_S1_FIXED_SEED,PENDING
Allen VBN|1056495334|MM_RVD_A9_SELECTED_R6|0|UNIT|0.4|1,Allen VBN,531237,1056495334,MM-RVD,MM_RVD_A9_SELECTED_R6,0,UNIT,0.4,proportion,1,False,NEW_SUPP_S1_FIXED_SEED,PENDING
Allen VBN|1056495334|MM_RVD_A9_SELECTED_R6|0|UNIT|0.4|2,Allen VBN,531237,1056495334,MM-RVD,MM_RVD_A9_SELECTED_R6,0,UNIT,0.4,proportion,2,False,NEW_SUPP_S1_FIXED_SEED,PENDING
Allen VBN|1056495334|MM_RVD_A9_SELECTED_R6|0|UNIT|0.4|3,Allen VBN,531237,1056495334,MM-RVD,MM_RVD_A9_SELECTED_R6,0,UNIT,0.4,proportion,3,False,NEW_SUPP_S1_FIXED_SEED,PENDING
Allen VBN|1056495334|MM_RVD_A9_SELECTED_R6|0|UNIT|0.4|4,Allen VBN,531237,1056495334,MM-RVD,MM_RVD_A9_SELECTED_R6,0,UNIT,0.4,proportion,4,False,NEW_SUPP_S1_FIXED_SEED,PENDING
Allen VBN|1056495334|MM_RVD_A9_SELECTED_R6|0|UNIT|0.5|0,Allen VBN,531237,1056495334,MM-RVD,MM_RVD_A9_SELECTED_R6,0,UNIT,0.5,proportion,0,False,NEW_SUPP_S1_FIXED_SEED,PENDING
Allen VBN|1056495334|MM_RVD_A9_SELECTED_R6|0|UNIT|0.5|1,Allen VBN,531237,1056495334,MM-RVD,MM_RVD_A9_SELECTED_R6,0,UNIT,0.5,proportion,1,False,NEW_SUPP_S1_FIXED_SEED,PENDING
Allen VBN|1056495334|MM_RVD_A9_SELECTED_R6|0|UNIT|0.5|2,Allen VBN,531237,1056495334,MM-RVD,MM_RVD_A9_SELECTED_R6,0,UNIT,0.5,proportion,2,False,NEW_SUPP_S1_FIXED_SEED,PENDING
Allen VBN|1056495334|MM_RVD_A9_SELECTED_R6|0|UNIT|0.5|3,Allen VBN,531237,1056495334,MM-RVD,MM_RVD_A9_SELECTED_R6,0,UNIT,0.5,proportion,3,False,NEW_SUPP_S1_FIXED_SEED,PENDING
Allen VBN|1056495334|MM_RVD_A9_SELECTED_R6|0|UNIT|0.5|4,Allen VBN,531237,1056495334,MM-RVD,MM_RVD_A9_SELECTED_R6,0,UNIT,0.5,proportion,4,False,NEW_SUPP_S1_FIXED_SEED,PENDING
Allen VBN|1056495334|MM_RVD_A9_SELECTED_R6|0|TEMPORAL|2|0,Allen VBN,531237,1056495334,MM-RVD,MM_RVD_A9_SELECTED_R6,0,TEMPORAL,2,bins,0,False,NEW_SUPP_S1_FIXED_SEED,PENDING
Allen VBN|1056495334|MM_RVD_A9_SELECTED_R6|0|TEMPORAL|2|1,Allen VBN,531237,1056495334,MM-RVD,MM_RVD_A9_SELECTED_R6,0,TEMPORAL,2,bins,1,False,NEW_SUPP_S1_FIXED_SEED,PENDING
Allen VBN|1056495334|MM_RVD_A9_SELECTED_R6|0|TEMPORAL|2|2,Allen VBN,531237,1056495334,MM-RVD,MM_RVD_A9_SELECTED_R6,0,TEMPORAL,2,bins,2,False,NEW_SUPP_S1_FIXED_SEED,PENDING
Allen VBN|1056495334|MM_RVD_A9_SELECTED_R6|0|TEMPORAL|2|3,Allen VBN,531237,1056495334,MM-RVD,MM_RVD_A9_SELECTED_R6,0,TEMPORAL,2,bins,3,False,NEW_SUPP_S1_FIXED_SEED,PENDING
Allen VBN|1056495334|MM_RVD_A9_SELECTED_R6|0|TEMPORAL|2|4,Allen VBN,531237,1056495334,MM-RVD,MM_RVD_A9_SELECTED_R6,0,TEMPORAL,2,bins,4,False,NEW_SUPP_S1_FIXED_SEED,PENDING
Allen VBN|1056495334|MM_RVD_A9_SELECTED_R6|0|TEMPORAL|3|0,Allen VBN,531237,1056495334,MM-RVD,MM_RVD_A9_SELECTED_R6,0,TEMPORAL,3,bins,0,False,NEW_SUPP_S1_FIXED_SEED,PENDING
Allen VBN|1056495334|MM_RVD_A9_SELECTED_R6|0|TEMPORAL|3|1,Allen VBN,531237,1056495334,MM-RVD,MM_RVD_A9_SELECTED_R6,0,TEMPORAL,3,bins,1,False,NEW_SUPP_S1_FIXED_SEED,PENDING
Allen VBN|1056495334|MM_RVD_A9_SELECTED_R6|0|TEMPORAL|3|2,Allen VBN,531237,1056495334,MM-RVD,MM_RVD_A9_SELECTED_R6,0,TEMPORAL,3,bins,2,False,NEW_SUPP_S1_FIXED_SEED,PENDING
Allen VBN|1056495334|MM_RVD_A9_SELECTED_R6|0|TEMPORAL|3|3,Allen VBN,531237,1056495334,MM-RVD,MM_RVD_A9_SELECTED_R6,0,TEMPORAL,3,bins,3,False,NEW_SUPP_S1_FIXED_SEED,PENDING
Allen VBN|1056495334|MM_RVD_A9_SELECTED_R6|0|TEMPORAL|3|4,Allen VBN,531237,1056495334,MM-RVD,MM_RVD_A9_SELECTED_R6,0,TEMPORAL,3,bins,4,False,NEW_SUPP_S1_FIXED_SEED,PENDING
Allen VBN|1056495334|MM_RVD_A9_SELECTED_R6|0|TEMPORAL|5|0,Allen VBN,531237,1056495334,MM-RVD,MM_RVD_A9_SELECTED_R6,0,TEMPORAL,5,bins,0,True,MAIN_FROZEN_T5,PENDING
Allen VBN|1056495334|MM_RVD_A9_SELECTED_R6|0|TEMPORAL|5|1,Allen VBN,531237,1056495334,MM-RVD,MM_RVD_A9_SELECTED_R6,0,TEMPORAL,5,bins,1,True,MAIN_FROZEN_T5,PENDING
Allen VBN|1056495334|MM_RVD_A9_SELECTED_R6|0|TEMPORAL|5|2,Allen VBN,531237,1056495334,MM-RVD,MM_RVD_A9_SELECTED_R6,0,TEMPORAL,5,bins,2,True,MAIN_FROZEN_T5,PENDING
Allen VBN|1056495334|MM_RVD_A9_SELECTED_R6|0|TEMPORAL|5|3,Allen VBN,531237,1056495334,MM-RVD,MM_RVD_A9_SELECTED_R6,0,TEMPORAL,5,bins,3,True,MAIN_FROZEN_T5,PENDING
Allen VBN|1056495334|MM_RVD_A9_SELECTED_R6|0|TEMPORAL|5|4,Allen VBN,531237,1056495334,MM-RVD,MM_RVD_A9_SELECTED_R6,0,TEMPORAL,5,bins,4,True,MAIN_FROZEN_T5,PENDING
Allen VBN|1056495334|MM_RVD_A9_SELECTED_R6|0|TEMPORAL|7|0,Allen VBN,531237,1056495334,MM-RVD,MM_RVD_A9_SELECTED_R6,0,TEMPORAL,7,bins,0,False,NEW_SUPP_S1_FIXED_SEED,PENDING
Allen VBN|1056495334|MM_RVD_A9_SELECTED_R6|0|TEMPORAL|7|1,Allen VBN,531237,1056495334,MM-RVD,MM_RVD_A9_SELECTED_R6,0,TEMPORAL,7,bins,1,False,NEW_SUPP_S1_FIXED_SEED,PENDING
Allen VBN|1056495334|MM_RVD_A9_SELECTED_R6|0|TEMPORAL|7|2,Allen VBN,531237,1056495334,MM-RVD,MM_RVD_A9_SELECTED_R6,0,TEMPORAL,7,bins,2,False,NEW_SUPP_S1_FIXED_SEED,PENDING
Allen VBN|1056495334|MM_RVD_A9_SELECTED_R6|0|TEMPORAL|7|3,Allen VBN,531237,1056495334,MM-RVD,MM_RVD_A9_SELECTED_R6,0,TEMPORAL,7,bins,3,False,NEW_SUPP_S1_FIXED_SEED,PENDING
Allen VBN|1056495334|MM_RVD_A9_SELECTED_R6|0|TEMPORAL|7|4,Allen VBN,531237,1056495334,MM-RVD,MM_RVD_A9_SELECTED_R6,0,TEMPORAL,7,bins,4,False,NEW_SUPP_S1_FIXED_SEED,PENDING
Allen VBN|1056495334|MM_RVD_A9_SELECTED_R6|0|TEMPORAL|10|0,Allen VBN,531237,1056495334,MM-RVD,MM_RVD_A9_SELECTED_R6,0,TEMPORAL,10,bins,0,False,NEW_SUPP_S1_FIXED_SEED,PENDING
Allen VBN|1056495334|MM_RVD_A9_SELECTED_R6|0|TEMPORAL|10|1,Allen VBN,531237,1056495334,MM-RVD,MM_RVD_A9_SELECTED_R6,0,TEMPORAL,10,bins,1,False,NEW_SUPP_S1_FIXED_SEED,PENDING
Allen VBN|1056495334|MM_RVD_A9_SELECTED_R6|0|TEMPORAL|10|2,Allen VBN,531237,1056495334,MM-RVD,MM_RVD_A9_SELECTED_R6,0,TEMPORAL,10,bins,2,False,NEW_SUPP_S1_FIXED_SEED,PENDING
Allen VBN|1056495334|MM_RVD_A9_SELECTED_R6|0|TEMPORAL|10|3,Allen VBN,531237,1056495334,MM-RVD,MM_RVD_A9_SELECTED_R6,0,TEMPORAL,10,bins,3,False,NEW_SUPP_S1_FIXED_SEED,PENDING
Allen VBN|1056495334|MM_RVD_A9_SELECTED_R6|0|TEMPORAL|10|4,Allen VBN,531237,1056495334,MM-RVD,MM_RVD_A9_SELECTED_R6,0,TEMPORAL,10,bins,4,False,NEW_SUPP_S1_FIXED_SEED,PENDING
Allen VBN|1056495334|MM_RVD_A9_SELECTED_R6|1|CLEAN|0,Allen VBN,531237,1056495334,MM-RVD,MM_RVD_A9_SELECTED_R6,1,CLEAN_REFERENCE,0,none,0,False,R4_CLEAN_REFERENCE,PENDING
Allen VBN|1056495334|MM_RVD_A9_SELECTED_R6|1|UNIT|0.1|0,Allen VBN,531237,1056495334,MM-RVD,MM_RVD_A9_SELECTED_R6,1,UNIT,0.1,proportion,0,False,NEW_SUPP_S1_FIXED_SEED,PENDING
Allen VBN|1056495334|MM_RVD_A9_SELECTED_R6|1|UNIT|0.1|1,Allen VBN,531237,1056495334,MM-RVD,MM_RVD_A9_SELECTED_R6,1,UNIT,0.1,proportion,1,False,NEW_SUPP_S1_FIXED_SEED,PENDING
Allen VBN|1056495334|MM_RVD_A9_SELECTED_R6|1|UNIT|0.1|2,Allen VBN,531237,1056495334,MM-RVD,MM_RVD_A9_SELECTED_R6,1,UNIT,0.1,proportion,2,False,NEW_SUPP_S1_FIXED_SEED,PENDING
Allen VBN|1056495334|MM_RVD_A9_SELECTED_R6|1|UNIT|0.1|3,Allen VBN,531237,1056495334,MM-RVD,MM_RVD_A9_SELECTED_R6,1,UNIT,0.1,proportion,3,False,NEW_SUPP_S1_FIXED_SEED,PENDING
Allen VBN|1056495334|MM_RVD_A9_SELECTED_R6|1|UNIT|0.1|4,Allen VBN,531237,1056495334,MM-RVD,MM_RVD_A9_SELECTED_R6,1,UNIT,0.1,proportion,4,False,NEW_SUPP_S1_FIXED_SEED,PENDING
Allen VBN|1056495334|MM_RVD_A9_SELECTED_R6|1|UNIT|0.2|0,Allen VBN,531237,1056495334,MM-RVD,MM_RVD_A9_SELECTED_R6,1,UNIT,0.2,proportion,0,False,NEW_SUPP_S1_FIXED_SEED,PENDING
Allen VBN|1056495334|MM_RVD_A9_SELECTED_R6|1|UNIT|0.2|1,Allen VBN,531237,1056495334,MM-RVD,MM_RVD_A9_SELECTED_R6,1,UNIT,0.2,proportion,1,False,NEW_SUPP_S1_FIXED_SEED,PENDING
Allen VBN|1056495334|MM_RVD_A9_SELECTED_R6|1|UNIT|0.2|2,Allen VBN,531237,1056495334,MM-RVD,MM_RVD_A9_SELECTED_R6,1,UNIT,0.2,proportion,2,False,NEW_SUPP_S1_FIXED_SEED,PENDING
Allen VBN|1056495334|MM_RVD_A9_SELECTED_R6|1|UNIT|0.2|3,Allen VBN,531237,1056495334,MM-RVD,MM_RVD_A9_SELECTED_R6,1,UNIT,0.2,proportion,3,False,NEW_SUPP_S1_FIXED_SEED,PENDING
Allen VBN|1056495334|MM_RVD_A9_SELECTED_R6|1|UNIT|0.2|4,Allen VBN,531237,1056495334,MM-RVD,MM_RVD_A9_SELECTED_R6,1,UNIT,0.2,proportion,4,False,NEW_SUPP_S1_FIXED_SEED,PENDING
Allen VBN|1056495334|MM_RVD_A9_SELECTED_R6|1|UNIT|0.3|0,Allen VBN,531237,1056495334,MM-RVD,MM_RVD_A9_SELECTED_R6,1,UNIT,0.3,proportion,0,True,MAIN_FROZEN_U30,PENDING
Allen VBN|1056495334|MM_RVD_A9_SELECTED_R6|1|UNIT|0.3|1,Allen VBN,531237,1056495334,MM-RVD,MM_RVD_A9_SELECTED_R6,1,UNIT,0.3,proportion,1,True,MAIN_FROZEN_U30,PENDING
Allen VBN|1056495334|MM_RVD_A9_SELECTED_R6|1|UNIT|0.3|2,Allen VBN,531237,1056495334,MM-RVD,MM_RVD_A9_SELECTED_R6,1,UNIT,0.3,proportion,2,True,MAIN_FROZEN_U30,PENDING
Allen VBN|1056495334|MM_RVD_A9_SELECTED_R6|1|UNIT|0.3|3,Allen VBN,531237,1056495334,MM-RVD,MM_RVD_A9_SELECTED_R6,1,UNIT,0.3,proportion,3,True,MAIN_FROZEN_U30,PENDING
Allen VBN|1056495334|MM_RVD_A9_SELECTED_R6|1|UNIT|0.3|4,Allen VBN,531237,1056495334,MM-RVD,MM_RVD_A9_SELECTED_R6,1,UNIT,0.3,proportion,4,True,MAIN_FROZEN_U30,PENDING
Allen VBN|1056495334|MM_RVD_A9_SELECTED_R6|1|UNIT|0.4|0,Allen VBN,531237,1056495334,MM-RVD,MM_RVD_A9_SELECTED_R6,1,UNIT,0.4,proportion,0,False,NEW_SUPP_S1_FIXED_SEED,PENDING
Allen VBN|1056495334|MM_RVD_A9_SELECTED_R6|1|UNIT|0.4|1,Allen VBN,531237,1056495334,MM-RVD,MM_RVD_A9_SELECTED_R6,1,UNIT,0.4,proportion,1,False,NEW_SUPP_S1_FIXED_SEED,PENDING
Allen VBN|1056495334|MM_RVD_A9_SELECTED_R6|1|UNIT|0.4|2,Allen VBN,531237,1056495334,MM-RVD,MM_RVD_A9_SELECTED_R6,1,UNIT,0.4,proportion,2,False,NEW_SUPP_S1_FIXED_SEED,PENDING
Allen VBN|1056495334|MM_RVD_A9_SELECTED_R6|1|UNIT|0.4|3,Allen VBN,531237,1056495334,MM-RVD,MM_RVD_A9_SELECTED_R6,1,UNIT,0.4,proportion,3,False,NEW_SUPP_S1_FIXED_SEED,PENDING
Allen VBN|1056495334|MM_RVD_A9_SELECTED_R6|1|UNIT|0.4|4,Allen VBN,531237,1056495334,MM-RVD,MM_RVD_A9_SELECTED_R6,1,UNIT,0.4,proportion,4,False,NEW_SUPP_S1_FIXED_SEED,PENDING
Allen VBN|1056495334|MM_RVD_A9_SELECTED_R6|1|UNIT|0.5|0,Allen VBN,531237,1056495334,MM-RVD,MM_RVD_A9_SELECTED_R6,1,UNIT,0.5,proportion,0,False,NEW_SUPP_S1_FIXED_SEED,PENDING
Allen VBN|1056495334|MM_RVD_A9_SELECTED_R6|1|UNIT|0.5|1,Allen VBN,531237,1056495334,MM-RVD,MM_RVD_A9_SELECTED_R6,1,UNIT,0.5,proportion,1,False,NEW_SUPP_S1_FIXED_SEED,PENDING
Allen VBN|1056495334|MM_RVD_A9_SELECTED_R6|1|UNIT|0.5|2,Allen VBN,531237,1056495334,MM-RVD,MM_RVD_A9_SELECTED_R6,1,UNIT,0.5,proportion,2,False,NEW_SUPP_S1_FIXED_SEED,PENDING
Allen VBN|1056495334|MM_RVD_A9_SELECTED_R6|1|UNIT|0.5|3,Allen VBN,531237,1056495334,MM-RVD,MM_RVD_A9_SELECTED_R6,1,UNIT,0.5,proportion,3,False,NEW_SUPP_S1_FIXED_SEED,PENDING
Allen VBN|1056495334|MM_RVD_A9_SELECTED_R6|1|UNIT|0.5|4,Allen VBN,531237,1056495334,MM-RVD,MM_RVD_A9_SELECTED_R6,1,UNIT,0.5,proportion,4,False,NEW_SUPP_S1_FIXED_SEED,PENDING
Allen VBN|1056495334|MM_RVD_A9_SELECTED_R6|1|TEMPORAL|2|0,Allen VBN,531237,1056495334,MM-RVD,MM_RVD_A9_SELECTED_R6,1,TEMPORAL,2,bins,0,False,NEW_SUPP_S1_FIXED_SEED,PENDING
Allen VBN|1056495334|MM_RVD_A9_SELECTED_R6|1|TEMPORAL|2|1,Allen VBN,531237,1056495334,MM-RVD,MM_RVD_A9_SELECTED_R6,1,TEMPORAL,2,bins,1,False,NEW_SUPP_S1_FIXED_SEED,PENDING
Allen VBN|1056495334|MM_RVD_A9_SELECTED_R6|1|TEMPORAL|2|2,Allen VBN,531237,1056495334,MM-RVD,MM_RVD_A9_SELECTED_R6,1,TEMPORAL,2,bins,2,False,NEW_SUPP_S1_FIXED_SEED,PENDING
Allen VBN|1056495334|MM_RVD_A9_SELECTED_R6|1|TEMPORAL|2|3,Allen VBN,531237,1056495334,MM-RVD,MM_RVD_A9_SELECTED_R6,1,TEMPORAL,2,bins,3,False,NEW_SUPP_S1_FIXED_SEED,PENDING
Allen VBN|1056495334|MM_RVD_A9_SELECTED_R6|1|TEMPORAL|2|4,Allen VBN,531237,1056495334,MM-RVD,MM_RVD_A9_SELECTED_R6,1,TEMPORAL,2,bins,4,False,NEW_SUPP_S1_FIXED_SEED,PENDING
Allen VBN|1056495334|MM_RVD_A9_SELECTED_R6|1|TEMPORAL|3|0,Allen VBN,531237,1056495334,MM-RVD,MM_RVD_A9_SELECTED_R6,1,TEMPORAL,3,bins,0,False,NEW_SUPP_S1_FIXED_SEED,PENDING
Allen VBN|1056495334|MM_RVD_A9_SELECTED_R6|1|TEMPORAL|3|1,Allen VBN,531237,1056495334,MM-RVD,MM_RVD_A9_SELECTED_R6,1,TEMPORAL,3,bins,1,False,NEW_SUPP_S1_FIXED_SEED,PENDING
Allen VBN|1056495334|MM_RVD_A9_SELECTED_R6|1|TEMPORAL|3|2,Allen VBN,531237,1056495334,MM-RVD,MM_RVD_A9_SELECTED_R6,1,TEMPORAL,3,bins,2,False,NEW_SUPP_S1_FIXED_SEED,PENDING
Allen VBN|1056495334|MM_RVD_A9_SELECTED_R6|1|TEMPORAL|3|3,Allen VBN,531237,1056495334,MM-RVD,MM_RVD_A9_SELECTED_R6,1,TEMPORAL,3,bins,3,False,NEW_SUPP_S1_FIXED_SEED,PENDING
Allen VBN|1056495334|MM_RVD_A9_SELECTED_R6|1|TEMPORAL|3|4,Allen VBN,531237,1056495334,MM-RVD,MM_RVD_A9_SELECTED_R6,1,TEMPORAL,3,bins,4,False,NEW_SUPP_S1_FIXED_SEED,PENDING
Allen VBN|1056495334|MM_RVD_A9_SELECTED_R6|1|TEMPORAL|5|0,Allen VBN,531237,1056495334,MM-RVD,MM_RVD_A9_SELECTED_R6,1,TEMPORAL,5,bins,0,True,MAIN_FROZEN_T5,PENDING
Allen VBN|1056495334|MM_RVD_A9_SELECTED_R6|1|TEMPORAL|5|1,Allen VBN,531237,1056495334,MM-RVD,MM_RVD_A9_SELECTED_R6,1,TEMPORAL,5,bins,1,True,MAIN_FROZEN_T5,PENDING
Allen VBN|1056495334|MM_RVD_A9_SELECTED_R6|1|TEMPORAL|5|2,Allen VBN,531237,1056495334,MM-RVD,MM_RVD_A9_SELECTED_R6,1,TEMPORAL,5,bins,2,True,MAIN_FROZEN_T5,PENDING
Allen VBN|1056495334|MM_RVD_A9_SELECTED_R6|1|TEMPORAL|5|3,Allen VBN,531237,1056495334,MM-RVD,MM_RVD_A9_SELECTED_R6,1,TEMPORAL,5,bins,3,True,MAIN_FROZEN_T5,PENDING
Allen VBN|1056495334|MM_RVD_A9_SELECTED_R6|1|TEMPORAL|5|4,Allen VBN,531237,1056495334,MM-RVD,MM_RVD_A9_SELECTED_R6,1,TEMPORAL,5,bins,4,True,MAIN_FROZEN_T5,PENDING
Allen VBN|1056495334|MM_RVD_A9_SELECTED_R6|1|TEMPORAL|7|0,Allen VBN,531237,1056495334,MM-RVD,MM_RVD_A9_SELECTED_R6,1,TEMPORAL,7,bins,0,False,NEW_SUPP_S1_FIXED_SEED,PENDING
Allen VBN|1056495334|MM_RVD_A9_SELECTED_R6|1|TEMPORAL|7|1,Allen VBN,531237,1056495334,MM-RVD,MM_RVD_A9_SELECTED_R6,1,TEMPORAL,7,bins,1,False,NEW_SUPP_S1_FIXED_SEED,PENDING
Allen VBN|1056495334|MM_RVD_A9_SELECTED_R6|1|TEMPORAL|7|2,Allen VBN,531237,1056495334,MM-RVD,MM_RVD_A9_SELECTED_R6,1,TEMPORAL,7,bins,2,False,NEW_SUPP_S1_FIXED_SEED,PENDING
Allen VBN|1056495334|MM_RVD_A9_SELECTED_R6|1|TEMPORAL|7|3,Allen VBN,531237,1056495334,MM-RVD,MM_RVD_A9_SELECTED_R6,1,TEMPORAL,7,bins,3,False,NEW_SUPP_S1_FIXED_SEED,PENDING
Allen VBN|1056495334|MM_RVD_A9_SELECTED_R6|1|TEMPORAL|7|4,Allen VBN,531237,1056495334,MM-RVD,MM_RVD_A9_SELECTED_R6,1,TEMPORAL,7,bins,4,False,NEW_SUPP_S1_FIXED_SEED,PENDING
Allen VBN|1056495334|MM_RVD_A9_SELECTED_R6|1|TEMPORAL|10|0,Allen VBN,531237,1056495334,MM-RVD,MM_RVD_A9_SELECTED_R6,1,TEMPORAL,10,bins,0,False,NEW_SUPP_S1_FIXED_SEED,PENDING
Allen VBN|1056495334|MM_RVD_A9_SELECTED_R6|1|TEMPORAL|10|1,Allen VBN,531237,1056495334,MM-RVD,MM_RVD_A9_SELECTED_R6,1,TEMPORAL,10,bins,1,False,NEW_SUPP_S1_FIXED_SEED,PENDING
Allen VBN|1056495334|MM_RVD_A9_SELECTED_R6|1|TEMPORAL|10|2,Allen VBN,531237,1056495334,MM-RVD,MM_RVD_A9_SELECTED_R6,1,TEMPORAL,10,bins,2,False,NEW_SUPP_S1_FIXED_SEED,PENDING
Allen VBN|1056495334|MM_RVD_A9_SELECTED_R6|1|TEMPORAL|10|3,Allen VBN,531237,1056495334,MM-RVD,MM_RVD_A9_SELECTED_R6,1,TEMPORAL,10,bins,3,False,NEW_SUPP_S1_FIXED_SEED,PENDING
Allen VBN|1056495334|MM_RVD_A9_SELECTED_R6|1|TEMPORAL|10|4,Allen VBN,531237,1056495334,MM-RVD,MM_RVD_A9_SELECTED_R6,1,TEMPORAL,10,bins,4,False,NEW_SUPP_S1_FIXED_SEED,PENDING
Allen VBN|1056495334|MEAN_RATE_LINEAR_SVM|0|CLEAN|0,Allen VBN,531237,1056495334,SVM,MEAN_RATE_LINEAR_SVM,0,CLEAN_REFERENCE,0,none,0,False,R4_CLEAN_REFERENCE,PENDING
Allen VBN|1056495334|MEAN_RATE_LINEAR_SVM|0|UNIT|0.1|0,Allen VBN,531237,1056495334,SVM,MEAN_RATE_LINEAR_SVM,0,UNIT,0.1,proportion,0,False,NEW_SUPP_S1_FIXED_SEED,PENDING
Allen VBN|1056495334|MEAN_RATE_LINEAR_SVM|0|UNIT|0.1|1,Allen VBN,531237,1056495334,SVM,MEAN_RATE_LINEAR_SVM,0,UNIT,0.1,proportion,1,False,NEW_SUPP_S1_FIXED_SEED,PENDING
Allen VBN|1056495334|MEAN_RATE_LINEAR_SVM|0|UNIT|0.1|2,Allen VBN,531237,1056495334,SVM,MEAN_RATE_LINEAR_SVM,0,UNIT,0.1,proportion,2,False,NEW_SUPP_S1_FIXED_SEED,PENDING
Allen VBN|1056495334|MEAN_RATE_LINEAR_SVM|0|UNIT|0.1|3,Allen VBN,531237,1056495334,SVM,MEAN_RATE_LINEAR_SVM,0,UNIT,0.1,proportion,3,False,NEW_SUPP_S1_FIXED_SEED,PENDING
Allen VBN|1056495334|MEAN_RATE_LINEAR_SVM|0|UNIT|0.1|4,Allen VBN,531237,1056495334,SVM,MEAN_RATE_LINEAR_SVM,0,UNIT,0.1,proportion,4,False,NEW_SUPP_S1_FIXED_SEED,PENDING
Allen VBN|1056495334|MEAN_RATE_LINEAR_SVM|0|UNIT|0.2|0,Allen VBN,531237,1056495334,SVM,MEAN_RATE_LINEAR_SVM,0,UNIT,0.2,proportion,0,False,NEW_SUPP_S1_FIXED_SEED,PENDING
Allen VBN|1056495334|MEAN_RATE_LINEAR_SVM|0|UNIT|0.2|1,Allen VBN,531237,1056495334,SVM,MEAN_RATE_LINEAR_SVM,0,UNIT,0.2,proportion,1,False,NEW_SUPP_S1_FIXED_SEED,PENDING
Allen VBN|1056495334|MEAN_RATE_LINEAR_SVM|0|UNIT|0.2|2,Allen VBN,531237,1056495334,SVM,MEAN_RATE_LINEAR_SVM,0,UNIT,0.2,proportion,2,False,NEW_SUPP_S1_FIXED_SEED,PENDING
Allen VBN|1056495334|MEAN_RATE_LINEAR_SVM|0|UNIT|0.2|3,Allen VBN,531237,1056495334,SVM,MEAN_RATE_LINEAR_SVM,0,UNIT,0.2,proportion,3,False,NEW_SUPP_S1_FIXED_SEED,PENDING
Allen VBN|1056495334|MEAN_RATE_LINEAR_SVM|0|UNIT|0.2|4,Allen VBN,531237,1056495334,SVM,MEAN_RATE_LINEAR_SVM,0,UNIT,0.2,proportion,4,False,NEW_SUPP_S1_FIXED_SEED,PENDING
Allen VBN|1056495334|MEAN_RATE_LINEAR_SVM|0|UNIT|0.3|0,Allen VBN,531237,1056495334,SVM,MEAN_RATE_LINEAR_SVM,0,UNIT,0.3,proportion,0,True,MAIN_FROZEN_U30,PENDING
Allen VBN|1056495334|MEAN_RATE_LINEAR_SVM|0|UNIT|0.3|1,Allen VBN,531237,1056495334,SVM,MEAN_RATE_LINEAR_SVM,0,UNIT,0.3,proportion,1,True,MAIN_FROZEN_U30,PENDING
Allen VBN|1056495334|MEAN_RATE_LINEAR_SVM|0|UNIT|0.3|2,Allen VBN,531237,1056495334,SVM,MEAN_RATE_LINEAR_SVM,0,UNIT,0.3,proportion,2,True,MAIN_FROZEN_U30,PENDING
Allen VBN|1056495334|MEAN_RATE_LINEAR_SVM|0|UNIT|0.3|3,Allen VBN,531237,1056495334,SVM,MEAN_RATE_LINEAR_SVM,0,UNIT,0.3,proportion,3,True,MAIN_FROZEN_U30,PENDING
Allen VBN|1056495334|MEAN_RATE_LINEAR_SVM|0|UNIT|0.3|4,Allen VBN,531237,1056495334,SVM,MEAN_RATE_LINEAR_SVM,0,UNIT,0.3,proportion,4,True,MAIN_FROZEN_U30,PENDING
Allen VBN|1056495334|MEAN_RATE_LINEAR_SVM|0|UNIT|0.4|0,Allen VBN,531237,1056495334,SVM,MEAN_RATE_LINEAR_SVM,0,UNIT,0.4,proportion,0,False,NEW_SUPP_S1_FIXED_SEED,PENDING
Allen VBN|1056495334|MEAN_RATE_LINEAR_SVM|0|UNIT|0.4|1,Allen VBN,531237,1056495334,SVM,MEAN_RATE_LINEAR_SVM,0,UNIT,0.4,proportion,1,False,NEW_SUPP_S1_FIXED_SEED,PENDING
Allen VBN|1056495334|MEAN_RATE_LINEAR_SVM|0|UNIT|0.4|2,Allen VBN,531237,1056495334,SVM,MEAN_RATE_LINEAR_SVM,0,UNIT,0.4,proportion,2,False,NEW_SUPP_S1_FIXED_SEED,PENDING
Allen VBN|1056495334|MEAN_RATE_LINEAR_SVM|0|UNIT|0.4|3,Allen VBN,531237,1056495334,SVM,MEAN_RATE_LINEAR_SVM,0,UNIT,0.4,proportion,3,False,NEW_SUPP_S1_FIXED_SEED,PENDING
Allen VBN|1056495334|MEAN_RATE_LINEAR_SVM|0|UNIT|0.4|4,Allen VBN,531237,1056495334,SVM,MEAN_RATE_LINEAR_SVM,0,UNIT,0.4,proportion,4,False,NEW_SUPP_S1_FIXED_SEED,PENDING
Allen VBN|1056495334|MEAN_RATE_LINEAR_SVM|0|UNIT|0.5|0,Allen VBN,531237,1056495334,SVM,MEAN_RATE_LINEAR_SVM,0,UNIT,0.5,proportion,0,False,NEW_SUPP_S1_FIXED_SEED,PENDING
Allen VBN|1056495334|MEAN_RATE_LINEAR_SVM|0|UNIT|0.5|1,Allen VBN,531237,1056495334,SVM,MEAN_RATE_LINEAR_SVM,0,UNIT,0.5,proportion,1,False,NEW_SUPP_S1_FIXED_SEED,PENDING
Allen VBN|1056495334|MEAN_RATE_LINEAR_SVM|0|UNIT|0.5|2,Allen VBN,531237,1056495334,SVM,MEAN_RATE_LINEAR_SVM,0,UNIT,0.5,proportion,2,False,NEW_SUPP_S1_FIXED_SEED,PENDING
Allen VBN|1056495334|MEAN_RATE_LINEAR_SVM|0|UNIT|0.5|3,Allen VBN,531237,1056495334,SVM,MEAN_RATE_LINEAR_SVM,0,UNIT,0.5,proportion,3,False,NEW_SUPP_S1_FIXED_SEED,PENDING
Allen VBN|1056495334|MEAN_RATE_LINEAR_SVM|0|UNIT|0.5|4,Allen VBN,531237,1056495334,SVM,MEAN_RATE_LINEAR_SVM,0,UNIT,0.5,proportion,4,False,NEW_SUPP_S1_FIXED_SEED,PENDING
Allen VBN|1056495334|MEAN_RATE_LINEAR_SVM|0|TEMPORAL|2|0,Allen VBN,531237,1056495334,SVM,MEAN_RATE_LINEAR_SVM,0,TEMPORAL,2,bins,0,False,NEW_SUPP_S1_FIXED_SEED,PENDING
Allen VBN|1056495334|MEAN_RATE_LINEAR_SVM|0|TEMPORAL|2|1,Allen VBN,531237,1056495334,SVM,MEAN_RATE_LINEAR_SVM,0,TEMPORAL,2,bins,1,False,NEW_SUPP_S1_FIXED_SEED,PENDING
Allen VBN|1056495334|MEAN_RATE_LINEAR_SVM|0|TEMPORAL|2|2,Allen VBN,531237,1056495334,SVM,MEAN_RATE_LINEAR_SVM,0,TEMPORAL,2,bins,2,False,NEW_SUPP_S1_FIXED_SEED,PENDING
Allen VBN|1056495334|MEAN_RATE_LINEAR_SVM|0|TEMPORAL|2|3,Allen VBN,531237,1056495334,SVM,MEAN_RATE_LINEAR_SVM,0,TEMPORAL,2,bins,3,False,NEW_SUPP_S1_FIXED_SEED,PENDING
Allen VBN|1056495334|MEAN_RATE_LINEAR_SVM|0|TEMPORAL|2|4,Allen VBN,531237,1056495334,SVM,MEAN_RATE_LINEAR_SVM,0,TEMPORAL,2,bins,4,False,NEW_SUPP_S1_FIXED_SEED,PENDING
Allen VBN|1056495334|MEAN_RATE_LINEAR_SVM|0|TEMPORAL|3|0,Allen VBN,531237,1056495334,SVM,MEAN_RATE_LINEAR_SVM,0,TEMPORAL,3,bins,0,False,NEW_SUPP_S1_FIXED_SEED,PENDING
Allen VBN|1056495334|MEAN_RATE_LINEAR_SVM|0|TEMPORAL|3|1,Allen VBN,531237,1056495334,SVM,MEAN_RATE_LINEAR_SVM,0,TEMPORAL,3,bins,1,False,NEW_SUPP_S1_FIXED_SEED,PENDING
Allen VBN|1056495334|MEAN_RATE_LINEAR_SVM|0|TEMPORAL|3|2,Allen VBN,531237,1056495334,SVM,MEAN_RATE_LINEAR_SVM,0,TEMPORAL,3,bins,2,False,NEW_SUPP_S1_FIXED_SEED,PENDING
Allen VBN|1056495334|MEAN_RATE_LINEAR_SVM|0|TEMPORAL|3|3,Allen VBN,531237,1056495334,SVM,MEAN_RATE_LINEAR_SVM,0,TEMPORAL,3,bins,3,False,NEW_SUPP_S1_FIXED_SEED,PENDING
Allen VBN|1056495334|MEAN_RATE_LINEAR_SVM|0|TEMPORAL|3|4,Allen VBN,531237,1056495334,SVM,MEAN_RATE_LINEAR_SVM,0,TEMPORAL,3,bins,4,False,NEW_SUPP_S1_FIXED_SEED,PENDING
Allen VBN|1056495334|MEAN_RATE_LINEAR_SVM|0|TEMPORAL|5|0,Allen VBN,531237,1056495334,SVM,MEAN_RATE_LINEAR_SVM,0,TEMPORAL,5,bins,0,True,MAIN_FROZEN_T5,PENDING
Allen VBN|1056495334|MEAN_RATE_LINEAR_SVM|0|TEMPORAL|5|1,Allen VBN,531237,1056495334,SVM,MEAN_RATE_LINEAR_SVM,0,TEMPORAL,5,bins,1,True,MAIN_FROZEN_T5,PENDING
Allen VBN|1056495334|MEAN_RATE_LINEAR_SVM|0|TEMPORAL|5|2,Allen VBN,531237,1056495334,SVM,MEAN_RATE_LINEAR_SVM,0,TEMPORAL,5,bins,2,True,MAIN_FROZEN_T5,PENDING
Allen VBN|1056495334|MEAN_RATE_LINEAR_SVM|0|TEMPORAL|5|3,Allen VBN,531237,1056495334,SVM,MEAN_RATE_LINEAR_SVM,0,TEMPORAL,5,bins,3,True,MAIN_FROZEN_T5,PENDING
Allen VBN|1056495334|MEAN_RATE_LINEAR_SVM|0|TEMPORAL|5|4,Allen VBN,531237,1056495334,SVM,MEAN_RATE_LINEAR_SVM,0,TEMPORAL,5,bins,4,True,MAIN_FROZEN_T5,PENDING
Allen VBN|1056495334|MEAN_RATE_LINEAR_SVM|0|TEMPORAL|7|0,Allen VBN,531237,1056495334,SVM,MEAN_RATE_LINEAR_SVM,0,TEMPORAL,7,bins,0,False,NEW_SUPP_S1_FIXED_SEED,PENDING
Allen VBN|1056495334|MEAN_RATE_LINEAR_SVM|0|TEMPORAL|7|1,Allen VBN,531237,1056495334,SVM,MEAN_RATE_LINEAR_SVM,0,TEMPORAL,7,bins,1,False,NEW_SUPP_S1_FIXED_SEED,PENDING
Allen VBN|1056495334|MEAN_RATE_LINEAR_SVM|0|TEMPORAL|7|2,Allen VBN,531237,1056495334,SVM,MEAN_RATE_LINEAR_SVM,0,TEMPORAL,7,bins,2,False,NEW_SUPP_S1_FIXED_SEED,PENDING
Allen VBN|1056495334|MEAN_RATE_LINEAR_SVM|0|TEMPORAL|7|3,Allen VBN,531237,1056495334,SVM,MEAN_RATE_LINEAR_SVM,0,TEMPORAL,7,bins,3,False,NEW_SUPP_S1_FIXED_SEED,PENDING
Allen VBN|1056495334|MEAN_RATE_LINEAR_SVM|0|TEMPORAL|7|4,Allen VBN,531237,1056495334,SVM,MEAN_RATE_LINEAR_SVM,0,TEMPORAL,7,bins,4,False,NEW_SUPP_S1_FIXED_SEED,PENDING
Allen VBN|1056495334|MEAN_RATE_LINEAR_SVM|0|TEMPORAL|10|0,Allen VBN,531237,1056495334,SVM,MEAN_RATE_LINEAR_SVM,0,TEMPORAL,10,bins,0,False,NEW_SUPP_S1_FIXED_SEED,PENDING
Allen VBN|1056495334|MEAN_RATE_LINEAR_SVM|0|TEMPORAL|10|1,Allen VBN,531237,1056495334,SVM,MEAN_RATE_LINEAR_SVM,0,TEMPORAL,10,bins,1,False,NEW_SUPP_S1_FIXED_SEED,PENDING
Allen VBN|1056495334|MEAN_RATE_LINEAR_SVM|0|TEMPORAL|10|2,Allen VBN,531237,1056495334,SVM,MEAN_RATE_LINEAR_SVM,0,TEMPORAL,10,bins,2,False,NEW_SUPP_S1_FIXED_SEED,PENDING
Allen VBN|1056495334|MEAN_RATE_LINEAR_SVM|0|TEMPORAL|10|3,Allen VBN,531237,1056495334,SVM,MEAN_RATE_LINEAR_SVM,0,TEMPORAL,10,bins,3,False,NEW_SUPP_S1_FIXED_SEED,PENDING
Allen VBN|1056495334|MEAN_RATE_LINEAR_SVM|0|TEMPORAL|10|4,Allen VBN,531237,1056495334,SVM,MEAN_RATE_LINEAR_SVM,0,TEMPORAL,10,bins,4,False,NEW_SUPP_S1_FIXED_SEED,PENDING
Allen VBN|1056495334|MEAN_RATE_LINEAR_SVM|1|CLEAN|0,Allen VBN,531237,1056495334,SVM,MEAN_RATE_LINEAR_SVM,1,CLEAN_REFERENCE,0,none,0,False,R4_CLEAN_REFERENCE,PENDING
Allen VBN|1056495334|MEAN_RATE_LINEAR_SVM|1|UNIT|0.1|0,Allen VBN,531237,1056495334,SVM,MEAN_RATE_LINEAR_SVM,1,UNIT,0.1,proportion,0,False,NEW_SUPP_S1_FIXED_SEED,PENDING
Allen VBN|1056495334|MEAN_RATE_LINEAR_SVM|1|UNIT|0.1|1,Allen VBN,531237,1056495334,SVM,MEAN_RATE_LINEAR_SVM,1,UNIT,0.1,proportion,1,False,NEW_SUPP_S1_FIXED_SEED,PENDING
Allen VBN|1056495334|MEAN_RATE_LINEAR_SVM|1|UNIT|0.1|2,Allen VBN,531237,1056495334,SVM,MEAN_RATE_LINEAR_SVM,1,UNIT,0.1,proportion,2,False,NEW_SUPP_S1_FIXED_SEED,PENDING
Allen VBN|1056495334|MEAN_RATE_LINEAR_SVM|1|UNIT|0.1|3,Allen VBN,531237,1056495334,SVM,MEAN_RATE_LINEAR_SVM,1,UNIT,0.1,proportion,3,False,NEW_SUPP_S1_FIXED_SEED,PENDING
Allen VBN|1056495334|MEAN_RATE_LINEAR_SVM|1|UNIT|0.1|4,Allen VBN,531237,1056495334,SVM,MEAN_RATE_LINEAR_SVM,1,UNIT,0.1,proportion,4,False,NEW_SUPP_S1_FIXED_SEED,PENDING
Allen VBN|1056495334|MEAN_RATE_LINEAR_SVM|1|UNIT|0.2|0,Allen VBN,531237,1056495334,SVM,MEAN_RATE_LINEAR_SVM,1,UNIT,0.2,proportion,0,False,NEW_SUPP_S1_FIXED_SEED,PENDING
Allen VBN|1056495334|MEAN_RATE_LINEAR_SVM|1|UNIT|0.2|1,Allen VBN,531237,1056495334,SVM,MEAN_RATE_LINEAR_SVM,1,UNIT,0.2,proportion,1,False,NEW_SUPP_S1_FIXED_SEED,PENDING
Allen VBN|1056495334|MEAN_RATE_LINEAR_SVM|1|UNIT|0.2|2,Allen VBN,531237,1056495334,SVM,MEAN_RATE_LINEAR_SVM,1,UNIT,0.2,proportion,2,False,NEW_SUPP_S1_FIXED_SEED,PENDING
Allen VBN|1056495334|MEAN_RATE_LINEAR_SVM|1|UNIT|0.2|3,Allen VBN,531237,1056495334,SVM,MEAN_RATE_LINEAR_SVM,1,UNIT,0.2,proportion,3,False,NEW_SUPP_S1_FIXED_SEED,PENDING
Allen VBN|1056495334|MEAN_RATE_LINEAR_SVM|1|UNIT|0.2|4,Allen VBN,531237,1056495334,SVM,MEAN_RATE_LINEAR_SVM,1,UNIT,0.2,proportion,4,False,NEW_SUPP_S1_FIXED_SEED,PENDING
Allen VBN|1056495334|MEAN_RATE_LINEAR_SVM|1|UNIT|0.3|0,Allen VBN,531237,1056495334,SVM,MEAN_RATE_LINEAR_SVM,1,UNIT,0.3,proportion,0,True,MAIN_FROZEN_U30,PENDING
Allen VBN|1056495334|MEAN_RATE_LINEAR_SVM|1|UNIT|0.3|1,Allen VBN,531237,1056495334,SVM,MEAN_RATE_LINEAR_SVM,1,UNIT,0.3,proportion,1,True,MAIN_FROZEN_U30,PENDING
Allen VBN|1056495334|MEAN_RATE_LINEAR_SVM|1|UNIT|0.3|2,Allen VBN,531237,1056495334,SVM,MEAN_RATE_LINEAR_SVM,1,UNIT,0.3,proportion,2,True,MAIN_FROZEN_U30,PENDING
Allen VBN|1056495334|MEAN_RATE_LINEAR_SVM|1|UNIT|0.3|3,Allen VBN,531237,1056495334,SVM,MEAN_RATE_LINEAR_SVM,1,UNIT,0.3,proportion,3,True,MAIN_FROZEN_U30,PENDING
Allen VBN|1056495334|MEAN_RATE_LINEAR_SVM|1|UNIT|0.3|4,Allen VBN,531237,1056495334,SVM,MEAN_RATE_LINEAR_SVM,1,UNIT,0.3,proportion,4,True,MAIN_FROZEN_U30,PENDING
Allen VBN|1056495334|MEAN_RATE_LINEAR_SVM|1|UNIT|0.4|0,Allen VBN,531237,1056495334,SVM,MEAN_RATE_LINEAR_SVM,1,UNIT,0.4,proportion,0,False,NEW_SUPP_S1_FIXED_SEED,PENDING
Allen VBN|1056495334|MEAN_RATE_LINEAR_SVM|1|UNIT|0.4|1,Allen VBN,531237,1056495334,SVM,MEAN_RATE_LINEAR_SVM,1,UNIT,0.4,proportion,1,False,NEW_SUPP_S1_FIXED_SEED,PENDING
Allen VBN|1056495334|MEAN_RATE_LINEAR_SVM|1|UNIT|0.4|2,Allen VBN,531237,1056495334,SVM,MEAN_RATE_LINEAR_SVM,1,UNIT,0.4,proportion,2,False,NEW_SUPP_S1_FIXED_SEED,PENDING
Allen VBN|1056495334|MEAN_RATE_LINEAR_SVM|1|UNIT|0.4|3,Allen VBN,531237,1056495334,SVM,MEAN_RATE_LINEAR_SVM,1,UNIT,0.4,proportion,3,False,NEW_SUPP_S1_FIXED_SEED,PENDING
Allen VBN|1056495334|MEAN_RATE_LINEAR_SVM|1|UNIT|0.4|4,Allen VBN,531237,1056495334,SVM,MEAN_RATE_LINEAR_SVM,1,UNIT,0.4,proportion,4,False,NEW_SUPP_S1_FIXED_SEED,PENDING
Allen VBN|1056495334|MEAN_RATE_LINEAR_SVM|1|UNIT|0.5|0,Allen VBN,531237,1056495334,SVM,MEAN_RATE_LINEAR_SVM,1,UNIT,0.5,proportion,0,False,NEW_SUPP_S1_FIXED_SEED,PENDING
Allen VBN|1056495334|MEAN_RATE_LINEAR_SVM|1|UNIT|0.5|1,Allen VBN,531237,1056495334,SVM,MEAN_RATE_LINEAR_SVM,1,UNIT,0.5,proportion,1,False,NEW_SUPP_S1_FIXED_SEED,PENDING
Allen VBN|1056495334|MEAN_RATE_LINEAR_SVM|1|UNIT|0.5|2,Allen VBN,531237,1056495334,SVM,MEAN_RATE_LINEAR_SVM,1,UNIT,0.5,proportion,2,False,NEW_SUPP_S1_FIXED_SEED,PENDING
Allen VBN|1056495334|MEAN_RATE_LINEAR_SVM|1|UNIT|0.5|3,Allen VBN,531237,1056495334,SVM,MEAN_RATE_LINEAR_SVM,1,UNIT,0.5,proportion,3,False,NEW_SUPP_S1_FIXED_SEED,PENDING
Allen VBN|1056495334|MEAN_RATE_LINEAR_SVM|1|UNIT|0.5|4,Allen VBN,531237,1056495334,SVM,MEAN_RATE_LINEAR_SVM,1,UNIT,0.5,proportion,4,False,NEW_SUPP_S1_FIXED_SEED,PENDING
Allen VBN|1056495334|MEAN_RATE_LINEAR_SVM|1|TEMPORAL|2|0,Allen VBN,531237,1056495334,SVM,MEAN_RATE_LINEAR_SVM,1,TEMPORAL,2,bins,0,False,NEW_SUPP_S1_FIXED_SEED,PENDING
Allen VBN|1056495334|MEAN_RATE_LINEAR_SVM|1|TEMPORAL|2|1,Allen VBN,531237,1056495334,SVM,MEAN_RATE_LINEAR_SVM,1,TEMPORAL,2,bins,1,False,NEW_SUPP_S1_FIXED_SEED,PENDING
Allen VBN|1056495334|MEAN_RATE_LINEAR_SVM|1|TEMPORAL|2|2,Allen VBN,531237,1056495334,SVM,MEAN_RATE_LINEAR_SVM,1,TEMPORAL,2,bins,2,False,NEW_SUPP_S1_FIXED_SEED,PENDING
Allen VBN|1056495334|MEAN_RATE_LINEAR_SVM|1|TEMPORAL|2|3,Allen VBN,531237,1056495334,SVM,MEAN_RATE_LINEAR_SVM,1,TEMPORAL,2,bins,3,False,NEW_SUPP_S1_FIXED_SEED,PENDING
Allen VBN|1056495334|MEAN_RATE_LINEAR_SVM|1|TEMPORAL|2|4,Allen VBN,531237,1056495334,SVM,MEAN_RATE_LINEAR_SVM,1,TEMPORAL,2,bins,4,False,NEW_SUPP_S1_FIXED_SEED,PENDING
Allen VBN|1056495334|MEAN_RATE_LINEAR_SVM|1|TEMPORAL|3|0,Allen VBN,531237,1056495334,SVM,MEAN_RATE_LINEAR_SVM,1,TEMPORAL,3,bins,0,False,NEW_SUPP_S1_FIXED_SEED,PENDING
Allen VBN|1056495334|MEAN_RATE_LINEAR_SVM|1|TEMPORAL|3|1,Allen VBN,531237,1056495334,SVM,MEAN_RATE_LINEAR_SVM,1,TEMPORAL,3,bins,1,False,NEW_SUPP_S1_FIXED_SEED,PENDING
Allen VBN|1056495334|MEAN_RATE_LINEAR_SVM|1|TEMPORAL|3|2,Allen VBN,531237,1056495334,SVM,MEAN_RATE_LINEAR_SVM,1,TEMPORAL,3,bins,2,False,NEW_SUPP_S1_FIXED_SEED,PENDING
Allen VBN|1056495334|MEAN_RATE_LINEAR_SVM|1|TEMPORAL|3|3,Allen VBN,531237,1056495334,SVM,MEAN_RATE_LINEAR_SVM,1,TEMPORAL,3,bins,3,False,NEW_SUPP_S1_FIXED_SEED,PENDING
Allen VBN|1056495334|MEAN_RATE_LINEAR_SVM|1|TEMPORAL|3|4,Allen VBN,531237,1056495334,SVM,MEAN_RATE_LINEAR_SVM,1,TEMPORAL,3,bins,4,False,NEW_SUPP_S1_FIXED_SEED,PENDING
Allen VBN|1056495334|MEAN_RATE_LINEAR_SVM|1|TEMPORAL|5|0,Allen VBN,531237,1056495334,SVM,MEAN_RATE_LINEAR_SVM,1,TEMPORAL,5,bins,0,True,MAIN_FROZEN_T5,PENDING
Allen VBN|1056495334|MEAN_RATE_LINEAR_SVM|1|TEMPORAL|5|1,Allen VBN,531237,1056495334,SVM,MEAN_RATE_LINEAR_SVM,1,TEMPORAL,5,bins,1,True,MAIN_FROZEN_T5,PENDING
Allen VBN|1056495334|MEAN_RATE_LINEAR_SVM|1|TEMPORAL|5|2,Allen VBN,531237,1056495334,SVM,MEAN_RATE_LINEAR_SVM,1,TEMPORAL,5,bins,2,True,MAIN_FROZEN_T5,PENDING
Allen VBN|1056495334|MEAN_RATE_LINEAR_SVM|1|TEMPORAL|5|3,Allen VBN,531237,1056495334,SVM,MEAN_RATE_LINEAR_SVM,1,TEMPORAL,5,bins,3,True,MAIN_FROZEN_T5,PENDING
Allen VBN|1056495334|MEAN_RATE_LINEAR_SVM|1|TEMPORAL|5|4,Allen VBN,531237,1056495334,SVM,MEAN_RATE_LINEAR_SVM,1,TEMPORAL,5,bins,4,True,MAIN_FROZEN_T5,PENDING
Allen VBN|1056495334|MEAN_RATE_LINEAR_SVM|1|TEMPORAL|7|0,Allen VBN,531237,1056495334,SVM,MEAN_RATE_LINEAR_SVM,1,TEMPORAL,7,bins,0,False,NEW_SUPP_S1_FIXED_SEED,PENDING
Allen VBN|1056495334|MEAN_RATE_LINEAR_SVM|1|TEMPORAL|7|1,Allen VBN,531237,1056495334,SVM,MEAN_RATE_LINEAR_SVM,1,TEMPORAL,7,bins,1,False,NEW_SUPP_S1_FIXED_SEED,PENDING
Allen VBN|1056495334|MEAN_RATE_LINEAR_SVM|1|TEMPORAL|7|2,Allen VBN,531237,1056495334,SVM,MEAN_RATE_LINEAR_SVM,1,TEMPORAL,7,bins,2,False,NEW_SUPP_S1_FIXED_SEED,PENDING
Allen VBN|1056495334|MEAN_RATE_LINEAR_SVM|1|TEMPORAL|7|3,Allen VBN,531237,1056495334,SVM,MEAN_RATE_LINEAR_SVM,1,TEMPORAL,7,bins,3,False,NEW_SUPP_S1_FIXED_SEED,PENDING
Allen VBN|1056495334|MEAN_RATE_LINEAR_SVM|1|TEMPORAL|7|4,Allen VBN,531237,1056495334,SVM,MEAN_RATE_LINEAR_SVM,1,TEMPORAL,7,bins,4,False,NEW_SUPP_S1_FIXED_SEED,PENDING
Allen VBN|1056495334|MEAN_RATE_LINEAR_SVM|1|TEMPORAL|10|0,Allen VBN,531237,1056495334,SVM,MEAN_RATE_LINEAR_SVM,1,TEMPORAL,10,bins,0,False,NEW_SUPP_S1_FIXED_SEED,PENDING
Allen VBN|1056495334|MEAN_RATE_LINEAR_SVM|1|TEMPORAL|10|1,Allen VBN,531237,1056495334,SVM,MEAN_RATE_LINEAR_SVM,1,TEMPORAL,10,bins,1,False,NEW_SUPP_S1_FIXED_SEED,PENDING
Allen VBN|1056495334|MEAN_RATE_LINEAR_SVM|1|TEMPORAL|10|2,Allen VBN,531237,1056495334,SVM,MEAN_RATE_LINEAR_SVM,1,TEMPORAL,10,bins,2,False,NEW_SUPP_S1_FIXED_SEED,PENDING
Allen VBN|1056495334|MEAN_RATE_LINEAR_SVM|1|TEMPORAL|10|3,Allen VBN,531237,1056495334,SVM,MEAN_RATE_LINEAR_SVM,1,TEMPORAL,10,bins,3,False,NEW_SUPP_S1_FIXED_SEED,PENDING
Allen VBN|1056495334|MEAN_RATE_LINEAR_SVM|1|TEMPORAL|10|4,Allen VBN,531237,1056495334,SVM,MEAN_RATE_LINEAR_SVM,1,TEMPORAL,10,bins,4,False,NEW_SUPP_S1_FIXED_SEED,PENDING
CRCNS pvc-11|data_monkey1_gratings|MM_RVD_A9_SELECTED_R6|0|CLEAN|0,CRCNS pvc-11,monkey1,data_monkey1_gratings,MM-RVD,MM_RVD_A9_SELECTED_R6,0,CLEAN_REFERENCE,0,none,0,False,R4_CLEAN_REFERENCE,PENDING
CRCNS pvc-11|data_monkey1_gratings|MM_RVD_A9_SELECTED_R6|0|UNIT|0.1|0,CRCNS pvc-11,monkey1,data_monkey1_gratings,MM-RVD,MM_RVD_A9_SELECTED_R6,0,UNIT,0.1,proportion,0,False,NEW_SUPP_S1_FIXED_SEED,PENDING
CRCNS pvc-11|data_monkey1_gratings|MM_RVD_A9_SELECTED_R6|0|UNIT|0.1|1,CRCNS pvc-11,monkey1,data_monkey1_gratings,MM-RVD,MM_RVD_A9_SELECTED_R6,0,UNIT,0.1,proportion,1,False,NEW_SUPP_S1_FIXED_SEED,PENDING
CRCNS pvc-11|data_monkey1_gratings|MM_RVD_A9_SELECTED_R6|0|UNIT|0.1|2,CRCNS pvc-11,monkey1,data_monkey1_gratings,MM-RVD,MM_RVD_A9_SELECTED_R6,0,UNIT,0.1,proportion,2,False,NEW_SUPP_S1_FIXED_SEED,PENDING
CRCNS pvc-11|data_monkey1_gratings|MM_RVD_A9_SELECTED_R6|0|UNIT|0.1|3,CRCNS pvc-11,monkey1,data_monkey1_gratings,MM-RVD,MM_RVD_A9_SELECTED_R6,0,UNIT,0.1,proportion,3,False,NEW_SUPP_S1_FIXED_SEED,PENDING
CRCNS pvc-11|data_monkey1_gratings|MM_RVD_A9_SELECTED_R6|0|UNIT|0.1|4,CRCNS pvc-11,monkey1,data_monkey1_gratings,MM-RVD,MM_RVD_A9_SELECTED_R6,0,UNIT,0.1,proportion,4,False,NEW_SUPP_S1_FIXED_SEED,PENDING
CRCNS pvc-11|data_monkey1_gratings|MM_RVD_A9_SELECTED_R6|0|UNIT|0.2|0,CRCNS pvc-11,monkey1,data_monkey1_gratings,MM-RVD,MM_RVD_A9_SELECTED_R6,0,UNIT,0.2,proportion,0,False,NEW_SUPP_S1_FIXED_SEED,PENDING
CRCNS pvc-11|data_monkey1_gratings|MM_RVD_A9_SELECTED_R6|0|UNIT|0.2|1,CRCNS pvc-11,monkey1,data_monkey1_gratings,MM-RVD,MM_RVD_A9_SELECTED_R6,0,UNIT,0.2,proportion,1,False,NEW_SUPP_S1_FIXED_SEED,PENDING
CRCNS pvc-11|data_monkey1_gratings|MM_RVD_A9_SELECTED_R6|0|UNIT|0.2|2,CRCNS pvc-11,monkey1,data_monkey1_gratings,MM-RVD,MM_RVD_A9_SELECTED_R6,0,UNIT,0.2,proportion,2,False,NEW_SUPP_S1_FIXED_SEED,PENDING
CRCNS pvc-11|data_monkey1_gratings|MM_RVD_A9_SELECTED_R6|0|UNIT|0.2|3,CRCNS pvc-11,monkey1,data_monkey1_gratings,MM-RVD,MM_RVD_A9_SELECTED_R6,0,UNIT,0.2,proportion,3,False,NEW_SUPP_S1_FIXED_SEED,PENDING
CRCNS pvc-11|data_monkey1_gratings|MM_RVD_A9_SELECTED_R6|0|UNIT|0.2|4,CRCNS pvc-11,monkey1,data_monkey1_gratings,MM-RVD,MM_RVD_A9_SELECTED_R6,0,UNIT,0.2,proportion,4,False,NEW_SUPP_S1_FIXED_SEED,PENDING
CRCNS pvc-11|data_monkey1_gratings|MM_RVD_A9_SELECTED_R6|0|UNIT|0.3|0,CRCNS pvc-11,monkey1,data_monkey1_gratings,MM-RVD,MM_RVD_A9_SELECTED_R6,0,UNIT,0.3,proportion,0,True,MAIN_FROZEN_U30,PENDING
CRCNS pvc-11|data_monkey1_gratings|MM_RVD_A9_SELECTED_R6|0|UNIT|0.3|1,CRCNS pvc-11,monkey1,data_monkey1_gratings,MM-RVD,MM_RVD_A9_SELECTED_R6,0,UNIT,0.3,proportion,1,True,MAIN_FROZEN_U30,PENDING
CRCNS pvc-11|data_monkey1_gratings|MM_RVD_A9_SELECTED_R6|0|UNIT|0.3|2,CRCNS pvc-11,monkey1,data_monkey1_gratings,MM-RVD,MM_RVD_A9_SELECTED_R6,0,UNIT,0.3,proportion,2,True,MAIN_FROZEN_U30,PENDING
CRCNS pvc-11|data_monkey1_gratings|MM_RVD_A9_SELECTED_R6|0|UNIT|0.3|3,CRCNS pvc-11,monkey1,data_monkey1_gratings,MM-RVD,MM_RVD_A9_SELECTED_R6,0,UNIT,0.3,proportion,3,True,MAIN_FROZEN_U30,PENDING
CRCNS pvc-11|data_monkey1_gratings|MM_RVD_A9_SELECTED_R6|0|UNIT|0.3|4,CRCNS pvc-11,monkey1,data_monkey1_gratings,MM-RVD,MM_RVD_A9_SELECTED_R6,0,UNIT,0.3,proportion,4,True,MAIN_FROZEN_U30,PENDING
CRCNS pvc-11|data_monkey1_gratings|MM_RVD_A9_SELECTED_R6|0|UNIT|0.4|0,CRCNS pvc-11,monkey1,data_monkey1_gratings,MM-RVD,MM_RVD_A9_SELECTED_R6,0,UNIT,0.4,proportion,0,False,NEW_SUPP_S1_FIXED_SEED,PENDING
CRCNS pvc-11|data_monkey1_gratings|MM_RVD_A9_SELECTED_R6|0|UNIT|0.4|1,CRCNS pvc-11,monkey1,data_monkey1_gratings,MM-RVD,MM_RVD_A9_SELECTED_R6,0,UNIT,0.4,proportion,1,False,NEW_SUPP_S1_FIXED_SEED,PENDING
CRCNS pvc-11|data_monkey1_gratings|MM_RVD_A9_SELECTED_R6|0|UNIT|0.4|2,CRCNS pvc-11,monkey1,data_monkey1_gratings,MM-RVD,MM_RVD_A9_SELECTED_R6,0,UNIT,0.4,proportion,2,False,NEW_SUPP_S1_FIXED_SEED,PENDING
CRCNS pvc-11|data_monkey1_gratings|MM_RVD_A9_SELECTED_R6|0|UNIT|0.4|3,CRCNS pvc-11,monkey1,data_monkey1_gratings,MM-RVD,MM_RVD_A9_SELECTED_R6,0,UNIT,0.4,proportion,3,False,NEW_SUPP_S1_FIXED_SEED,PENDING
CRCNS pvc-11|data_monkey1_gratings|MM_RVD_A9_SELECTED_R6|0|UNIT|0.4|4,CRCNS pvc-11,monkey1,data_monkey1_gratings,MM-RVD,MM_RVD_A9_SELECTED_R6,0,UNIT,0.4,proportion,4,False,NEW_SUPP_S1_FIXED_SEED,PENDING
CRCNS pvc-11|data_monkey1_gratings|MM_RVD_A9_SELECTED_R6|0|UNIT|0.5|0,CRCNS pvc-11,monkey1,data_monkey1_gratings,MM-RVD,MM_RVD_A9_SELECTED_R6,0,UNIT,0.5,proportion,0,False,NEW_SUPP_S1_FIXED_SEED,PENDING
CRCNS pvc-11|data_monkey1_gratings|MM_RVD_A9_SELECTED_R6|0|UNIT|0.5|1,CRCNS pvc-11,monkey1,data_monkey1_gratings,MM-RVD,MM_RVD_A9_SELECTED_R6,0,UNIT,0.5,proportion,1,False,NEW_SUPP_S1_FIXED_SEED,PENDING
CRCNS pvc-11|data_monkey1_gratings|MM_RVD_A9_SELECTED_R6|0|UNIT|0.5|2,CRCNS pvc-11,monkey1,data_monkey1_gratings,MM-RVD,MM_RVD_A9_SELECTED_R6,0,UNIT,0.5,proportion,2,False,NEW_SUPP_S1_FIXED_SEED,PENDING
CRCNS pvc-11|data_monkey1_gratings|MM_RVD_A9_SELECTED_R6|0|UNIT|0.5|3,CRCNS pvc-11,monkey1,data_monkey1_gratings,MM-RVD,MM_RVD_A9_SELECTED_R6,0,UNIT,0.5,proportion,3,False,NEW_SUPP_S1_FIXED_SEED,PENDING
CRCNS pvc-11|data_monkey1_gratings|MM_RVD_A9_SELECTED_R6|0|UNIT|0.5|4,CRCNS pvc-11,monkey1,data_monkey1_gratings,MM-RVD,MM_RVD_A9_SELECTED_R6,0,UNIT,0.5,proportion,4,False,NEW_SUPP_S1_FIXED_SEED,PENDING
CRCNS pvc-11|data_monkey1_gratings|MM_RVD_A9_SELECTED_R6|0|TEMPORAL|2|0,CRCNS pvc-11,monkey1,data_monkey1_gratings,MM-RVD,MM_RVD_A9_SELECTED_R6,0,TEMPORAL,2,bins,0,False,NEW_SUPP_S1_FIXED_SEED,PENDING
CRCNS pvc-11|data_monkey1_gratings|MM_RVD_A9_SELECTED_R6|0|TEMPORAL|2|1,CRCNS pvc-11,monkey1,data_monkey1_gratings,MM-RVD,MM_RVD_A9_SELECTED_R6,0,TEMPORAL,2,bins,1,False,NEW_SUPP_S1_FIXED_SEED,PENDING
CRCNS pvc-11|data_monkey1_gratings|MM_RVD_A9_SELECTED_R6|0|TEMPORAL|2|2,CRCNS pvc-11,monkey1,data_monkey1_gratings,MM-RVD,MM_RVD_A9_SELECTED_R6,0,TEMPORAL,2,bins,2,False,NEW_SUPP_S1_FIXED_SEED,PENDING
CRCNS pvc-11|data_monkey1_gratings|MM_RVD_A9_SELECTED_R6|0|TEMPORAL|2|3,CRCNS pvc-11,monkey1,data_monkey1_gratings,MM-RVD,MM_RVD_A9_SELECTED_R6,0,TEMPORAL,2,bins,3,False,NEW_SUPP_S1_FIXED_SEED,PENDING
CRCNS pvc-11|data_monkey1_gratings|MM_RVD_A9_SELECTED_R6|0|TEMPORAL|2|4,CRCNS pvc-11,monkey1,data_monkey1_gratings,MM-RVD,MM_RVD_A9_SELECTED_R6,0,TEMPORAL,2,bins,4,False,NEW_SUPP_S1_FIXED_SEED,PENDING
CRCNS pvc-11|data_monkey1_gratings|MM_RVD_A9_SELECTED_R6|0|TEMPORAL|3|0,CRCNS pvc-11,monkey1,data_monkey1_gratings,MM-RVD,MM_RVD_A9_SELECTED_R6,0,TEMPORAL,3,bins,0,False,NEW_SUPP_S1_FIXED_SEED,PENDING
CRCNS pvc-11|data_monkey1_gratings|MM_RVD_A9_SELECTED_R6|0|TEMPORAL|3|1,CRCNS pvc-11,monkey1,data_monkey1_gratings,MM-RVD,MM_RVD_A9_SELECTED_R6,0,TEMPORAL,3,bins,1,False,NEW_SUPP_S1_FIXED_SEED,PENDING
CRCNS pvc-11|data_monkey1_gratings|MM_RVD_A9_SELECTED_R6|0|TEMPORAL|3|2,CRCNS pvc-11,monkey1,data_monkey1_gratings,MM-RVD,MM_RVD_A9_SELECTED_R6,0,TEMPORAL,3,bins,2,False,NEW_SUPP_S1_FIXED_SEED,PENDING
CRCNS pvc-11|data_monkey1_gratings|MM_RVD_A9_SELECTED_R6|0|TEMPORAL|3|3,CRCNS pvc-11,monkey1,data_monkey1_gratings,MM-RVD,MM_RVD_A9_SELECTED_R6,0,TEMPORAL,3,bins,3,False,NEW_SUPP_S1_FIXED_SEED,PENDING
CRCNS pvc-11|data_monkey1_gratings|MM_RVD_A9_SELECTED_R6|0|TEMPORAL|3|4,CRCNS pvc-11,monkey1,data_monkey1_gratings,MM-RVD,MM_RVD_A9_SELECTED_R6,0,TEMPORAL,3,bins,4,False,NEW_SUPP_S1_FIXED_SEED,PENDING
CRCNS pvc-11|data_monkey1_gratings|MM_RVD_A9_SELECTED_R6|0|TEMPORAL|5|0,CRCNS pvc-11,monkey1,data_monkey1_gratings,MM-RVD,MM_RVD_A9_SELECTED_R6,0,TEMPORAL,5,bins,0,True,MAIN_FROZEN_T5,PENDING
CRCNS pvc-11|data_monkey1_gratings|MM_RVD_A9_SELECTED_R6|0|TEMPORAL|5|1,CRCNS pvc-11,monkey1,data_monkey1_gratings,MM-RVD,MM_RVD_A9_SELECTED_R6,0,TEMPORAL,5,bins,1,True,MAIN_FROZEN_T5,PENDING
CRCNS pvc-11|data_monkey1_gratings|MM_RVD_A9_SELECTED_R6|0|TEMPORAL|5|2,CRCNS pvc-11,monkey1,data_monkey1_gratings,MM-RVD,MM_RVD_A9_SELECTED_R6,0,TEMPORAL,5,bins,2,True,MAIN_FROZEN_T5,PENDING
CRCNS pvc-11|data_monkey1_gratings|MM_RVD_A9_SELECTED_R6|0|TEMPORAL|5|3,CRCNS pvc-11,monkey1,data_monkey1_gratings,MM-RVD,MM_RVD_A9_SELECTED_R6,0,TEMPORAL,5,bins,3,True,MAIN_FROZEN_T5,PENDING
CRCNS pvc-11|data_monkey1_gratings|MM_RVD_A9_SELECTED_R6|0|TEMPORAL|5|4,CRCNS pvc-11,monkey1,data_monkey1_gratings,MM-RVD,MM_RVD_A9_SELECTED_R6,0,TEMPORAL,5,bins,4,True,MAIN_FROZEN_T5,PENDING
CRCNS pvc-11|data_monkey1_gratings|MM_RVD_A9_SELECTED_R6|0|TEMPORAL|7|0,CRCNS pvc-11,monkey1,data_monkey1_gratings,MM-RVD,MM_RVD_A9_SELECTED_R6,0,TEMPORAL,7,bins,0,False,NEW_SUPP_S1_FIXED_SEED,PENDING
CRCNS pvc-11|data_monkey1_gratings|MM_RVD_A9_SELECTED_R6|0|TEMPORAL|7|1,CRCNS pvc-11,monkey1,data_monkey1_gratings,MM-RVD,MM_RVD_A9_SELECTED_R6,0,TEMPORAL,7,bins,1,False,NEW_SUPP_S1_FIXED_SEED,PENDING
CRCNS pvc-11|data_monkey1_gratings|MM_RVD_A9_SELECTED_R6|0|TEMPORAL|7|2,CRCNS pvc-11,monkey1,data_monkey1_gratings,MM-RVD,MM_RVD_A9_SELECTED_R6,0,TEMPORAL,7,bins,2,False,NEW_SUPP_S1_FIXED_SEED,PENDING
CRCNS pvc-11|data_monkey1_gratings|MM_RVD_A9_SELECTED_R6|0|TEMPORAL|7|3,CRCNS pvc-11,monkey1,data_monkey1_gratings,MM-RVD,MM_RVD_A9_SELECTED_R6,0,TEMPORAL,7,bins,3,False,NEW_SUPP_S1_FIXED_SEED,PENDING
CRCNS pvc-11|data_monkey1_gratings|MM_RVD_A9_SELECTED_R6|0|TEMPORAL|7|4,CRCNS pvc-11,monkey1,data_monkey1_gratings,MM-RVD,MM_RVD_A9_SELECTED_R6,0,TEMPORAL,7,bins,4,False,NEW_SUPP_S1_FIXED_SEED,PENDING
CRCNS pvc-11|data_monkey1_gratings|MM_RVD_A9_SELECTED_R6|0|TEMPORAL|10|0,CRCNS pvc-11,monkey1,data_monkey1_gratings,MM-RVD,MM_RVD_A9_SELECTED_R6,0,TEMPORAL,10,bins,0,False,NEW_SUPP_S1_FIXED_SEED,PENDING
CRCNS pvc-11|data_monkey1_gratings|MM_RVD_A9_SELECTED_R6|0|TEMPORAL|10|1,CRCNS pvc-11,monkey1,data_monkey1_gratings,MM-RVD,MM_RVD_A9_SELECTED_R6,0,TEMPORAL,10,bins,1,False,NEW_SUPP_S1_FIXED_SEED,PENDING
CRCNS pvc-11|data_monkey1_gratings|MM_RVD_A9_SELECTED_R6|0|TEMPORAL|10|2,CRCNS pvc-11,monkey1,data_monkey1_gratings,MM-RVD,MM_RVD_A9_SELECTED_R6,0,TEMPORAL,10,bins,2,False,NEW_SUPP_S1_FIXED_SEED,PENDING
CRCNS pvc-11|data_monkey1_gratings|MM_RVD_A9_SELECTED_R6|0|TEMPORAL|10|3,CRCNS pvc-11,monkey1,data_monkey1_gratings,MM-RVD,MM_RVD_A9_SELECTED_R6,0,TEMPORAL,10,bins,3,False,NEW_SUPP_S1_FIXED_SEED,PENDING
CRCNS pvc-11|data_monkey1_gratings|MM_RVD_A9_SELECTED_R6|0|TEMPORAL|10|4,CRCNS pvc-11,monkey1,data_monkey1_gratings,MM-RVD,MM_RVD_A9_SELECTED_R6,0,TEMPORAL,10,bins,4,False,NEW_SUPP_S1_FIXED_SEED,PENDING
CRCNS pvc-11|data_monkey1_gratings|MM_RVD_A9_SELECTED_R6|1|CLEAN|0,CRCNS pvc-11,monkey1,data_monkey1_gratings,MM-RVD,MM_RVD_A9_SELECTED_R6,1,CLEAN_REFERENCE,0,none,0,False,R4_CLEAN_REFERENCE,PENDING
CRCNS pvc-11|data_monkey1_gratings|MM_RVD_A9_SELECTED_R6|1|UNIT|0.1|0,CRCNS pvc-11,monkey1,data_monkey1_gratings,MM-RVD,MM_RVD_A9_SELECTED_R6,1,UNIT,0.1,proportion,0,False,NEW_SUPP_S1_FIXED_SEED,PENDING
CRCNS pvc-11|data_monkey1_gratings|MM_RVD_A9_SELECTED_R6|1|UNIT|0.1|1,CRCNS pvc-11,monkey1,data_monkey1_gratings,MM-RVD,MM_RVD_A9_SELECTED_R6,1,UNIT,0.1,proportion,1,False,NEW_SUPP_S1_FIXED_SEED,PENDING
CRCNS pvc-11|data_monkey1_gratings|MM_RVD_A9_SELECTED_R6|1|UNIT|0.1|2,CRCNS pvc-11,monkey1,data_monkey1_gratings,MM-RVD,MM_RVD_A9_SELECTED_R6,1,UNIT,0.1,proportion,2,False,NEW_SUPP_S1_FIXED_SEED,PENDING
CRCNS pvc-11|data_monkey1_gratings|MM_RVD_A9_SELECTED_R6|1|UNIT|0.1|3,CRCNS pvc-11,monkey1,data_monkey1_gratings,MM-RVD,MM_RVD_A9_SELECTED_R6,1,UNIT,0.1,proportion,3,False,NEW_SUPP_S1_FIXED_SEED,PENDING
CRCNS pvc-11|data_monkey1_gratings|MM_RVD_A9_SELECTED_R6|1|UNIT|0.1|4,CRCNS pvc-11,monkey1,data_monkey1_gratings,MM-RVD,MM_RVD_A9_SELECTED_R6,1,UNIT,0.1,proportion,4,False,NEW_SUPP_S1_FIXED_SEED,PENDING
CRCNS pvc-11|data_monkey1_gratings|MM_RVD_A9_SELECTED_R6|1|UNIT|0.2|0,CRCNS pvc-11,monkey1,data_monkey1_gratings,MM-RVD,MM_RVD_A9_SELECTED_R6,1,UNIT,0.2,proportion,0,False,NEW_SUPP_S1_FIXED_SEED,PENDING
CRCNS pvc-11|data_monkey1_gratings|MM_RVD_A9_SELECTED_R6|1|UNIT|0.2|1,CRCNS pvc-11,monkey1,data_monkey1_gratings,MM-RVD,MM_RVD_A9_SELECTED_R6,1,UNIT,0.2,proportion,1,False,NEW_SUPP_S1_FIXED_SEED,PENDING
CRCNS pvc-11|data_monkey1_gratings|MM_RVD_A9_SELECTED_R6|1|UNIT|0.2|2,CRCNS pvc-11,monkey1,data_monkey1_gratings,MM-RVD,MM_RVD_A9_SELECTED_R6,1,UNIT,0.2,proportion,2,False,NEW_SUPP_S1_FIXED_SEED,PENDING
CRCNS pvc-11|data_monkey1_gratings|MM_RVD_A9_SELECTED_R6|1|UNIT|0.2|3,CRCNS pvc-11,monkey1,data_monkey1_gratings,MM-RVD,MM_RVD_A9_SELECTED_R6,1,UNIT,0.2,proportion,3,False,NEW_SUPP_S1_FIXED_SEED,PENDING
CRCNS pvc-11|data_monkey1_gratings|MM_RVD_A9_SELECTED_R6|1|UNIT|0.2|4,CRCNS pvc-11,monkey1,data_monkey1_gratings,MM-RVD,MM_RVD_A9_SELECTED_R6,1,UNIT,0.2,proportion,4,False,NEW_SUPP_S1_FIXED_SEED,PENDING
CRCNS pvc-11|data_monkey1_gratings|MM_RVD_A9_SELECTED_R6|1|UNIT|0.3|0,CRCNS pvc-11,monkey1,data_monkey1_gratings,MM-RVD,MM_RVD_A9_SELECTED_R6,1,UNIT,0.3,proportion,0,True,MAIN_FROZEN_U30,PENDING
CRCNS pvc-11|data_monkey1_gratings|MM_RVD_A9_SELECTED_R6|1|UNIT|0.3|1,CRCNS pvc-11,monkey1,data_monkey1_gratings,MM-RVD,MM_RVD_A9_SELECTED_R6,1,UNIT,0.3,proportion,1,True,MAIN_FROZEN_U30,PENDING
CRCNS pvc-11|data_monkey1_gratings|MM_RVD_A9_SELECTED_R6|1|UNIT|0.3|2,CRCNS pvc-11,monkey1,data_monkey1_gratings,MM-RVD,MM_RVD_A9_SELECTED_R6,1,UNIT,0.3,proportion,2,True,MAIN_FROZEN_U30,PENDING
CRCNS pvc-11|data_monkey1_gratings|MM_RVD_A9_SELECTED_R6|1|UNIT|0.3|3,CRCNS pvc-11,monkey1,data_monkey1_gratings,MM-RVD,MM_RVD_A9_SELECTED_R6,1,UNIT,0.3,proportion,3,True,MAIN_FROZEN_U30,PENDING
CRCNS pvc-11|data_monkey1_gratings|MM_RVD_A9_SELECTED_R6|1|UNIT|0.3|4,CRCNS pvc-11,monkey1,data_monkey1_gratings,MM-RVD,MM_RVD_A9_SELECTED_R6,1,UNIT,0.3,proportion,4,True,MAIN_FROZEN_U30,PENDING
CRCNS pvc-11|data_monkey1_gratings|MM_RVD_A9_SELECTED_R6|1|UNIT|0.4|0,CRCNS pvc-11,monkey1,data_monkey1_gratings,MM-RVD,MM_RVD_A9_SELECTED_R6,1,UNIT,0.4,proportion,0,False,NEW_SUPP_S1_FIXED_SEED,PENDING
CRCNS pvc-11|data_monkey1_gratings|MM_RVD_A9_SELECTED_R6|1|UNIT|0.4|1,CRCNS pvc-11,monkey1,data_monkey1_gratings,MM-RVD,MM_RVD_A9_SELECTED_R6,1,UNIT,0.4,proportion,1,False,NEW_SUPP_S1_FIXED_SEED,PENDING
CRCNS pvc-11|data_monkey1_gratings|MM_RVD_A9_SELECTED_R6|1|UNIT|0.4|2,CRCNS pvc-11,monkey1,data_monkey1_gratings,MM-RVD,MM_RVD_A9_SELECTED_R6,1,UNIT,0.4,proportion,2,False,NEW_SUPP_S1_FIXED_SEED,PENDING
CRCNS pvc-11|data_monkey1_gratings|MM_RVD_A9_SELECTED_R6|1|UNIT|0.4|3,CRCNS pvc-11,monkey1,data_monkey1_gratings,MM-RVD,MM_RVD_A9_SELECTED_R6,1,UNIT,0.4,proportion,3,False,NEW_SUPP_S1_FIXED_SEED,PENDING
CRCNS pvc-11|data_monkey1_gratings|MM_RVD_A9_SELECTED_R6|1|UNIT|0.4|4,CRCNS pvc-11,monkey1,data_monkey1_gratings,MM-RVD,MM_RVD_A9_SELECTED_R6,1,UNIT,0.4,proportion,4,False,NEW_SUPP_S1_FIXED_SEED,PENDING
CRCNS pvc-11|data_monkey1_gratings|MM_RVD_A9_SELECTED_R6|1|UNIT|0.5|0,CRCNS pvc-11,monkey1,data_monkey1_gratings,MM-RVD,MM_RVD_A9_SELECTED_R6,1,UNIT,0.5,proportion,0,False,NEW_SUPP_S1_FIXED_SEED,PENDING
CRCNS pvc-11|data_monkey1_gratings|MM_RVD_A9_SELECTED_R6|1|UNIT|0.5|1,CRCNS pvc-11,monkey1,data_monkey1_gratings,MM-RVD,MM_RVD_A9_SELECTED_R6,1,UNIT,0.5,proportion,1,False,NEW_SUPP_S1_FIXED_SEED,PENDING
CRCNS pvc-11|data_monkey1_gratings|MM_RVD_A9_SELECTED_R6|1|UNIT|0.5|2,CRCNS pvc-11,monkey1,data_monkey1_gratings,MM-RVD,MM_RVD_A9_SELECTED_R6,1,UNIT,0.5,proportion,2,False,NEW_SUPP_S1_FIXED_SEED,PENDING
CRCNS pvc-11|data_monkey1_gratings|MM_RVD_A9_SELECTED_R6|1|UNIT|0.5|3,CRCNS pvc-11,monkey1,data_monkey1_gratings,MM-RVD,MM_RVD_A9_SELECTED_R6,1,UNIT,0.5,proportion,3,False,NEW_SUPP_S1_FIXED_SEED,PENDING
CRCNS pvc-11|data_monkey1_gratings|MM_RVD_A9_SELECTED_R6|1|UNIT|0.5|4,CRCNS pvc-11,monkey1,data_monkey1_gratings,MM-RVD,MM_RVD_A9_SELECTED_R6,1,UNIT,0.5,proportion,4,False,NEW_SUPP_S1_FIXED_SEED,PENDING
CRCNS pvc-11|data_monkey1_gratings|MM_RVD_A9_SELECTED_R6|1|TEMPORAL|2|0,CRCNS pvc-11,monkey1,data_monkey1_gratings,MM-RVD,MM_RVD_A9_SELECTED_R6,1,TEMPORAL,2,bins,0,False,NEW_SUPP_S1_FIXED_SEED,PENDING
CRCNS pvc-11|data_monkey1_gratings|MM_RVD_A9_SELECTED_R6|1|TEMPORAL|2|1,CRCNS pvc-11,monkey1,data_monkey1_gratings,MM-RVD,MM_RVD_A9_SELECTED_R6,1,TEMPORAL,2,bins,1,False,NEW_SUPP_S1_FIXED_SEED,PENDING
CRCNS pvc-11|data_monkey1_gratings|MM_RVD_A9_SELECTED_R6|1|TEMPORAL|2|2,CRCNS pvc-11,monkey1,data_monkey1_gratings,MM-RVD,MM_RVD_A9_SELECTED_R6,1,TEMPORAL,2,bins,2,False,NEW_SUPP_S1_FIXED_SEED,PENDING
CRCNS pvc-11|data_monkey1_gratings|MM_RVD_A9_SELECTED_R6|1|TEMPORAL|2|3,CRCNS pvc-11,monkey1,data_monkey1_gratings,MM-RVD,MM_RVD_A9_SELECTED_R6,1,TEMPORAL,2,bins,3,False,NEW_SUPP_S1_FIXED_SEED,PENDING
CRCNS pvc-11|data_monkey1_gratings|MM_RVD_A9_SELECTED_R6|1|TEMPORAL|2|4,CRCNS pvc-11,monkey1,data_monkey1_gratings,MM-RVD,MM_RVD_A9_SELECTED_R6,1,TEMPORAL,2,bins,4,False,NEW_SUPP_S1_FIXED_SEED,PENDING
CRCNS pvc-11|data_monkey1_gratings|MM_RVD_A9_SELECTED_R6|1|TEMPORAL|3|0,CRCNS pvc-11,monkey1,data_monkey1_gratings,MM-RVD,MM_RVD_A9_SELECTED_R6,1,TEMPORAL,3,bins,0,False,NEW_SUPP_S1_FIXED_SEED,PENDING
CRCNS pvc-11|data_monkey1_gratings|MM_RVD_A9_SELECTED_R6|1|TEMPORAL|3|1,CRCNS pvc-11,monkey1,data_monkey1_gratings,MM-RVD,MM_RVD_A9_SELECTED_R6,1,TEMPORAL,3,bins,1,False,NEW_SUPP_S1_FIXED_SEED,PENDING
CRCNS pvc-11|data_monkey1_gratings|MM_RVD_A9_SELECTED_R6|1|TEMPORAL|3|2,CRCNS pvc-11,monkey1,data_monkey1_gratings,MM-RVD,MM_RVD_A9_SELECTED_R6,1,TEMPORAL,3,bins,2,False,NEW_SUPP_S1_FIXED_SEED,PENDING
CRCNS pvc-11|data_monkey1_gratings|MM_RVD_A9_SELECTED_R6|1|TEMPORAL|3|3,CRCNS pvc-11,monkey1,data_monkey1_gratings,MM-RVD,MM_RVD_A9_SELECTED_R6,1,TEMPORAL,3,bins,3,False,NEW_SUPP_S1_FIXED_SEED,PENDING
CRCNS pvc-11|data_monkey1_gratings|MM_RVD_A9_SELECTED_R6|1|TEMPORAL|3|4,CRCNS pvc-11,monkey1,data_monkey1_gratings,MM-RVD,MM_RVD_A9_SELECTED_R6,1,TEMPORAL,3,bins,4,False,NEW_SUPP_S1_FIXED_SEED,PENDING
CRCNS pvc-11|data_monkey1_gratings|MM_RVD_A9_SELECTED_R6|1|TEMPORAL|5|0,CRCNS pvc-11,monkey1,data_monkey1_gratings,MM-RVD,MM_RVD_A9_SELECTED_R6,1,TEMPORAL,5,bins,0,True,MAIN_FROZEN_T5,PENDING
CRCNS pvc-11|data_monkey1_gratings|MM_RVD_A9_SELECTED_R6|1|TEMPORAL|5|1,CRCNS pvc-11,monkey1,data_monkey1_gratings,MM-RVD,MM_RVD_A9_SELECTED_R6,1,TEMPORAL,5,bins,1,True,MAIN_FROZEN_T5,PENDING
CRCNS pvc-11|data_monkey1_gratings|MM_RVD_A9_SELECTED_R6|1|TEMPORAL|5|2,CRCNS pvc-11,monkey1,data_monkey1_gratings,MM-RVD,MM_RVD_A9_SELECTED_R6,1,TEMPORAL,5,bins,2,True,MAIN_FROZEN_T5,PENDING
CRCNS pvc-11|data_monkey1_gratings|MM_RVD_A9_SELECTED_R6|1|TEMPORAL|5|3,CRCNS pvc-11,monkey1,data_monkey1_gratings,MM-RVD,MM_RVD_A9_SELECTED_R6,1,TEMPORAL,5,bins,3,True,MAIN_FROZEN_T5,PENDING
CRCNS pvc-11|data_monkey1_gratings|MM_RVD_A9_SELECTED_R6|1|TEMPORAL|5|4,CRCNS pvc-11,monkey1,data_monkey1_gratings,MM-RVD,MM_RVD_A9_SELECTED_R6,1,TEMPORAL,5,bins,4,True,MAIN_FROZEN_T5,PENDING
CRCNS pvc-11|data_monkey1_gratings|MM_RVD_A9_SELECTED_R6|1|TEMPORAL|7|0,CRCNS pvc-11,monkey1,data_monkey1_gratings,MM-RVD,MM_RVD_A9_SELECTED_R6,1,TEMPORAL,7,bins,0,False,NEW_SUPP_S1_FIXED_SEED,PENDING
CRCNS pvc-11|data_monkey1_gratings|MM_RVD_A9_SELECTED_R6|1|TEMPORAL|7|1,CRCNS pvc-11,monkey1,data_monkey1_gratings,MM-RVD,MM_RVD_A9_SELECTED_R6,1,TEMPORAL,7,bins,1,False,NEW_SUPP_S1_FIXED_SEED,PENDING
CRCNS pvc-11|data_monkey1_gratings|MM_RVD_A9_SELECTED_R6|1|TEMPORAL|7|2,CRCNS pvc-11,monkey1,data_monkey1_gratings,MM-RVD,MM_RVD_A9_SELECTED_R6,1,TEMPORAL,7,bins,2,False,NEW_SUPP_S1_FIXED_SEED,PENDING
CRCNS pvc-11|data_monkey1_gratings|MM_RVD_A9_SELECTED_R6|1|TEMPORAL|7|3,CRCNS pvc-11,monkey1,data_monkey1_gratings,MM-RVD,MM_RVD_A9_SELECTED_R6,1,TEMPORAL,7,bins,3,False,NEW_SUPP_S1_FIXED_SEED,PENDING
CRCNS pvc-11|data_monkey1_gratings|MM_RVD_A9_SELECTED_R6|1|TEMPORAL|7|4,CRCNS pvc-11,monkey1,data_monkey1_gratings,MM-RVD,MM_RVD_A9_SELECTED_R6,1,TEMPORAL,7,bins,4,False,NEW_SUPP_S1_FIXED_SEED,PENDING
CRCNS pvc-11|data_monkey1_gratings|MM_RVD_A9_SELECTED_R6|1|TEMPORAL|10|0,CRCNS pvc-11,monkey1,data_monkey1_gratings,MM-RVD,MM_RVD_A9_SELECTED_R6,1,TEMPORAL,10,bins,0,False,NEW_SUPP_S1_FIXED_SEED,PENDING
CRCNS pvc-11|data_monkey1_gratings|MM_RVD_A9_SELECTED_R6|1|TEMPORAL|10|1,CRCNS pvc-11,monkey1,data_monkey1_gratings,MM-RVD,MM_RVD_A9_SELECTED_R6,1,TEMPORAL,10,bins,1,False,NEW_SUPP_S1_FIXED_SEED,PENDING
CRCNS pvc-11|data_monkey1_gratings|MM_RVD_A9_SELECTED_R6|1|TEMPORAL|10|2,CRCNS pvc-11,monkey1,data_monkey1_gratings,MM-RVD,MM_RVD_A9_SELECTED_R6,1,TEMPORAL,10,bins,2,False,NEW_SUPP_S1_FIXED_SEED,PENDING
CRCNS pvc-11|data_monkey1_gratings|MM_RVD_A9_SELECTED_R6|1|TEMPORAL|10|3,CRCNS pvc-11,monkey1,data_monkey1_gratings,MM-RVD,MM_RVD_A9_SELECTED_R6,1,TEMPORAL,10,bins,3,False,NEW_SUPP_S1_FIXED_SEED,PENDING
CRCNS pvc-11|data_monkey1_gratings|MM_RVD_A9_SELECTED_R6|1|TEMPORAL|10|4,CRCNS pvc-11,monkey1,data_monkey1_gratings,MM-RVD,MM_RVD_A9_SELECTED_R6,1,TEMPORAL,10,bins,4,False,NEW_SUPP_S1_FIXED_SEED,PENDING
CRCNS pvc-11|data_monkey1_gratings|CEBRA_FLAT_LOGREG|0|CLEAN|0,CRCNS pvc-11,monkey1,data_monkey1_gratings,CEBRA,CEBRA_FLAT_LOGREG,0,CLEAN_REFERENCE,0,none,0,False,R4_CLEAN_REFERENCE,PENDING
CRCNS pvc-11|data_monkey1_gratings|CEBRA_FLAT_LOGREG|0|UNIT|0.1|0,CRCNS pvc-11,monkey1,data_monkey1_gratings,CEBRA,CEBRA_FLAT_LOGREG,0,UNIT,0.1,proportion,0,False,NEW_SUPP_S1_FIXED_SEED,PENDING
CRCNS pvc-11|data_monkey1_gratings|CEBRA_FLAT_LOGREG|0|UNIT|0.1|1,CRCNS pvc-11,monkey1,data_monkey1_gratings,CEBRA,CEBRA_FLAT_LOGREG,0,UNIT,0.1,proportion,1,False,NEW_SUPP_S1_FIXED_SEED,PENDING
CRCNS pvc-11|data_monkey1_gratings|CEBRA_FLAT_LOGREG|0|UNIT|0.1|2,CRCNS pvc-11,monkey1,data_monkey1_gratings,CEBRA,CEBRA_FLAT_LOGREG,0,UNIT,0.1,proportion,2,False,NEW_SUPP_S1_FIXED_SEED,PENDING
CRCNS pvc-11|data_monkey1_gratings|CEBRA_FLAT_LOGREG|0|UNIT|0.1|3,CRCNS pvc-11,monkey1,data_monkey1_gratings,CEBRA,CEBRA_FLAT_LOGREG,0,UNIT,0.1,proportion,3,False,NEW_SUPP_S1_FIXED_SEED,PENDING
CRCNS pvc-11|data_monkey1_gratings|CEBRA_FLAT_LOGREG|0|UNIT|0.1|4,CRCNS pvc-11,monkey1,data_monkey1_gratings,CEBRA,CEBRA_FLAT_LOGREG,0,UNIT,0.1,proportion,4,False,NEW_SUPP_S1_FIXED_SEED,PENDING
CRCNS pvc-11|data_monkey1_gratings|CEBRA_FLAT_LOGREG|0|UNIT|0.2|0,CRCNS pvc-11,monkey1,data_monkey1_gratings,CEBRA,CEBRA_FLAT_LOGREG,0,UNIT,0.2,proportion,0,False,NEW_SUPP_S1_FIXED_SEED,PENDING
CRCNS pvc-11|data_monkey1_gratings|CEBRA_FLAT_LOGREG|0|UNIT|0.2|1,CRCNS pvc-11,monkey1,data_monkey1_gratings,CEBRA,CEBRA_FLAT_LOGREG,0,UNIT,0.2,proportion,1,False,NEW_SUPP_S1_FIXED_SEED,PENDING
CRCNS pvc-11|data_monkey1_gratings|CEBRA_FLAT_LOGREG|0|UNIT|0.2|2,CRCNS pvc-11,monkey1,data_monkey1_gratings,CEBRA,CEBRA_FLAT_LOGREG,0,UNIT,0.2,proportion,2,False,NEW_SUPP_S1_FIXED_SEED,PENDING
CRCNS pvc-11|data_monkey1_gratings|CEBRA_FLAT_LOGREG|0|UNIT|0.2|3,CRCNS pvc-11,monkey1,data_monkey1_gratings,CEBRA,CEBRA_FLAT_LOGREG,0,UNIT,0.2,proportion,3,False,NEW_SUPP_S1_FIXED_SEED,PENDING
CRCNS pvc-11|data_monkey1_gratings|CEBRA_FLAT_LOGREG|0|UNIT|0.2|4,CRCNS pvc-11,monkey1,data_monkey1_gratings,CEBRA,CEBRA_FLAT_LOGREG,0,UNIT,0.2,proportion,4,False,NEW_SUPP_S1_FIXED_SEED,PENDING
CRCNS pvc-11|data_monkey1_gratings|CEBRA_FLAT_LOGREG|0|UNIT|0.3|0,CRCNS pvc-11,monkey1,data_monkey1_gratings,CEBRA,CEBRA_FLAT_LOGREG,0,UNIT,0.3,proportion,0,True,MAIN_FROZEN_U30,PENDING
CRCNS pvc-11|data_monkey1_gratings|CEBRA_FLAT_LOGREG|0|UNIT|0.3|1,CRCNS pvc-11,monkey1,data_monkey1_gratings,CEBRA,CEBRA_FLAT_LOGREG,0,UNIT,0.3,proportion,1,True,MAIN_FROZEN_U30,PENDING
CRCNS pvc-11|data_monkey1_gratings|CEBRA_FLAT_LOGREG|0|UNIT|0.3|2,CRCNS pvc-11,monkey1,data_monkey1_gratings,CEBRA,CEBRA_FLAT_LOGREG,0,UNIT,0.3,proportion,2,True,MAIN_FROZEN_U30,PENDING
CRCNS pvc-11|data_monkey1_gratings|CEBRA_FLAT_LOGREG|0|UNIT|0.3|3,CRCNS pvc-11,monkey1,data_monkey1_gratings,CEBRA,CEBRA_FLAT_LOGREG,0,UNIT,0.3,proportion,3,True,MAIN_FROZEN_U30,PENDING
CRCNS pvc-11|data_monkey1_gratings|CEBRA_FLAT_LOGREG|0|UNIT|0.3|4,CRCNS pvc-11,monkey1,data_monkey1_gratings,CEBRA,CEBRA_FLAT_LOGREG,0,UNIT,0.3,proportion,4,True,MAIN_FROZEN_U30,PENDING
CRCNS pvc-11|data_monkey1_gratings|CEBRA_FLAT_LOGREG|0|UNIT|0.4|0,CRCNS pvc-11,monkey1,data_monkey1_gratings,CEBRA,CEBRA_FLAT_LOGREG,0,UNIT,0.4,proportion,0,False,NEW_SUPP_S1_FIXED_SEED,PENDING
CRCNS pvc-11|data_monkey1_gratings|CEBRA_FLAT_LOGREG|0|UNIT|0.4|1,CRCNS pvc-11,monkey1,data_monkey1_gratings,CEBRA,CEBRA_FLAT_LOGREG,0,UNIT,0.4,proportion,1,False,NEW_SUPP_S1_FIXED_SEED,PENDING
CRCNS pvc-11|data_monkey1_gratings|CEBRA_FLAT_LOGREG|0|UNIT|0.4|2,CRCNS pvc-11,monkey1,data_monkey1_gratings,CEBRA,CEBRA_FLAT_LOGREG,0,UNIT,0.4,proportion,2,False,NEW_SUPP_S1_FIXED_SEED,PENDING
CRCNS pvc-11|data_monkey1_gratings|CEBRA_FLAT_LOGREG|0|UNIT|0.4|3,CRCNS pvc-11,monkey1,data_monkey1_gratings,CEBRA,CEBRA_FLAT_LOGREG,0,UNIT,0.4,proportion,3,False,NEW_SUPP_S1_FIXED_SEED,PENDING
CRCNS pvc-11|data_monkey1_gratings|CEBRA_FLAT_LOGREG|0|UNIT|0.4|4,CRCNS pvc-11,monkey1,data_monkey1_gratings,CEBRA,CEBRA_FLAT_LOGREG,0,UNIT,0.4,proportion,4,False,NEW_SUPP_S1_FIXED_SEED,PENDING
CRCNS pvc-11|data_monkey1_gratings|CEBRA_FLAT_LOGREG|0|UNIT|0.5|0,CRCNS pvc-11,monkey1,data_monkey1_gratings,CEBRA,CEBRA_FLAT_LOGREG,0,UNIT,0.5,proportion,0,False,NEW_SUPP_S1_FIXED_SEED,PENDING
CRCNS pvc-11|data_monkey1_gratings|CEBRA_FLAT_LOGREG|0|UNIT|0.5|1,CRCNS pvc-11,monkey1,data_monkey1_gratings,CEBRA,CEBRA_FLAT_LOGREG,0,UNIT,0.5,proportion,1,False,NEW_SUPP_S1_FIXED_SEED,PENDING
CRCNS pvc-11|data_monkey1_gratings|CEBRA_FLAT_LOGREG|0|UNIT|0.5|2,CRCNS pvc-11,monkey1,data_monkey1_gratings,CEBRA,CEBRA_FLAT_LOGREG,0,UNIT,0.5,proportion,2,False,NEW_SUPP_S1_FIXED_SEED,PENDING
CRCNS pvc-11|data_monkey1_gratings|CEBRA_FLAT_LOGREG|0|UNIT|0.5|3,CRCNS pvc-11,monkey1,data_monkey1_gratings,CEBRA,CEBRA_FLAT_LOGREG,0,UNIT,0.5,proportion,3,False,NEW_SUPP_S1_FIXED_SEED,PENDING
CRCNS pvc-11|data_monkey1_gratings|CEBRA_FLAT_LOGREG|0|UNIT|0.5|4,CRCNS pvc-11,monkey1,data_monkey1_gratings,CEBRA,CEBRA_FLAT_LOGREG,0,UNIT,0.5,proportion,4,False,NEW_SUPP_S1_FIXED_SEED,PENDING
CRCNS pvc-11|data_monkey1_gratings|CEBRA_FLAT_LOGREG|0|TEMPORAL|2|0,CRCNS pvc-11,monkey1,data_monkey1_gratings,CEBRA,CEBRA_FLAT_LOGREG,0,TEMPORAL,2,bins,0,False,NEW_SUPP_S1_FIXED_SEED,PENDING
CRCNS pvc-11|data_monkey1_gratings|CEBRA_FLAT_LOGREG|0|TEMPORAL|2|1,CRCNS pvc-11,monkey1,data_monkey1_gratings,CEBRA,CEBRA_FLAT_LOGREG,0,TEMPORAL,2,bins,1,False,NEW_SUPP_S1_FIXED_SEED,PENDING
CRCNS pvc-11|data_monkey1_gratings|CEBRA_FLAT_LOGREG|0|TEMPORAL|2|2,CRCNS pvc-11,monkey1,data_monkey1_gratings,CEBRA,CEBRA_FLAT_LOGREG,0,TEMPORAL,2,bins,2,False,NEW_SUPP_S1_FIXED_SEED,PENDING
CRCNS pvc-11|data_monkey1_gratings|CEBRA_FLAT_LOGREG|0|TEMPORAL|2|3,CRCNS pvc-11,monkey1,data_monkey1_gratings,CEBRA,CEBRA_FLAT_LOGREG,0,TEMPORAL,2,bins,3,False,NEW_SUPP_S1_FIXED_SEED,PENDING
CRCNS pvc-11|data_monkey1_gratings|CEBRA_FLAT_LOGREG|0|TEMPORAL|2|4,CRCNS pvc-11,monkey1,data_monkey1_gratings,CEBRA,CEBRA_FLAT_LOGREG,0,TEMPORAL,2,bins,4,False,NEW_SUPP_S1_FIXED_SEED,PENDING
CRCNS pvc-11|data_monkey1_gratings|CEBRA_FLAT_LOGREG|0|TEMPORAL|3|0,CRCNS pvc-11,monkey1,data_monkey1_gratings,CEBRA,CEBRA_FLAT_LOGREG,0,TEMPORAL,3,bins,0,False,NEW_SUPP_S1_FIXED_SEED,PENDING
CRCNS pvc-11|data_monkey1_gratings|CEBRA_FLAT_LOGREG|0|TEMPORAL|3|1,CRCNS pvc-11,monkey1,data_monkey1_gratings,CEBRA,CEBRA_FLAT_LOGREG,0,TEMPORAL,3,bins,1,False,NEW_SUPP_S1_FIXED_SEED,PENDING
CRCNS pvc-11|data_monkey1_gratings|CEBRA_FLAT_LOGREG|0|TEMPORAL|3|2,CRCNS pvc-11,monkey1,data_monkey1_gratings,CEBRA,CEBRA_FLAT_LOGREG,0,TEMPORAL,3,bins,2,False,NEW_SUPP_S1_FIXED_SEED,PENDING
CRCNS pvc-11|data_monkey1_gratings|CEBRA_FLAT_LOGREG|0|TEMPORAL|3|3,CRCNS pvc-11,monkey1,data_monkey1_gratings,CEBRA,CEBRA_FLAT_LOGREG,0,TEMPORAL,3,bins,3,False,NEW_SUPP_S1_FIXED_SEED,PENDING
CRCNS pvc-11|data_monkey1_gratings|CEBRA_FLAT_LOGREG|0|TEMPORAL|3|4,CRCNS pvc-11,monkey1,data_monkey1_gratings,CEBRA,CEBRA_FLAT_LOGREG,0,TEMPORAL,3,bins,4,False,NEW_SUPP_S1_FIXED_SEED,PENDING
CRCNS pvc-11|data_monkey1_gratings|CEBRA_FLAT_LOGREG|0|TEMPORAL|5|0,CRCNS pvc-11,monkey1,data_monkey1_gratings,CEBRA,CEBRA_FLAT_LOGREG,0,TEMPORAL,5,bins,0,True,MAIN_FROZEN_T5,PENDING
CRCNS pvc-11|data_monkey1_gratings|CEBRA_FLAT_LOGREG|0|TEMPORAL|5|1,CRCNS pvc-11,monkey1,data_monkey1_gratings,CEBRA,CEBRA_FLAT_LOGREG,0,TEMPORAL,5,bins,1,True,MAIN_FROZEN_T5,PENDING
CRCNS pvc-11|data_monkey1_gratings|CEBRA_FLAT_LOGREG|0|TEMPORAL|5|2,CRCNS pvc-11,monkey1,data_monkey1_gratings,CEBRA,CEBRA_FLAT_LOGREG,0,TEMPORAL,5,bins,2,True,MAIN_FROZEN_T5,PENDING
CRCNS pvc-11|data_monkey1_gratings|CEBRA_FLAT_LOGREG|0|TEMPORAL|5|3,CRCNS pvc-11,monkey1,data_monkey1_gratings,CEBRA,CEBRA_FLAT_LOGREG,0,TEMPORAL,5,bins,3,True,MAIN_FROZEN_T5,PENDING
CRCNS pvc-11|data_monkey1_gratings|CEBRA_FLAT_LOGREG|0|TEMPORAL|5|4,CRCNS pvc-11,monkey1,data_monkey1_gratings,CEBRA,CEBRA_FLAT_LOGREG,0,TEMPORAL,5,bins,4,True,MAIN_FROZEN_T5,PENDING
CRCNS pvc-11|data_monkey1_gratings|CEBRA_FLAT_LOGREG|0|TEMPORAL|7|0,CRCNS pvc-11,monkey1,data_monkey1_gratings,CEBRA,CEBRA_FLAT_LOGREG,0,TEMPORAL,7,bins,0,False,NEW_SUPP_S1_FIXED_SEED,PENDING
CRCNS pvc-11|data_monkey1_gratings|CEBRA_FLAT_LOGREG|0|TEMPORAL|7|1,CRCNS pvc-11,monkey1,data_monkey1_gratings,CEBRA,CEBRA_FLAT_LOGREG,0,TEMPORAL,7,bins,1,False,NEW_SUPP_S1_FIXED_SEED,PENDING
CRCNS pvc-11|data_monkey1_gratings|CEBRA_FLAT_LOGREG|0|TEMPORAL|7|2,CRCNS pvc-11,monkey1,data_monkey1_gratings,CEBRA,CEBRA_FLAT_LOGREG,0,TEMPORAL,7,bins,2,False,NEW_SUPP_S1_FIXED_SEED,PENDING
CRCNS pvc-11|data_monkey1_gratings|CEBRA_FLAT_LOGREG|0|TEMPORAL|7|3,CRCNS pvc-11,monkey1,data_monkey1_gratings,CEBRA,CEBRA_FLAT_LOGREG,0,TEMPORAL,7,bins,3,False,NEW_SUPP_S1_FIXED_SEED,PENDING
CRCNS pvc-11|data_monkey1_gratings|CEBRA_FLAT_LOGREG|0|TEMPORAL|7|4,CRCNS pvc-11,monkey1,data_monkey1_gratings,CEBRA,CEBRA_FLAT_LOGREG,0,TEMPORAL,7,bins,4,False,NEW_SUPP_S1_FIXED_SEED,PENDING
CRCNS pvc-11|data_monkey1_gratings|CEBRA_FLAT_LOGREG|0|TEMPORAL|10|0,CRCNS pvc-11,monkey1,data_monkey1_gratings,CEBRA,CEBRA_FLAT_LOGREG,0,TEMPORAL,10,bins,0,False,NEW_SUPP_S1_FIXED_SEED,PENDING
CRCNS pvc-11|data_monkey1_gratings|CEBRA_FLAT_LOGREG|0|TEMPORAL|10|1,CRCNS pvc-11,monkey1,data_monkey1_gratings,CEBRA,CEBRA_FLAT_LOGREG,0,TEMPORAL,10,bins,1,False,NEW_SUPP_S1_FIXED_SEED,PENDING
CRCNS pvc-11|data_monkey1_gratings|CEBRA_FLAT_LOGREG|0|TEMPORAL|10|2,CRCNS pvc-11,monkey1,data_monkey1_gratings,CEBRA,CEBRA_FLAT_LOGREG,0,TEMPORAL,10,bins,2,False,NEW_SUPP_S1_FIXED_SEED,PENDING
CRCNS pvc-11|data_monkey1_gratings|CEBRA_FLAT_LOGREG|0|TEMPORAL|10|3,CRCNS pvc-11,monkey1,data_monkey1_gratings,CEBRA,CEBRA_FLAT_LOGREG,0,TEMPORAL,10,bins,3,False,NEW_SUPP_S1_FIXED_SEED,PENDING
CRCNS pvc-11|data_monkey1_gratings|CEBRA_FLAT_LOGREG|0|TEMPORAL|10|4,CRCNS pvc-11,monkey1,data_monkey1_gratings,CEBRA,CEBRA_FLAT_LOGREG,0,TEMPORAL,10,bins,4,False,NEW_SUPP_S1_FIXED_SEED,PENDING
CRCNS pvc-11|data_monkey1_gratings|CEBRA_FLAT_LOGREG|1|CLEAN|0,CRCNS pvc-11,monkey1,data_monkey1_gratings,CEBRA,CEBRA_FLAT_LOGREG,1,CLEAN_REFERENCE,0,none,0,False,R4_CLEAN_REFERENCE,PENDING
CRCNS pvc-11|data_monkey1_gratings|CEBRA_FLAT_LOGREG|1|UNIT|0.1|0,CRCNS pvc-11,monkey1,data_monkey1_gratings,CEBRA,CEBRA_FLAT_LOGREG,1,UNIT,0.1,proportion,0,False,NEW_SUPP_S1_FIXED_SEED,PENDING
CRCNS pvc-11|data_monkey1_gratings|CEBRA_FLAT_LOGREG|1|UNIT|0.1|1,CRCNS pvc-11,monkey1,data_monkey1_gratings,CEBRA,CEBRA_FLAT_LOGREG,1,UNIT,0.1,proportion,1,False,NEW_SUPP_S1_FIXED_SEED,PENDING
CRCNS pvc-11|data_monkey1_gratings|CEBRA_FLAT_LOGREG|1|UNIT|0.1|2,CRCNS pvc-11,monkey1,data_monkey1_gratings,CEBRA,CEBRA_FLAT_LOGREG,1,UNIT,0.1,proportion,2,False,NEW_SUPP_S1_FIXED_SEED,PENDING
CRCNS pvc-11|data_monkey1_gratings|CEBRA_FLAT_LOGREG|1|UNIT|0.1|3,CRCNS pvc-11,monkey1,data_monkey1_gratings,CEBRA,CEBRA_FLAT_LOGREG,1,UNIT,0.1,proportion,3,False,NEW_SUPP_S1_FIXED_SEED,PENDING
CRCNS pvc-11|data_monkey1_gratings|CEBRA_FLAT_LOGREG|1|UNIT|0.1|4,CRCNS pvc-11,monkey1,data_monkey1_gratings,CEBRA,CEBRA_FLAT_LOGREG,1,UNIT,0.1,proportion,4,False,NEW_SUPP_S1_FIXED_SEED,PENDING
CRCNS pvc-11|data_monkey1_gratings|CEBRA_FLAT_LOGREG|1|UNIT|0.2|0,CRCNS pvc-11,monkey1,data_monkey1_gratings,CEBRA,CEBRA_FLAT_LOGREG,1,UNIT,0.2,proportion,0,False,NEW_SUPP_S1_FIXED_SEED,PENDING
CRCNS pvc-11|data_monkey1_gratings|CEBRA_FLAT_LOGREG|1|UNIT|0.2|1,CRCNS pvc-11,monkey1,data_monkey1_gratings,CEBRA,CEBRA_FLAT_LOGREG,1,UNIT,0.2,proportion,1,False,NEW_SUPP_S1_FIXED_SEED,PENDING
CRCNS pvc-11|data_monkey1_gratings|CEBRA_FLAT_LOGREG|1|UNIT|0.2|2,CRCNS pvc-11,monkey1,data_monkey1_gratings,CEBRA,CEBRA_FLAT_LOGREG,1,UNIT,0.2,proportion,2,False,NEW_SUPP_S1_FIXED_SEED,PENDING
CRCNS pvc-11|data_monkey1_gratings|CEBRA_FLAT_LOGREG|1|UNIT|0.2|3,CRCNS pvc-11,monkey1,data_monkey1_gratings,CEBRA,CEBRA_FLAT_LOGREG,1,UNIT,0.2,proportion,3,False,NEW_SUPP_S1_FIXED_SEED,PENDING
CRCNS pvc-11|data_monkey1_gratings|CEBRA_FLAT_LOGREG|1|UNIT|0.2|4,CRCNS pvc-11,monkey1,data_monkey1_gratings,CEBRA,CEBRA_FLAT_LOGREG,1,UNIT,0.2,proportion,4,False,NEW_SUPP_S1_FIXED_SEED,PENDING
CRCNS pvc-11|data_monkey1_gratings|CEBRA_FLAT_LOGREG|1|UNIT|0.3|0,CRCNS pvc-11,monkey1,data_monkey1_gratings,CEBRA,CEBRA_FLAT_LOGREG,1,UNIT,0.3,proportion,0,True,MAIN_FROZEN_U30,PENDING
CRCNS pvc-11|data_monkey1_gratings|CEBRA_FLAT_LOGREG|1|UNIT|0.3|1,CRCNS pvc-11,monkey1,data_monkey1_gratings,CEBRA,CEBRA_FLAT_LOGREG,1,UNIT,0.3,proportion,1,True,MAIN_FROZEN_U30,PENDING
CRCNS pvc-11|data_monkey1_gratings|CEBRA_FLAT_LOGREG|1|UNIT|0.3|2,CRCNS pvc-11,monkey1,data_monkey1_gratings,CEBRA,CEBRA_FLAT_LOGREG,1,UNIT,0.3,proportion,2,True,MAIN_FROZEN_U30,PENDING
CRCNS pvc-11|data_monkey1_gratings|CEBRA_FLAT_LOGREG|1|UNIT|0.3|3,CRCNS pvc-11,monkey1,data_monkey1_gratings,CEBRA,CEBRA_FLAT_LOGREG,1,UNIT,0.3,proportion,3,True,MAIN_FROZEN_U30,PENDING
CRCNS pvc-11|data_monkey1_gratings|CEBRA_FLAT_LOGREG|1|UNIT|0.3|4,CRCNS pvc-11,monkey1,data_monkey1_gratings,CEBRA,CEBRA_FLAT_LOGREG,1,UNIT,0.3,proportion,4,True,MAIN_FROZEN_U30,PENDING
CRCNS pvc-11|data_monkey1_gratings|CEBRA_FLAT_LOGREG|1|UNIT|0.4|0,CRCNS pvc-11,monkey1,data_monkey1_gratings,CEBRA,CEBRA_FLAT_LOGREG,1,UNIT,0.4,proportion,0,False,NEW_SUPP_S1_FIXED_SEED,PENDING
CRCNS pvc-11|data_monkey1_gratings|CEBRA_FLAT_LOGREG|1|UNIT|0.4|1,CRCNS pvc-11,monkey1,data_monkey1_gratings,CEBRA,CEBRA_FLAT_LOGREG,1,UNIT,0.4,proportion,1,False,NEW_SUPP_S1_FIXED_SEED,PENDING
CRCNS pvc-11|data_monkey1_gratings|CEBRA_FLAT_LOGREG|1|UNIT|0.4|2,CRCNS pvc-11,monkey1,data_monkey1_gratings,CEBRA,CEBRA_FLAT_LOGREG,1,UNIT,0.4,proportion,2,False,NEW_SUPP_S1_FIXED_SEED,PENDING
CRCNS pvc-11|data_monkey1_gratings|CEBRA_FLAT_LOGREG|1|UNIT|0.4|3,CRCNS pvc-11,monkey1,data_monkey1_gratings,CEBRA,CEBRA_FLAT_LOGREG,1,UNIT,0.4,proportion,3,False,NEW_SUPP_S1_FIXED_SEED,PENDING
CRCNS pvc-11|data_monkey1_gratings|CEBRA_FLAT_LOGREG|1|UNIT|0.4|4,CRCNS pvc-11,monkey1,data_monkey1_gratings,CEBRA,CEBRA_FLAT_LOGREG,1,UNIT,0.4,proportion,4,False,NEW_SUPP_S1_FIXED_SEED,PENDING
CRCNS pvc-11|data_monkey1_gratings|CEBRA_FLAT_LOGREG|1|UNIT|0.5|0,CRCNS pvc-11,monkey1,data_monkey1_gratings,CEBRA,CEBRA_FLAT_LOGREG,1,UNIT,0.5,proportion,0,False,NEW_SUPP_S1_FIXED_SEED,PENDING
CRCNS pvc-11|data_monkey1_gratings|CEBRA_FLAT_LOGREG|1|UNIT|0.5|1,CRCNS pvc-11,monkey1,data_monkey1_gratings,CEBRA,CEBRA_FLAT_LOGREG,1,UNIT,0.5,proportion,1,False,NEW_SUPP_S1_FIXED_SEED,PENDING
CRCNS pvc-11|data_monkey1_gratings|CEBRA_FLAT_LOGREG|1|UNIT|0.5|2,CRCNS pvc-11,monkey1,data_monkey1_gratings,CEBRA,CEBRA_FLAT_LOGREG,1,UNIT,0.5,proportion,2,False,NEW_SUPP_S1_FIXED_SEED,PENDING
CRCNS pvc-11|data_monkey1_gratings|CEBRA_FLAT_LOGREG|1|UNIT|0.5|3,CRCNS pvc-11,monkey1,data_monkey1_gratings,CEBRA,CEBRA_FLAT_LOGREG,1,UNIT,0.5,proportion,3,False,NEW_SUPP_S1_FIXED_SEED,PENDING
CRCNS pvc-11|data_monkey1_gratings|CEBRA_FLAT_LOGREG|1|UNIT|0.5|4,CRCNS pvc-11,monkey1,data_monkey1_gratings,CEBRA,CEBRA_FLAT_LOGREG,1,UNIT,0.5,proportion,4,False,NEW_SUPP_S1_FIXED_SEED,PENDING
CRCNS pvc-11|data_monkey1_gratings|CEBRA_FLAT_LOGREG|1|TEMPORAL|2|0,CRCNS pvc-11,monkey1,data_monkey1_gratings,CEBRA,CEBRA_FLAT_LOGREG,1,TEMPORAL,2,bins,0,False,NEW_SUPP_S1_FIXED_SEED,PENDING
CRCNS pvc-11|data_monkey1_gratings|CEBRA_FLAT_LOGREG|1|TEMPORAL|2|1,CRCNS pvc-11,monkey1,data_monkey1_gratings,CEBRA,CEBRA_FLAT_LOGREG,1,TEMPORAL,2,bins,1,False,NEW_SUPP_S1_FIXED_SEED,PENDING
CRCNS pvc-11|data_monkey1_gratings|CEBRA_FLAT_LOGREG|1|TEMPORAL|2|2,CRCNS pvc-11,monkey1,data_monkey1_gratings,CEBRA,CEBRA_FLAT_LOGREG,1,TEMPORAL,2,bins,2,False,NEW_SUPP_S1_FIXED_SEED,PENDING
CRCNS pvc-11|data_monkey1_gratings|CEBRA_FLAT_LOGREG|1|TEMPORAL|2|3,CRCNS pvc-11,monkey1,data_monkey1_gratings,CEBRA,CEBRA_FLAT_LOGREG,1,TEMPORAL,2,bins,3,False,NEW_SUPP_S1_FIXED_SEED,PENDING
CRCNS pvc-11|data_monkey1_gratings|CEBRA_FLAT_LOGREG|1|TEMPORAL|2|4,CRCNS pvc-11,monkey1,data_monkey1_gratings,CEBRA,CEBRA_FLAT_LOGREG,1,TEMPORAL,2,bins,4,False,NEW_SUPP_S1_FIXED_SEED,PENDING
CRCNS pvc-11|data_monkey1_gratings|CEBRA_FLAT_LOGREG|1|TEMPORAL|3|0,CRCNS pvc-11,monkey1,data_monkey1_gratings,CEBRA,CEBRA_FLAT_LOGREG,1,TEMPORAL,3,bins,0,False,NEW_SUPP_S1_FIXED_SEED,PENDING
CRCNS pvc-11|data_monkey1_gratings|CEBRA_FLAT_LOGREG|1|TEMPORAL|3|1,CRCNS pvc-11,monkey1,data_monkey1_gratings,CEBRA,CEBRA_FLAT_LOGREG,1,TEMPORAL,3,bins,1,False,NEW_SUPP_S1_FIXED_SEED,PENDING
CRCNS pvc-11|data_monkey1_gratings|CEBRA_FLAT_LOGREG|1|TEMPORAL|3|2,CRCNS pvc-11,monkey1,data_monkey1_gratings,CEBRA,CEBRA_FLAT_LOGREG,1,TEMPORAL,3,bins,2,False,NEW_SUPP_S1_FIXED_SEED,PENDING
CRCNS pvc-11|data_monkey1_gratings|CEBRA_FLAT_LOGREG|1|TEMPORAL|3|3,CRCNS pvc-11,monkey1,data_monkey1_gratings,CEBRA,CEBRA_FLAT_LOGREG,1,TEMPORAL,3,bins,3,False,NEW_SUPP_S1_FIXED_SEED,PENDING
CRCNS pvc-11|data_monkey1_gratings|CEBRA_FLAT_LOGREG|1|TEMPORAL|3|4,CRCNS pvc-11,monkey1,data_monkey1_gratings,CEBRA,CEBRA_FLAT_LOGREG,1,TEMPORAL,3,bins,4,False,NEW_SUPP_S1_FIXED_SEED,PENDING
CRCNS pvc-11|data_monkey1_gratings|CEBRA_FLAT_LOGREG|1|TEMPORAL|5|0,CRCNS pvc-11,monkey1,data_monkey1_gratings,CEBRA,CEBRA_FLAT_LOGREG,1,TEMPORAL,5,bins,0,True,MAIN_FROZEN_T5,PENDING
CRCNS pvc-11|data_monkey1_gratings|CEBRA_FLAT_LOGREG|1|TEMPORAL|5|1,CRCNS pvc-11,monkey1,data_monkey1_gratings,CEBRA,CEBRA_FLAT_LOGREG,1,TEMPORAL,5,bins,1,True,MAIN_FROZEN_T5,PENDING
CRCNS pvc-11|data_monkey1_gratings|CEBRA_FLAT_LOGREG|1|TEMPORAL|5|2,CRCNS pvc-11,monkey1,data_monkey1_gratings,CEBRA,CEBRA_FLAT_LOGREG,1,TEMPORAL,5,bins,2,True,MAIN_FROZEN_T5,PENDING
CRCNS pvc-11|data_monkey1_gratings|CEBRA_FLAT_LOGREG|1|TEMPORAL|5|3,CRCNS pvc-11,monkey1,data_monkey1_gratings,CEBRA,CEBRA_FLAT_LOGREG,1,TEMPORAL,5,bins,3,True,MAIN_FROZEN_T5,PENDING
CRCNS pvc-11|data_monkey1_gratings|CEBRA_FLAT_LOGREG|1|TEMPORAL|5|4,CRCNS pvc-11,monkey1,data_monkey1_gratings,CEBRA,CEBRA_FLAT_LOGREG,1,TEMPORAL,5,bins,4,True,MAIN_FROZEN_T5,PENDING
CRCNS pvc-11|data_monkey1_gratings|CEBRA_FLAT_LOGREG|1|TEMPORAL|7|0,CRCNS pvc-11,monkey1,data_monkey1_gratings,CEBRA,CEBRA_FLAT_LOGREG,1,TEMPORAL,7,bins,0,False,NEW_SUPP_S1_FIXED_SEED,PENDING
CRCNS pvc-11|data_monkey1_gratings|CEBRA_FLAT_LOGREG|1|TEMPORAL|7|1,CRCNS pvc-11,monkey1,data_monkey1_gratings,CEBRA,CEBRA_FLAT_LOGREG,1,TEMPORAL,7,bins,1,False,NEW_SUPP_S1_FIXED_SEED,PENDING
CRCNS pvc-11|data_monkey1_gratings|CEBRA_FLAT_LOGREG|1|TEMPORAL|7|2,CRCNS pvc-11,monkey1,data_monkey1_gratings,CEBRA,CEBRA_FLAT_LOGREG,1,TEMPORAL,7,bins,2,False,NEW_SUPP_S1_FIXED_SEED,PENDING
CRCNS pvc-11|data_monkey1_gratings|CEBRA_FLAT_LOGREG|1|TEMPORAL|7|3,CRCNS pvc-11,monkey1,data_monkey1_gratings,CEBRA,CEBRA_FLAT_LOGREG,1,TEMPORAL,7,bins,3,False,NEW_SUPP_S1_FIXED_SEED,PENDING
CRCNS pvc-11|data_monkey1_gratings|CEBRA_FLAT_LOGREG|1|TEMPORAL|7|4,CRCNS pvc-11,monkey1,data_monkey1_gratings,CEBRA,CEBRA_FLAT_LOGREG,1,TEMPORAL,7,bins,4,False,NEW_SUPP_S1_FIXED_SEED,PENDING
CRCNS pvc-11|data_monkey1_gratings|CEBRA_FLAT_LOGREG|1|TEMPORAL|10|0,CRCNS pvc-11,monkey1,data_monkey1_gratings,CEBRA,CEBRA_FLAT_LOGREG,1,TEMPORAL,10,bins,0,False,NEW_SUPP_S1_FIXED_SEED,PENDING
CRCNS pvc-11|data_monkey1_gratings|CEBRA_FLAT_LOGREG|1|TEMPORAL|10|1,CRCNS pvc-11,monkey1,data_monkey1_gratings,CEBRA,CEBRA_FLAT_LOGREG,1,TEMPORAL,10,bins,1,False,NEW_SUPP_S1_FIXED_SEED,PENDING
CRCNS pvc-11|data_monkey1_gratings|CEBRA_FLAT_LOGREG|1|TEMPORAL|10|2,CRCNS pvc-11,monkey1,data_monkey1_gratings,CEBRA,CEBRA_FLAT_LOGREG,1,TEMPORAL,10,bins,2,False,NEW_SUPP_S1_FIXED_SEED,PENDING
CRCNS pvc-11|data_monkey1_gratings|CEBRA_FLAT_LOGREG|1|TEMPORAL|10|3,CRCNS pvc-11,monkey1,data_monkey1_gratings,CEBRA,CEBRA_FLAT_LOGREG,1,TEMPORAL,10,bins,3,False,NEW_SUPP_S1_FIXED_SEED,PENDING
CRCNS pvc-11|data_monkey1_gratings|CEBRA_FLAT_LOGREG|1|TEMPORAL|10|4,CRCNS pvc-11,monkey1,data_monkey1_gratings,CEBRA,CEBRA_FLAT_LOGREG,1,TEMPORAL,10,bins,4,False,NEW_SUPP_S1_FIXED_SEED,PENDING
CRCNS pvc-11|data_monkey1_gratings|CEBRA_FLAT_LOGREG|2|CLEAN|0,CRCNS pvc-11,monkey1,data_monkey1_gratings,CEBRA,CEBRA_FLAT_LOGREG,2,CLEAN_REFERENCE,0,none,0,False,R4_CLEAN_REFERENCE,PENDING
CRCNS pvc-11|data_monkey1_gratings|CEBRA_FLAT_LOGREG|2|UNIT|0.1|0,CRCNS pvc-11,monkey1,data_monkey1_gratings,CEBRA,CEBRA_FLAT_LOGREG,2,UNIT,0.1,proportion,0,False,NEW_SUPP_S1_FIXED_SEED,PENDING
CRCNS pvc-11|data_monkey1_gratings|CEBRA_FLAT_LOGREG|2|UNIT|0.1|1,CRCNS pvc-11,monkey1,data_monkey1_gratings,CEBRA,CEBRA_FLAT_LOGREG,2,UNIT,0.1,proportion,1,False,NEW_SUPP_S1_FIXED_SEED,PENDING
CRCNS pvc-11|data_monkey1_gratings|CEBRA_FLAT_LOGREG|2|UNIT|0.1|2,CRCNS pvc-11,monkey1,data_monkey1_gratings,CEBRA,CEBRA_FLAT_LOGREG,2,UNIT,0.1,proportion,2,False,NEW_SUPP_S1_FIXED_SEED,PENDING
CRCNS pvc-11|data_monkey1_gratings|CEBRA_FLAT_LOGREG|2|UNIT|0.1|3,CRCNS pvc-11,monkey1,data_monkey1_gratings,CEBRA,CEBRA_FLAT_LOGREG,2,UNIT,0.1,proportion,3,False,NEW_SUPP_S1_FIXED_SEED,PENDING
CRCNS pvc-11|data_monkey1_gratings|CEBRA_FLAT_LOGREG|2|UNIT|0.1|4,CRCNS pvc-11,monkey1,data_monkey1_gratings,CEBRA,CEBRA_FLAT_LOGREG,2,UNIT,0.1,proportion,4,False,NEW_SUPP_S1_FIXED_SEED,PENDING
CRCNS pvc-11|data_monkey1_gratings|CEBRA_FLAT_LOGREG|2|UNIT|0.2|0,CRCNS pvc-11,monkey1,data_monkey1_gratings,CEBRA,CEBRA_FLAT_LOGREG,2,UNIT,0.2,proportion,0,False,NEW_SUPP_S1_FIXED_SEED,PENDING
CRCNS pvc-11|data_monkey1_gratings|CEBRA_FLAT_LOGREG|2|UNIT|0.2|1,CRCNS pvc-11,monkey1,data_monkey1_gratings,CEBRA,CEBRA_FLAT_LOGREG,2,UNIT,0.2,proportion,1,False,NEW_SUPP_S1_FIXED_SEED,PENDING
CRCNS pvc-11|data_monkey1_gratings|CEBRA_FLAT_LOGREG|2|UNIT|0.2|2,CRCNS pvc-11,monkey1,data_monkey1_gratings,CEBRA,CEBRA_FLAT_LOGREG,2,UNIT,0.2,proportion,2,False,NEW_SUPP_S1_FIXED_SEED,PENDING
CRCNS pvc-11|data_monkey1_gratings|CEBRA_FLAT_LOGREG|2|UNIT|0.2|3,CRCNS pvc-11,monkey1,data_monkey1_gratings,CEBRA,CEBRA_FLAT_LOGREG,2,UNIT,0.2,proportion,3,False,NEW_SUPP_S1_FIXED_SEED,PENDING
CRCNS pvc-11|data_monkey1_gratings|CEBRA_FLAT_LOGREG|2|UNIT|0.2|4,CRCNS pvc-11,monkey1,data_monkey1_gratings,CEBRA,CEBRA_FLAT_LOGREG,2,UNIT,0.2,proportion,4,False,NEW_SUPP_S1_FIXED_SEED,PENDING
CRCNS pvc-11|data_monkey1_gratings|CEBRA_FLAT_LOGREG|2|UNIT|0.3|0,CRCNS pvc-11,monkey1,data_monkey1_gratings,CEBRA,CEBRA_FLAT_LOGREG,2,UNIT,0.3,proportion,0,True,MAIN_FROZEN_U30,PENDING
CRCNS pvc-11|data_monkey1_gratings|CEBRA_FLAT_LOGREG|2|UNIT|0.3|1,CRCNS pvc-11,monkey1,data_monkey1_gratings,CEBRA,CEBRA_FLAT_LOGREG,2,UNIT,0.3,proportion,1,True,MAIN_FROZEN_U30,PENDING
CRCNS pvc-11|data_monkey1_gratings|CEBRA_FLAT_LOGREG|2|UNIT|0.3|2,CRCNS pvc-11,monkey1,data_monkey1_gratings,CEBRA,CEBRA_FLAT_LOGREG,2,UNIT,0.3,proportion,2,True,MAIN_FROZEN_U30,PENDING
CRCNS pvc-11|data_monkey1_gratings|CEBRA_FLAT_LOGREG|2|UNIT|0.3|3,CRCNS pvc-11,monkey1,data_monkey1_gratings,CEBRA,CEBRA_FLAT_LOGREG,2,UNIT,0.3,proportion,3,True,MAIN_FROZEN_U30,PENDING
CRCNS pvc-11|data_monkey1_gratings|CEBRA_FLAT_LOGREG|2|UNIT|0.3|4,CRCNS pvc-11,monkey1,data_monkey1_gratings,CEBRA,CEBRA_FLAT_LOGREG,2,UNIT,0.3,proportion,4,True,MAIN_FROZEN_U30,PENDING
CRCNS pvc-11|data_monkey1_gratings|CEBRA_FLAT_LOGREG|2|UNIT|0.4|0,CRCNS pvc-11,monkey1,data_monkey1_gratings,CEBRA,CEBRA_FLAT_LOGREG,2,UNIT,0.4,proportion,0,False,NEW_SUPP_S1_FIXED_SEED,PENDING
CRCNS pvc-11|data_monkey1_gratings|CEBRA_FLAT_LOGREG|2|UNIT|0.4|1,CRCNS pvc-11,monkey1,data_monkey1_gratings,CEBRA,CEBRA_FLAT_LOGREG,2,UNIT,0.4,proportion,1,False,NEW_SUPP_S1_FIXED_SEED,PENDING
CRCNS pvc-11|data_monkey1_gratings|CEBRA_FLAT_LOGREG|2|UNIT|0.4|2,CRCNS pvc-11,monkey1,data_monkey1_gratings,CEBRA,CEBRA_FLAT_LOGREG,2,UNIT,0.4,proportion,2,False,NEW_SUPP_S1_FIXED_SEED,PENDING
CRCNS pvc-11|data_monkey1_gratings|CEBRA_FLAT_LOGREG|2|UNIT|0.4|3,CRCNS pvc-11,monkey1,data_monkey1_gratings,CEBRA,CEBRA_FLAT_LOGREG,2,UNIT,0.4,proportion,3,False,NEW_SUPP_S1_FIXED_SEED,PENDING
CRCNS pvc-11|data_monkey1_gratings|CEBRA_FLAT_LOGREG|2|UNIT|0.4|4,CRCNS pvc-11,monkey1,data_monkey1_gratings,CEBRA,CEBRA_FLAT_LOGREG,2,UNIT,0.4,proportion,4,False,NEW_SUPP_S1_FIXED_SEED,PENDING
CRCNS pvc-11|data_monkey1_gratings|CEBRA_FLAT_LOGREG|2|UNIT|0.5|0,CRCNS pvc-11,monkey1,data_monkey1_gratings,CEBRA,CEBRA_FLAT_LOGREG,2,UNIT,0.5,proportion,0,False,NEW_SUPP_S1_FIXED_SEED,PENDING
CRCNS pvc-11|data_monkey1_gratings|CEBRA_FLAT_LOGREG|2|UNIT|0.5|1,CRCNS pvc-11,monkey1,data_monkey1_gratings,CEBRA,CEBRA_FLAT_LOGREG,2,UNIT,0.5,proportion,1,False,NEW_SUPP_S1_FIXED_SEED,PENDING
CRCNS pvc-11|data_monkey1_gratings|CEBRA_FLAT_LOGREG|2|UNIT|0.5|2,CRCNS pvc-11,monkey1,data_monkey1_gratings,CEBRA,CEBRA_FLAT_LOGREG,2,UNIT,0.5,proportion,2,False,NEW_SUPP_S1_FIXED_SEED,PENDING
CRCNS pvc-11|data_monkey1_gratings|CEBRA_FLAT_LOGREG|2|UNIT|0.5|3,CRCNS pvc-11,monkey1,data_monkey1_gratings,CEBRA,CEBRA_FLAT_LOGREG,2,UNIT,0.5,proportion,3,False,NEW_SUPP_S1_FIXED_SEED,PENDING
CRCNS pvc-11|data_monkey1_gratings|CEBRA_FLAT_LOGREG|2|UNIT|0.5|4,CRCNS pvc-11,monkey1,data_monkey1_gratings,CEBRA,CEBRA_FLAT_LOGREG,2,UNIT,0.5,proportion,4,False,NEW_SUPP_S1_FIXED_SEED,PENDING
CRCNS pvc-11|data_monkey1_gratings|CEBRA_FLAT_LOGREG|2|TEMPORAL|2|0,CRCNS pvc-11,monkey1,data_monkey1_gratings,CEBRA,CEBRA_FLAT_LOGREG,2,TEMPORAL,2,bins,0,False,NEW_SUPP_S1_FIXED_SEED,PENDING
CRCNS pvc-11|data_monkey1_gratings|CEBRA_FLAT_LOGREG|2|TEMPORAL|2|1,CRCNS pvc-11,monkey1,data_monkey1_gratings,CEBRA,CEBRA_FLAT_LOGREG,2,TEMPORAL,2,bins,1,False,NEW_SUPP_S1_FIXED_SEED,PENDING
CRCNS pvc-11|data_monkey1_gratings|CEBRA_FLAT_LOGREG|2|TEMPORAL|2|2,CRCNS pvc-11,monkey1,data_monkey1_gratings,CEBRA,CEBRA_FLAT_LOGREG,2,TEMPORAL,2,bins,2,False,NEW_SUPP_S1_FIXED_SEED,PENDING
CRCNS pvc-11|data_monkey1_gratings|CEBRA_FLAT_LOGREG|2|TEMPORAL|2|3,CRCNS pvc-11,monkey1,data_monkey1_gratings,CEBRA,CEBRA_FLAT_LOGREG,2,TEMPORAL,2,bins,3,False,NEW_SUPP_S1_FIXED_SEED,PENDING
CRCNS pvc-11|data_monkey1_gratings|CEBRA_FLAT_LOGREG|2|TEMPORAL|2|4,CRCNS pvc-11,monkey1,data_monkey1_gratings,CEBRA,CEBRA_FLAT_LOGREG,2,TEMPORAL,2,bins,4,False,NEW_SUPP_S1_FIXED_SEED,PENDING
CRCNS pvc-11|data_monkey1_gratings|CEBRA_FLAT_LOGREG|2|TEMPORAL|3|0,CRCNS pvc-11,monkey1,data_monkey1_gratings,CEBRA,CEBRA_FLAT_LOGREG,2,TEMPORAL,3,bins,0,False,NEW_SUPP_S1_FIXED_SEED,PENDING
CRCNS pvc-11|data_monkey1_gratings|CEBRA_FLAT_LOGREG|2|TEMPORAL|3|1,CRCNS pvc-11,monkey1,data_monkey1_gratings,CEBRA,CEBRA_FLAT_LOGREG,2,TEMPORAL,3,bins,1,False,NEW_SUPP_S1_FIXED_SEED,PENDING
CRCNS pvc-11|data_monkey1_gratings|CEBRA_FLAT_LOGREG|2|TEMPORAL|3|2,CRCNS pvc-11,monkey1,data_monkey1_gratings,CEBRA,CEBRA_FLAT_LOGREG,2,TEMPORAL,3,bins,2,False,NEW_SUPP_S1_FIXED_SEED,PENDING
CRCNS pvc-11|data_monkey1_gratings|CEBRA_FLAT_LOGREG|2|TEMPORAL|3|3,CRCNS pvc-11,monkey1,data_monkey1_gratings,CEBRA,CEBRA_FLAT_LOGREG,2,TEMPORAL,3,bins,3,False,NEW_SUPP_S1_FIXED_SEED,PENDING
CRCNS pvc-11|data_monkey1_gratings|CEBRA_FLAT_LOGREG|2|TEMPORAL|3|4,CRCNS pvc-11,monkey1,data_monkey1_gratings,CEBRA,CEBRA_FLAT_LOGREG,2,TEMPORAL,3,bins,4,False,NEW_SUPP_S1_FIXED_SEED,PENDING
CRCNS pvc-11|data_monkey1_gratings|CEBRA_FLAT_LOGREG|2|TEMPORAL|5|0,CRCNS pvc-11,monkey1,data_monkey1_gratings,CEBRA,CEBRA_FLAT_LOGREG,2,TEMPORAL,5,bins,0,True,MAIN_FROZEN_T5,PENDING
CRCNS pvc-11|data_monkey1_gratings|CEBRA_FLAT_LOGREG|2|TEMPORAL|5|1,CRCNS pvc-11,monkey1,data_monkey1_gratings,CEBRA,CEBRA_FLAT_LOGREG,2,TEMPORAL,5,bins,1,True,MAIN_FROZEN_T5,PENDING
CRCNS pvc-11|data_monkey1_gratings|CEBRA_FLAT_LOGREG|2|TEMPORAL|5|2,CRCNS pvc-11,monkey1,data_monkey1_gratings,CEBRA,CEBRA_FLAT_LOGREG,2,TEMPORAL,5,bins,2,True,MAIN_FROZEN_T5,PENDING
CRCNS pvc-11|data_monkey1_gratings|CEBRA_FLAT_LOGREG|2|TEMPORAL|5|3,CRCNS pvc-11,monkey1,data_monkey1_gratings,CEBRA,CEBRA_FLAT_LOGREG,2,TEMPORAL,5,bins,3,True,MAIN_FROZEN_T5,PENDING
CRCNS pvc-11|data_monkey1_gratings|CEBRA_FLAT_LOGREG|2|TEMPORAL|5|4,CRCNS pvc-11,monkey1,data_monkey1_gratings,CEBRA,CEBRA_FLAT_LOGREG,2,TEMPORAL,5,bins,4,True,MAIN_FROZEN_T5,PENDING
CRCNS pvc-11|data_monkey1_gratings|CEBRA_FLAT_LOGREG|2|TEMPORAL|7|0,CRCNS pvc-11,monkey1,data_monkey1_gratings,CEBRA,CEBRA_FLAT_LOGREG,2,TEMPORAL,7,bins,0,False,NEW_SUPP_S1_FIXED_SEED,PENDING
CRCNS pvc-11|data_monkey1_gratings|CEBRA_FLAT_LOGREG|2|TEMPORAL|7|1,CRCNS pvc-11,monkey1,data_monkey1_gratings,CEBRA,CEBRA_FLAT_LOGREG,2,TEMPORAL,7,bins,1,False,NEW_SUPP_S1_FIXED_SEED,PENDING
CRCNS pvc-11|data_monkey1_gratings|CEBRA_FLAT_LOGREG|2|TEMPORAL|7|2,CRCNS pvc-11,monkey1,data_monkey1_gratings,CEBRA,CEBRA_FLAT_LOGREG,2,TEMPORAL,7,bins,2,False,NEW_SUPP_S1_FIXED_SEED,PENDING
CRCNS pvc-11|data_monkey1_gratings|CEBRA_FLAT_LOGREG|2|TEMPORAL|7|3,CRCNS pvc-11,monkey1,data_monkey1_gratings,CEBRA,CEBRA_FLAT_LOGREG,2,TEMPORAL,7,bins,3,False,NEW_SUPP_S1_FIXED_SEED,PENDING
CRCNS pvc-11|data_monkey1_gratings|CEBRA_FLAT_LOGREG|2|TEMPORAL|7|4,CRCNS pvc-11,monkey1,data_monkey1_gratings,CEBRA,CEBRA_FLAT_LOGREG,2,TEMPORAL,7,bins,4,False,NEW_SUPP_S1_FIXED_SEED,PENDING
CRCNS pvc-11|data_monkey1_gratings|CEBRA_FLAT_LOGREG|2|TEMPORAL|10|0,CRCNS pvc-11,monkey1,data_monkey1_gratings,CEBRA,CEBRA_FLAT_LOGREG,2,TEMPORAL,10,bins,0,False,NEW_SUPP_S1_FIXED_SEED,PENDING
CRCNS pvc-11|data_monkey1_gratings|CEBRA_FLAT_LOGREG|2|TEMPORAL|10|1,CRCNS pvc-11,monkey1,data_monkey1_gratings,CEBRA,CEBRA_FLAT_LOGREG,2,TEMPORAL,10,bins,1,False,NEW_SUPP_S1_FIXED_SEED,PENDING
CRCNS pvc-11|data_monkey1_gratings|CEBRA_FLAT_LOGREG|2|TEMPORAL|10|2,CRCNS pvc-11,monkey1,data_monkey1_gratings,CEBRA,CEBRA_FLAT_LOGREG,2,TEMPORAL,10,bins,2,False,NEW_SUPP_S1_FIXED_SEED,PENDING
CRCNS pvc-11|data_monkey1_gratings|CEBRA_FLAT_LOGREG|2|TEMPORAL|10|3,CRCNS pvc-11,monkey1,data_monkey1_gratings,CEBRA,CEBRA_FLAT_LOGREG,2,TEMPORAL,10,bins,3,False,NEW_SUPP_S1_FIXED_SEED,PENDING
CRCNS pvc-11|data_monkey1_gratings|CEBRA_FLAT_LOGREG|2|TEMPORAL|10|4,CRCNS pvc-11,monkey1,data_monkey1_gratings,CEBRA,CEBRA_FLAT_LOGREG,2,TEMPORAL,10,bins,4,False,NEW_SUPP_S1_FIXED_SEED,PENDING
CRCNS pvc-11|data_monkey1_gratings|CEBRA_FLAT_LOGREG|3|CLEAN|0,CRCNS pvc-11,monkey1,data_monkey1_gratings,CEBRA,CEBRA_FLAT_LOGREG,3,CLEAN_REFERENCE,0,none,0,False,R4_CLEAN_REFERENCE,PENDING
CRCNS pvc-11|data_monkey1_gratings|CEBRA_FLAT_LOGREG|3|UNIT|0.1|0,CRCNS pvc-11,monkey1,data_monkey1_gratings,CEBRA,CEBRA_FLAT_LOGREG,3,UNIT,0.1,proportion,0,False,NEW_SUPP_S1_FIXED_SEED,PENDING
CRCNS pvc-11|data_monkey1_gratings|CEBRA_FLAT_LOGREG|3|UNIT|0.1|1,CRCNS pvc-11,monkey1,data_monkey1_gratings,CEBRA,CEBRA_FLAT_LOGREG,3,UNIT,0.1,proportion,1,False,NEW_SUPP_S1_FIXED_SEED,PENDING
CRCNS pvc-11|data_monkey1_gratings|CEBRA_FLAT_LOGREG|3|UNIT|0.1|2,CRCNS pvc-11,monkey1,data_monkey1_gratings,CEBRA,CEBRA_FLAT_LOGREG,3,UNIT,0.1,proportion,2,False,NEW_SUPP_S1_FIXED_SEED,PENDING
CRCNS pvc-11|data_monkey1_gratings|CEBRA_FLAT_LOGREG|3|UNIT|0.1|3,CRCNS pvc-11,monkey1,data_monkey1_gratings,CEBRA,CEBRA_FLAT_LOGREG,3,UNIT,0.1,proportion,3,False,NEW_SUPP_S1_FIXED_SEED,PENDING
CRCNS pvc-11|data_monkey1_gratings|CEBRA_FLAT_LOGREG|3|UNIT|0.1|4,CRCNS pvc-11,monkey1,data_monkey1_gratings,CEBRA,CEBRA_FLAT_LOGREG,3,UNIT,0.1,proportion,4,False,NEW_SUPP_S1_FIXED_SEED,PENDING
CRCNS pvc-11|data_monkey1_gratings|CEBRA_FLAT_LOGREG|3|UNIT|0.2|0,CRCNS pvc-11,monkey1,data_monkey1_gratings,CEBRA,CEBRA_FLAT_LOGREG,3,UNIT,0.2,proportion,0,False,NEW_SUPP_S1_FIXED_SEED,PENDING
CRCNS pvc-11|data_monkey1_gratings|CEBRA_FLAT_LOGREG|3|UNIT|0.2|1,CRCNS pvc-11,monkey1,data_monkey1_gratings,CEBRA,CEBRA_FLAT_LOGREG,3,UNIT,0.2,proportion,1,False,NEW_SUPP_S1_FIXED_SEED,PENDING
CRCNS pvc-11|data_monkey1_gratings|CEBRA_FLAT_LOGREG|3|UNIT|0.2|2,CRCNS pvc-11,monkey1,data_monkey1_gratings,CEBRA,CEBRA_FLAT_LOGREG,3,UNIT,0.2,proportion,2,False,NEW_SUPP_S1_FIXED_SEED,PENDING
CRCNS pvc-11|data_monkey1_gratings|CEBRA_FLAT_LOGREG|3|UNIT|0.2|3,CRCNS pvc-11,monkey1,data_monkey1_gratings,CEBRA,CEBRA_FLAT_LOGREG,3,UNIT,0.2,proportion,3,False,NEW_SUPP_S1_FIXED_SEED,PENDING
CRCNS pvc-11|data_monkey1_gratings|CEBRA_FLAT_LOGREG|3|UNIT|0.2|4,CRCNS pvc-11,monkey1,data_monkey1_gratings,CEBRA,CEBRA_FLAT_LOGREG,3,UNIT,0.2,proportion,4,False,NEW_SUPP_S1_FIXED_SEED,PENDING
CRCNS pvc-11|data_monkey1_gratings|CEBRA_FLAT_LOGREG|3|UNIT|0.3|0,CRCNS pvc-11,monkey1,data_monkey1_gratings,CEBRA,CEBRA_FLAT_LOGREG,3,UNIT,0.3,proportion,0,True,MAIN_FROZEN_U30,PENDING
CRCNS pvc-11|data_monkey1_gratings|CEBRA_FLAT_LOGREG|3|UNIT|0.3|1,CRCNS pvc-11,monkey1,data_monkey1_gratings,CEBRA,CEBRA_FLAT_LOGREG,3,UNIT,0.3,proportion,1,True,MAIN_FROZEN_U30,PENDING
CRCNS pvc-11|data_monkey1_gratings|CEBRA_FLAT_LOGREG|3|UNIT|0.3|2,CRCNS pvc-11,monkey1,data_monkey1_gratings,CEBRA,CEBRA_FLAT_LOGREG,3,UNIT,0.3,proportion,2,True,MAIN_FROZEN_U30,PENDING
CRCNS pvc-11|data_monkey1_gratings|CEBRA_FLAT_LOGREG|3|UNIT|0.3|3,CRCNS pvc-11,monkey1,data_monkey1_gratings,CEBRA,CEBRA_FLAT_LOGREG,3,UNIT,0.3,proportion,3,True,MAIN_FROZEN_U30,PENDING
CRCNS pvc-11|data_monkey1_gratings|CEBRA_FLAT_LOGREG|3|UNIT|0.3|4,CRCNS pvc-11,monkey1,data_monkey1_gratings,CEBRA,CEBRA_FLAT_LOGREG,3,UNIT,0.3,proportion,4,True,MAIN_FROZEN_U30,PENDING
CRCNS pvc-11|data_monkey1_gratings|CEBRA_FLAT_LOGREG|3|UNIT|0.4|0,CRCNS pvc-11,monkey1,data_monkey1_gratings,CEBRA,CEBRA_FLAT_LOGREG,3,UNIT,0.4,proportion,0,False,NEW_SUPP_S1_FIXED_SEED,PENDING
CRCNS pvc-11|data_monkey1_gratings|CEBRA_FLAT_LOGREG|3|UNIT|0.4|1,CRCNS pvc-11,monkey1,data_monkey1_gratings,CEBRA,CEBRA_FLAT_LOGREG,3,UNIT,0.4,proportion,1,False,NEW_SUPP_S1_FIXED_SEED,PENDING
CRCNS pvc-11|data_monkey1_gratings|CEBRA_FLAT_LOGREG|3|UNIT|0.4|2,CRCNS pvc-11,monkey1,data_monkey1_gratings,CEBRA,CEBRA_FLAT_LOGREG,3,UNIT,0.4,proportion,2,False,NEW_SUPP_S1_FIXED_SEED,PENDING
CRCNS pvc-11|data_monkey1_gratings|CEBRA_FLAT_LOGREG|3|UNIT|0.4|3,CRCNS pvc-11,monkey1,data_monkey1_gratings,CEBRA,CEBRA_FLAT_LOGREG,3,UNIT,0.4,proportion,3,False,NEW_SUPP_S1_FIXED_SEED,PENDING
CRCNS pvc-11|data_monkey1_gratings|CEBRA_FLAT_LOGREG|3|UNIT|0.4|4,CRCNS pvc-11,monkey1,data_monkey1_gratings,CEBRA,CEBRA_FLAT_LOGREG,3,UNIT,0.4,proportion,4,False,NEW_SUPP_S1_FIXED_SEED,PENDING
CRCNS pvc-11|data_monkey1_gratings|CEBRA_FLAT_LOGREG|3|UNIT|0.5|0,CRCNS pvc-11,monkey1,data_monkey1_gratings,CEBRA,CEBRA_FLAT_LOGREG,3,UNIT,0.5,proportion,0,False,NEW_SUPP_S1_FIXED_SEED,PENDING
CRCNS pvc-11|data_monkey1_gratings|CEBRA_FLAT_LOGREG|3|UNIT|0.5|1,CRCNS pvc-11,monkey1,data_monkey1_gratings,CEBRA,CEBRA_FLAT_LOGREG,3,UNIT,0.5,proportion,1,False,NEW_SUPP_S1_FIXED_SEED,PENDING
CRCNS pvc-11|data_monkey1_gratings|CEBRA_FLAT_LOGREG|3|UNIT|0.5|2,CRCNS pvc-11,monkey1,data_monkey1_gratings,CEBRA,CEBRA_FLAT_LOGREG,3,UNIT,0.5,proportion,2,False,NEW_SUPP_S1_FIXED_SEED,PENDING
CRCNS pvc-11|data_monkey1_gratings|CEBRA_FLAT_LOGREG|3|UNIT|0.5|3,CRCNS pvc-11,monkey1,data_monkey1_gratings,CEBRA,CEBRA_FLAT_LOGREG,3,UNIT,0.5,proportion,3,False,NEW_SUPP_S1_FIXED_SEED,PENDING
CRCNS pvc-11|data_monkey1_gratings|CEBRA_FLAT_LOGREG|3|UNIT|0.5|4,CRCNS pvc-11,monkey1,data_monkey1_gratings,CEBRA,CEBRA_FLAT_LOGREG,3,UNIT,0.5,proportion,4,False,NEW_SUPP_S1_FIXED_SEED,PENDING
CRCNS pvc-11|data_monkey1_gratings|CEBRA_FLAT_LOGREG|3|TEMPORAL|2|0,CRCNS pvc-11,monkey1,data_monkey1_gratings,CEBRA,CEBRA_FLAT_LOGREG,3,TEMPORAL,2,bins,0,False,NEW_SUPP_S1_FIXED_SEED,PENDING
CRCNS pvc-11|data_monkey1_gratings|CEBRA_FLAT_LOGREG|3|TEMPORAL|2|1,CRCNS pvc-11,monkey1,data_monkey1_gratings,CEBRA,CEBRA_FLAT_LOGREG,3,TEMPORAL,2,bins,1,False,NEW_SUPP_S1_FIXED_SEED,PENDING
CRCNS pvc-11|data_monkey1_gratings|CEBRA_FLAT_LOGREG|3|TEMPORAL|2|2,CRCNS pvc-11,monkey1,data_monkey1_gratings,CEBRA,CEBRA_FLAT_LOGREG,3,TEMPORAL,2,bins,2,False,NEW_SUPP_S1_FIXED_SEED,PENDING
CRCNS pvc-11|data_monkey1_gratings|CEBRA_FLAT_LOGREG|3|TEMPORAL|2|3,CRCNS pvc-11,monkey1,data_monkey1_gratings,CEBRA,CEBRA_FLAT_LOGREG,3,TEMPORAL,2,bins,3,False,NEW_SUPP_S1_FIXED_SEED,PENDING
CRCNS pvc-11|data_monkey1_gratings|CEBRA_FLAT_LOGREG|3|TEMPORAL|2|4,CRCNS pvc-11,monkey1,data_monkey1_gratings,CEBRA,CEBRA_FLAT_LOGREG,3,TEMPORAL,2,bins,4,False,NEW_SUPP_S1_FIXED_SEED,PENDING
CRCNS pvc-11|data_monkey1_gratings|CEBRA_FLAT_LOGREG|3|TEMPORAL|3|0,CRCNS pvc-11,monkey1,data_monkey1_gratings,CEBRA,CEBRA_FLAT_LOGREG,3,TEMPORAL,3,bins,0,False,NEW_SUPP_S1_FIXED_SEED,PENDING
CRCNS pvc-11|data_monkey1_gratings|CEBRA_FLAT_LOGREG|3|TEMPORAL|3|1,CRCNS pvc-11,monkey1,data_monkey1_gratings,CEBRA,CEBRA_FLAT_LOGREG,3,TEMPORAL,3,bins,1,False,NEW_SUPP_S1_FIXED_SEED,PENDING
CRCNS pvc-11|data_monkey1_gratings|CEBRA_FLAT_LOGREG|3|TEMPORAL|3|2,CRCNS pvc-11,monkey1,data_monkey1_gratings,CEBRA,CEBRA_FLAT_LOGREG,3,TEMPORAL,3,bins,2,False,NEW_SUPP_S1_FIXED_SEED,PENDING
CRCNS pvc-11|data_monkey1_gratings|CEBRA_FLAT_LOGREG|3|TEMPORAL|3|3,CRCNS pvc-11,monkey1,data_monkey1_gratings,CEBRA,CEBRA_FLAT_LOGREG,3,TEMPORAL,3,bins,3,False,NEW_SUPP_S1_FIXED_SEED,PENDING
CRCNS pvc-11|data_monkey1_gratings|CEBRA_FLAT_LOGREG|3|TEMPORAL|3|4,CRCNS pvc-11,monkey1,data_monkey1_gratings,CEBRA,CEBRA_FLAT_LOGREG,3,TEMPORAL,3,bins,4,False,NEW_SUPP_S1_FIXED_SEED,PENDING
CRCNS pvc-11|data_monkey1_gratings|CEBRA_FLAT_LOGREG|3|TEMPORAL|5|0,CRCNS pvc-11,monkey1,data_monkey1_gratings,CEBRA,CEBRA_FLAT_LOGREG,3,TEMPORAL,5,bins,0,True,MAIN_FROZEN_T5,PENDING
CRCNS pvc-11|data_monkey1_gratings|CEBRA_FLAT_LOGREG|3|TEMPORAL|5|1,CRCNS pvc-11,monkey1,data_monkey1_gratings,CEBRA,CEBRA_FLAT_LOGREG,3,TEMPORAL,5,bins,1,True,MAIN_FROZEN_T5,PENDING
CRCNS pvc-11|data_monkey1_gratings|CEBRA_FLAT_LOGREG|3|TEMPORAL|5|2,CRCNS pvc-11,monkey1,data_monkey1_gratings,CEBRA,CEBRA_FLAT_LOGREG,3,TEMPORAL,5,bins,2,True,MAIN_FROZEN_T5,PENDING
CRCNS pvc-11|data_monkey1_gratings|CEBRA_FLAT_LOGREG|3|TEMPORAL|5|3,CRCNS pvc-11,monkey1,data_monkey1_gratings,CEBRA,CEBRA_FLAT_LOGREG,3,TEMPORAL,5,bins,3,True,MAIN_FROZEN_T5,PENDING
CRCNS pvc-11|data_monkey1_gratings|CEBRA_FLAT_LOGREG|3|TEMPORAL|5|4,CRCNS pvc-11,monkey1,data_monkey1_gratings,CEBRA,CEBRA_FLAT_LOGREG,3,TEMPORAL,5,bins,4,True,MAIN_FROZEN_T5,PENDING
CRCNS pvc-11|data_monkey1_gratings|CEBRA_FLAT_LOGREG|3|TEMPORAL|7|0,CRCNS pvc-11,monkey1,data_monkey1_gratings,CEBRA,CEBRA_FLAT_LOGREG,3,TEMPORAL,7,bins,0,False,NEW_SUPP_S1_FIXED_SEED,PENDING
CRCNS pvc-11|data_monkey1_gratings|CEBRA_FLAT_LOGREG|3|TEMPORAL|7|1,CRCNS pvc-11,monkey1,data_monkey1_gratings,CEBRA,CEBRA_FLAT_LOGREG,3,TEMPORAL,7,bins,1,False,NEW_SUPP_S1_FIXED_SEED,PENDING
CRCNS pvc-11|data_monkey1_gratings|CEBRA_FLAT_LOGREG|3|TEMPORAL|7|2,CRCNS pvc-11,monkey1,data_monkey1_gratings,CEBRA,CEBRA_FLAT_LOGREG,3,TEMPORAL,7,bins,2,False,NEW_SUPP_S1_FIXED_SEED,PENDING
CRCNS pvc-11|data_monkey1_gratings|CEBRA_FLAT_LOGREG|3|TEMPORAL|7|3,CRCNS pvc-11,monkey1,data_monkey1_gratings,CEBRA,CEBRA_FLAT_LOGREG,3,TEMPORAL,7,bins,3,False,NEW_SUPP_S1_FIXED_SEED,PENDING
CRCNS pvc-11|data_monkey1_gratings|CEBRA_FLAT_LOGREG|3|TEMPORAL|7|4,CRCNS pvc-11,monkey1,data_monkey1_gratings,CEBRA,CEBRA_FLAT_LOGREG,3,TEMPORAL,7,bins,4,False,NEW_SUPP_S1_FIXED_SEED,PENDING
CRCNS pvc-11|data_monkey1_gratings|CEBRA_FLAT_LOGREG|3|TEMPORAL|10|0,CRCNS pvc-11,monkey1,data_monkey1_gratings,CEBRA,CEBRA_FLAT_LOGREG,3,TEMPORAL,10,bins,0,False,NEW_SUPP_S1_FIXED_SEED,PENDING
CRCNS pvc-11|data_monkey1_gratings|CEBRA_FLAT_LOGREG|3|TEMPORAL|10|1,CRCNS pvc-11,monkey1,data_monkey1_gratings,CEBRA,CEBRA_FLAT_LOGREG,3,TEMPORAL,10,bins,1,False,NEW_SUPP_S1_FIXED_SEED,PENDING
CRCNS pvc-11|data_monkey1_gratings|CEBRA_FLAT_LOGREG|3|TEMPORAL|10|2,CRCNS pvc-11,monkey1,data_monkey1_gratings,CEBRA,CEBRA_FLAT_LOGREG,3,TEMPORAL,10,bins,2,False,NEW_SUPP_S1_FIXED_SEED,PENDING
CRCNS pvc-11|data_monkey1_gratings|CEBRA_FLAT_LOGREG|3|TEMPORAL|10|3,CRCNS pvc-11,monkey1,data_monkey1_gratings,CEBRA,CEBRA_FLAT_LOGREG,3,TEMPORAL,10,bins,3,False,NEW_SUPP_S1_FIXED_SEED,PENDING
CRCNS pvc-11|data_monkey1_gratings|CEBRA_FLAT_LOGREG|3|TEMPORAL|10|4,CRCNS pvc-11,monkey1,data_monkey1_gratings,CEBRA,CEBRA_FLAT_LOGREG,3,TEMPORAL,10,bins,4,False,NEW_SUPP_S1_FIXED_SEED,PENDING
CRCNS pvc-11|data_monkey1_gratings|CEBRA_FLAT_LOGREG|4|CLEAN|0,CRCNS pvc-11,monkey1,data_monkey1_gratings,CEBRA,CEBRA_FLAT_LOGREG,4,CLEAN_REFERENCE,0,none,0,False,R4_CLEAN_REFERENCE,PENDING
CRCNS pvc-11|data_monkey1_gratings|CEBRA_FLAT_LOGREG|4|UNIT|0.1|0,CRCNS pvc-11,monkey1,data_monkey1_gratings,CEBRA,CEBRA_FLAT_LOGREG,4,UNIT,0.1,proportion,0,False,NEW_SUPP_S1_FIXED_SEED,PENDING
CRCNS pvc-11|data_monkey1_gratings|CEBRA_FLAT_LOGREG|4|UNIT|0.1|1,CRCNS pvc-11,monkey1,data_monkey1_gratings,CEBRA,CEBRA_FLAT_LOGREG,4,UNIT,0.1,proportion,1,False,NEW_SUPP_S1_FIXED_SEED,PENDING
CRCNS pvc-11|data_monkey1_gratings|CEBRA_FLAT_LOGREG|4|UNIT|0.1|2,CRCNS pvc-11,monkey1,data_monkey1_gratings,CEBRA,CEBRA_FLAT_LOGREG,4,UNIT,0.1,proportion,2,False,NEW_SUPP_S1_FIXED_SEED,PENDING
CRCNS pvc-11|data_monkey1_gratings|CEBRA_FLAT_LOGREG|4|UNIT|0.1|3,CRCNS pvc-11,monkey1,data_monkey1_gratings,CEBRA,CEBRA_FLAT_LOGREG,4,UNIT,0.1,proportion,3,False,NEW_SUPP_S1_FIXED_SEED,PENDING
CRCNS pvc-11|data_monkey1_gratings|CEBRA_FLAT_LOGREG|4|UNIT|0.1|4,CRCNS pvc-11,monkey1,data_monkey1_gratings,CEBRA,CEBRA_FLAT_LOGREG,4,UNIT,0.1,proportion,4,False,NEW_SUPP_S1_FIXED_SEED,PENDING
CRCNS pvc-11|data_monkey1_gratings|CEBRA_FLAT_LOGREG|4|UNIT|0.2|0,CRCNS pvc-11,monkey1,data_monkey1_gratings,CEBRA,CEBRA_FLAT_LOGREG,4,UNIT,0.2,proportion,0,False,NEW_SUPP_S1_FIXED_SEED,PENDING
CRCNS pvc-11|data_monkey1_gratings|CEBRA_FLAT_LOGREG|4|UNIT|0.2|1,CRCNS pvc-11,monkey1,data_monkey1_gratings,CEBRA,CEBRA_FLAT_LOGREG,4,UNIT,0.2,proportion,1,False,NEW_SUPP_S1_FIXED_SEED,PENDING
CRCNS pvc-11|data_monkey1_gratings|CEBRA_FLAT_LOGREG|4|UNIT|0.2|2,CRCNS pvc-11,monkey1,data_monkey1_gratings,CEBRA,CEBRA_FLAT_LOGREG,4,UNIT,0.2,proportion,2,False,NEW_SUPP_S1_FIXED_SEED,PENDING
CRCNS pvc-11|data_monkey1_gratings|CEBRA_FLAT_LOGREG|4|UNIT|0.2|3,CRCNS pvc-11,monkey1,data_monkey1_gratings,CEBRA,CEBRA_FLAT_LOGREG,4,UNIT,0.2,proportion,3,False,NEW_SUPP_S1_FIXED_SEED,PENDING
CRCNS pvc-11|data_monkey1_gratings|CEBRA_FLAT_LOGREG|4|UNIT|0.2|4,CRCNS pvc-11,monkey1,data_monkey1_gratings,CEBRA,CEBRA_FLAT_LOGREG,4,UNIT,0.2,proportion,4,False,NEW_SUPP_S1_FIXED_SEED,PENDING
CRCNS pvc-11|data_monkey1_gratings|CEBRA_FLAT_LOGREG|4|UNIT|0.3|0,CRCNS pvc-11,monkey1,data_monkey1_gratings,CEBRA,CEBRA_FLAT_LOGREG,4,UNIT,0.3,proportion,0,True,MAIN_FROZEN_U30,PENDING
CRCNS pvc-11|data_monkey1_gratings|CEBRA_FLAT_LOGREG|4|UNIT|0.3|1,CRCNS pvc-11,monkey1,data_monkey1_gratings,CEBRA,CEBRA_FLAT_LOGREG,4,UNIT,0.3,proportion,1,True,MAIN_FROZEN_U30,PENDING
CRCNS pvc-11|data_monkey1_gratings|CEBRA_FLAT_LOGREG|4|UNIT|0.3|2,CRCNS pvc-11,monkey1,data_monkey1_gratings,CEBRA,CEBRA_FLAT_LOGREG,4,UNIT,0.3,proportion,2,True,MAIN_FROZEN_U30,PENDING
CRCNS pvc-11|data_monkey1_gratings|CEBRA_FLAT_LOGREG|4|UNIT|0.3|3,CRCNS pvc-11,monkey1,data_monkey1_gratings,CEBRA,CEBRA_FLAT_LOGREG,4,UNIT,0.3,proportion,3,True,MAIN_FROZEN_U30,PENDING
CRCNS pvc-11|data_monkey1_gratings|CEBRA_FLAT_LOGREG|4|UNIT|0.3|4,CRCNS pvc-11,monkey1,data_monkey1_gratings,CEBRA,CEBRA_FLAT_LOGREG,4,UNIT,0.3,proportion,4,True,MAIN_FROZEN_U30,PENDING
CRCNS pvc-11|data_monkey1_gratings|CEBRA_FLAT_LOGREG|4|UNIT|0.4|0,CRCNS pvc-11,monkey1,data_monkey1_gratings,CEBRA,CEBRA_FLAT_LOGREG,4,UNIT,0.4,proportion,0,False,NEW_SUPP_S1_FIXED_SEED,PENDING
CRCNS pvc-11|data_monkey1_gratings|CEBRA_FLAT_LOGREG|4|UNIT|0.4|1,CRCNS pvc-11,monkey1,data_monkey1_gratings,CEBRA,CEBRA_FLAT_LOGREG,4,UNIT,0.4,proportion,1,False,NEW_SUPP_S1_FIXED_SEED,PENDING
CRCNS pvc-11|data_monkey1_gratings|CEBRA_FLAT_LOGREG|4|UNIT|0.4|2,CRCNS pvc-11,monkey1,data_monkey1_gratings,CEBRA,CEBRA_FLAT_LOGREG,4,UNIT,0.4,proportion,2,False,NEW_SUPP_S1_FIXED_SEED,PENDING
CRCNS pvc-11|data_monkey1_gratings|CEBRA_FLAT_LOGREG|4|UNIT|0.4|3,CRCNS pvc-11,monkey1,data_monkey1_gratings,CEBRA,CEBRA_FLAT_LOGREG,4,UNIT,0.4,proportion,3,False,NEW_SUPP_S1_FIXED_SEED,PENDING
CRCNS pvc-11|data_monkey1_gratings|CEBRA_FLAT_LOGREG|4|UNIT|0.4|4,CRCNS pvc-11,monkey1,data_monkey1_gratings,CEBRA,CEBRA_FLAT_LOGREG,4,UNIT,0.4,proportion,4,False,NEW_SUPP_S1_FIXED_SEED,PENDING
CRCNS pvc-11|data_monkey1_gratings|CEBRA_FLAT_LOGREG|4|UNIT|0.5|0,CRCNS pvc-11,monkey1,data_monkey1_gratings,CEBRA,CEBRA_FLAT_LOGREG,4,UNIT,0.5,proportion,0,False,NEW_SUPP_S1_FIXED_SEED,PENDING
CRCNS pvc-11|data_monkey1_gratings|CEBRA_FLAT_LOGREG|4|UNIT|0.5|1,CRCNS pvc-11,monkey1,data_monkey1_gratings,CEBRA,CEBRA_FLAT_LOGREG,4,UNIT,0.5,proportion,1,False,NEW_SUPP_S1_FIXED_SEED,PENDING
CRCNS pvc-11|data_monkey1_gratings|CEBRA_FLAT_LOGREG|4|UNIT|0.5|2,CRCNS pvc-11,monkey1,data_monkey1_gratings,CEBRA,CEBRA_FLAT_LOGREG,4,UNIT,0.5,proportion,2,False,NEW_SUPP_S1_FIXED_SEED,PENDING
CRCNS pvc-11|data_monkey1_gratings|CEBRA_FLAT_LOGREG|4|UNIT|0.5|3,CRCNS pvc-11,monkey1,data_monkey1_gratings,CEBRA,CEBRA_FLAT_LOGREG,4,UNIT,0.5,proportion,3,False,NEW_SUPP_S1_FIXED_SEED,PENDING
CRCNS pvc-11|data_monkey1_gratings|CEBRA_FLAT_LOGREG|4|UNIT|0.5|4,CRCNS pvc-11,monkey1,data_monkey1_gratings,CEBRA,CEBRA_FLAT_LOGREG,4,UNIT,0.5,proportion,4,False,NEW_SUPP_S1_FIXED_SEED,PENDING
CRCNS pvc-11|data_monkey1_gratings|CEBRA_FLAT_LOGREG|4|TEMPORAL|2|0,CRCNS pvc-11,monkey1,data_monkey1_gratings,CEBRA,CEBRA_FLAT_LOGREG,4,TEMPORAL,2,bins,0,False,NEW_SUPP_S1_FIXED_SEED,PENDING
CRCNS pvc-11|data_monkey1_gratings|CEBRA_FLAT_LOGREG|4|TEMPORAL|2|1,CRCNS pvc-11,monkey1,data_monkey1_gratings,CEBRA,CEBRA_FLAT_LOGREG,4,TEMPORAL,2,bins,1,False,NEW_SUPP_S1_FIXED_SEED,PENDING
CRCNS pvc-11|data_monkey1_gratings|CEBRA_FLAT_LOGREG|4|TEMPORAL|2|2,CRCNS pvc-11,monkey1,data_monkey1_gratings,CEBRA,CEBRA_FLAT_LOGREG,4,TEMPORAL,2,bins,2,False,NEW_SUPP_S1_FIXED_SEED,PENDING
CRCNS pvc-11|data_monkey1_gratings|CEBRA_FLAT_LOGREG|4|TEMPORAL|2|3,CRCNS pvc-11,monkey1,data_monkey1_gratings,CEBRA,CEBRA_FLAT_LOGREG,4,TEMPORAL,2,bins,3,False,NEW_SUPP_S1_FIXED_SEED,PENDING
CRCNS pvc-11|data_monkey1_gratings|CEBRA_FLAT_LOGREG|4|TEMPORAL|2|4,CRCNS pvc-11,monkey1,data_monkey1_gratings,CEBRA,CEBRA_FLAT_LOGREG,4,TEMPORAL,2,bins,4,False,NEW_SUPP_S1_FIXED_SEED,PENDING
CRCNS pvc-11|data_monkey1_gratings|CEBRA_FLAT_LOGREG|4|TEMPORAL|3|0,CRCNS pvc-11,monkey1,data_monkey1_gratings,CEBRA,CEBRA_FLAT_LOGREG,4,TEMPORAL,3,bins,0,False,NEW_SUPP_S1_FIXED_SEED,PENDING
CRCNS pvc-11|data_monkey1_gratings|CEBRA_FLAT_LOGREG|4|TEMPORAL|3|1,CRCNS pvc-11,monkey1,data_monkey1_gratings,CEBRA,CEBRA_FLAT_LOGREG,4,TEMPORAL,3,bins,1,False,NEW_SUPP_S1_FIXED_SEED,PENDING
CRCNS pvc-11|data_monkey1_gratings|CEBRA_FLAT_LOGREG|4|TEMPORAL|3|2,CRCNS pvc-11,monkey1,data_monkey1_gratings,CEBRA,CEBRA_FLAT_LOGREG,4,TEMPORAL,3,bins,2,False,NEW_SUPP_S1_FIXED_SEED,PENDING
CRCNS pvc-11|data_monkey1_gratings|CEBRA_FLAT_LOGREG|4|TEMPORAL|3|3,CRCNS pvc-11,monkey1,data_monkey1_gratings,CEBRA,CEBRA_FLAT_LOGREG,4,TEMPORAL,3,bins,3,False,NEW_SUPP_S1_FIXED_SEED,PENDING
CRCNS pvc-11|data_monkey1_gratings|CEBRA_FLAT_LOGREG|4|TEMPORAL|3|4,CRCNS pvc-11,monkey1,data_monkey1_gratings,CEBRA,CEBRA_FLAT_LOGREG,4,TEMPORAL,3,bins,4,False,NEW_SUPP_S1_FIXED_SEED,PENDING
CRCNS pvc-11|data_monkey1_gratings|CEBRA_FLAT_LOGREG|4|TEMPORAL|5|0,CRCNS pvc-11,monkey1,data_monkey1_gratings,CEBRA,CEBRA_FLAT_LOGREG,4,TEMPORAL,5,bins,0,True,MAIN_FROZEN_T5,PENDING
CRCNS pvc-11|data_monkey1_gratings|CEBRA_FLAT_LOGREG|4|TEMPORAL|5|1,CRCNS pvc-11,monkey1,data_monkey1_gratings,CEBRA,CEBRA_FLAT_LOGREG,4,TEMPORAL,5,bins,1,True,MAIN_FROZEN_T5,PENDING
CRCNS pvc-11|data_monkey1_gratings|CEBRA_FLAT_LOGREG|4|TEMPORAL|5|2,CRCNS pvc-11,monkey1,data_monkey1_gratings,CEBRA,CEBRA_FLAT_LOGREG,4,TEMPORAL,5,bins,2,True,MAIN_FROZEN_T5,PENDING
CRCNS pvc-11|data_monkey1_gratings|CEBRA_FLAT_LOGREG|4|TEMPORAL|5|3,CRCNS pvc-11,monkey1,data_monkey1_gratings,CEBRA,CEBRA_FLAT_LOGREG,4,TEMPORAL,5,bins,3,True,MAIN_FROZEN_T5,PENDING
CRCNS pvc-11|data_monkey1_gratings|CEBRA_FLAT_LOGREG|4|TEMPORAL|5|4,CRCNS pvc-11,monkey1,data_monkey1_gratings,CEBRA,CEBRA_FLAT_LOGREG,4,TEMPORAL,5,bins,4,True,MAIN_FROZEN_T5,PENDING
CRCNS pvc-11|data_monkey1_gratings|CEBRA_FLAT_LOGREG|4|TEMPORAL|7|0,CRCNS pvc-11,monkey1,data_monkey1_gratings,CEBRA,CEBRA_FLAT_LOGREG,4,TEMPORAL,7,bins,0,False,NEW_SUPP_S1_FIXED_SEED,PENDING
CRCNS pvc-11|data_monkey1_gratings|CEBRA_FLAT_LOGREG|4|TEMPORAL|7|1,CRCNS pvc-11,monkey1,data_monkey1_gratings,CEBRA,CEBRA_FLAT_LOGREG,4,TEMPORAL,7,bins,1,False,NEW_SUPP_S1_FIXED_SEED,PENDING
CRCNS pvc-11|data_monkey1_gratings|CEBRA_FLAT_LOGREG|4|TEMPORAL|7|2,CRCNS pvc-11,monkey1,data_monkey1_gratings,CEBRA,CEBRA_FLAT_LOGREG,4,TEMPORAL,7,bins,2,False,NEW_SUPP_S1_FIXED_SEED,PENDING
CRCNS pvc-11|data_monkey1_gratings|CEBRA_FLAT_LOGREG|4|TEMPORAL|7|3,CRCNS pvc-11,monkey1,data_monkey1_gratings,CEBRA,CEBRA_FLAT_LOGREG,4,TEMPORAL,7,bins,3,False,NEW_SUPP_S1_FIXED_SEED,PENDING
CRCNS pvc-11|data_monkey1_gratings|CEBRA_FLAT_LOGREG|4|TEMPORAL|7|4,CRCNS pvc-11,monkey1,data_monkey1_gratings,CEBRA,CEBRA_FLAT_LOGREG,4,TEMPORAL,7,bins,4,False,NEW_SUPP_S1_FIXED_SEED,PENDING
CRCNS pvc-11|data_monkey1_gratings|CEBRA_FLAT_LOGREG|4|TEMPORAL|10|0,CRCNS pvc-11,monkey1,data_monkey1_gratings,CEBRA,CEBRA_FLAT_LOGREG,4,TEMPORAL,10,bins,0,False,NEW_SUPP_S1_FIXED_SEED,PENDING
CRCNS pvc-11|data_monkey1_gratings|CEBRA_FLAT_LOGREG|4|TEMPORAL|10|1,CRCNS pvc-11,monkey1,data_monkey1_gratings,CEBRA,CEBRA_FLAT_LOGREG,4,TEMPORAL,10,bins,1,False,NEW_SUPP_S1_FIXED_SEED,PENDING
CRCNS pvc-11|data_monkey1_gratings|CEBRA_FLAT_LOGREG|4|TEMPORAL|10|2,CRCNS pvc-11,monkey1,data_monkey1_gratings,CEBRA,CEBRA_FLAT_LOGREG,4,TEMPORAL,10,bins,2,False,NEW_SUPP_S1_FIXED_SEED,PENDING
CRCNS pvc-11|data_monkey1_gratings|CEBRA_FLAT_LOGREG|4|TEMPORAL|10|3,CRCNS pvc-11,monkey1,data_monkey1_gratings,CEBRA,CEBRA_FLAT_LOGREG,4,TEMPORAL,10,bins,3,False,NEW_SUPP_S1_FIXED_SEED,PENDING
CRCNS pvc-11|data_monkey1_gratings|CEBRA_FLAT_LOGREG|4|TEMPORAL|10|4,CRCNS pvc-11,monkey1,data_monkey1_gratings,CEBRA,CEBRA_FLAT_LOGREG,4,TEMPORAL,10,bins,4,False,NEW_SUPP_S1_FIXED_SEED,PENDING
CRCNS pvc-11|data_monkey2_gratings|MM_RVD_A9_SELECTED_R6|0|CLEAN|0,CRCNS pvc-11,monkey2,data_monkey2_gratings,MM-RVD,MM_RVD_A9_SELECTED_R6,0,CLEAN_REFERENCE,0,none,0,False,R4_CLEAN_REFERENCE,PENDING
CRCNS pvc-11|data_monkey2_gratings|MM_RVD_A9_SELECTED_R6|0|UNIT|0.1|0,CRCNS pvc-11,monkey2,data_monkey2_gratings,MM-RVD,MM_RVD_A9_SELECTED_R6,0,UNIT,0.1,proportion,0,False,NEW_SUPP_S1_FIXED_SEED,PENDING
CRCNS pvc-11|data_monkey2_gratings|MM_RVD_A9_SELECTED_R6|0|UNIT|0.1|1,CRCNS pvc-11,monkey2,data_monkey2_gratings,MM-RVD,MM_RVD_A9_SELECTED_R6,0,UNIT,0.1,proportion,1,False,NEW_SUPP_S1_FIXED_SEED,PENDING
CRCNS pvc-11|data_monkey2_gratings|MM_RVD_A9_SELECTED_R6|0|UNIT|0.1|2,CRCNS pvc-11,monkey2,data_monkey2_gratings,MM-RVD,MM_RVD_A9_SELECTED_R6,0,UNIT,0.1,proportion,2,False,NEW_SUPP_S1_FIXED_SEED,PENDING
CRCNS pvc-11|data_monkey2_gratings|MM_RVD_A9_SELECTED_R6|0|UNIT|0.1|3,CRCNS pvc-11,monkey2,data_monkey2_gratings,MM-RVD,MM_RVD_A9_SELECTED_R6,0,UNIT,0.1,proportion,3,False,NEW_SUPP_S1_FIXED_SEED,PENDING
CRCNS pvc-11|data_monkey2_gratings|MM_RVD_A9_SELECTED_R6|0|UNIT|0.1|4,CRCNS pvc-11,monkey2,data_monkey2_gratings,MM-RVD,MM_RVD_A9_SELECTED_R6,0,UNIT,0.1,proportion,4,False,NEW_SUPP_S1_FIXED_SEED,PENDING
CRCNS pvc-11|data_monkey2_gratings|MM_RVD_A9_SELECTED_R6|0|UNIT|0.2|0,CRCNS pvc-11,monkey2,data_monkey2_gratings,MM-RVD,MM_RVD_A9_SELECTED_R6,0,UNIT,0.2,proportion,0,False,NEW_SUPP_S1_FIXED_SEED,PENDING
CRCNS pvc-11|data_monkey2_gratings|MM_RVD_A9_SELECTED_R6|0|UNIT|0.2|1,CRCNS pvc-11,monkey2,data_monkey2_gratings,MM-RVD,MM_RVD_A9_SELECTED_R6,0,UNIT,0.2,proportion,1,False,NEW_SUPP_S1_FIXED_SEED,PENDING
CRCNS pvc-11|data_monkey2_gratings|MM_RVD_A9_SELECTED_R6|0|UNIT|0.2|2,CRCNS pvc-11,monkey2,data_monkey2_gratings,MM-RVD,MM_RVD_A9_SELECTED_R6,0,UNIT,0.2,proportion,2,False,NEW_SUPP_S1_FIXED_SEED,PENDING
CRCNS pvc-11|data_monkey2_gratings|MM_RVD_A9_SELECTED_R6|0|UNIT|0.2|3,CRCNS pvc-11,monkey2,data_monkey2_gratings,MM-RVD,MM_RVD_A9_SELECTED_R6,0,UNIT,0.2,proportion,3,False,NEW_SUPP_S1_FIXED_SEED,PENDING
CRCNS pvc-11|data_monkey2_gratings|MM_RVD_A9_SELECTED_R6|0|UNIT|0.2|4,CRCNS pvc-11,monkey2,data_monkey2_gratings,MM-RVD,MM_RVD_A9_SELECTED_R6,0,UNIT,0.2,proportion,4,False,NEW_SUPP_S1_FIXED_SEED,PENDING
CRCNS pvc-11|data_monkey2_gratings|MM_RVD_A9_SELECTED_R6|0|UNIT|0.3|0,CRCNS pvc-11,monkey2,data_monkey2_gratings,MM-RVD,MM_RVD_A9_SELECTED_R6,0,UNIT,0.3,proportion,0,True,MAIN_FROZEN_U30,PENDING
CRCNS pvc-11|data_monkey2_gratings|MM_RVD_A9_SELECTED_R6|0|UNIT|0.3|1,CRCNS pvc-11,monkey2,data_monkey2_gratings,MM-RVD,MM_RVD_A9_SELECTED_R6,0,UNIT,0.3,proportion,1,True,MAIN_FROZEN_U30,PENDING
CRCNS pvc-11|data_monkey2_gratings|MM_RVD_A9_SELECTED_R6|0|UNIT|0.3|2,CRCNS pvc-11,monkey2,data_monkey2_gratings,MM-RVD,MM_RVD_A9_SELECTED_R6,0,UNIT,0.3,proportion,2,True,MAIN_FROZEN_U30,PENDING
CRCNS pvc-11|data_monkey2_gratings|MM_RVD_A9_SELECTED_R6|0|UNIT|0.3|3,CRCNS pvc-11,monkey2,data_monkey2_gratings,MM-RVD,MM_RVD_A9_SELECTED_R6,0,UNIT,0.3,proportion,3,True,MAIN_FROZEN_U30,PENDING
CRCNS pvc-11|data_monkey2_gratings|MM_RVD_A9_SELECTED_R6|0|UNIT|0.3|4,CRCNS pvc-11,monkey2,data_monkey2_gratings,MM-RVD,MM_RVD_A9_SELECTED_R6,0,UNIT,0.3,proportion,4,True,MAIN_FROZEN_U30,PENDING
CRCNS pvc-11|data_monkey2_gratings|MM_RVD_A9_SELECTED_R6|0|UNIT|0.4|0,CRCNS pvc-11,monkey2,data_monkey2_gratings,MM-RVD,MM_RVD_A9_SELECTED_R6,0,UNIT,0.4,proportion,0,False,NEW_SUPP_S1_FIXED_SEED,PENDING
CRCNS pvc-11|data_monkey2_gratings|MM_RVD_A9_SELECTED_R6|0|UNIT|0.4|1,CRCNS pvc-11,monkey2,data_monkey2_gratings,MM-RVD,MM_RVD_A9_SELECTED_R6,0,UNIT,0.4,proportion,1,False,NEW_SUPP_S1_FIXED_SEED,PENDING
CRCNS pvc-11|data_monkey2_gratings|MM_RVD_A9_SELECTED_R6|0|UNIT|0.4|2,CRCNS pvc-11,monkey2,data_monkey2_gratings,MM-RVD,MM_RVD_A9_SELECTED_R6,0,UNIT,0.4,proportion,2,False,NEW_SUPP_S1_FIXED_SEED,PENDING
CRCNS pvc-11|data_monkey2_gratings|MM_RVD_A9_SELECTED_R6|0|UNIT|0.4|3,CRCNS pvc-11,monkey2,data_monkey2_gratings,MM-RVD,MM_RVD_A9_SELECTED_R6,0,UNIT,0.4,proportion,3,False,NEW_SUPP_S1_FIXED_SEED,PENDING
CRCNS pvc-11|data_monkey2_gratings|MM_RVD_A9_SELECTED_R6|0|UNIT|0.4|4,CRCNS pvc-11,monkey2,data_monkey2_gratings,MM-RVD,MM_RVD_A9_SELECTED_R6,0,UNIT,0.4,proportion,4,False,NEW_SUPP_S1_FIXED_SEED,PENDING
CRCNS pvc-11|data_monkey2_gratings|MM_RVD_A9_SELECTED_R6|0|UNIT|0.5|0,CRCNS pvc-11,monkey2,data_monkey2_gratings,MM-RVD,MM_RVD_A9_SELECTED_R6,0,UNIT,0.5,proportion,0,False,NEW_SUPP_S1_FIXED_SEED,PENDING
CRCNS pvc-11|data_monkey2_gratings|MM_RVD_A9_SELECTED_R6|0|UNIT|0.5|1,CRCNS pvc-11,monkey2,data_monkey2_gratings,MM-RVD,MM_RVD_A9_SELECTED_R6,0,UNIT,0.5,proportion,1,False,NEW_SUPP_S1_FIXED_SEED,PENDING
CRCNS pvc-11|data_monkey2_gratings|MM_RVD_A9_SELECTED_R6|0|UNIT|0.5|2,CRCNS pvc-11,monkey2,data_monkey2_gratings,MM-RVD,MM_RVD_A9_SELECTED_R6,0,UNIT,0.5,proportion,2,False,NEW_SUPP_S1_FIXED_SEED,PENDING
CRCNS pvc-11|data_monkey2_gratings|MM_RVD_A9_SELECTED_R6|0|UNIT|0.5|3,CRCNS pvc-11,monkey2,data_monkey2_gratings,MM-RVD,MM_RVD_A9_SELECTED_R6,0,UNIT,0.5,proportion,3,False,NEW_SUPP_S1_FIXED_SEED,PENDING
CRCNS pvc-11|data_monkey2_gratings|MM_RVD_A9_SELECTED_R6|0|UNIT|0.5|4,CRCNS pvc-11,monkey2,data_monkey2_gratings,MM-RVD,MM_RVD_A9_SELECTED_R6,0,UNIT,0.5,proportion,4,False,NEW_SUPP_S1_FIXED_SEED,PENDING
CRCNS pvc-11|data_monkey2_gratings|MM_RVD_A9_SELECTED_R6|0|TEMPORAL|2|0,CRCNS pvc-11,monkey2,data_monkey2_gratings,MM-RVD,MM_RVD_A9_SELECTED_R6,0,TEMPORAL,2,bins,0,False,NEW_SUPP_S1_FIXED_SEED,PENDING
CRCNS pvc-11|data_monkey2_gratings|MM_RVD_A9_SELECTED_R6|0|TEMPORAL|2|1,CRCNS pvc-11,monkey2,data_monkey2_gratings,MM-RVD,MM_RVD_A9_SELECTED_R6,0,TEMPORAL,2,bins,1,False,NEW_SUPP_S1_FIXED_SEED,PENDING
CRCNS pvc-11|data_monkey2_gratings|MM_RVD_A9_SELECTED_R6|0|TEMPORAL|2|2,CRCNS pvc-11,monkey2,data_monkey2_gratings,MM-RVD,MM_RVD_A9_SELECTED_R6,0,TEMPORAL,2,bins,2,False,NEW_SUPP_S1_FIXED_SEED,PENDING
CRCNS pvc-11|data_monkey2_gratings|MM_RVD_A9_SELECTED_R6|0|TEMPORAL|2|3,CRCNS pvc-11,monkey2,data_monkey2_gratings,MM-RVD,MM_RVD_A9_SELECTED_R6,0,TEMPORAL,2,bins,3,False,NEW_SUPP_S1_FIXED_SEED,PENDING
CRCNS pvc-11|data_monkey2_gratings|MM_RVD_A9_SELECTED_R6|0|TEMPORAL|2|4,CRCNS pvc-11,monkey2,data_monkey2_gratings,MM-RVD,MM_RVD_A9_SELECTED_R6,0,TEMPORAL,2,bins,4,False,NEW_SUPP_S1_FIXED_SEED,PENDING
CRCNS pvc-11|data_monkey2_gratings|MM_RVD_A9_SELECTED_R6|0|TEMPORAL|3|0,CRCNS pvc-11,monkey2,data_monkey2_gratings,MM-RVD,MM_RVD_A9_SELECTED_R6,0,TEMPORAL,3,bins,0,False,NEW_SUPP_S1_FIXED_SEED,PENDING
CRCNS pvc-11|data_monkey2_gratings|MM_RVD_A9_SELECTED_R6|0|TEMPORAL|3|1,CRCNS pvc-11,monkey2,data_monkey2_gratings,MM-RVD,MM_RVD_A9_SELECTED_R6,0,TEMPORAL,3,bins,1,False,NEW_SUPP_S1_FIXED_SEED,PENDING
CRCNS pvc-11|data_monkey2_gratings|MM_RVD_A9_SELECTED_R6|0|TEMPORAL|3|2,CRCNS pvc-11,monkey2,data_monkey2_gratings,MM-RVD,MM_RVD_A9_SELECTED_R6,0,TEMPORAL,3,bins,2,False,NEW_SUPP_S1_FIXED_SEED,PENDING
CRCNS pvc-11|data_monkey2_gratings|MM_RVD_A9_SELECTED_R6|0|TEMPORAL|3|3,CRCNS pvc-11,monkey2,data_monkey2_gratings,MM-RVD,MM_RVD_A9_SELECTED_R6,0,TEMPORAL,3,bins,3,False,NEW_SUPP_S1_FIXED_SEED,PENDING
CRCNS pvc-11|data_monkey2_gratings|MM_RVD_A9_SELECTED_R6|0|TEMPORAL|3|4,CRCNS pvc-11,monkey2,data_monkey2_gratings,MM-RVD,MM_RVD_A9_SELECTED_R6,0,TEMPORAL,3,bins,4,False,NEW_SUPP_S1_FIXED_SEED,PENDING
CRCNS pvc-11|data_monkey2_gratings|MM_RVD_A9_SELECTED_R6|0|TEMPORAL|5|0,CRCNS pvc-11,monkey2,data_monkey2_gratings,MM-RVD,MM_RVD_A9_SELECTED_R6,0,TEMPORAL,5,bins,0,True,MAIN_FROZEN_T5,PENDING
CRCNS pvc-11|data_monkey2_gratings|MM_RVD_A9_SELECTED_R6|0|TEMPORAL|5|1,CRCNS pvc-11,monkey2,data_monkey2_gratings,MM-RVD,MM_RVD_A9_SELECTED_R6,0,TEMPORAL,5,bins,1,True,MAIN_FROZEN_T5,PENDING
CRCNS pvc-11|data_monkey2_gratings|MM_RVD_A9_SELECTED_R6|0|TEMPORAL|5|2,CRCNS pvc-11,monkey2,data_monkey2_gratings,MM-RVD,MM_RVD_A9_SELECTED_R6,0,TEMPORAL,5,bins,2,True,MAIN_FROZEN_T5,PENDING
CRCNS pvc-11|data_monkey2_gratings|MM_RVD_A9_SELECTED_R6|0|TEMPORAL|5|3,CRCNS pvc-11,monkey2,data_monkey2_gratings,MM-RVD,MM_RVD_A9_SELECTED_R6,0,TEMPORAL,5,bins,3,True,MAIN_FROZEN_T5,PENDING
CRCNS pvc-11|data_monkey2_gratings|MM_RVD_A9_SELECTED_R6|0|TEMPORAL|5|4,CRCNS pvc-11,monkey2,data_monkey2_gratings,MM-RVD,MM_RVD_A9_SELECTED_R6,0,TEMPORAL,5,bins,4,True,MAIN_FROZEN_T5,PENDING
CRCNS pvc-11|data_monkey2_gratings|MM_RVD_A9_SELECTED_R6|0|TEMPORAL|7|0,CRCNS pvc-11,monkey2,data_monkey2_gratings,MM-RVD,MM_RVD_A9_SELECTED_R6,0,TEMPORAL,7,bins,0,False,NEW_SUPP_S1_FIXED_SEED,PENDING
CRCNS pvc-11|data_monkey2_gratings|MM_RVD_A9_SELECTED_R6|0|TEMPORAL|7|1,CRCNS pvc-11,monkey2,data_monkey2_gratings,MM-RVD,MM_RVD_A9_SELECTED_R6,0,TEMPORAL,7,bins,1,False,NEW_SUPP_S1_FIXED_SEED,PENDING
CRCNS pvc-11|data_monkey2_gratings|MM_RVD_A9_SELECTED_R6|0|TEMPORAL|7|2,CRCNS pvc-11,monkey2,data_monkey2_gratings,MM-RVD,MM_RVD_A9_SELECTED_R6,0,TEMPORAL,7,bins,2,False,NEW_SUPP_S1_FIXED_SEED,PENDING
CRCNS pvc-11|data_monkey2_gratings|MM_RVD_A9_SELECTED_R6|0|TEMPORAL|7|3,CRCNS pvc-11,monkey2,data_monkey2_gratings,MM-RVD,MM_RVD_A9_SELECTED_R6,0,TEMPORAL,7,bins,3,False,NEW_SUPP_S1_FIXED_SEED,PENDING
CRCNS pvc-11|data_monkey2_gratings|MM_RVD_A9_SELECTED_R6|0|TEMPORAL|7|4,CRCNS pvc-11,monkey2,data_monkey2_gratings,MM-RVD,MM_RVD_A9_SELECTED_R6,0,TEMPORAL,7,bins,4,False,NEW_SUPP_S1_FIXED_SEED,PENDING
CRCNS pvc-11|data_monkey2_gratings|MM_RVD_A9_SELECTED_R6|0|TEMPORAL|10|0,CRCNS pvc-11,monkey2,data_monkey2_gratings,MM-RVD,MM_RVD_A9_SELECTED_R6,0,TEMPORAL,10,bins,0,False,NEW_SUPP_S1_FIXED_SEED,PENDING
CRCNS pvc-11|data_monkey2_gratings|MM_RVD_A9_SELECTED_R6|0|TEMPORAL|10|1,CRCNS pvc-11,monkey2,data_monkey2_gratings,MM-RVD,MM_RVD_A9_SELECTED_R6,0,TEMPORAL,10,bins,1,False,NEW_SUPP_S1_FIXED_SEED,PENDING
CRCNS pvc-11|data_monkey2_gratings|MM_RVD_A9_SELECTED_R6|0|TEMPORAL|10|2,CRCNS pvc-11,monkey2,data_monkey2_gratings,MM-RVD,MM_RVD_A9_SELECTED_R6,0,TEMPORAL,10,bins,2,False,NEW_SUPP_S1_FIXED_SEED,PENDING
CRCNS pvc-11|data_monkey2_gratings|MM_RVD_A9_SELECTED_R6|0|TEMPORAL|10|3,CRCNS pvc-11,monkey2,data_monkey2_gratings,MM-RVD,MM_RVD_A9_SELECTED_R6,0,TEMPORAL,10,bins,3,False,NEW_SUPP_S1_FIXED_SEED,PENDING
CRCNS pvc-11|data_monkey2_gratings|MM_RVD_A9_SELECTED_R6|0|TEMPORAL|10|4,CRCNS pvc-11,monkey2,data_monkey2_gratings,MM-RVD,MM_RVD_A9_SELECTED_R6,0,TEMPORAL,10,bins,4,False,NEW_SUPP_S1_FIXED_SEED,PENDING
CRCNS pvc-11|data_monkey2_gratings|MM_RVD_A9_SELECTED_R6|1|CLEAN|0,CRCNS pvc-11,monkey2,data_monkey2_gratings,MM-RVD,MM_RVD_A9_SELECTED_R6,1,CLEAN_REFERENCE,0,none,0,False,R4_CLEAN_REFERENCE,PENDING
CRCNS pvc-11|data_monkey2_gratings|MM_RVD_A9_SELECTED_R6|1|UNIT|0.1|0,CRCNS pvc-11,monkey2,data_monkey2_gratings,MM-RVD,MM_RVD_A9_SELECTED_R6,1,UNIT,0.1,proportion,0,False,NEW_SUPP_S1_FIXED_SEED,PENDING
CRCNS pvc-11|data_monkey2_gratings|MM_RVD_A9_SELECTED_R6|1|UNIT|0.1|1,CRCNS pvc-11,monkey2,data_monkey2_gratings,MM-RVD,MM_RVD_A9_SELECTED_R6,1,UNIT,0.1,proportion,1,False,NEW_SUPP_S1_FIXED_SEED,PENDING
CRCNS pvc-11|data_monkey2_gratings|MM_RVD_A9_SELECTED_R6|1|UNIT|0.1|2,CRCNS pvc-11,monkey2,data_monkey2_gratings,MM-RVD,MM_RVD_A9_SELECTED_R6,1,UNIT,0.1,proportion,2,False,NEW_SUPP_S1_FIXED_SEED,PENDING
CRCNS pvc-11|data_monkey2_gratings|MM_RVD_A9_SELECTED_R6|1|UNIT|0.1|3,CRCNS pvc-11,monkey2,data_monkey2_gratings,MM-RVD,MM_RVD_A9_SELECTED_R6,1,UNIT,0.1,proportion,3,False,NEW_SUPP_S1_FIXED_SEED,PENDING
CRCNS pvc-11|data_monkey2_gratings|MM_RVD_A9_SELECTED_R6|1|UNIT|0.1|4,CRCNS pvc-11,monkey2,data_monkey2_gratings,MM-RVD,MM_RVD_A9_SELECTED_R6,1,UNIT,0.1,proportion,4,False,NEW_SUPP_S1_FIXED_SEED,PENDING
CRCNS pvc-11|data_monkey2_gratings|MM_RVD_A9_SELECTED_R6|1|UNIT|0.2|0,CRCNS pvc-11,monkey2,data_monkey2_gratings,MM-RVD,MM_RVD_A9_SELECTED_R6,1,UNIT,0.2,proportion,0,False,NEW_SUPP_S1_FIXED_SEED,PENDING
CRCNS pvc-11|data_monkey2_gratings|MM_RVD_A9_SELECTED_R6|1|UNIT|0.2|1,CRCNS pvc-11,monkey2,data_monkey2_gratings,MM-RVD,MM_RVD_A9_SELECTED_R6,1,UNIT,0.2,proportion,1,False,NEW_SUPP_S1_FIXED_SEED,PENDING
CRCNS pvc-11|data_monkey2_gratings|MM_RVD_A9_SELECTED_R6|1|UNIT|0.2|2,CRCNS pvc-11,monkey2,data_monkey2_gratings,MM-RVD,MM_RVD_A9_SELECTED_R6,1,UNIT,0.2,proportion,2,False,NEW_SUPP_S1_FIXED_SEED,PENDING
CRCNS pvc-11|data_monkey2_gratings|MM_RVD_A9_SELECTED_R6|1|UNIT|0.2|3,CRCNS pvc-11,monkey2,data_monkey2_gratings,MM-RVD,MM_RVD_A9_SELECTED_R6,1,UNIT,0.2,proportion,3,False,NEW_SUPP_S1_FIXED_SEED,PENDING
CRCNS pvc-11|data_monkey2_gratings|MM_RVD_A9_SELECTED_R6|1|UNIT|0.2|4,CRCNS pvc-11,monkey2,data_monkey2_gratings,MM-RVD,MM_RVD_A9_SELECTED_R6,1,UNIT,0.2,proportion,4,False,NEW_SUPP_S1_FIXED_SEED,PENDING
CRCNS pvc-11|data_monkey2_gratings|MM_RVD_A9_SELECTED_R6|1|UNIT|0.3|0,CRCNS pvc-11,monkey2,data_monkey2_gratings,MM-RVD,MM_RVD_A9_SELECTED_R6,1,UNIT,0.3,proportion,0,True,MAIN_FROZEN_U30,PENDING
CRCNS pvc-11|data_monkey2_gratings|MM_RVD_A9_SELECTED_R6|1|UNIT|0.3|1,CRCNS pvc-11,monkey2,data_monkey2_gratings,MM-RVD,MM_RVD_A9_SELECTED_R6,1,UNIT,0.3,proportion,1,True,MAIN_FROZEN_U30,PENDING
CRCNS pvc-11|data_monkey2_gratings|MM_RVD_A9_SELECTED_R6|1|UNIT|0.3|2,CRCNS pvc-11,monkey2,data_monkey2_gratings,MM-RVD,MM_RVD_A9_SELECTED_R6,1,UNIT,0.3,proportion,2,True,MAIN_FROZEN_U30,PENDING
CRCNS pvc-11|data_monkey2_gratings|MM_RVD_A9_SELECTED_R6|1|UNIT|0.3|3,CRCNS pvc-11,monkey2,data_monkey2_gratings,MM-RVD,MM_RVD_A9_SELECTED_R6,1,UNIT,0.3,proportion,3,True,MAIN_FROZEN_U30,PENDING
CRCNS pvc-11|data_monkey2_gratings|MM_RVD_A9_SELECTED_R6|1|UNIT|0.3|4,CRCNS pvc-11,monkey2,data_monkey2_gratings,MM-RVD,MM_RVD_A9_SELECTED_R6,1,UNIT,0.3,proportion,4,True,MAIN_FROZEN_U30,PENDING
CRCNS pvc-11|data_monkey2_gratings|MM_RVD_A9_SELECTED_R6|1|UNIT|0.4|0,CRCNS pvc-11,monkey2,data_monkey2_gratings,MM-RVD,MM_RVD_A9_SELECTED_R6,1,UNIT,0.4,proportion,0,False,NEW_SUPP_S1_FIXED_SEED,PENDING
CRCNS pvc-11|data_monkey2_gratings|MM_RVD_A9_SELECTED_R6|1|UNIT|0.4|1,CRCNS pvc-11,monkey2,data_monkey2_gratings,MM-RVD,MM_RVD_A9_SELECTED_R6,1,UNIT,0.4,proportion,1,False,NEW_SUPP_S1_FIXED_SEED,PENDING
CRCNS pvc-11|data_monkey2_gratings|MM_RVD_A9_SELECTED_R6|1|UNIT|0.4|2,CRCNS pvc-11,monkey2,data_monkey2_gratings,MM-RVD,MM_RVD_A9_SELECTED_R6,1,UNIT,0.4,proportion,2,False,NEW_SUPP_S1_FIXED_SEED,PENDING
CRCNS pvc-11|data_monkey2_gratings|MM_RVD_A9_SELECTED_R6|1|UNIT|0.4|3,CRCNS pvc-11,monkey2,data_monkey2_gratings,MM-RVD,MM_RVD_A9_SELECTED_R6,1,UNIT,0.4,proportion,3,False,NEW_SUPP_S1_FIXED_SEED,PENDING
CRCNS pvc-11|data_monkey2_gratings|MM_RVD_A9_SELECTED_R6|1|UNIT|0.4|4,CRCNS pvc-11,monkey2,data_monkey2_gratings,MM-RVD,MM_RVD_A9_SELECTED_R6,1,UNIT,0.4,proportion,4,False,NEW_SUPP_S1_FIXED_SEED,PENDING
CRCNS pvc-11|data_monkey2_gratings|MM_RVD_A9_SELECTED_R6|1|UNIT|0.5|0,CRCNS pvc-11,monkey2,data_monkey2_gratings,MM-RVD,MM_RVD_A9_SELECTED_R6,1,UNIT,0.5,proportion,0,False,NEW_SUPP_S1_FIXED_SEED,PENDING
CRCNS pvc-11|data_monkey2_gratings|MM_RVD_A9_SELECTED_R6|1|UNIT|0.5|1,CRCNS pvc-11,monkey2,data_monkey2_gratings,MM-RVD,MM_RVD_A9_SELECTED_R6,1,UNIT,0.5,proportion,1,False,NEW_SUPP_S1_FIXED_SEED,PENDING
CRCNS pvc-11|data_monkey2_gratings|MM_RVD_A9_SELECTED_R6|1|UNIT|0.5|2,CRCNS pvc-11,monkey2,data_monkey2_gratings,MM-RVD,MM_RVD_A9_SELECTED_R6,1,UNIT,0.5,proportion,2,False,NEW_SUPP_S1_FIXED_SEED,PENDING
CRCNS pvc-11|data_monkey2_gratings|MM_RVD_A9_SELECTED_R6|1|UNIT|0.5|3,CRCNS pvc-11,monkey2,data_monkey2_gratings,MM-RVD,MM_RVD_A9_SELECTED_R6,1,UNIT,0.5,proportion,3,False,NEW_SUPP_S1_FIXED_SEED,PENDING
CRCNS pvc-11|data_monkey2_gratings|MM_RVD_A9_SELECTED_R6|1|UNIT|0.5|4,CRCNS pvc-11,monkey2,data_monkey2_gratings,MM-RVD,MM_RVD_A9_SELECTED_R6,1,UNIT,0.5,proportion,4,False,NEW_SUPP_S1_FIXED_SEED,PENDING
CRCNS pvc-11|data_monkey2_gratings|MM_RVD_A9_SELECTED_R6|1|TEMPORAL|2|0,CRCNS pvc-11,monkey2,data_monkey2_gratings,MM-RVD,MM_RVD_A9_SELECTED_R6,1,TEMPORAL,2,bins,0,False,NEW_SUPP_S1_FIXED_SEED,PENDING
CRCNS pvc-11|data_monkey2_gratings|MM_RVD_A9_SELECTED_R6|1|TEMPORAL|2|1,CRCNS pvc-11,monkey2,data_monkey2_gratings,MM-RVD,MM_RVD_A9_SELECTED_R6,1,TEMPORAL,2,bins,1,False,NEW_SUPP_S1_FIXED_SEED,PENDING
CRCNS pvc-11|data_monkey2_gratings|MM_RVD_A9_SELECTED_R6|1|TEMPORAL|2|2,CRCNS pvc-11,monkey2,data_monkey2_gratings,MM-RVD,MM_RVD_A9_SELECTED_R6,1,TEMPORAL,2,bins,2,False,NEW_SUPP_S1_FIXED_SEED,PENDING
CRCNS pvc-11|data_monkey2_gratings|MM_RVD_A9_SELECTED_R6|1|TEMPORAL|2|3,CRCNS pvc-11,monkey2,data_monkey2_gratings,MM-RVD,MM_RVD_A9_SELECTED_R6,1,TEMPORAL,2,bins,3,False,NEW_SUPP_S1_FIXED_SEED,PENDING
CRCNS pvc-11|data_monkey2_gratings|MM_RVD_A9_SELECTED_R6|1|TEMPORAL|2|4,CRCNS pvc-11,monkey2,data_monkey2_gratings,MM-RVD,MM_RVD_A9_SELECTED_R6,1,TEMPORAL,2,bins,4,False,NEW_SUPP_S1_FIXED_SEED,PENDING
CRCNS pvc-11|data_monkey2_gratings|MM_RVD_A9_SELECTED_R6|1|TEMPORAL|3|0,CRCNS pvc-11,monkey2,data_monkey2_gratings,MM-RVD,MM_RVD_A9_SELECTED_R6,1,TEMPORAL,3,bins,0,False,NEW_SUPP_S1_FIXED_SEED,PENDING
CRCNS pvc-11|data_monkey2_gratings|MM_RVD_A9_SELECTED_R6|1|TEMPORAL|3|1,CRCNS pvc-11,monkey2,data_monkey2_gratings,MM-RVD,MM_RVD_A9_SELECTED_R6,1,TEMPORAL,3,bins,1,False,NEW_SUPP_S1_FIXED_SEED,PENDING
CRCNS pvc-11|data_monkey2_gratings|MM_RVD_A9_SELECTED_R6|1|TEMPORAL|3|2,CRCNS pvc-11,monkey2,data_monkey2_gratings,MM-RVD,MM_RVD_A9_SELECTED_R6,1,TEMPORAL,3,bins,2,False,NEW_SUPP_S1_FIXED_SEED,PENDING
CRCNS pvc-11|data_monkey2_gratings|MM_RVD_A9_SELECTED_R6|1|TEMPORAL|3|3,CRCNS pvc-11,monkey2,data_monkey2_gratings,MM-RVD,MM_RVD_A9_SELECTED_R6,1,TEMPORAL,3,bins,3,False,NEW_SUPP_S1_FIXED_SEED,PENDING
CRCNS pvc-11|data_monkey2_gratings|MM_RVD_A9_SELECTED_R6|1|TEMPORAL|3|4,CRCNS pvc-11,monkey2,data_monkey2_gratings,MM-RVD,MM_RVD_A9_SELECTED_R6,1,TEMPORAL,3,bins,4,False,NEW_SUPP_S1_FIXED_SEED,PENDING
CRCNS pvc-11|data_monkey2_gratings|MM_RVD_A9_SELECTED_R6|1|TEMPORAL|5|0,CRCNS pvc-11,monkey2,data_monkey2_gratings,MM-RVD,MM_RVD_A9_SELECTED_R6,1,TEMPORAL,5,bins,0,True,MAIN_FROZEN_T5,PENDING
CRCNS pvc-11|data_monkey2_gratings|MM_RVD_A9_SELECTED_R6|1|TEMPORAL|5|1,CRCNS pvc-11,monkey2,data_monkey2_gratings,MM-RVD,MM_RVD_A9_SELECTED_R6,1,TEMPORAL,5,bins,1,True,MAIN_FROZEN_T5,PENDING
CRCNS pvc-11|data_monkey2_gratings|MM_RVD_A9_SELECTED_R6|1|TEMPORAL|5|2,CRCNS pvc-11,monkey2,data_monkey2_gratings,MM-RVD,MM_RVD_A9_SELECTED_R6,1,TEMPORAL,5,bins,2,True,MAIN_FROZEN_T5,PENDING
CRCNS pvc-11|data_monkey2_gratings|MM_RVD_A9_SELECTED_R6|1|TEMPORAL|5|3,CRCNS pvc-11,monkey2,data_monkey2_gratings,MM-RVD,MM_RVD_A9_SELECTED_R6,1,TEMPORAL,5,bins,3,True,MAIN_FROZEN_T5,PENDING
CRCNS pvc-11|data_monkey2_gratings|MM_RVD_A9_SELECTED_R6|1|TEMPORAL|5|4,CRCNS pvc-11,monkey2,data_monkey2_gratings,MM-RVD,MM_RVD_A9_SELECTED_R6,1,TEMPORAL,5,bins,4,True,MAIN_FROZEN_T5,PENDING
CRCNS pvc-11|data_monkey2_gratings|MM_RVD_A9_SELECTED_R6|1|TEMPORAL|7|0,CRCNS pvc-11,monkey2,data_monkey2_gratings,MM-RVD,MM_RVD_A9_SELECTED_R6,1,TEMPORAL,7,bins,0,False,NEW_SUPP_S1_FIXED_SEED,PENDING
CRCNS pvc-11|data_monkey2_gratings|MM_RVD_A9_SELECTED_R6|1|TEMPORAL|7|1,CRCNS pvc-11,monkey2,data_monkey2_gratings,MM-RVD,MM_RVD_A9_SELECTED_R6,1,TEMPORAL,7,bins,1,False,NEW_SUPP_S1_FIXED_SEED,PENDING
CRCNS pvc-11|data_monkey2_gratings|MM_RVD_A9_SELECTED_R6|1|TEMPORAL|7|2,CRCNS pvc-11,monkey2,data_monkey2_gratings,MM-RVD,MM_RVD_A9_SELECTED_R6,1,TEMPORAL,7,bins,2,False,NEW_SUPP_S1_FIXED_SEED,PENDING
CRCNS pvc-11|data_monkey2_gratings|MM_RVD_A9_SELECTED_R6|1|TEMPORAL|7|3,CRCNS pvc-11,monkey2,data_monkey2_gratings,MM-RVD,MM_RVD_A9_SELECTED_R6,1,TEMPORAL,7,bins,3,False,NEW_SUPP_S1_FIXED_SEED,PENDING
CRCNS pvc-11|data_monkey2_gratings|MM_RVD_A9_SELECTED_R6|1|TEMPORAL|7|4,CRCNS pvc-11,monkey2,data_monkey2_gratings,MM-RVD,MM_RVD_A9_SELECTED_R6,1,TEMPORAL,7,bins,4,False,NEW_SUPP_S1_FIXED_SEED,PENDING
CRCNS pvc-11|data_monkey2_gratings|MM_RVD_A9_SELECTED_R6|1|TEMPORAL|10|0,CRCNS pvc-11,monkey2,data_monkey2_gratings,MM-RVD,MM_RVD_A9_SELECTED_R6,1,TEMPORAL,10,bins,0,False,NEW_SUPP_S1_FIXED_SEED,PENDING
CRCNS pvc-11|data_monkey2_gratings|MM_RVD_A9_SELECTED_R6|1|TEMPORAL|10|1,CRCNS pvc-11,monkey2,data_monkey2_gratings,MM-RVD,MM_RVD_A9_SELECTED_R6,1,TEMPORAL,10,bins,1,False,NEW_SUPP_S1_FIXED_SEED,PENDING
CRCNS pvc-11|data_monkey2_gratings|MM_RVD_A9_SELECTED_R6|1|TEMPORAL|10|2,CRCNS pvc-11,monkey2,data_monkey2_gratings,MM-RVD,MM_RVD_A9_SELECTED_R6,1,TEMPORAL,10,bins,2,False,NEW_SUPP_S1_FIXED_SEED,PENDING
CRCNS pvc-11|data_monkey2_gratings|MM_RVD_A9_SELECTED_R6|1|TEMPORAL|10|3,CRCNS pvc-11,monkey2,data_monkey2_gratings,MM-RVD,MM_RVD_A9_SELECTED_R6,1,TEMPORAL,10,bins,3,False,NEW_SUPP_S1_FIXED_SEED,PENDING
CRCNS pvc-11|data_monkey2_gratings|MM_RVD_A9_SELECTED_R6|1|TEMPORAL|10|4,CRCNS pvc-11,monkey2,data_monkey2_gratings,MM-RVD,MM_RVD_A9_SELECTED_R6,1,TEMPORAL,10,bins,4,False,NEW_SUPP_S1_FIXED_SEED,PENDING
CRCNS pvc-11|data_monkey2_gratings|CEBRA_FLAT_LOGREG|0|CLEAN|0,CRCNS pvc-11,monkey2,data_monkey2_gratings,CEBRA,CEBRA_FLAT_LOGREG,0,CLEAN_REFERENCE,0,none,0,False,R4_CLEAN_REFERENCE,PENDING
CRCNS pvc-11|data_monkey2_gratings|CEBRA_FLAT_LOGREG|0|UNIT|0.1|0,CRCNS pvc-11,monkey2,data_monkey2_gratings,CEBRA,CEBRA_FLAT_LOGREG,0,UNIT,0.1,proportion,0,False,NEW_SUPP_S1_FIXED_SEED,PENDING
CRCNS pvc-11|data_monkey2_gratings|CEBRA_FLAT_LOGREG|0|UNIT|0.1|1,CRCNS pvc-11,monkey2,data_monkey2_gratings,CEBRA,CEBRA_FLAT_LOGREG,0,UNIT,0.1,proportion,1,False,NEW_SUPP_S1_FIXED_SEED,PENDING
CRCNS pvc-11|data_monkey2_gratings|CEBRA_FLAT_LOGREG|0|UNIT|0.1|2,CRCNS pvc-11,monkey2,data_monkey2_gratings,CEBRA,CEBRA_FLAT_LOGREG,0,UNIT,0.1,proportion,2,False,NEW_SUPP_S1_FIXED_SEED,PENDING
CRCNS pvc-11|data_monkey2_gratings|CEBRA_FLAT_LOGREG|0|UNIT|0.1|3,CRCNS pvc-11,monkey2,data_monkey2_gratings,CEBRA,CEBRA_FLAT_LOGREG,0,UNIT,0.1,proportion,3,False,NEW_SUPP_S1_FIXED_SEED,PENDING
CRCNS pvc-11|data_monkey2_gratings|CEBRA_FLAT_LOGREG|0|UNIT|0.1|4,CRCNS pvc-11,monkey2,data_monkey2_gratings,CEBRA,CEBRA_FLAT_LOGREG,0,UNIT,0.1,proportion,4,False,NEW_SUPP_S1_FIXED_SEED,PENDING
CRCNS pvc-11|data_monkey2_gratings|CEBRA_FLAT_LOGREG|0|UNIT|0.2|0,CRCNS pvc-11,monkey2,data_monkey2_gratings,CEBRA,CEBRA_FLAT_LOGREG,0,UNIT,0.2,proportion,0,False,NEW_SUPP_S1_FIXED_SEED,PENDING
CRCNS pvc-11|data_monkey2_gratings|CEBRA_FLAT_LOGREG|0|UNIT|0.2|1,CRCNS pvc-11,monkey2,data_monkey2_gratings,CEBRA,CEBRA_FLAT_LOGREG,0,UNIT,0.2,proportion,1,False,NEW_SUPP_S1_FIXED_SEED,PENDING
CRCNS pvc-11|data_monkey2_gratings|CEBRA_FLAT_LOGREG|0|UNIT|0.2|2,CRCNS pvc-11,monkey2,data_monkey2_gratings,CEBRA,CEBRA_FLAT_LOGREG,0,UNIT,0.2,proportion,2,False,NEW_SUPP_S1_FIXED_SEED,PENDING
CRCNS pvc-11|data_monkey2_gratings|CEBRA_FLAT_LOGREG|0|UNIT|0.2|3,CRCNS pvc-11,monkey2,data_monkey2_gratings,CEBRA,CEBRA_FLAT_LOGREG,0,UNIT,0.2,proportion,3,False,NEW_SUPP_S1_FIXED_SEED,PENDING
CRCNS pvc-11|data_monkey2_gratings|CEBRA_FLAT_LOGREG|0|UNIT|0.2|4,CRCNS pvc-11,monkey2,data_monkey2_gratings,CEBRA,CEBRA_FLAT_LOGREG,0,UNIT,0.2,proportion,4,False,NEW_SUPP_S1_FIXED_SEED,PENDING
CRCNS pvc-11|data_monkey2_gratings|CEBRA_FLAT_LOGREG|0|UNIT|0.3|0,CRCNS pvc-11,monkey2,data_monkey2_gratings,CEBRA,CEBRA_FLAT_LOGREG,0,UNIT,0.3,proportion,0,True,MAIN_FROZEN_U30,PENDING
CRCNS pvc-11|data_monkey2_gratings|CEBRA_FLAT_LOGREG|0|UNIT|0.3|1,CRCNS pvc-11,monkey2,data_monkey2_gratings,CEBRA,CEBRA_FLAT_LOGREG,0,UNIT,0.3,proportion,1,True,MAIN_FROZEN_U30,PENDING
CRCNS pvc-11|data_monkey2_gratings|CEBRA_FLAT_LOGREG|0|UNIT|0.3|2,CRCNS pvc-11,monkey2,data_monkey2_gratings,CEBRA,CEBRA_FLAT_LOGREG,0,UNIT,0.3,proportion,2,True,MAIN_FROZEN_U30,PENDING
CRCNS pvc-11|data_monkey2_gratings|CEBRA_FLAT_LOGREG|0|UNIT|0.3|3,CRCNS pvc-11,monkey2,data_monkey2_gratings,CEBRA,CEBRA_FLAT_LOGREG,0,UNIT,0.3,proportion,3,True,MAIN_FROZEN_U30,PENDING
CRCNS pvc-11|data_monkey2_gratings|CEBRA_FLAT_LOGREG|0|UNIT|0.3|4,CRCNS pvc-11,monkey2,data_monkey2_gratings,CEBRA,CEBRA_FLAT_LOGREG,0,UNIT,0.3,proportion,4,True,MAIN_FROZEN_U30,PENDING
CRCNS pvc-11|data_monkey2_gratings|CEBRA_FLAT_LOGREG|0|UNIT|0.4|0,CRCNS pvc-11,monkey2,data_monkey2_gratings,CEBRA,CEBRA_FLAT_LOGREG,0,UNIT,0.4,proportion,0,False,NEW_SUPP_S1_FIXED_SEED,PENDING
CRCNS pvc-11|data_monkey2_gratings|CEBRA_FLAT_LOGREG|0|UNIT|0.4|1,CRCNS pvc-11,monkey2,data_monkey2_gratings,CEBRA,CEBRA_FLAT_LOGREG,0,UNIT,0.4,proportion,1,False,NEW_SUPP_S1_FIXED_SEED,PENDING
CRCNS pvc-11|data_monkey2_gratings|CEBRA_FLAT_LOGREG|0|UNIT|0.4|2,CRCNS pvc-11,monkey2,data_monkey2_gratings,CEBRA,CEBRA_FLAT_LOGREG,0,UNIT,0.4,proportion,2,False,NEW_SUPP_S1_FIXED_SEED,PENDING
CRCNS pvc-11|data_monkey2_gratings|CEBRA_FLAT_LOGREG|0|UNIT|0.4|3,CRCNS pvc-11,monkey2,data_monkey2_gratings,CEBRA,CEBRA_FLAT_LOGREG,0,UNIT,0.4,proportion,3,False,NEW_SUPP_S1_FIXED_SEED,PENDING
CRCNS pvc-11|data_monkey2_gratings|CEBRA_FLAT_LOGREG|0|UNIT|0.4|4,CRCNS pvc-11,monkey2,data_monkey2_gratings,CEBRA,CEBRA_FLAT_LOGREG,0,UNIT,0.4,proportion,4,False,NEW_SUPP_S1_FIXED_SEED,PENDING
CRCNS pvc-11|data_monkey2_gratings|CEBRA_FLAT_LOGREG|0|UNIT|0.5|0,CRCNS pvc-11,monkey2,data_monkey2_gratings,CEBRA,CEBRA_FLAT_LOGREG,0,UNIT,0.5,proportion,0,False,NEW_SUPP_S1_FIXED_SEED,PENDING
CRCNS pvc-11|data_monkey2_gratings|CEBRA_FLAT_LOGREG|0|UNIT|0.5|1,CRCNS pvc-11,monkey2,data_monkey2_gratings,CEBRA,CEBRA_FLAT_LOGREG,0,UNIT,0.5,proportion,1,False,NEW_SUPP_S1_FIXED_SEED,PENDING
CRCNS pvc-11|data_monkey2_gratings|CEBRA_FLAT_LOGREG|0|UNIT|0.5|2,CRCNS pvc-11,monkey2,data_monkey2_gratings,CEBRA,CEBRA_FLAT_LOGREG,0,UNIT,0.5,proportion,2,False,NEW_SUPP_S1_FIXED_SEED,PENDING
CRCNS pvc-11|data_monkey2_gratings|CEBRA_FLAT_LOGREG|0|UNIT|0.5|3,CRCNS pvc-11,monkey2,data_monkey2_gratings,CEBRA,CEBRA_FLAT_LOGREG,0,UNIT,0.5,proportion,3,False,NEW_SUPP_S1_FIXED_SEED,PENDING
CRCNS pvc-11|data_monkey2_gratings|CEBRA_FLAT_LOGREG|0|UNIT|0.5|4,CRCNS pvc-11,monkey2,data_monkey2_gratings,CEBRA,CEBRA_FLAT_LOGREG,0,UNIT,0.5,proportion,4,False,NEW_SUPP_S1_FIXED_SEED,PENDING
CRCNS pvc-11|data_monkey2_gratings|CEBRA_FLAT_LOGREG|0|TEMPORAL|2|0,CRCNS pvc-11,monkey2,data_monkey2_gratings,CEBRA,CEBRA_FLAT_LOGREG,0,TEMPORAL,2,bins,0,False,NEW_SUPP_S1_FIXED_SEED,PENDING
CRCNS pvc-11|data_monkey2_gratings|CEBRA_FLAT_LOGREG|0|TEMPORAL|2|1,CRCNS pvc-11,monkey2,data_monkey2_gratings,CEBRA,CEBRA_FLAT_LOGREG,0,TEMPORAL,2,bins,1,False,NEW_SUPP_S1_FIXED_SEED,PENDING
CRCNS pvc-11|data_monkey2_gratings|CEBRA_FLAT_LOGREG|0|TEMPORAL|2|2,CRCNS pvc-11,monkey2,data_monkey2_gratings,CEBRA,CEBRA_FLAT_LOGREG,0,TEMPORAL,2,bins,2,False,NEW_SUPP_S1_FIXED_SEED,PENDING
CRCNS pvc-11|data_monkey2_gratings|CEBRA_FLAT_LOGREG|0|TEMPORAL|2|3,CRCNS pvc-11,monkey2,data_monkey2_gratings,CEBRA,CEBRA_FLAT_LOGREG,0,TEMPORAL,2,bins,3,False,NEW_SUPP_S1_FIXED_SEED,PENDING
CRCNS pvc-11|data_monkey2_gratings|CEBRA_FLAT_LOGREG|0|TEMPORAL|2|4,CRCNS pvc-11,monkey2,data_monkey2_gratings,CEBRA,CEBRA_FLAT_LOGREG,0,TEMPORAL,2,bins,4,False,NEW_SUPP_S1_FIXED_SEED,PENDING
CRCNS pvc-11|data_monkey2_gratings|CEBRA_FLAT_LOGREG|0|TEMPORAL|3|0,CRCNS pvc-11,monkey2,data_monkey2_gratings,CEBRA,CEBRA_FLAT_LOGREG,0,TEMPORAL,3,bins,0,False,NEW_SUPP_S1_FIXED_SEED,PENDING
CRCNS pvc-11|data_monkey2_gratings|CEBRA_FLAT_LOGREG|0|TEMPORAL|3|1,CRCNS pvc-11,monkey2,data_monkey2_gratings,CEBRA,CEBRA_FLAT_LOGREG,0,TEMPORAL,3,bins,1,False,NEW_SUPP_S1_FIXED_SEED,PENDING
CRCNS pvc-11|data_monkey2_gratings|CEBRA_FLAT_LOGREG|0|TEMPORAL|3|2,CRCNS pvc-11,monkey2,data_monkey2_gratings,CEBRA,CEBRA_FLAT_LOGREG,0,TEMPORAL,3,bins,2,False,NEW_SUPP_S1_FIXED_SEED,PENDING
CRCNS pvc-11|data_monkey2_gratings|CEBRA_FLAT_LOGREG|0|TEMPORAL|3|3,CRCNS pvc-11,monkey2,data_monkey2_gratings,CEBRA,CEBRA_FLAT_LOGREG,0,TEMPORAL,3,bins,3,False,NEW_SUPP_S1_FIXED_SEED,PENDING
CRCNS pvc-11|data_monkey2_gratings|CEBRA_FLAT_LOGREG|0|TEMPORAL|3|4,CRCNS pvc-11,monkey2,data_monkey2_gratings,CEBRA,CEBRA_FLAT_LOGREG,0,TEMPORAL,3,bins,4,False,NEW_SUPP_S1_FIXED_SEED,PENDING
CRCNS pvc-11|data_monkey2_gratings|CEBRA_FLAT_LOGREG|0|TEMPORAL|5|0,CRCNS pvc-11,monkey2,data_monkey2_gratings,CEBRA,CEBRA_FLAT_LOGREG,0,TEMPORAL,5,bins,0,True,MAIN_FROZEN_T5,PENDING
CRCNS pvc-11|data_monkey2_gratings|CEBRA_FLAT_LOGREG|0|TEMPORAL|5|1,CRCNS pvc-11,monkey2,data_monkey2_gratings,CEBRA,CEBRA_FLAT_LOGREG,0,TEMPORAL,5,bins,1,True,MAIN_FROZEN_T5,PENDING
CRCNS pvc-11|data_monkey2_gratings|CEBRA_FLAT_LOGREG|0|TEMPORAL|5|2,CRCNS pvc-11,monkey2,data_monkey2_gratings,CEBRA,CEBRA_FLAT_LOGREG,0,TEMPORAL,5,bins,2,True,MAIN_FROZEN_T5,PENDING
CRCNS pvc-11|data_monkey2_gratings|CEBRA_FLAT_LOGREG|0|TEMPORAL|5|3,CRCNS pvc-11,monkey2,data_monkey2_gratings,CEBRA,CEBRA_FLAT_LOGREG,0,TEMPORAL,5,bins,3,True,MAIN_FROZEN_T5,PENDING
CRCNS pvc-11|data_monkey2_gratings|CEBRA_FLAT_LOGREG|0|TEMPORAL|5|4,CRCNS pvc-11,monkey2,data_monkey2_gratings,CEBRA,CEBRA_FLAT_LOGREG,0,TEMPORAL,5,bins,4,True,MAIN_FROZEN_T5,PENDING
CRCNS pvc-11|data_monkey2_gratings|CEBRA_FLAT_LOGREG|0|TEMPORAL|7|0,CRCNS pvc-11,monkey2,data_monkey2_gratings,CEBRA,CEBRA_FLAT_LOGREG,0,TEMPORAL,7,bins,0,False,NEW_SUPP_S1_FIXED_SEED,PENDING
CRCNS pvc-11|data_monkey2_gratings|CEBRA_FLAT_LOGREG|0|TEMPORAL|7|1,CRCNS pvc-11,monkey2,data_monkey2_gratings,CEBRA,CEBRA_FLAT_LOGREG,0,TEMPORAL,7,bins,1,False,NEW_SUPP_S1_FIXED_SEED,PENDING
CRCNS pvc-11|data_monkey2_gratings|CEBRA_FLAT_LOGREG|0|TEMPORAL|7|2,CRCNS pvc-11,monkey2,data_monkey2_gratings,CEBRA,CEBRA_FLAT_LOGREG,0,TEMPORAL,7,bins,2,False,NEW_SUPP_S1_FIXED_SEED,PENDING
CRCNS pvc-11|data_monkey2_gratings|CEBRA_FLAT_LOGREG|0|TEMPORAL|7|3,CRCNS pvc-11,monkey2,data_monkey2_gratings,CEBRA,CEBRA_FLAT_LOGREG,0,TEMPORAL,7,bins,3,False,NEW_SUPP_S1_FIXED_SEED,PENDING
CRCNS pvc-11|data_monkey2_gratings|CEBRA_FLAT_LOGREG|0|TEMPORAL|7|4,CRCNS pvc-11,monkey2,data_monkey2_gratings,CEBRA,CEBRA_FLAT_LOGREG,0,TEMPORAL,7,bins,4,False,NEW_SUPP_S1_FIXED_SEED,PENDING
CRCNS pvc-11|data_monkey2_gratings|CEBRA_FLAT_LOGREG|0|TEMPORAL|10|0,CRCNS pvc-11,monkey2,data_monkey2_gratings,CEBRA,CEBRA_FLAT_LOGREG,0,TEMPORAL,10,bins,0,False,NEW_SUPP_S1_FIXED_SEED,PENDING
CRCNS pvc-11|data_monkey2_gratings|CEBRA_FLAT_LOGREG|0|TEMPORAL|10|1,CRCNS pvc-11,monkey2,data_monkey2_gratings,CEBRA,CEBRA_FLAT_LOGREG,0,TEMPORAL,10,bins,1,False,NEW_SUPP_S1_FIXED_SEED,PENDING
CRCNS pvc-11|data_monkey2_gratings|CEBRA_FLAT_LOGREG|0|TEMPORAL|10|2,CRCNS pvc-11,monkey2,data_monkey2_gratings,CEBRA,CEBRA_FLAT_LOGREG,0,TEMPORAL,10,bins,2,False,NEW_SUPP_S1_FIXED_SEED,PENDING
CRCNS pvc-11|data_monkey2_gratings|CEBRA_FLAT_LOGREG|0|TEMPORAL|10|3,CRCNS pvc-11,monkey2,data_monkey2_gratings,CEBRA,CEBRA_FLAT_LOGREG,0,TEMPORAL,10,bins,3,False,NEW_SUPP_S1_FIXED_SEED,PENDING
CRCNS pvc-11|data_monkey2_gratings|CEBRA_FLAT_LOGREG|0|TEMPORAL|10|4,CRCNS pvc-11,monkey2,data_monkey2_gratings,CEBRA,CEBRA_FLAT_LOGREG,0,TEMPORAL,10,bins,4,False,NEW_SUPP_S1_FIXED_SEED,PENDING
CRCNS pvc-11|data_monkey2_gratings|CEBRA_FLAT_LOGREG|1|CLEAN|0,CRCNS pvc-11,monkey2,data_monkey2_gratings,CEBRA,CEBRA_FLAT_LOGREG,1,CLEAN_REFERENCE,0,none,0,False,R4_CLEAN_REFERENCE,PENDING
CRCNS pvc-11|data_monkey2_gratings|CEBRA_FLAT_LOGREG|1|UNIT|0.1|0,CRCNS pvc-11,monkey2,data_monkey2_gratings,CEBRA,CEBRA_FLAT_LOGREG,1,UNIT,0.1,proportion,0,False,NEW_SUPP_S1_FIXED_SEED,PENDING
CRCNS pvc-11|data_monkey2_gratings|CEBRA_FLAT_LOGREG|1|UNIT|0.1|1,CRCNS pvc-11,monkey2,data_monkey2_gratings,CEBRA,CEBRA_FLAT_LOGREG,1,UNIT,0.1,proportion,1,False,NEW_SUPP_S1_FIXED_SEED,PENDING
CRCNS pvc-11|data_monkey2_gratings|CEBRA_FLAT_LOGREG|1|UNIT|0.1|2,CRCNS pvc-11,monkey2,data_monkey2_gratings,CEBRA,CEBRA_FLAT_LOGREG,1,UNIT,0.1,proportion,2,False,NEW_SUPP_S1_FIXED_SEED,PENDING
CRCNS pvc-11|data_monkey2_gratings|CEBRA_FLAT_LOGREG|1|UNIT|0.1|3,CRCNS pvc-11,monkey2,data_monkey2_gratings,CEBRA,CEBRA_FLAT_LOGREG,1,UNIT,0.1,proportion,3,False,NEW_SUPP_S1_FIXED_SEED,PENDING
CRCNS pvc-11|data_monkey2_gratings|CEBRA_FLAT_LOGREG|1|UNIT|0.1|4,CRCNS pvc-11,monkey2,data_monkey2_gratings,CEBRA,CEBRA_FLAT_LOGREG,1,UNIT,0.1,proportion,4,False,NEW_SUPP_S1_FIXED_SEED,PENDING
CRCNS pvc-11|data_monkey2_gratings|CEBRA_FLAT_LOGREG|1|UNIT|0.2|0,CRCNS pvc-11,monkey2,data_monkey2_gratings,CEBRA,CEBRA_FLAT_LOGREG,1,UNIT,0.2,proportion,0,False,NEW_SUPP_S1_FIXED_SEED,PENDING
CRCNS pvc-11|data_monkey2_gratings|CEBRA_FLAT_LOGREG|1|UNIT|0.2|1,CRCNS pvc-11,monkey2,data_monkey2_gratings,CEBRA,CEBRA_FLAT_LOGREG,1,UNIT,0.2,proportion,1,False,NEW_SUPP_S1_FIXED_SEED,PENDING
CRCNS pvc-11|data_monkey2_gratings|CEBRA_FLAT_LOGREG|1|UNIT|0.2|2,CRCNS pvc-11,monkey2,data_monkey2_gratings,CEBRA,CEBRA_FLAT_LOGREG,1,UNIT,0.2,proportion,2,False,NEW_SUPP_S1_FIXED_SEED,PENDING
CRCNS pvc-11|data_monkey2_gratings|CEBRA_FLAT_LOGREG|1|UNIT|0.2|3,CRCNS pvc-11,monkey2,data_monkey2_gratings,CEBRA,CEBRA_FLAT_LOGREG,1,UNIT,0.2,proportion,3,False,NEW_SUPP_S1_FIXED_SEED,PENDING
CRCNS pvc-11|data_monkey2_gratings|CEBRA_FLAT_LOGREG|1|UNIT|0.2|4,CRCNS pvc-11,monkey2,data_monkey2_gratings,CEBRA,CEBRA_FLAT_LOGREG,1,UNIT,0.2,proportion,4,False,NEW_SUPP_S1_FIXED_SEED,PENDING
CRCNS pvc-11|data_monkey2_gratings|CEBRA_FLAT_LOGREG|1|UNIT|0.3|0,CRCNS pvc-11,monkey2,data_monkey2_gratings,CEBRA,CEBRA_FLAT_LOGREG,1,UNIT,0.3,proportion,0,True,MAIN_FROZEN_U30,PENDING
CRCNS pvc-11|data_monkey2_gratings|CEBRA_FLAT_LOGREG|1|UNIT|0.3|1,CRCNS pvc-11,monkey2,data_monkey2_gratings,CEBRA,CEBRA_FLAT_LOGREG,1,UNIT,0.3,proportion,1,True,MAIN_FROZEN_U30,PENDING
CRCNS pvc-11|data_monkey2_gratings|CEBRA_FLAT_LOGREG|1|UNIT|0.3|2,CRCNS pvc-11,monkey2,data_monkey2_gratings,CEBRA,CEBRA_FLAT_LOGREG,1,UNIT,0.3,proportion,2,True,MAIN_FROZEN_U30,PENDING
CRCNS pvc-11|data_monkey2_gratings|CEBRA_FLAT_LOGREG|1|UNIT|0.3|3,CRCNS pvc-11,monkey2,data_monkey2_gratings,CEBRA,CEBRA_FLAT_LOGREG,1,UNIT,0.3,proportion,3,True,MAIN_FROZEN_U30,PENDING
CRCNS pvc-11|data_monkey2_gratings|CEBRA_FLAT_LOGREG|1|UNIT|0.3|4,CRCNS pvc-11,monkey2,data_monkey2_gratings,CEBRA,CEBRA_FLAT_LOGREG,1,UNIT,0.3,proportion,4,True,MAIN_FROZEN_U30,PENDING
CRCNS pvc-11|data_monkey2_gratings|CEBRA_FLAT_LOGREG|1|UNIT|0.4|0,CRCNS pvc-11,monkey2,data_monkey2_gratings,CEBRA,CEBRA_FLAT_LOGREG,1,UNIT,0.4,proportion,0,False,NEW_SUPP_S1_FIXED_SEED,PENDING
CRCNS pvc-11|data_monkey2_gratings|CEBRA_FLAT_LOGREG|1|UNIT|0.4|1,CRCNS pvc-11,monkey2,data_monkey2_gratings,CEBRA,CEBRA_FLAT_LOGREG,1,UNIT,0.4,proportion,1,False,NEW_SUPP_S1_FIXED_SEED,PENDING
CRCNS pvc-11|data_monkey2_gratings|CEBRA_FLAT_LOGREG|1|UNIT|0.4|2,CRCNS pvc-11,monkey2,data_monkey2_gratings,CEBRA,CEBRA_FLAT_LOGREG,1,UNIT,0.4,proportion,2,False,NEW_SUPP_S1_FIXED_SEED,PENDING
CRCNS pvc-11|data_monkey2_gratings|CEBRA_FLAT_LOGREG|1|UNIT|0.4|3,CRCNS pvc-11,monkey2,data_monkey2_gratings,CEBRA,CEBRA_FLAT_LOGREG,1,UNIT,0.4,proportion,3,False,NEW_SUPP_S1_FIXED_SEED,PENDING
CRCNS pvc-11|data_monkey2_gratings|CEBRA_FLAT_LOGREG|1|UNIT|0.4|4,CRCNS pvc-11,monkey2,data_monkey2_gratings,CEBRA,CEBRA_FLAT_LOGREG,1,UNIT,0.4,proportion,4,False,NEW_SUPP_S1_FIXED_SEED,PENDING
CRCNS pvc-11|data_monkey2_gratings|CEBRA_FLAT_LOGREG|1|UNIT|0.5|0,CRCNS pvc-11,monkey2,data_monkey2_gratings,CEBRA,CEBRA_FLAT_LOGREG,1,UNIT,0.5,proportion,0,False,NEW_SUPP_S1_FIXED_SEED,PENDING
CRCNS pvc-11|data_monkey2_gratings|CEBRA_FLAT_LOGREG|1|UNIT|0.5|1,CRCNS pvc-11,monkey2,data_monkey2_gratings,CEBRA,CEBRA_FLAT_LOGREG,1,UNIT,0.5,proportion,1,False,NEW_SUPP_S1_FIXED_SEED,PENDING
CRCNS pvc-11|data_monkey2_gratings|CEBRA_FLAT_LOGREG|1|UNIT|0.5|2,CRCNS pvc-11,monkey2,data_monkey2_gratings,CEBRA,CEBRA_FLAT_LOGREG,1,UNIT,0.5,proportion,2,False,NEW_SUPP_S1_FIXED_SEED,PENDING
CRCNS pvc-11|data_monkey2_gratings|CEBRA_FLAT_LOGREG|1|UNIT|0.5|3,CRCNS pvc-11,monkey2,data_monkey2_gratings,CEBRA,CEBRA_FLAT_LOGREG,1,UNIT,0.5,proportion,3,False,NEW_SUPP_S1_FIXED_SEED,PENDING
CRCNS pvc-11|data_monkey2_gratings|CEBRA_FLAT_LOGREG|1|UNIT|0.5|4,CRCNS pvc-11,monkey2,data_monkey2_gratings,CEBRA,CEBRA_FLAT_LOGREG,1,UNIT,0.5,proportion,4,False,NEW_SUPP_S1_FIXED_SEED,PENDING
CRCNS pvc-11|data_monkey2_gratings|CEBRA_FLAT_LOGREG|1|TEMPORAL|2|0,CRCNS pvc-11,monkey2,data_monkey2_gratings,CEBRA,CEBRA_FLAT_LOGREG,1,TEMPORAL,2,bins,0,False,NEW_SUPP_S1_FIXED_SEED,PENDING
CRCNS pvc-11|data_monkey2_gratings|CEBRA_FLAT_LOGREG|1|TEMPORAL|2|1,CRCNS pvc-11,monkey2,data_monkey2_gratings,CEBRA,CEBRA_FLAT_LOGREG,1,TEMPORAL,2,bins,1,False,NEW_SUPP_S1_FIXED_SEED,PENDING
CRCNS pvc-11|data_monkey2_gratings|CEBRA_FLAT_LOGREG|1|TEMPORAL|2|2,CRCNS pvc-11,monkey2,data_monkey2_gratings,CEBRA,CEBRA_FLAT_LOGREG,1,TEMPORAL,2,bins,2,False,NEW_SUPP_S1_FIXED_SEED,PENDING
CRCNS pvc-11|data_monkey2_gratings|CEBRA_FLAT_LOGREG|1|TEMPORAL|2|3,CRCNS pvc-11,monkey2,data_monkey2_gratings,CEBRA,CEBRA_FLAT_LOGREG,1,TEMPORAL,2,bins,3,False,NEW_SUPP_S1_FIXED_SEED,PENDING
CRCNS pvc-11|data_monkey2_gratings|CEBRA_FLAT_LOGREG|1|TEMPORAL|2|4,CRCNS pvc-11,monkey2,data_monkey2_gratings,CEBRA,CEBRA_FLAT_LOGREG,1,TEMPORAL,2,bins,4,False,NEW_SUPP_S1_FIXED_SEED,PENDING
CRCNS pvc-11|data_monkey2_gratings|CEBRA_FLAT_LOGREG|1|TEMPORAL|3|0,CRCNS pvc-11,monkey2,data_monkey2_gratings,CEBRA,CEBRA_FLAT_LOGREG,1,TEMPORAL,3,bins,0,False,NEW_SUPP_S1_FIXED_SEED,PENDING
CRCNS pvc-11|data_monkey2_gratings|CEBRA_FLAT_LOGREG|1|TEMPORAL|3|1,CRCNS pvc-11,monkey2,data_monkey2_gratings,CEBRA,CEBRA_FLAT_LOGREG,1,TEMPORAL,3,bins,1,False,NEW_SUPP_S1_FIXED_SEED,PENDING
CRCNS pvc-11|data_monkey2_gratings|CEBRA_FLAT_LOGREG|1|TEMPORAL|3|2,CRCNS pvc-11,monkey2,data_monkey2_gratings,CEBRA,CEBRA_FLAT_LOGREG,1,TEMPORAL,3,bins,2,False,NEW_SUPP_S1_FIXED_SEED,PENDING
CRCNS pvc-11|data_monkey2_gratings|CEBRA_FLAT_LOGREG|1|TEMPORAL|3|3,CRCNS pvc-11,monkey2,data_monkey2_gratings,CEBRA,CEBRA_FLAT_LOGREG,1,TEMPORAL,3,bins,3,False,NEW_SUPP_S1_FIXED_SEED,PENDING
CRCNS pvc-11|data_monkey2_gratings|CEBRA_FLAT_LOGREG|1|TEMPORAL|3|4,CRCNS pvc-11,monkey2,data_monkey2_gratings,CEBRA,CEBRA_FLAT_LOGREG,1,TEMPORAL,3,bins,4,False,NEW_SUPP_S1_FIXED_SEED,PENDING
CRCNS pvc-11|data_monkey2_gratings|CEBRA_FLAT_LOGREG|1|TEMPORAL|5|0,CRCNS pvc-11,monkey2,data_monkey2_gratings,CEBRA,CEBRA_FLAT_LOGREG,1,TEMPORAL,5,bins,0,True,MAIN_FROZEN_T5,PENDING
CRCNS pvc-11|data_monkey2_gratings|CEBRA_FLAT_LOGREG|1|TEMPORAL|5|1,CRCNS pvc-11,monkey2,data_monkey2_gratings,CEBRA,CEBRA_FLAT_LOGREG,1,TEMPORAL,5,bins,1,True,MAIN_FROZEN_T5,PENDING
CRCNS pvc-11|data_monkey2_gratings|CEBRA_FLAT_LOGREG|1|TEMPORAL|5|2,CRCNS pvc-11,monkey2,data_monkey2_gratings,CEBRA,CEBRA_FLAT_LOGREG,1,TEMPORAL,5,bins,2,True,MAIN_FROZEN_T5,PENDING
CRCNS pvc-11|data_monkey2_gratings|CEBRA_FLAT_LOGREG|1|TEMPORAL|5|3,CRCNS pvc-11,monkey2,data_monkey2_gratings,CEBRA,CEBRA_FLAT_LOGREG,1,TEMPORAL,5,bins,3,True,MAIN_FROZEN_T5,PENDING
CRCNS pvc-11|data_monkey2_gratings|CEBRA_FLAT_LOGREG|1|TEMPORAL|5|4,CRCNS pvc-11,monkey2,data_monkey2_gratings,CEBRA,CEBRA_FLAT_LOGREG,1,TEMPORAL,5,bins,4,True,MAIN_FROZEN_T5,PENDING
CRCNS pvc-11|data_monkey2_gratings|CEBRA_FLAT_LOGREG|1|TEMPORAL|7|0,CRCNS pvc-11,monkey2,data_monkey2_gratings,CEBRA,CEBRA_FLAT_LOGREG,1,TEMPORAL,7,bins,0,False,NEW_SUPP_S1_FIXED_SEED,PENDING
CRCNS pvc-11|data_monkey2_gratings|CEBRA_FLAT_LOGREG|1|TEMPORAL|7|1,CRCNS pvc-11,monkey2,data_monkey2_gratings,CEBRA,CEBRA_FLAT_LOGREG,1,TEMPORAL,7,bins,1,False,NEW_SUPP_S1_FIXED_SEED,PENDING
CRCNS pvc-11|data_monkey2_gratings|CEBRA_FLAT_LOGREG|1|TEMPORAL|7|2,CRCNS pvc-11,monkey2,data_monkey2_gratings,CEBRA,CEBRA_FLAT_LOGREG,1,TEMPORAL,7,bins,2,False,NEW_SUPP_S1_FIXED_SEED,PENDING
CRCNS pvc-11|data_monkey2_gratings|CEBRA_FLAT_LOGREG|1|TEMPORAL|7|3,CRCNS pvc-11,monkey2,data_monkey2_gratings,CEBRA,CEBRA_FLAT_LOGREG,1,TEMPORAL,7,bins,3,False,NEW_SUPP_S1_FIXED_SEED,PENDING
CRCNS pvc-11|data_monkey2_gratings|CEBRA_FLAT_LOGREG|1|TEMPORAL|7|4,CRCNS pvc-11,monkey2,data_monkey2_gratings,CEBRA,CEBRA_FLAT_LOGREG,1,TEMPORAL,7,bins,4,False,NEW_SUPP_S1_FIXED_SEED,PENDING
CRCNS pvc-11|data_monkey2_gratings|CEBRA_FLAT_LOGREG|1|TEMPORAL|10|0,CRCNS pvc-11,monkey2,data_monkey2_gratings,CEBRA,CEBRA_FLAT_LOGREG,1,TEMPORAL,10,bins,0,False,NEW_SUPP_S1_FIXED_SEED,PENDING
CRCNS pvc-11|data_monkey2_gratings|CEBRA_FLAT_LOGREG|1|TEMPORAL|10|1,CRCNS pvc-11,monkey2,data_monkey2_gratings,CEBRA,CEBRA_FLAT_LOGREG,1,TEMPORAL,10,bins,1,False,NEW_SUPP_S1_FIXED_SEED,PENDING
CRCNS pvc-11|data_monkey2_gratings|CEBRA_FLAT_LOGREG|1|TEMPORAL|10|2,CRCNS pvc-11,monkey2,data_monkey2_gratings,CEBRA,CEBRA_FLAT_LOGREG,1,TEMPORAL,10,bins,2,False,NEW_SUPP_S1_FIXED_SEED,PENDING
CRCNS pvc-11|data_monkey2_gratings|CEBRA_FLAT_LOGREG|1|TEMPORAL|10|3,CRCNS pvc-11,monkey2,data_monkey2_gratings,CEBRA,CEBRA_FLAT_LOGREG,1,TEMPORAL,10,bins,3,False,NEW_SUPP_S1_FIXED_SEED,PENDING
CRCNS pvc-11|data_monkey2_gratings|CEBRA_FLAT_LOGREG|1|TEMPORAL|10|4,CRCNS pvc-11,monkey2,data_monkey2_gratings,CEBRA,CEBRA_FLAT_LOGREG,1,TEMPORAL,10,bins,4,False,NEW_SUPP_S1_FIXED_SEED,PENDING
CRCNS pvc-11|data_monkey2_gratings|CEBRA_FLAT_LOGREG|2|CLEAN|0,CRCNS pvc-11,monkey2,data_monkey2_gratings,CEBRA,CEBRA_FLAT_LOGREG,2,CLEAN_REFERENCE,0,none,0,False,R4_CLEAN_REFERENCE,PENDING
CRCNS pvc-11|data_monkey2_gratings|CEBRA_FLAT_LOGREG|2|UNIT|0.1|0,CRCNS pvc-11,monkey2,data_monkey2_gratings,CEBRA,CEBRA_FLAT_LOGREG,2,UNIT,0.1,proportion,0,False,NEW_SUPP_S1_FIXED_SEED,PENDING
CRCNS pvc-11|data_monkey2_gratings|CEBRA_FLAT_LOGREG|2|UNIT|0.1|1,CRCNS pvc-11,monkey2,data_monkey2_gratings,CEBRA,CEBRA_FLAT_LOGREG,2,UNIT,0.1,proportion,1,False,NEW_SUPP_S1_FIXED_SEED,PENDING
CRCNS pvc-11|data_monkey2_gratings|CEBRA_FLAT_LOGREG|2|UNIT|0.1|2,CRCNS pvc-11,monkey2,data_monkey2_gratings,CEBRA,CEBRA_FLAT_LOGREG,2,UNIT,0.1,proportion,2,False,NEW_SUPP_S1_FIXED_SEED,PENDING
CRCNS pvc-11|data_monkey2_gratings|CEBRA_FLAT_LOGREG|2|UNIT|0.1|3,CRCNS pvc-11,monkey2,data_monkey2_gratings,CEBRA,CEBRA_FLAT_LOGREG,2,UNIT,0.1,proportion,3,False,NEW_SUPP_S1_FIXED_SEED,PENDING
CRCNS pvc-11|data_monkey2_gratings|CEBRA_FLAT_LOGREG|2|UNIT|0.1|4,CRCNS pvc-11,monkey2,data_monkey2_gratings,CEBRA,CEBRA_FLAT_LOGREG,2,UNIT,0.1,proportion,4,False,NEW_SUPP_S1_FIXED_SEED,PENDING
CRCNS pvc-11|data_monkey2_gratings|CEBRA_FLAT_LOGREG|2|UNIT|0.2|0,CRCNS pvc-11,monkey2,data_monkey2_gratings,CEBRA,CEBRA_FLAT_LOGREG,2,UNIT,0.2,proportion,0,False,NEW_SUPP_S1_FIXED_SEED,PENDING
CRCNS pvc-11|data_monkey2_gratings|CEBRA_FLAT_LOGREG|2|UNIT|0.2|1,CRCNS pvc-11,monkey2,data_monkey2_gratings,CEBRA,CEBRA_FLAT_LOGREG,2,UNIT,0.2,proportion,1,False,NEW_SUPP_S1_FIXED_SEED,PENDING
CRCNS pvc-11|data_monkey2_gratings|CEBRA_FLAT_LOGREG|2|UNIT|0.2|2,CRCNS pvc-11,monkey2,data_monkey2_gratings,CEBRA,CEBRA_FLAT_LOGREG,2,UNIT,0.2,proportion,2,False,NEW_SUPP_S1_FIXED_SEED,PENDING
CRCNS pvc-11|data_monkey2_gratings|CEBRA_FLAT_LOGREG|2|UNIT|0.2|3,CRCNS pvc-11,monkey2,data_monkey2_gratings,CEBRA,CEBRA_FLAT_LOGREG,2,UNIT,0.2,proportion,3,False,NEW_SUPP_S1_FIXED_SEED,PENDING
CRCNS pvc-11|data_monkey2_gratings|CEBRA_FLAT_LOGREG|2|UNIT|0.2|4,CRCNS pvc-11,monkey2,data_monkey2_gratings,CEBRA,CEBRA_FLAT_LOGREG,2,UNIT,0.2,proportion,4,False,NEW_SUPP_S1_FIXED_SEED,PENDING
CRCNS pvc-11|data_monkey2_gratings|CEBRA_FLAT_LOGREG|2|UNIT|0.3|0,CRCNS pvc-11,monkey2,data_monkey2_gratings,CEBRA,CEBRA_FLAT_LOGREG,2,UNIT,0.3,proportion,0,True,MAIN_FROZEN_U30,PENDING
CRCNS pvc-11|data_monkey2_gratings|CEBRA_FLAT_LOGREG|2|UNIT|0.3|1,CRCNS pvc-11,monkey2,data_monkey2_gratings,CEBRA,CEBRA_FLAT_LOGREG,2,UNIT,0.3,proportion,1,True,MAIN_FROZEN_U30,PENDING
CRCNS pvc-11|data_monkey2_gratings|CEBRA_FLAT_LOGREG|2|UNIT|0.3|2,CRCNS pvc-11,monkey2,data_monkey2_gratings,CEBRA,CEBRA_FLAT_LOGREG,2,UNIT,0.3,proportion,2,True,MAIN_FROZEN_U30,PENDING
CRCNS pvc-11|data_monkey2_gratings|CEBRA_FLAT_LOGREG|2|UNIT|0.3|3,CRCNS pvc-11,monkey2,data_monkey2_gratings,CEBRA,CEBRA_FLAT_LOGREG,2,UNIT,0.3,proportion,3,True,MAIN_FROZEN_U30,PENDING
CRCNS pvc-11|data_monkey2_gratings|CEBRA_FLAT_LOGREG|2|UNIT|0.3|4,CRCNS pvc-11,monkey2,data_monkey2_gratings,CEBRA,CEBRA_FLAT_LOGREG,2,UNIT,0.3,proportion,4,True,MAIN_FROZEN_U30,PENDING
CRCNS pvc-11|data_monkey2_gratings|CEBRA_FLAT_LOGREG|2|UNIT|0.4|0,CRCNS pvc-11,monkey2,data_monkey2_gratings,CEBRA,CEBRA_FLAT_LOGREG,2,UNIT,0.4,proportion,0,False,NEW_SUPP_S1_FIXED_SEED,PENDING
CRCNS pvc-11|data_monkey2_gratings|CEBRA_FLAT_LOGREG|2|UNIT|0.4|1,CRCNS pvc-11,monkey2,data_monkey2_gratings,CEBRA,CEBRA_FLAT_LOGREG,2,UNIT,0.4,proportion,1,False,NEW_SUPP_S1_FIXED_SEED,PENDING
CRCNS pvc-11|data_monkey2_gratings|CEBRA_FLAT_LOGREG|2|UNIT|0.4|2,CRCNS pvc-11,monkey2,data_monkey2_gratings,CEBRA,CEBRA_FLAT_LOGREG,2,UNIT,0.4,proportion,2,False,NEW_SUPP_S1_FIXED_SEED,PENDING
CRCNS pvc-11|data_monkey2_gratings|CEBRA_FLAT_LOGREG|2|UNIT|0.4|3,CRCNS pvc-11,monkey2,data_monkey2_gratings,CEBRA,CEBRA_FLAT_LOGREG,2,UNIT,0.4,proportion,3,False,NEW_SUPP_S1_FIXED_SEED,PENDING
CRCNS pvc-11|data_monkey2_gratings|CEBRA_FLAT_LOGREG|2|UNIT|0.4|4,CRCNS pvc-11,monkey2,data_monkey2_gratings,CEBRA,CEBRA_FLAT_LOGREG,2,UNIT,0.4,proportion,4,False,NEW_SUPP_S1_FIXED_SEED,PENDING
CRCNS pvc-11|data_monkey2_gratings|CEBRA_FLAT_LOGREG|2|UNIT|0.5|0,CRCNS pvc-11,monkey2,data_monkey2_gratings,CEBRA,CEBRA_FLAT_LOGREG,2,UNIT,0.5,proportion,0,False,NEW_SUPP_S1_FIXED_SEED,PENDING
CRCNS pvc-11|data_monkey2_gratings|CEBRA_FLAT_LOGREG|2|UNIT|0.5|1,CRCNS pvc-11,monkey2,data_monkey2_gratings,CEBRA,CEBRA_FLAT_LOGREG,2,UNIT,0.5,proportion,1,False,NEW_SUPP_S1_FIXED_SEED,PENDING
CRCNS pvc-11|data_monkey2_gratings|CEBRA_FLAT_LOGREG|2|UNIT|0.5|2,CRCNS pvc-11,monkey2,data_monkey2_gratings,CEBRA,CEBRA_FLAT_LOGREG,2,UNIT,0.5,proportion,2,False,NEW_SUPP_S1_FIXED_SEED,PENDING
CRCNS pvc-11|data_monkey2_gratings|CEBRA_FLAT_LOGREG|2|UNIT|0.5|3,CRCNS pvc-11,monkey2,data_monkey2_gratings,CEBRA,CEBRA_FLAT_LOGREG,2,UNIT,0.5,proportion,3,False,NEW_SUPP_S1_FIXED_SEED,PENDING
CRCNS pvc-11|data_monkey2_gratings|CEBRA_FLAT_LOGREG|2|UNIT|0.5|4,CRCNS pvc-11,monkey2,data_monkey2_gratings,CEBRA,CEBRA_FLAT_LOGREG,2,UNIT,0.5,proportion,4,False,NEW_SUPP_S1_FIXED_SEED,PENDING
CRCNS pvc-11|data_monkey2_gratings|CEBRA_FLAT_LOGREG|2|TEMPORAL|2|0,CRCNS pvc-11,monkey2,data_monkey2_gratings,CEBRA,CEBRA_FLAT_LOGREG,2,TEMPORAL,2,bins,0,False,NEW_SUPP_S1_FIXED_SEED,PENDING
CRCNS pvc-11|data_monkey2_gratings|CEBRA_FLAT_LOGREG|2|TEMPORAL|2|1,CRCNS pvc-11,monkey2,data_monkey2_gratings,CEBRA,CEBRA_FLAT_LOGREG,2,TEMPORAL,2,bins,1,False,NEW_SUPP_S1_FIXED_SEED,PENDING
CRCNS pvc-11|data_monkey2_gratings|CEBRA_FLAT_LOGREG|2|TEMPORAL|2|2,CRCNS pvc-11,monkey2,data_monkey2_gratings,CEBRA,CEBRA_FLAT_LOGREG,2,TEMPORAL,2,bins,2,False,NEW_SUPP_S1_FIXED_SEED,PENDING
CRCNS pvc-11|data_monkey2_gratings|CEBRA_FLAT_LOGREG|2|TEMPORAL|2|3,CRCNS pvc-11,monkey2,data_monkey2_gratings,CEBRA,CEBRA_FLAT_LOGREG,2,TEMPORAL,2,bins,3,False,NEW_SUPP_S1_FIXED_SEED,PENDING
CRCNS pvc-11|data_monkey2_gratings|CEBRA_FLAT_LOGREG|2|TEMPORAL|2|4,CRCNS pvc-11,monkey2,data_monkey2_gratings,CEBRA,CEBRA_FLAT_LOGREG,2,TEMPORAL,2,bins,4,False,NEW_SUPP_S1_FIXED_SEED,PENDING
CRCNS pvc-11|data_monkey2_gratings|CEBRA_FLAT_LOGREG|2|TEMPORAL|3|0,CRCNS pvc-11,monkey2,data_monkey2_gratings,CEBRA,CEBRA_FLAT_LOGREG,2,TEMPORAL,3,bins,0,False,NEW_SUPP_S1_FIXED_SEED,PENDING
CRCNS pvc-11|data_monkey2_gratings|CEBRA_FLAT_LOGREG|2|TEMPORAL|3|1,CRCNS pvc-11,monkey2,data_monkey2_gratings,CEBRA,CEBRA_FLAT_LOGREG,2,TEMPORAL,3,bins,1,False,NEW_SUPP_S1_FIXED_SEED,PENDING
CRCNS pvc-11|data_monkey2_gratings|CEBRA_FLAT_LOGREG|2|TEMPORAL|3|2,CRCNS pvc-11,monkey2,data_monkey2_gratings,CEBRA,CEBRA_FLAT_LOGREG,2,TEMPORAL,3,bins,2,False,NEW_SUPP_S1_FIXED_SEED,PENDING
CRCNS pvc-11|data_monkey2_gratings|CEBRA_FLAT_LOGREG|2|TEMPORAL|3|3,CRCNS pvc-11,monkey2,data_monkey2_gratings,CEBRA,CEBRA_FLAT_LOGREG,2,TEMPORAL,3,bins,3,False,NEW_SUPP_S1_FIXED_SEED,PENDING
CRCNS pvc-11|data_monkey2_gratings|CEBRA_FLAT_LOGREG|2|TEMPORAL|3|4,CRCNS pvc-11,monkey2,data_monkey2_gratings,CEBRA,CEBRA_FLAT_LOGREG,2,TEMPORAL,3,bins,4,False,NEW_SUPP_S1_FIXED_SEED,PENDING
CRCNS pvc-11|data_monkey2_gratings|CEBRA_FLAT_LOGREG|2|TEMPORAL|5|0,CRCNS pvc-11,monkey2,data_monkey2_gratings,CEBRA,CEBRA_FLAT_LOGREG,2,TEMPORAL,5,bins,0,True,MAIN_FROZEN_T5,PENDING
CRCNS pvc-11|data_monkey2_gratings|CEBRA_FLAT_LOGREG|2|TEMPORAL|5|1,CRCNS pvc-11,monkey2,data_monkey2_gratings,CEBRA,CEBRA_FLAT_LOGREG,2,TEMPORAL,5,bins,1,True,MAIN_FROZEN_T5,PENDING
CRCNS pvc-11|data_monkey2_gratings|CEBRA_FLAT_LOGREG|2|TEMPORAL|5|2,CRCNS pvc-11,monkey2,data_monkey2_gratings,CEBRA,CEBRA_FLAT_LOGREG,2,TEMPORAL,5,bins,2,True,MAIN_FROZEN_T5,PENDING
CRCNS pvc-11|data_monkey2_gratings|CEBRA_FLAT_LOGREG|2|TEMPORAL|5|3,CRCNS pvc-11,monkey2,data_monkey2_gratings,CEBRA,CEBRA_FLAT_LOGREG,2,TEMPORAL,5,bins,3,True,MAIN_FROZEN_T5,PENDING
CRCNS pvc-11|data_monkey2_gratings|CEBRA_FLAT_LOGREG|2|TEMPORAL|5|4,CRCNS pvc-11,monkey2,data_monkey2_gratings,CEBRA,CEBRA_FLAT_LOGREG,2,TEMPORAL,5,bins,4,True,MAIN_FROZEN_T5,PENDING
CRCNS pvc-11|data_monkey2_gratings|CEBRA_FLAT_LOGREG|2|TEMPORAL|7|0,CRCNS pvc-11,monkey2,data_monkey2_gratings,CEBRA,CEBRA_FLAT_LOGREG,2,TEMPORAL,7,bins,0,False,NEW_SUPP_S1_FIXED_SEED,PENDING
CRCNS pvc-11|data_monkey2_gratings|CEBRA_FLAT_LOGREG|2|TEMPORAL|7|1,CRCNS pvc-11,monkey2,data_monkey2_gratings,CEBRA,CEBRA_FLAT_LOGREG,2,TEMPORAL,7,bins,1,False,NEW_SUPP_S1_FIXED_SEED,PENDING
CRCNS pvc-11|data_monkey2_gratings|CEBRA_FLAT_LOGREG|2|TEMPORAL|7|2,CRCNS pvc-11,monkey2,data_monkey2_gratings,CEBRA,CEBRA_FLAT_LOGREG,2,TEMPORAL,7,bins,2,False,NEW_SUPP_S1_FIXED_SEED,PENDING
CRCNS pvc-11|data_monkey2_gratings|CEBRA_FLAT_LOGREG|2|TEMPORAL|7|3,CRCNS pvc-11,monkey2,data_monkey2_gratings,CEBRA,CEBRA_FLAT_LOGREG,2,TEMPORAL,7,bins,3,False,NEW_SUPP_S1_FIXED_SEED,PENDING
CRCNS pvc-11|data_monkey2_gratings|CEBRA_FLAT_LOGREG|2|TEMPORAL|7|4,CRCNS pvc-11,monkey2,data_monkey2_gratings,CEBRA,CEBRA_FLAT_LOGREG,2,TEMPORAL,7,bins,4,False,NEW_SUPP_S1_FIXED_SEED,PENDING
CRCNS pvc-11|data_monkey2_gratings|CEBRA_FLAT_LOGREG|2|TEMPORAL|10|0,CRCNS pvc-11,monkey2,data_monkey2_gratings,CEBRA,CEBRA_FLAT_LOGREG,2,TEMPORAL,10,bins,0,False,NEW_SUPP_S1_FIXED_SEED,PENDING
CRCNS pvc-11|data_monkey2_gratings|CEBRA_FLAT_LOGREG|2|TEMPORAL|10|1,CRCNS pvc-11,monkey2,data_monkey2_gratings,CEBRA,CEBRA_FLAT_LOGREG,2,TEMPORAL,10,bins,1,False,NEW_SUPP_S1_FIXED_SEED,PENDING
CRCNS pvc-11|data_monkey2_gratings|CEBRA_FLAT_LOGREG|2|TEMPORAL|10|2,CRCNS pvc-11,monkey2,data_monkey2_gratings,CEBRA,CEBRA_FLAT_LOGREG,2,TEMPORAL,10,bins,2,False,NEW_SUPP_S1_FIXED_SEED,PENDING
CRCNS pvc-11|data_monkey2_gratings|CEBRA_FLAT_LOGREG|2|TEMPORAL|10|3,CRCNS pvc-11,monkey2,data_monkey2_gratings,CEBRA,CEBRA_FLAT_LOGREG,2,TEMPORAL,10,bins,3,False,NEW_SUPP_S1_FIXED_SEED,PENDING
CRCNS pvc-11|data_monkey2_gratings|CEBRA_FLAT_LOGREG|2|TEMPORAL|10|4,CRCNS pvc-11,monkey2,data_monkey2_gratings,CEBRA,CEBRA_FLAT_LOGREG,2,TEMPORAL,10,bins,4,False,NEW_SUPP_S1_FIXED_SEED,PENDING
CRCNS pvc-11|data_monkey2_gratings|CEBRA_FLAT_LOGREG|3|CLEAN|0,CRCNS pvc-11,monkey2,data_monkey2_gratings,CEBRA,CEBRA_FLAT_LOGREG,3,CLEAN_REFERENCE,0,none,0,False,R4_CLEAN_REFERENCE,PENDING
CRCNS pvc-11|data_monkey2_gratings|CEBRA_FLAT_LOGREG|3|UNIT|0.1|0,CRCNS pvc-11,monkey2,data_monkey2_gratings,CEBRA,CEBRA_FLAT_LOGREG,3,UNIT,0.1,proportion,0,False,NEW_SUPP_S1_FIXED_SEED,PENDING
CRCNS pvc-11|data_monkey2_gratings|CEBRA_FLAT_LOGREG|3|UNIT|0.1|1,CRCNS pvc-11,monkey2,data_monkey2_gratings,CEBRA,CEBRA_FLAT_LOGREG,3,UNIT,0.1,proportion,1,False,NEW_SUPP_S1_FIXED_SEED,PENDING
CRCNS pvc-11|data_monkey2_gratings|CEBRA_FLAT_LOGREG|3|UNIT|0.1|2,CRCNS pvc-11,monkey2,data_monkey2_gratings,CEBRA,CEBRA_FLAT_LOGREG,3,UNIT,0.1,proportion,2,False,NEW_SUPP_S1_FIXED_SEED,PENDING
CRCNS pvc-11|data_monkey2_gratings|CEBRA_FLAT_LOGREG|3|UNIT|0.1|3,CRCNS pvc-11,monkey2,data_monkey2_gratings,CEBRA,CEBRA_FLAT_LOGREG,3,UNIT,0.1,proportion,3,False,NEW_SUPP_S1_FIXED_SEED,PENDING
CRCNS pvc-11|data_monkey2_gratings|CEBRA_FLAT_LOGREG|3|UNIT|0.1|4,CRCNS pvc-11,monkey2,data_monkey2_gratings,CEBRA,CEBRA_FLAT_LOGREG,3,UNIT,0.1,proportion,4,False,NEW_SUPP_S1_FIXED_SEED,PENDING
CRCNS pvc-11|data_monkey2_gratings|CEBRA_FLAT_LOGREG|3|UNIT|0.2|0,CRCNS pvc-11,monkey2,data_monkey2_gratings,CEBRA,CEBRA_FLAT_LOGREG,3,UNIT,0.2,proportion,0,False,NEW_SUPP_S1_FIXED_SEED,PENDING
CRCNS pvc-11|data_monkey2_gratings|CEBRA_FLAT_LOGREG|3|UNIT|0.2|1,CRCNS pvc-11,monkey2,data_monkey2_gratings,CEBRA,CEBRA_FLAT_LOGREG,3,UNIT,0.2,proportion,1,False,NEW_SUPP_S1_FIXED_SEED,PENDING
CRCNS pvc-11|data_monkey2_gratings|CEBRA_FLAT_LOGREG|3|UNIT|0.2|2,CRCNS pvc-11,monkey2,data_monkey2_gratings,CEBRA,CEBRA_FLAT_LOGREG,3,UNIT,0.2,proportion,2,False,NEW_SUPP_S1_FIXED_SEED,PENDING
CRCNS pvc-11|data_monkey2_gratings|CEBRA_FLAT_LOGREG|3|UNIT|0.2|3,CRCNS pvc-11,monkey2,data_monkey2_gratings,CEBRA,CEBRA_FLAT_LOGREG,3,UNIT,0.2,proportion,3,False,NEW_SUPP_S1_FIXED_SEED,PENDING
CRCNS pvc-11|data_monkey2_gratings|CEBRA_FLAT_LOGREG|3|UNIT|0.2|4,CRCNS pvc-11,monkey2,data_monkey2_gratings,CEBRA,CEBRA_FLAT_LOGREG,3,UNIT,0.2,proportion,4,False,NEW_SUPP_S1_FIXED_SEED,PENDING
CRCNS pvc-11|data_monkey2_gratings|CEBRA_FLAT_LOGREG|3|UNIT|0.3|0,CRCNS pvc-11,monkey2,data_monkey2_gratings,CEBRA,CEBRA_FLAT_LOGREG,3,UNIT,0.3,proportion,0,True,MAIN_FROZEN_U30,PENDING
CRCNS pvc-11|data_monkey2_gratings|CEBRA_FLAT_LOGREG|3|UNIT|0.3|1,CRCNS pvc-11,monkey2,data_monkey2_gratings,CEBRA,CEBRA_FLAT_LOGREG,3,UNIT,0.3,proportion,1,True,MAIN_FROZEN_U30,PENDING
CRCNS pvc-11|data_monkey2_gratings|CEBRA_FLAT_LOGREG|3|UNIT|0.3|2,CRCNS pvc-11,monkey2,data_monkey2_gratings,CEBRA,CEBRA_FLAT_LOGREG,3,UNIT,0.3,proportion,2,True,MAIN_FROZEN_U30,PENDING
CRCNS pvc-11|data_monkey2_gratings|CEBRA_FLAT_LOGREG|3|UNIT|0.3|3,CRCNS pvc-11,monkey2,data_monkey2_gratings,CEBRA,CEBRA_FLAT_LOGREG,3,UNIT,0.3,proportion,3,True,MAIN_FROZEN_U30,PENDING
CRCNS pvc-11|data_monkey2_gratings|CEBRA_FLAT_LOGREG|3|UNIT|0.3|4,CRCNS pvc-11,monkey2,data_monkey2_gratings,CEBRA,CEBRA_FLAT_LOGREG,3,UNIT,0.3,proportion,4,True,MAIN_FROZEN_U30,PENDING
CRCNS pvc-11|data_monkey2_gratings|CEBRA_FLAT_LOGREG|3|UNIT|0.4|0,CRCNS pvc-11,monkey2,data_monkey2_gratings,CEBRA,CEBRA_FLAT_LOGREG,3,UNIT,0.4,proportion,0,False,NEW_SUPP_S1_FIXED_SEED,PENDING
CRCNS pvc-11|data_monkey2_gratings|CEBRA_FLAT_LOGREG|3|UNIT|0.4|1,CRCNS pvc-11,monkey2,data_monkey2_gratings,CEBRA,CEBRA_FLAT_LOGREG,3,UNIT,0.4,proportion,1,False,NEW_SUPP_S1_FIXED_SEED,PENDING
CRCNS pvc-11|data_monkey2_gratings|CEBRA_FLAT_LOGREG|3|UNIT|0.4|2,CRCNS pvc-11,monkey2,data_monkey2_gratings,CEBRA,CEBRA_FLAT_LOGREG,3,UNIT,0.4,proportion,2,False,NEW_SUPP_S1_FIXED_SEED,PENDING
CRCNS pvc-11|data_monkey2_gratings|CEBRA_FLAT_LOGREG|3|UNIT|0.4|3,CRCNS pvc-11,monkey2,data_monkey2_gratings,CEBRA,CEBRA_FLAT_LOGREG,3,UNIT,0.4,proportion,3,False,NEW_SUPP_S1_FIXED_SEED,PENDING
CRCNS pvc-11|data_monkey2_gratings|CEBRA_FLAT_LOGREG|3|UNIT|0.4|4,CRCNS pvc-11,monkey2,data_monkey2_gratings,CEBRA,CEBRA_FLAT_LOGREG,3,UNIT,0.4,proportion,4,False,NEW_SUPP_S1_FIXED_SEED,PENDING
CRCNS pvc-11|data_monkey2_gratings|CEBRA_FLAT_LOGREG|3|UNIT|0.5|0,CRCNS pvc-11,monkey2,data_monkey2_gratings,CEBRA,CEBRA_FLAT_LOGREG,3,UNIT,0.5,proportion,0,False,NEW_SUPP_S1_FIXED_SEED,PENDING
CRCNS pvc-11|data_monkey2_gratings|CEBRA_FLAT_LOGREG|3|UNIT|0.5|1,CRCNS pvc-11,monkey2,data_monkey2_gratings,CEBRA,CEBRA_FLAT_LOGREG,3,UNIT,0.5,proportion,1,False,NEW_SUPP_S1_FIXED_SEED,PENDING
CRCNS pvc-11|data_monkey2_gratings|CEBRA_FLAT_LOGREG|3|UNIT|0.5|2,CRCNS pvc-11,monkey2,data_monkey2_gratings,CEBRA,CEBRA_FLAT_LOGREG,3,UNIT,0.5,proportion,2,False,NEW_SUPP_S1_FIXED_SEED,PENDING
CRCNS pvc-11|data_monkey2_gratings|CEBRA_FLAT_LOGREG|3|UNIT|0.5|3,CRCNS pvc-11,monkey2,data_monkey2_gratings,CEBRA,CEBRA_FLAT_LOGREG,3,UNIT,0.5,proportion,3,False,NEW_SUPP_S1_FIXED_SEED,PENDING
CRCNS pvc-11|data_monkey2_gratings|CEBRA_FLAT_LOGREG|3|UNIT|0.5|4,CRCNS pvc-11,monkey2,data_monkey2_gratings,CEBRA,CEBRA_FLAT_LOGREG,3,UNIT,0.5,proportion,4,False,NEW_SUPP_S1_FIXED_SEED,PENDING
CRCNS pvc-11|data_monkey2_gratings|CEBRA_FLAT_LOGREG|3|TEMPORAL|2|0,CRCNS pvc-11,monkey2,data_monkey2_gratings,CEBRA,CEBRA_FLAT_LOGREG,3,TEMPORAL,2,bins,0,False,NEW_SUPP_S1_FIXED_SEED,PENDING
CRCNS pvc-11|data_monkey2_gratings|CEBRA_FLAT_LOGREG|3|TEMPORAL|2|1,CRCNS pvc-11,monkey2,data_monkey2_gratings,CEBRA,CEBRA_FLAT_LOGREG,3,TEMPORAL,2,bins,1,False,NEW_SUPP_S1_FIXED_SEED,PENDING
CRCNS pvc-11|data_monkey2_gratings|CEBRA_FLAT_LOGREG|3|TEMPORAL|2|2,CRCNS pvc-11,monkey2,data_monkey2_gratings,CEBRA,CEBRA_FLAT_LOGREG,3,TEMPORAL,2,bins,2,False,NEW_SUPP_S1_FIXED_SEED,PENDING
CRCNS pvc-11|data_monkey2_gratings|CEBRA_FLAT_LOGREG|3|TEMPORAL|2|3,CRCNS pvc-11,monkey2,data_monkey2_gratings,CEBRA,CEBRA_FLAT_LOGREG,3,TEMPORAL,2,bins,3,False,NEW_SUPP_S1_FIXED_SEED,PENDING
CRCNS pvc-11|data_monkey2_gratings|CEBRA_FLAT_LOGREG|3|TEMPORAL|2|4,CRCNS pvc-11,monkey2,data_monkey2_gratings,CEBRA,CEBRA_FLAT_LOGREG,3,TEMPORAL,2,bins,4,False,NEW_SUPP_S1_FIXED_SEED,PENDING
CRCNS pvc-11|data_monkey2_gratings|CEBRA_FLAT_LOGREG|3|TEMPORAL|3|0,CRCNS pvc-11,monkey2,data_monkey2_gratings,CEBRA,CEBRA_FLAT_LOGREG,3,TEMPORAL,3,bins,0,False,NEW_SUPP_S1_FIXED_SEED,PENDING
CRCNS pvc-11|data_monkey2_gratings|CEBRA_FLAT_LOGREG|3|TEMPORAL|3|1,CRCNS pvc-11,monkey2,data_monkey2_gratings,CEBRA,CEBRA_FLAT_LOGREG,3,TEMPORAL,3,bins,1,False,NEW_SUPP_S1_FIXED_SEED,PENDING
CRCNS pvc-11|data_monkey2_gratings|CEBRA_FLAT_LOGREG|3|TEMPORAL|3|2,CRCNS pvc-11,monkey2,data_monkey2_gratings,CEBRA,CEBRA_FLAT_LOGREG,3,TEMPORAL,3,bins,2,False,NEW_SUPP_S1_FIXED_SEED,PENDING
CRCNS pvc-11|data_monkey2_gratings|CEBRA_FLAT_LOGREG|3|TEMPORAL|3|3,CRCNS pvc-11,monkey2,data_monkey2_gratings,CEBRA,CEBRA_FLAT_LOGREG,3,TEMPORAL,3,bins,3,False,NEW_SUPP_S1_FIXED_SEED,PENDING
CRCNS pvc-11|data_monkey2_gratings|CEBRA_FLAT_LOGREG|3|TEMPORAL|3|4,CRCNS pvc-11,monkey2,data_monkey2_gratings,CEBRA,CEBRA_FLAT_LOGREG,3,TEMPORAL,3,bins,4,False,NEW_SUPP_S1_FIXED_SEED,PENDING
CRCNS pvc-11|data_monkey2_gratings|CEBRA_FLAT_LOGREG|3|TEMPORAL|5|0,CRCNS pvc-11,monkey2,data_monkey2_gratings,CEBRA,CEBRA_FLAT_LOGREG,3,TEMPORAL,5,bins,0,True,MAIN_FROZEN_T5,PENDING
CRCNS pvc-11|data_monkey2_gratings|CEBRA_FLAT_LOGREG|3|TEMPORAL|5|1,CRCNS pvc-11,monkey2,data_monkey2_gratings,CEBRA,CEBRA_FLAT_LOGREG,3,TEMPORAL,5,bins,1,True,MAIN_FROZEN_T5,PENDING
CRCNS pvc-11|data_monkey2_gratings|CEBRA_FLAT_LOGREG|3|TEMPORAL|5|2,CRCNS pvc-11,monkey2,data_monkey2_gratings,CEBRA,CEBRA_FLAT_LOGREG,3,TEMPORAL,5,bins,2,True,MAIN_FROZEN_T5,PENDING
CRCNS pvc-11|data_monkey2_gratings|CEBRA_FLAT_LOGREG|3|TEMPORAL|5|3,CRCNS pvc-11,monkey2,data_monkey2_gratings,CEBRA,CEBRA_FLAT_LOGREG,3,TEMPORAL,5,bins,3,True,MAIN_FROZEN_T5,PENDING
CRCNS pvc-11|data_monkey2_gratings|CEBRA_FLAT_LOGREG|3|TEMPORAL|5|4,CRCNS pvc-11,monkey2,data_monkey2_gratings,CEBRA,CEBRA_FLAT_LOGREG,3,TEMPORAL,5,bins,4,True,MAIN_FROZEN_T5,PENDING
CRCNS pvc-11|data_monkey2_gratings|CEBRA_FLAT_LOGREG|3|TEMPORAL|7|0,CRCNS pvc-11,monkey2,data_monkey2_gratings,CEBRA,CEBRA_FLAT_LOGREG,3,TEMPORAL,7,bins,0,False,NEW_SUPP_S1_FIXED_SEED,PENDING
CRCNS pvc-11|data_monkey2_gratings|CEBRA_FLAT_LOGREG|3|TEMPORAL|7|1,CRCNS pvc-11,monkey2,data_monkey2_gratings,CEBRA,CEBRA_FLAT_LOGREG,3,TEMPORAL,7,bins,1,False,NEW_SUPP_S1_FIXED_SEED,PENDING
CRCNS pvc-11|data_monkey2_gratings|CEBRA_FLAT_LOGREG|3|TEMPORAL|7|2,CRCNS pvc-11,monkey2,data_monkey2_gratings,CEBRA,CEBRA_FLAT_LOGREG,3,TEMPORAL,7,bins,2,False,NEW_SUPP_S1_FIXED_SEED,PENDING
CRCNS pvc-11|data_monkey2_gratings|CEBRA_FLAT_LOGREG|3|TEMPORAL|7|3,CRCNS pvc-11,monkey2,data_monkey2_gratings,CEBRA,CEBRA_FLAT_LOGREG,3,TEMPORAL,7,bins,3,False,NEW_SUPP_S1_FIXED_SEED,PENDING
CRCNS pvc-11|data_monkey2_gratings|CEBRA_FLAT_LOGREG|3|TEMPORAL|7|4,CRCNS pvc-11,monkey2,data_monkey2_gratings,CEBRA,CEBRA_FLAT_LOGREG,3,TEMPORAL,7,bins,4,False,NEW_SUPP_S1_FIXED_SEED,PENDING
CRCNS pvc-11|data_monkey2_gratings|CEBRA_FLAT_LOGREG|3|TEMPORAL|10|0,CRCNS pvc-11,monkey2,data_monkey2_gratings,CEBRA,CEBRA_FLAT_LOGREG,3,TEMPORAL,10,bins,0,False,NEW_SUPP_S1_FIXED_SEED,PENDING
CRCNS pvc-11|data_monkey2_gratings|CEBRA_FLAT_LOGREG|3|TEMPORAL|10|1,CRCNS pvc-11,monkey2,data_monkey2_gratings,CEBRA,CEBRA_FLAT_LOGREG,3,TEMPORAL,10,bins,1,False,NEW_SUPP_S1_FIXED_SEED,PENDING
CRCNS pvc-11|data_monkey2_gratings|CEBRA_FLAT_LOGREG|3|TEMPORAL|10|2,CRCNS pvc-11,monkey2,data_monkey2_gratings,CEBRA,CEBRA_FLAT_LOGREG,3,TEMPORAL,10,bins,2,False,NEW_SUPP_S1_FIXED_SEED,PENDING
CRCNS pvc-11|data_monkey2_gratings|CEBRA_FLAT_LOGREG|3|TEMPORAL|10|3,CRCNS pvc-11,monkey2,data_monkey2_gratings,CEBRA,CEBRA_FLAT_LOGREG,3,TEMPORAL,10,bins,3,False,NEW_SUPP_S1_FIXED_SEED,PENDING
CRCNS pvc-11|data_monkey2_gratings|CEBRA_FLAT_LOGREG|3|TEMPORAL|10|4,CRCNS pvc-11,monkey2,data_monkey2_gratings,CEBRA,CEBRA_FLAT_LOGREG,3,TEMPORAL,10,bins,4,False,NEW_SUPP_S1_FIXED_SEED,PENDING
CRCNS pvc-11|data_monkey2_gratings|CEBRA_FLAT_LOGREG|4|CLEAN|0,CRCNS pvc-11,monkey2,data_monkey2_gratings,CEBRA,CEBRA_FLAT_LOGREG,4,CLEAN_REFERENCE,0,none,0,False,R4_CLEAN_REFERENCE,PENDING
CRCNS pvc-11|data_monkey2_gratings|CEBRA_FLAT_LOGREG|4|UNIT|0.1|0,CRCNS pvc-11,monkey2,data_monkey2_gratings,CEBRA,CEBRA_FLAT_LOGREG,4,UNIT,0.1,proportion,0,False,NEW_SUPP_S1_FIXED_SEED,PENDING
CRCNS pvc-11|data_monkey2_gratings|CEBRA_FLAT_LOGREG|4|UNIT|0.1|1,CRCNS pvc-11,monkey2,data_monkey2_gratings,CEBRA,CEBRA_FLAT_LOGREG,4,UNIT,0.1,proportion,1,False,NEW_SUPP_S1_FIXED_SEED,PENDING
CRCNS pvc-11|data_monkey2_gratings|CEBRA_FLAT_LOGREG|4|UNIT|0.1|2,CRCNS pvc-11,monkey2,data_monkey2_gratings,CEBRA,CEBRA_FLAT_LOGREG,4,UNIT,0.1,proportion,2,False,NEW_SUPP_S1_FIXED_SEED,PENDING
CRCNS pvc-11|data_monkey2_gratings|CEBRA_FLAT_LOGREG|4|UNIT|0.1|3,CRCNS pvc-11,monkey2,data_monkey2_gratings,CEBRA,CEBRA_FLAT_LOGREG,4,UNIT,0.1,proportion,3,False,NEW_SUPP_S1_FIXED_SEED,PENDING
CRCNS pvc-11|data_monkey2_gratings|CEBRA_FLAT_LOGREG|4|UNIT|0.1|4,CRCNS pvc-11,monkey2,data_monkey2_gratings,CEBRA,CEBRA_FLAT_LOGREG,4,UNIT,0.1,proportion,4,False,NEW_SUPP_S1_FIXED_SEED,PENDING
CRCNS pvc-11|data_monkey2_gratings|CEBRA_FLAT_LOGREG|4|UNIT|0.2|0,CRCNS pvc-11,monkey2,data_monkey2_gratings,CEBRA,CEBRA_FLAT_LOGREG,4,UNIT,0.2,proportion,0,False,NEW_SUPP_S1_FIXED_SEED,PENDING
CRCNS pvc-11|data_monkey2_gratings|CEBRA_FLAT_LOGREG|4|UNIT|0.2|1,CRCNS pvc-11,monkey2,data_monkey2_gratings,CEBRA,CEBRA_FLAT_LOGREG,4,UNIT,0.2,proportion,1,False,NEW_SUPP_S1_FIXED_SEED,PENDING
CRCNS pvc-11|data_monkey2_gratings|CEBRA_FLAT_LOGREG|4|UNIT|0.2|2,CRCNS pvc-11,monkey2,data_monkey2_gratings,CEBRA,CEBRA_FLAT_LOGREG,4,UNIT,0.2,proportion,2,False,NEW_SUPP_S1_FIXED_SEED,PENDING
CRCNS pvc-11|data_monkey2_gratings|CEBRA_FLAT_LOGREG|4|UNIT|0.2|3,CRCNS pvc-11,monkey2,data_monkey2_gratings,CEBRA,CEBRA_FLAT_LOGREG,4,UNIT,0.2,proportion,3,False,NEW_SUPP_S1_FIXED_SEED,PENDING
CRCNS pvc-11|data_monkey2_gratings|CEBRA_FLAT_LOGREG|4|UNIT|0.2|4,CRCNS pvc-11,monkey2,data_monkey2_gratings,CEBRA,CEBRA_FLAT_LOGREG,4,UNIT,0.2,proportion,4,False,NEW_SUPP_S1_FIXED_SEED,PENDING
CRCNS pvc-11|data_monkey2_gratings|CEBRA_FLAT_LOGREG|4|UNIT|0.3|0,CRCNS pvc-11,monkey2,data_monkey2_gratings,CEBRA,CEBRA_FLAT_LOGREG,4,UNIT,0.3,proportion,0,True,MAIN_FROZEN_U30,PENDING
CRCNS pvc-11|data_monkey2_gratings|CEBRA_FLAT_LOGREG|4|UNIT|0.3|1,CRCNS pvc-11,monkey2,data_monkey2_gratings,CEBRA,CEBRA_FLAT_LOGREG,4,UNIT,0.3,proportion,1,True,MAIN_FROZEN_U30,PENDING
CRCNS pvc-11|data_monkey2_gratings|CEBRA_FLAT_LOGREG|4|UNIT|0.3|2,CRCNS pvc-11,monkey2,data_monkey2_gratings,CEBRA,CEBRA_FLAT_LOGREG,4,UNIT,0.3,proportion,2,True,MAIN_FROZEN_U30,PENDING
CRCNS pvc-11|data_monkey2_gratings|CEBRA_FLAT_LOGREG|4|UNIT|0.3|3,CRCNS pvc-11,monkey2,data_monkey2_gratings,CEBRA,CEBRA_FLAT_LOGREG,4,UNIT,0.3,proportion,3,True,MAIN_FROZEN_U30,PENDING
CRCNS pvc-11|data_monkey2_gratings|CEBRA_FLAT_LOGREG|4|UNIT|0.3|4,CRCNS pvc-11,monkey2,data_monkey2_gratings,CEBRA,CEBRA_FLAT_LOGREG,4,UNIT,0.3,proportion,4,True,MAIN_FROZEN_U30,PENDING
CRCNS pvc-11|data_monkey2_gratings|CEBRA_FLAT_LOGREG|4|UNIT|0.4|0,CRCNS pvc-11,monkey2,data_monkey2_gratings,CEBRA,CEBRA_FLAT_LOGREG,4,UNIT,0.4,proportion,0,False,NEW_SUPP_S1_FIXED_SEED,PENDING
CRCNS pvc-11|data_monkey2_gratings|CEBRA_FLAT_LOGREG|4|UNIT|0.4|1,CRCNS pvc-11,monkey2,data_monkey2_gratings,CEBRA,CEBRA_FLAT_LOGREG,4,UNIT,0.4,proportion,1,False,NEW_SUPP_S1_FIXED_SEED,PENDING
CRCNS pvc-11|data_monkey2_gratings|CEBRA_FLAT_LOGREG|4|UNIT|0.4|2,CRCNS pvc-11,monkey2,data_monkey2_gratings,CEBRA,CEBRA_FLAT_LOGREG,4,UNIT,0.4,proportion,2,False,NEW_SUPP_S1_FIXED_SEED,PENDING
CRCNS pvc-11|data_monkey2_gratings|CEBRA_FLAT_LOGREG|4|UNIT|0.4|3,CRCNS pvc-11,monkey2,data_monkey2_gratings,CEBRA,CEBRA_FLAT_LOGREG,4,UNIT,0.4,proportion,3,False,NEW_SUPP_S1_FIXED_SEED,PENDING
CRCNS pvc-11|data_monkey2_gratings|CEBRA_FLAT_LOGREG|4|UNIT|0.4|4,CRCNS pvc-11,monkey2,data_monkey2_gratings,CEBRA,CEBRA_FLAT_LOGREG,4,UNIT,0.4,proportion,4,False,NEW_SUPP_S1_FIXED_SEED,PENDING
CRCNS pvc-11|data_monkey2_gratings|CEBRA_FLAT_LOGREG|4|UNIT|0.5|0,CRCNS pvc-11,monkey2,data_monkey2_gratings,CEBRA,CEBRA_FLAT_LOGREG,4,UNIT,0.5,proportion,0,False,NEW_SUPP_S1_FIXED_SEED,PENDING
CRCNS pvc-11|data_monkey2_gratings|CEBRA_FLAT_LOGREG|4|UNIT|0.5|1,CRCNS pvc-11,monkey2,data_monkey2_gratings,CEBRA,CEBRA_FLAT_LOGREG,4,UNIT,0.5,proportion,1,False,NEW_SUPP_S1_FIXED_SEED,PENDING
CRCNS pvc-11|data_monkey2_gratings|CEBRA_FLAT_LOGREG|4|UNIT|0.5|2,CRCNS pvc-11,monkey2,data_monkey2_gratings,CEBRA,CEBRA_FLAT_LOGREG,4,UNIT,0.5,proportion,2,False,NEW_SUPP_S1_FIXED_SEED,PENDING
CRCNS pvc-11|data_monkey2_gratings|CEBRA_FLAT_LOGREG|4|UNIT|0.5|3,CRCNS pvc-11,monkey2,data_monkey2_gratings,CEBRA,CEBRA_FLAT_LOGREG,4,UNIT,0.5,proportion,3,False,NEW_SUPP_S1_FIXED_SEED,PENDING
CRCNS pvc-11|data_monkey2_gratings|CEBRA_FLAT_LOGREG|4|UNIT|0.5|4,CRCNS pvc-11,monkey2,data_monkey2_gratings,CEBRA,CEBRA_FLAT_LOGREG,4,UNIT,0.5,proportion,4,False,NEW_SUPP_S1_FIXED_SEED,PENDING
CRCNS pvc-11|data_monkey2_gratings|CEBRA_FLAT_LOGREG|4|TEMPORAL|2|0,CRCNS pvc-11,monkey2,data_monkey2_gratings,CEBRA,CEBRA_FLAT_LOGREG,4,TEMPORAL,2,bins,0,False,NEW_SUPP_S1_FIXED_SEED,PENDING
CRCNS pvc-11|data_monkey2_gratings|CEBRA_FLAT_LOGREG|4|TEMPORAL|2|1,CRCNS pvc-11,monkey2,data_monkey2_gratings,CEBRA,CEBRA_FLAT_LOGREG,4,TEMPORAL,2,bins,1,False,NEW_SUPP_S1_FIXED_SEED,PENDING
CRCNS pvc-11|data_monkey2_gratings|CEBRA_FLAT_LOGREG|4|TEMPORAL|2|2,CRCNS pvc-11,monkey2,data_monkey2_gratings,CEBRA,CEBRA_FLAT_LOGREG,4,TEMPORAL,2,bins,2,False,NEW_SUPP_S1_FIXED_SEED,PENDING
CRCNS pvc-11|data_monkey2_gratings|CEBRA_FLAT_LOGREG|4|TEMPORAL|2|3,CRCNS pvc-11,monkey2,data_monkey2_gratings,CEBRA,CEBRA_FLAT_LOGREG,4,TEMPORAL,2,bins,3,False,NEW_SUPP_S1_FIXED_SEED,PENDING
CRCNS pvc-11|data_monkey2_gratings|CEBRA_FLAT_LOGREG|4|TEMPORAL|2|4,CRCNS pvc-11,monkey2,data_monkey2_gratings,CEBRA,CEBRA_FLAT_LOGREG,4,TEMPORAL,2,bins,4,False,NEW_SUPP_S1_FIXED_SEED,PENDING
CRCNS pvc-11|data_monkey2_gratings|CEBRA_FLAT_LOGREG|4|TEMPORAL|3|0,CRCNS pvc-11,monkey2,data_monkey2_gratings,CEBRA,CEBRA_FLAT_LOGREG,4,TEMPORAL,3,bins,0,False,NEW_SUPP_S1_FIXED_SEED,PENDING
CRCNS pvc-11|data_monkey2_gratings|CEBRA_FLAT_LOGREG|4|TEMPORAL|3|1,CRCNS pvc-11,monkey2,data_monkey2_gratings,CEBRA,CEBRA_FLAT_LOGREG,4,TEMPORAL,3,bins,1,False,NEW_SUPP_S1_FIXED_SEED,PENDING
CRCNS pvc-11|data_monkey2_gratings|CEBRA_FLAT_LOGREG|4|TEMPORAL|3|2,CRCNS pvc-11,monkey2,data_monkey2_gratings,CEBRA,CEBRA_FLAT_LOGREG,4,TEMPORAL,3,bins,2,False,NEW_SUPP_S1_FIXED_SEED,PENDING
CRCNS pvc-11|data_monkey2_gratings|CEBRA_FLAT_LOGREG|4|TEMPORAL|3|3,CRCNS pvc-11,monkey2,data_monkey2_gratings,CEBRA,CEBRA_FLAT_LOGREG,4,TEMPORAL,3,bins,3,False,NEW_SUPP_S1_FIXED_SEED,PENDING
CRCNS pvc-11|data_monkey2_gratings|CEBRA_FLAT_LOGREG|4|TEMPORAL|3|4,CRCNS pvc-11,monkey2,data_monkey2_gratings,CEBRA,CEBRA_FLAT_LOGREG,4,TEMPORAL,3,bins,4,False,NEW_SUPP_S1_FIXED_SEED,PENDING
CRCNS pvc-11|data_monkey2_gratings|CEBRA_FLAT_LOGREG|4|TEMPORAL|5|0,CRCNS pvc-11,monkey2,data_monkey2_gratings,CEBRA,CEBRA_FLAT_LOGREG,4,TEMPORAL,5,bins,0,True,MAIN_FROZEN_T5,PENDING
CRCNS pvc-11|data_monkey2_gratings|CEBRA_FLAT_LOGREG|4|TEMPORAL|5|1,CRCNS pvc-11,monkey2,data_monkey2_gratings,CEBRA,CEBRA_FLAT_LOGREG,4,TEMPORAL,5,bins,1,True,MAIN_FROZEN_T5,PENDING
CRCNS pvc-11|data_monkey2_gratings|CEBRA_FLAT_LOGREG|4|TEMPORAL|5|2,CRCNS pvc-11,monkey2,data_monkey2_gratings,CEBRA,CEBRA_FLAT_LOGREG,4,TEMPORAL,5,bins,2,True,MAIN_FROZEN_T5,PENDING
CRCNS pvc-11|data_monkey2_gratings|CEBRA_FLAT_LOGREG|4|TEMPORAL|5|3,CRCNS pvc-11,monkey2,data_monkey2_gratings,CEBRA,CEBRA_FLAT_LOGREG,4,TEMPORAL,5,bins,3,True,MAIN_FROZEN_T5,PENDING
CRCNS pvc-11|data_monkey2_gratings|CEBRA_FLAT_LOGREG|4|TEMPORAL|5|4,CRCNS pvc-11,monkey2,data_monkey2_gratings,CEBRA,CEBRA_FLAT_LOGREG,4,TEMPORAL,5,bins,4,True,MAIN_FROZEN_T5,PENDING
CRCNS pvc-11|data_monkey2_gratings|CEBRA_FLAT_LOGREG|4|TEMPORAL|7|0,CRCNS pvc-11,monkey2,data_monkey2_gratings,CEBRA,CEBRA_FLAT_LOGREG,4,TEMPORAL,7,bins,0,False,NEW_SUPP_S1_FIXED_SEED,PENDING
CRCNS pvc-11|data_monkey2_gratings|CEBRA_FLAT_LOGREG|4|TEMPORAL|7|1,CRCNS pvc-11,monkey2,data_monkey2_gratings,CEBRA,CEBRA_FLAT_LOGREG,4,TEMPORAL,7,bins,1,False,NEW_SUPP_S1_FIXED_SEED,PENDING
CRCNS pvc-11|data_monkey2_gratings|CEBRA_FLAT_LOGREG|4|TEMPORAL|7|2,CRCNS pvc-11,monkey2,data_monkey2_gratings,CEBRA,CEBRA_FLAT_LOGREG,4,TEMPORAL,7,bins,2,False,NEW_SUPP_S1_FIXED_SEED,PENDING
CRCNS pvc-11|data_monkey2_gratings|CEBRA_FLAT_LOGREG|4|TEMPORAL|7|3,CRCNS pvc-11,monkey2,data_monkey2_gratings,CEBRA,CEBRA_FLAT_LOGREG,4,TEMPORAL,7,bins,3,False,NEW_SUPP_S1_FIXED_SEED,PENDING
CRCNS pvc-11|data_monkey2_gratings|CEBRA_FLAT_LOGREG|4|TEMPORAL|7|4,CRCNS pvc-11,monkey2,data_monkey2_gratings,CEBRA,CEBRA_FLAT_LOGREG,4,TEMPORAL,7,bins,4,False,NEW_SUPP_S1_FIXED_SEED,PENDING
CRCNS pvc-11|data_monkey2_gratings|CEBRA_FLAT_LOGREG|4|TEMPORAL|10|0,CRCNS pvc-11,monkey2,data_monkey2_gratings,CEBRA,CEBRA_FLAT_LOGREG,4,TEMPORAL,10,bins,0,False,NEW_SUPP_S1_FIXED_SEED,PENDING
CRCNS pvc-11|data_monkey2_gratings|CEBRA_FLAT_LOGREG|4|TEMPORAL|10|1,CRCNS pvc-11,monkey2,data_monkey2_gratings,CEBRA,CEBRA_FLAT_LOGREG,4,TEMPORAL,10,bins,1,False,NEW_SUPP_S1_FIXED_SEED,PENDING
CRCNS pvc-11|data_monkey2_gratings|CEBRA_FLAT_LOGREG|4|TEMPORAL|10|2,CRCNS pvc-11,monkey2,data_monkey2_gratings,CEBRA,CEBRA_FLAT_LOGREG,4,TEMPORAL,10,bins,2,False,NEW_SUPP_S1_FIXED_SEED,PENDING
CRCNS pvc-11|data_monkey2_gratings|CEBRA_FLAT_LOGREG|4|TEMPORAL|10|3,CRCNS pvc-11,monkey2,data_monkey2_gratings,CEBRA,CEBRA_FLAT_LOGREG,4,TEMPORAL,10,bins,3,False,NEW_SUPP_S1_FIXED_SEED,PENDING
CRCNS pvc-11|data_monkey2_gratings|CEBRA_FLAT_LOGREG|4|TEMPORAL|10|4,CRCNS pvc-11,monkey2,data_monkey2_gratings,CEBRA,CEBRA_FLAT_LOGREG,4,TEMPORAL,10,bins,4,False,NEW_SUPP_S1_FIXED_SEED,PENDING
CRCNS pvc-11|data_monkey3_gratings|MM_RVD_A9_SELECTED_R6|0|CLEAN|0,CRCNS pvc-11,monkey3,data_monkey3_gratings,MM-RVD,MM_RVD_A9_SELECTED_R6,0,CLEAN_REFERENCE,0,none,0,False,R4_CLEAN_REFERENCE,PENDING
CRCNS pvc-11|data_monkey3_gratings|MM_RVD_A9_SELECTED_R6|0|UNIT|0.1|0,CRCNS pvc-11,monkey3,data_monkey3_gratings,MM-RVD,MM_RVD_A9_SELECTED_R6,0,UNIT,0.1,proportion,0,False,NEW_SUPP_S1_FIXED_SEED,PENDING
CRCNS pvc-11|data_monkey3_gratings|MM_RVD_A9_SELECTED_R6|0|UNIT|0.1|1,CRCNS pvc-11,monkey3,data_monkey3_gratings,MM-RVD,MM_RVD_A9_SELECTED_R6,0,UNIT,0.1,proportion,1,False,NEW_SUPP_S1_FIXED_SEED,PENDING
CRCNS pvc-11|data_monkey3_gratings|MM_RVD_A9_SELECTED_R6|0|UNIT|0.1|2,CRCNS pvc-11,monkey3,data_monkey3_gratings,MM-RVD,MM_RVD_A9_SELECTED_R6,0,UNIT,0.1,proportion,2,False,NEW_SUPP_S1_FIXED_SEED,PENDING
CRCNS pvc-11|data_monkey3_gratings|MM_RVD_A9_SELECTED_R6|0|UNIT|0.1|3,CRCNS pvc-11,monkey3,data_monkey3_gratings,MM-RVD,MM_RVD_A9_SELECTED_R6,0,UNIT,0.1,proportion,3,False,NEW_SUPP_S1_FIXED_SEED,PENDING
CRCNS pvc-11|data_monkey3_gratings|MM_RVD_A9_SELECTED_R6|0|UNIT|0.1|4,CRCNS pvc-11,monkey3,data_monkey3_gratings,MM-RVD,MM_RVD_A9_SELECTED_R6,0,UNIT,0.1,proportion,4,False,NEW_SUPP_S1_FIXED_SEED,PENDING
CRCNS pvc-11|data_monkey3_gratings|MM_RVD_A9_SELECTED_R6|0|UNIT|0.2|0,CRCNS pvc-11,monkey3,data_monkey3_gratings,MM-RVD,MM_RVD_A9_SELECTED_R6,0,UNIT,0.2,proportion,0,False,NEW_SUPP_S1_FIXED_SEED,PENDING
CRCNS pvc-11|data_monkey3_gratings|MM_RVD_A9_SELECTED_R6|0|UNIT|0.2|1,CRCNS pvc-11,monkey3,data_monkey3_gratings,MM-RVD,MM_RVD_A9_SELECTED_R6,0,UNIT,0.2,proportion,1,False,NEW_SUPP_S1_FIXED_SEED,PENDING
CRCNS pvc-11|data_monkey3_gratings|MM_RVD_A9_SELECTED_R6|0|UNIT|0.2|2,CRCNS pvc-11,monkey3,data_monkey3_gratings,MM-RVD,MM_RVD_A9_SELECTED_R6,0,UNIT,0.2,proportion,2,False,NEW_SUPP_S1_FIXED_SEED,PENDING
CRCNS pvc-11|data_monkey3_gratings|MM_RVD_A9_SELECTED_R6|0|UNIT|0.2|3,CRCNS pvc-11,monkey3,data_monkey3_gratings,MM-RVD,MM_RVD_A9_SELECTED_R6,0,UNIT,0.2,proportion,3,False,NEW_SUPP_S1_FIXED_SEED,PENDING
CRCNS pvc-11|data_monkey3_gratings|MM_RVD_A9_SELECTED_R6|0|UNIT|0.2|4,CRCNS pvc-11,monkey3,data_monkey3_gratings,MM-RVD,MM_RVD_A9_SELECTED_R6,0,UNIT,0.2,proportion,4,False,NEW_SUPP_S1_FIXED_SEED,PENDING
CRCNS pvc-11|data_monkey3_gratings|MM_RVD_A9_SELECTED_R6|0|UNIT|0.3|0,CRCNS pvc-11,monkey3,data_monkey3_gratings,MM-RVD,MM_RVD_A9_SELECTED_R6,0,UNIT,0.3,proportion,0,True,MAIN_FROZEN_U30,PENDING
CRCNS pvc-11|data_monkey3_gratings|MM_RVD_A9_SELECTED_R6|0|UNIT|0.3|1,CRCNS pvc-11,monkey3,data_monkey3_gratings,MM-RVD,MM_RVD_A9_SELECTED_R6,0,UNIT,0.3,proportion,1,True,MAIN_FROZEN_U30,PENDING
CRCNS pvc-11|data_monkey3_gratings|MM_RVD_A9_SELECTED_R6|0|UNIT|0.3|2,CRCNS pvc-11,monkey3,data_monkey3_gratings,MM-RVD,MM_RVD_A9_SELECTED_R6,0,UNIT,0.3,proportion,2,True,MAIN_FROZEN_U30,PENDING
CRCNS pvc-11|data_monkey3_gratings|MM_RVD_A9_SELECTED_R6|0|UNIT|0.3|3,CRCNS pvc-11,monkey3,data_monkey3_gratings,MM-RVD,MM_RVD_A9_SELECTED_R6,0,UNIT,0.3,proportion,3,True,MAIN_FROZEN_U30,PENDING
CRCNS pvc-11|data_monkey3_gratings|MM_RVD_A9_SELECTED_R6|0|UNIT|0.3|4,CRCNS pvc-11,monkey3,data_monkey3_gratings,MM-RVD,MM_RVD_A9_SELECTED_R6,0,UNIT,0.3,proportion,4,True,MAIN_FROZEN_U30,PENDING
CRCNS pvc-11|data_monkey3_gratings|MM_RVD_A9_SELECTED_R6|0|UNIT|0.4|0,CRCNS pvc-11,monkey3,data_monkey3_gratings,MM-RVD,MM_RVD_A9_SELECTED_R6,0,UNIT,0.4,proportion,0,False,NEW_SUPP_S1_FIXED_SEED,PENDING
CRCNS pvc-11|data_monkey3_gratings|MM_RVD_A9_SELECTED_R6|0|UNIT|0.4|1,CRCNS pvc-11,monkey3,data_monkey3_gratings,MM-RVD,MM_RVD_A9_SELECTED_R6,0,UNIT,0.4,proportion,1,False,NEW_SUPP_S1_FIXED_SEED,PENDING
CRCNS pvc-11|data_monkey3_gratings|MM_RVD_A9_SELECTED_R6|0|UNIT|0.4|2,CRCNS pvc-11,monkey3,data_monkey3_gratings,MM-RVD,MM_RVD_A9_SELECTED_R6,0,UNIT,0.4,proportion,2,False,NEW_SUPP_S1_FIXED_SEED,PENDING
CRCNS pvc-11|data_monkey3_gratings|MM_RVD_A9_SELECTED_R6|0|UNIT|0.4|3,CRCNS pvc-11,monkey3,data_monkey3_gratings,MM-RVD,MM_RVD_A9_SELECTED_R6,0,UNIT,0.4,proportion,3,False,NEW_SUPP_S1_FIXED_SEED,PENDING
CRCNS pvc-11|data_monkey3_gratings|MM_RVD_A9_SELECTED_R6|0|UNIT|0.4|4,CRCNS pvc-11,monkey3,data_monkey3_gratings,MM-RVD,MM_RVD_A9_SELECTED_R6,0,UNIT,0.4,proportion,4,False,NEW_SUPP_S1_FIXED_SEED,PENDING
CRCNS pvc-11|data_monkey3_gratings|MM_RVD_A9_SELECTED_R6|0|UNIT|0.5|0,CRCNS pvc-11,monkey3,data_monkey3_gratings,MM-RVD,MM_RVD_A9_SELECTED_R6,0,UNIT,0.5,proportion,0,False,NEW_SUPP_S1_FIXED_SEED,PENDING
CRCNS pvc-11|data_monkey3_gratings|MM_RVD_A9_SELECTED_R6|0|UNIT|0.5|1,CRCNS pvc-11,monkey3,data_monkey3_gratings,MM-RVD,MM_RVD_A9_SELECTED_R6,0,UNIT,0.5,proportion,1,False,NEW_SUPP_S1_FIXED_SEED,PENDING
CRCNS pvc-11|data_monkey3_gratings|MM_RVD_A9_SELECTED_R6|0|UNIT|0.5|2,CRCNS pvc-11,monkey3,data_monkey3_gratings,MM-RVD,MM_RVD_A9_SELECTED_R6,0,UNIT,0.5,proportion,2,False,NEW_SUPP_S1_FIXED_SEED,PENDING
CRCNS pvc-11|data_monkey3_gratings|MM_RVD_A9_SELECTED_R6|0|UNIT|0.5|3,CRCNS pvc-11,monkey3,data_monkey3_gratings,MM-RVD,MM_RVD_A9_SELECTED_R6,0,UNIT,0.5,proportion,3,False,NEW_SUPP_S1_FIXED_SEED,PENDING
CRCNS pvc-11|data_monkey3_gratings|MM_RVD_A9_SELECTED_R6|0|UNIT|0.5|4,CRCNS pvc-11,monkey3,data_monkey3_gratings,MM-RVD,MM_RVD_A9_SELECTED_R6,0,UNIT,0.5,proportion,4,False,NEW_SUPP_S1_FIXED_SEED,PENDING
CRCNS pvc-11|data_monkey3_gratings|MM_RVD_A9_SELECTED_R6|0|TEMPORAL|2|0,CRCNS pvc-11,monkey3,data_monkey3_gratings,MM-RVD,MM_RVD_A9_SELECTED_R6,0,TEMPORAL,2,bins,0,False,NEW_SUPP_S1_FIXED_SEED,PENDING
CRCNS pvc-11|data_monkey3_gratings|MM_RVD_A9_SELECTED_R6|0|TEMPORAL|2|1,CRCNS pvc-11,monkey3,data_monkey3_gratings,MM-RVD,MM_RVD_A9_SELECTED_R6,0,TEMPORAL,2,bins,1,False,NEW_SUPP_S1_FIXED_SEED,PENDING
CRCNS pvc-11|data_monkey3_gratings|MM_RVD_A9_SELECTED_R6|0|TEMPORAL|2|2,CRCNS pvc-11,monkey3,data_monkey3_gratings,MM-RVD,MM_RVD_A9_SELECTED_R6,0,TEMPORAL,2,bins,2,False,NEW_SUPP_S1_FIXED_SEED,PENDING
CRCNS pvc-11|data_monkey3_gratings|MM_RVD_A9_SELECTED_R6|0|TEMPORAL|2|3,CRCNS pvc-11,monkey3,data_monkey3_gratings,MM-RVD,MM_RVD_A9_SELECTED_R6,0,TEMPORAL,2,bins,3,False,NEW_SUPP_S1_FIXED_SEED,PENDING
CRCNS pvc-11|data_monkey3_gratings|MM_RVD_A9_SELECTED_R6|0|TEMPORAL|2|4,CRCNS pvc-11,monkey3,data_monkey3_gratings,MM-RVD,MM_RVD_A9_SELECTED_R6,0,TEMPORAL,2,bins,4,False,NEW_SUPP_S1_FIXED_SEED,PENDING
CRCNS pvc-11|data_monkey3_gratings|MM_RVD_A9_SELECTED_R6|0|TEMPORAL|3|0,CRCNS pvc-11,monkey3,data_monkey3_gratings,MM-RVD,MM_RVD_A9_SELECTED_R6,0,TEMPORAL,3,bins,0,False,NEW_SUPP_S1_FIXED_SEED,PENDING
CRCNS pvc-11|data_monkey3_gratings|MM_RVD_A9_SELECTED_R6|0|TEMPORAL|3|1,CRCNS pvc-11,monkey3,data_monkey3_gratings,MM-RVD,MM_RVD_A9_SELECTED_R6,0,TEMPORAL,3,bins,1,False,NEW_SUPP_S1_FIXED_SEED,PENDING
CRCNS pvc-11|data_monkey3_gratings|MM_RVD_A9_SELECTED_R6|0|TEMPORAL|3|2,CRCNS pvc-11,monkey3,data_monkey3_gratings,MM-RVD,MM_RVD_A9_SELECTED_R6,0,TEMPORAL,3,bins,2,False,NEW_SUPP_S1_FIXED_SEED,PENDING
CRCNS pvc-11|data_monkey3_gratings|MM_RVD_A9_SELECTED_R6|0|TEMPORAL|3|3,CRCNS pvc-11,monkey3,data_monkey3_gratings,MM-RVD,MM_RVD_A9_SELECTED_R6,0,TEMPORAL,3,bins,3,False,NEW_SUPP_S1_FIXED_SEED,PENDING
CRCNS pvc-11|data_monkey3_gratings|MM_RVD_A9_SELECTED_R6|0|TEMPORAL|3|4,CRCNS pvc-11,monkey3,data_monkey3_gratings,MM-RVD,MM_RVD_A9_SELECTED_R6,0,TEMPORAL,3,bins,4,False,NEW_SUPP_S1_FIXED_SEED,PENDING
CRCNS pvc-11|data_monkey3_gratings|MM_RVD_A9_SELECTED_R6|0|TEMPORAL|5|0,CRCNS pvc-11,monkey3,data_monkey3_gratings,MM-RVD,MM_RVD_A9_SELECTED_R6,0,TEMPORAL,5,bins,0,True,MAIN_FROZEN_T5,PENDING
CRCNS pvc-11|data_monkey3_gratings|MM_RVD_A9_SELECTED_R6|0|TEMPORAL|5|1,CRCNS pvc-11,monkey3,data_monkey3_gratings,MM-RVD,MM_RVD_A9_SELECTED_R6,0,TEMPORAL,5,bins,1,True,MAIN_FROZEN_T5,PENDING
CRCNS pvc-11|data_monkey3_gratings|MM_RVD_A9_SELECTED_R6|0|TEMPORAL|5|2,CRCNS pvc-11,monkey3,data_monkey3_gratings,MM-RVD,MM_RVD_A9_SELECTED_R6,0,TEMPORAL,5,bins,2,True,MAIN_FROZEN_T5,PENDING
CRCNS pvc-11|data_monkey3_gratings|MM_RVD_A9_SELECTED_R6|0|TEMPORAL|5|3,CRCNS pvc-11,monkey3,data_monkey3_gratings,MM-RVD,MM_RVD_A9_SELECTED_R6,0,TEMPORAL,5,bins,3,True,MAIN_FROZEN_T5,PENDING
CRCNS pvc-11|data_monkey3_gratings|MM_RVD_A9_SELECTED_R6|0|TEMPORAL|5|4,CRCNS pvc-11,monkey3,data_monkey3_gratings,MM-RVD,MM_RVD_A9_SELECTED_R6,0,TEMPORAL,5,bins,4,True,MAIN_FROZEN_T5,PENDING
CRCNS pvc-11|data_monkey3_gratings|MM_RVD_A9_SELECTED_R6|0|TEMPORAL|7|0,CRCNS pvc-11,monkey3,data_monkey3_gratings,MM-RVD,MM_RVD_A9_SELECTED_R6,0,TEMPORAL,7,bins,0,False,NEW_SUPP_S1_FIXED_SEED,PENDING
CRCNS pvc-11|data_monkey3_gratings|MM_RVD_A9_SELECTED_R6|0|TEMPORAL|7|1,CRCNS pvc-11,monkey3,data_monkey3_gratings,MM-RVD,MM_RVD_A9_SELECTED_R6,0,TEMPORAL,7,bins,1,False,NEW_SUPP_S1_FIXED_SEED,PENDING
CRCNS pvc-11|data_monkey3_gratings|MM_RVD_A9_SELECTED_R6|0|TEMPORAL|7|2,CRCNS pvc-11,monkey3,data_monkey3_gratings,MM-RVD,MM_RVD_A9_SELECTED_R6,0,TEMPORAL,7,bins,2,False,NEW_SUPP_S1_FIXED_SEED,PENDING
CRCNS pvc-11|data_monkey3_gratings|MM_RVD_A9_SELECTED_R6|0|TEMPORAL|7|3,CRCNS pvc-11,monkey3,data_monkey3_gratings,MM-RVD,MM_RVD_A9_SELECTED_R6,0,TEMPORAL,7,bins,3,False,NEW_SUPP_S1_FIXED_SEED,PENDING
CRCNS pvc-11|data_monkey3_gratings|MM_RVD_A9_SELECTED_R6|0|TEMPORAL|7|4,CRCNS pvc-11,monkey3,data_monkey3_gratings,MM-RVD,MM_RVD_A9_SELECTED_R6,0,TEMPORAL,7,bins,4,False,NEW_SUPP_S1_FIXED_SEED,PENDING
CRCNS pvc-11|data_monkey3_gratings|MM_RVD_A9_SELECTED_R6|0|TEMPORAL|10|0,CRCNS pvc-11,monkey3,data_monkey3_gratings,MM-RVD,MM_RVD_A9_SELECTED_R6,0,TEMPORAL,10,bins,0,False,NEW_SUPP_S1_FIXED_SEED,PENDING
CRCNS pvc-11|data_monkey3_gratings|MM_RVD_A9_SELECTED_R6|0|TEMPORAL|10|1,CRCNS pvc-11,monkey3,data_monkey3_gratings,MM-RVD,MM_RVD_A9_SELECTED_R6,0,TEMPORAL,10,bins,1,False,NEW_SUPP_S1_FIXED_SEED,PENDING
CRCNS pvc-11|data_monkey3_gratings|MM_RVD_A9_SELECTED_R6|0|TEMPORAL|10|2,CRCNS pvc-11,monkey3,data_monkey3_gratings,MM-RVD,MM_RVD_A9_SELECTED_R6,0,TEMPORAL,10,bins,2,False,NEW_SUPP_S1_FIXED_SEED,PENDING
CRCNS pvc-11|data_monkey3_gratings|MM_RVD_A9_SELECTED_R6|0|TEMPORAL|10|3,CRCNS pvc-11,monkey3,data_monkey3_gratings,MM-RVD,MM_RVD_A9_SELECTED_R6,0,TEMPORAL,10,bins,3,False,NEW_SUPP_S1_FIXED_SEED,PENDING
CRCNS pvc-11|data_monkey3_gratings|MM_RVD_A9_SELECTED_R6|0|TEMPORAL|10|4,CRCNS pvc-11,monkey3,data_monkey3_gratings,MM-RVD,MM_RVD_A9_SELECTED_R6,0,TEMPORAL,10,bins,4,False,NEW_SUPP_S1_FIXED_SEED,PENDING
CRCNS pvc-11|data_monkey3_gratings|MM_RVD_A9_SELECTED_R6|1|CLEAN|0,CRCNS pvc-11,monkey3,data_monkey3_gratings,MM-RVD,MM_RVD_A9_SELECTED_R6,1,CLEAN_REFERENCE,0,none,0,False,R4_CLEAN_REFERENCE,PENDING
CRCNS pvc-11|data_monkey3_gratings|MM_RVD_A9_SELECTED_R6|1|UNIT|0.1|0,CRCNS pvc-11,monkey3,data_monkey3_gratings,MM-RVD,MM_RVD_A9_SELECTED_R6,1,UNIT,0.1,proportion,0,False,NEW_SUPP_S1_FIXED_SEED,PENDING
CRCNS pvc-11|data_monkey3_gratings|MM_RVD_A9_SELECTED_R6|1|UNIT|0.1|1,CRCNS pvc-11,monkey3,data_monkey3_gratings,MM-RVD,MM_RVD_A9_SELECTED_R6,1,UNIT,0.1,proportion,1,False,NEW_SUPP_S1_FIXED_SEED,PENDING
CRCNS pvc-11|data_monkey3_gratings|MM_RVD_A9_SELECTED_R6|1|UNIT|0.1|2,CRCNS pvc-11,monkey3,data_monkey3_gratings,MM-RVD,MM_RVD_A9_SELECTED_R6,1,UNIT,0.1,proportion,2,False,NEW_SUPP_S1_FIXED_SEED,PENDING
CRCNS pvc-11|data_monkey3_gratings|MM_RVD_A9_SELECTED_R6|1|UNIT|0.1|3,CRCNS pvc-11,monkey3,data_monkey3_gratings,MM-RVD,MM_RVD_A9_SELECTED_R6,1,UNIT,0.1,proportion,3,False,NEW_SUPP_S1_FIXED_SEED,PENDING
CRCNS pvc-11|data_monkey3_gratings|MM_RVD_A9_SELECTED_R6|1|UNIT|0.1|4,CRCNS pvc-11,monkey3,data_monkey3_gratings,MM-RVD,MM_RVD_A9_SELECTED_R6,1,UNIT,0.1,proportion,4,False,NEW_SUPP_S1_FIXED_SEED,PENDING
CRCNS pvc-11|data_monkey3_gratings|MM_RVD_A9_SELECTED_R6|1|UNIT|0.2|0,CRCNS pvc-11,monkey3,data_monkey3_gratings,MM-RVD,MM_RVD_A9_SELECTED_R6,1,UNIT,0.2,proportion,0,False,NEW_SUPP_S1_FIXED_SEED,PENDING
CRCNS pvc-11|data_monkey3_gratings|MM_RVD_A9_SELECTED_R6|1|UNIT|0.2|1,CRCNS pvc-11,monkey3,data_monkey3_gratings,MM-RVD,MM_RVD_A9_SELECTED_R6,1,UNIT,0.2,proportion,1,False,NEW_SUPP_S1_FIXED_SEED,PENDING
CRCNS pvc-11|data_monkey3_gratings|MM_RVD_A9_SELECTED_R6|1|UNIT|0.2|2,CRCNS pvc-11,monkey3,data_monkey3_gratings,MM-RVD,MM_RVD_A9_SELECTED_R6,1,UNIT,0.2,proportion,2,False,NEW_SUPP_S1_FIXED_SEED,PENDING
CRCNS pvc-11|data_monkey3_gratings|MM_RVD_A9_SELECTED_R6|1|UNIT|0.2|3,CRCNS pvc-11,monkey3,data_monkey3_gratings,MM-RVD,MM_RVD_A9_SELECTED_R6,1,UNIT,0.2,proportion,3,False,NEW_SUPP_S1_FIXED_SEED,PENDING
CRCNS pvc-11|data_monkey3_gratings|MM_RVD_A9_SELECTED_R6|1|UNIT|0.2|4,CRCNS pvc-11,monkey3,data_monkey3_gratings,MM-RVD,MM_RVD_A9_SELECTED_R6,1,UNIT,0.2,proportion,4,False,NEW_SUPP_S1_FIXED_SEED,PENDING
CRCNS pvc-11|data_monkey3_gratings|MM_RVD_A9_SELECTED_R6|1|UNIT|0.3|0,CRCNS pvc-11,monkey3,data_monkey3_gratings,MM-RVD,MM_RVD_A9_SELECTED_R6,1,UNIT,0.3,proportion,0,True,MAIN_FROZEN_U30,PENDING
CRCNS pvc-11|data_monkey3_gratings|MM_RVD_A9_SELECTED_R6|1|UNIT|0.3|1,CRCNS pvc-11,monkey3,data_monkey3_gratings,MM-RVD,MM_RVD_A9_SELECTED_R6,1,UNIT,0.3,proportion,1,True,MAIN_FROZEN_U30,PENDING
CRCNS pvc-11|data_monkey3_gratings|MM_RVD_A9_SELECTED_R6|1|UNIT|0.3|2,CRCNS pvc-11,monkey3,data_monkey3_gratings,MM-RVD,MM_RVD_A9_SELECTED_R6,1,UNIT,0.3,proportion,2,True,MAIN_FROZEN_U30,PENDING
CRCNS pvc-11|data_monkey3_gratings|MM_RVD_A9_SELECTED_R6|1|UNIT|0.3|3,CRCNS pvc-11,monkey3,data_monkey3_gratings,MM-RVD,MM_RVD_A9_SELECTED_R6,1,UNIT,0.3,proportion,3,True,MAIN_FROZEN_U30,PENDING
CRCNS pvc-11|data_monkey3_gratings|MM_RVD_A9_SELECTED_R6|1|UNIT|0.3|4,CRCNS pvc-11,monkey3,data_monkey3_gratings,MM-RVD,MM_RVD_A9_SELECTED_R6,1,UNIT,0.3,proportion,4,True,MAIN_FROZEN_U30,PENDING
CRCNS pvc-11|data_monkey3_gratings|MM_RVD_A9_SELECTED_R6|1|UNIT|0.4|0,CRCNS pvc-11,monkey3,data_monkey3_gratings,MM-RVD,MM_RVD_A9_SELECTED_R6,1,UNIT,0.4,proportion,0,False,NEW_SUPP_S1_FIXED_SEED,PENDING
CRCNS pvc-11|data_monkey3_gratings|MM_RVD_A9_SELECTED_R6|1|UNIT|0.4|1,CRCNS pvc-11,monkey3,data_monkey3_gratings,MM-RVD,MM_RVD_A9_SELECTED_R6,1,UNIT,0.4,proportion,1,False,NEW_SUPP_S1_FIXED_SEED,PENDING
CRCNS pvc-11|data_monkey3_gratings|MM_RVD_A9_SELECTED_R6|1|UNIT|0.4|2,CRCNS pvc-11,monkey3,data_monkey3_gratings,MM-RVD,MM_RVD_A9_SELECTED_R6,1,UNIT,0.4,proportion,2,False,NEW_SUPP_S1_FIXED_SEED,PENDING
CRCNS pvc-11|data_monkey3_gratings|MM_RVD_A9_SELECTED_R6|1|UNIT|0.4|3,CRCNS pvc-11,monkey3,data_monkey3_gratings,MM-RVD,MM_RVD_A9_SELECTED_R6,1,UNIT,0.4,proportion,3,False,NEW_SUPP_S1_FIXED_SEED,PENDING
CRCNS pvc-11|data_monkey3_gratings|MM_RVD_A9_SELECTED_R6|1|UNIT|0.4|4,CRCNS pvc-11,monkey3,data_monkey3_gratings,MM-RVD,MM_RVD_A9_SELECTED_R6,1,UNIT,0.4,proportion,4,False,NEW_SUPP_S1_FIXED_SEED,PENDING
CRCNS pvc-11|data_monkey3_gratings|MM_RVD_A9_SELECTED_R6|1|UNIT|0.5|0,CRCNS pvc-11,monkey3,data_monkey3_gratings,MM-RVD,MM_RVD_A9_SELECTED_R6,1,UNIT,0.5,proportion,0,False,NEW_SUPP_S1_FIXED_SEED,PENDING
CRCNS pvc-11|data_monkey3_gratings|MM_RVD_A9_SELECTED_R6|1|UNIT|0.5|1,CRCNS pvc-11,monkey3,data_monkey3_gratings,MM-RVD,MM_RVD_A9_SELECTED_R6,1,UNIT,0.5,proportion,1,False,NEW_SUPP_S1_FIXED_SEED,PENDING
CRCNS pvc-11|data_monkey3_gratings|MM_RVD_A9_SELECTED_R6|1|UNIT|0.5|2,CRCNS pvc-11,monkey3,data_monkey3_gratings,MM-RVD,MM_RVD_A9_SELECTED_R6,1,UNIT,0.5,proportion,2,False,NEW_SUPP_S1_FIXED_SEED,PENDING
CRCNS pvc-11|data_monkey3_gratings|MM_RVD_A9_SELECTED_R6|1|UNIT|0.5|3,CRCNS pvc-11,monkey3,data_monkey3_gratings,MM-RVD,MM_RVD_A9_SELECTED_R6,1,UNIT,0.5,proportion,3,False,NEW_SUPP_S1_FIXED_SEED,PENDING
CRCNS pvc-11|data_monkey3_gratings|MM_RVD_A9_SELECTED_R6|1|UNIT|0.5|4,CRCNS pvc-11,monkey3,data_monkey3_gratings,MM-RVD,MM_RVD_A9_SELECTED_R6,1,UNIT,0.5,proportion,4,False,NEW_SUPP_S1_FIXED_SEED,PENDING
CRCNS pvc-11|data_monkey3_gratings|MM_RVD_A9_SELECTED_R6|1|TEMPORAL|2|0,CRCNS pvc-11,monkey3,data_monkey3_gratings,MM-RVD,MM_RVD_A9_SELECTED_R6,1,TEMPORAL,2,bins,0,False,NEW_SUPP_S1_FIXED_SEED,PENDING
CRCNS pvc-11|data_monkey3_gratings|MM_RVD_A9_SELECTED_R6|1|TEMPORAL|2|1,CRCNS pvc-11,monkey3,data_monkey3_gratings,MM-RVD,MM_RVD_A9_SELECTED_R6,1,TEMPORAL,2,bins,1,False,NEW_SUPP_S1_FIXED_SEED,PENDING
CRCNS pvc-11|data_monkey3_gratings|MM_RVD_A9_SELECTED_R6|1|TEMPORAL|2|2,CRCNS pvc-11,monkey3,data_monkey3_gratings,MM-RVD,MM_RVD_A9_SELECTED_R6,1,TEMPORAL,2,bins,2,False,NEW_SUPP_S1_FIXED_SEED,PENDING
CRCNS pvc-11|data_monkey3_gratings|MM_RVD_A9_SELECTED_R6|1|TEMPORAL|2|3,CRCNS pvc-11,monkey3,data_monkey3_gratings,MM-RVD,MM_RVD_A9_SELECTED_R6,1,TEMPORAL,2,bins,3,False,NEW_SUPP_S1_FIXED_SEED,PENDING
CRCNS pvc-11|data_monkey3_gratings|MM_RVD_A9_SELECTED_R6|1|TEMPORAL|2|4,CRCNS pvc-11,monkey3,data_monkey3_gratings,MM-RVD,MM_RVD_A9_SELECTED_R6,1,TEMPORAL,2,bins,4,False,NEW_SUPP_S1_FIXED_SEED,PENDING
CRCNS pvc-11|data_monkey3_gratings|MM_RVD_A9_SELECTED_R6|1|TEMPORAL|3|0,CRCNS pvc-11,monkey3,data_monkey3_gratings,MM-RVD,MM_RVD_A9_SELECTED_R6,1,TEMPORAL,3,bins,0,False,NEW_SUPP_S1_FIXED_SEED,PENDING
CRCNS pvc-11|data_monkey3_gratings|MM_RVD_A9_SELECTED_R6|1|TEMPORAL|3|1,CRCNS pvc-11,monkey3,data_monkey3_gratings,MM-RVD,MM_RVD_A9_SELECTED_R6,1,TEMPORAL,3,bins,1,False,NEW_SUPP_S1_FIXED_SEED,PENDING
CRCNS pvc-11|data_monkey3_gratings|MM_RVD_A9_SELECTED_R6|1|TEMPORAL|3|2,CRCNS pvc-11,monkey3,data_monkey3_gratings,MM-RVD,MM_RVD_A9_SELECTED_R6,1,TEMPORAL,3,bins,2,False,NEW_SUPP_S1_FIXED_SEED,PENDING
CRCNS pvc-11|data_monkey3_gratings|MM_RVD_A9_SELECTED_R6|1|TEMPORAL|3|3,CRCNS pvc-11,monkey3,data_monkey3_gratings,MM-RVD,MM_RVD_A9_SELECTED_R6,1,TEMPORAL,3,bins,3,False,NEW_SUPP_S1_FIXED_SEED,PENDING
CRCNS pvc-11|data_monkey3_gratings|MM_RVD_A9_SELECTED_R6|1|TEMPORAL|3|4,CRCNS pvc-11,monkey3,data_monkey3_gratings,MM-RVD,MM_RVD_A9_SELECTED_R6,1,TEMPORAL,3,bins,4,False,NEW_SUPP_S1_FIXED_SEED,PENDING
CRCNS pvc-11|data_monkey3_gratings|MM_RVD_A9_SELECTED_R6|1|TEMPORAL|5|0,CRCNS pvc-11,monkey3,data_monkey3_gratings,MM-RVD,MM_RVD_A9_SELECTED_R6,1,TEMPORAL,5,bins,0,True,MAIN_FROZEN_T5,PENDING
CRCNS pvc-11|data_monkey3_gratings|MM_RVD_A9_SELECTED_R6|1|TEMPORAL|5|1,CRCNS pvc-11,monkey3,data_monkey3_gratings,MM-RVD,MM_RVD_A9_SELECTED_R6,1,TEMPORAL,5,bins,1,True,MAIN_FROZEN_T5,PENDING
CRCNS pvc-11|data_monkey3_gratings|MM_RVD_A9_SELECTED_R6|1|TEMPORAL|5|2,CRCNS pvc-11,monkey3,data_monkey3_gratings,MM-RVD,MM_RVD_A9_SELECTED_R6,1,TEMPORAL,5,bins,2,True,MAIN_FROZEN_T5,PENDING
CRCNS pvc-11|data_monkey3_gratings|MM_RVD_A9_SELECTED_R6|1|TEMPORAL|5|3,CRCNS pvc-11,monkey3,data_monkey3_gratings,MM-RVD,MM_RVD_A9_SELECTED_R6,1,TEMPORAL,5,bins,3,True,MAIN_FROZEN_T5,PENDING
CRCNS pvc-11|data_monkey3_gratings|MM_RVD_A9_SELECTED_R6|1|TEMPORAL|5|4,CRCNS pvc-11,monkey3,data_monkey3_gratings,MM-RVD,MM_RVD_A9_SELECTED_R6,1,TEMPORAL,5,bins,4,True,MAIN_FROZEN_T5,PENDING
CRCNS pvc-11|data_monkey3_gratings|MM_RVD_A9_SELECTED_R6|1|TEMPORAL|7|0,CRCNS pvc-11,monkey3,data_monkey3_gratings,MM-RVD,MM_RVD_A9_SELECTED_R6,1,TEMPORAL,7,bins,0,False,NEW_SUPP_S1_FIXED_SEED,PENDING
CRCNS pvc-11|data_monkey3_gratings|MM_RVD_A9_SELECTED_R6|1|TEMPORAL|7|1,CRCNS pvc-11,monkey3,data_monkey3_gratings,MM-RVD,MM_RVD_A9_SELECTED_R6,1,TEMPORAL,7,bins,1,False,NEW_SUPP_S1_FIXED_SEED,PENDING
CRCNS pvc-11|data_monkey3_gratings|MM_RVD_A9_SELECTED_R6|1|TEMPORAL|7|2,CRCNS pvc-11,monkey3,data_monkey3_gratings,MM-RVD,MM_RVD_A9_SELECTED_R6,1,TEMPORAL,7,bins,2,False,NEW_SUPP_S1_FIXED_SEED,PENDING
CRCNS pvc-11|data_monkey3_gratings|MM_RVD_A9_SELECTED_R6|1|TEMPORAL|7|3,CRCNS pvc-11,monkey3,data_monkey3_gratings,MM-RVD,MM_RVD_A9_SELECTED_R6,1,TEMPORAL,7,bins,3,False,NEW_SUPP_S1_FIXED_SEED,PENDING
CRCNS pvc-11|data_monkey3_gratings|MM_RVD_A9_SELECTED_R6|1|TEMPORAL|7|4,CRCNS pvc-11,monkey3,data_monkey3_gratings,MM-RVD,MM_RVD_A9_SELECTED_R6,1,TEMPORAL,7,bins,4,False,NEW_SUPP_S1_FIXED_SEED,PENDING
CRCNS pvc-11|data_monkey3_gratings|MM_RVD_A9_SELECTED_R6|1|TEMPORAL|10|0,CRCNS pvc-11,monkey3,data_monkey3_gratings,MM-RVD,MM_RVD_A9_SELECTED_R6,1,TEMPORAL,10,bins,0,False,NEW_SUPP_S1_FIXED_SEED,PENDING
CRCNS pvc-11|data_monkey3_gratings|MM_RVD_A9_SELECTED_R6|1|TEMPORAL|10|1,CRCNS pvc-11,monkey3,data_monkey3_gratings,MM-RVD,MM_RVD_A9_SELECTED_R6,1,TEMPORAL,10,bins,1,False,NEW_SUPP_S1_FIXED_SEED,PENDING
CRCNS pvc-11|data_monkey3_gratings|MM_RVD_A9_SELECTED_R6|1|TEMPORAL|10|2,CRCNS pvc-11,monkey3,data_monkey3_gratings,MM-RVD,MM_RVD_A9_SELECTED_R6,1,TEMPORAL,10,bins,2,False,NEW_SUPP_S1_FIXED_SEED,PENDING
CRCNS pvc-11|data_monkey3_gratings|MM_RVD_A9_SELECTED_R6|1|TEMPORAL|10|3,CRCNS pvc-11,monkey3,data_monkey3_gratings,MM-RVD,MM_RVD_A9_SELECTED_R6,1,TEMPORAL,10,bins,3,False,NEW_SUPP_S1_FIXED_SEED,PENDING
CRCNS pvc-11|data_monkey3_gratings|MM_RVD_A9_SELECTED_R6|1|TEMPORAL|10|4,CRCNS pvc-11,monkey3,data_monkey3_gratings,MM-RVD,MM_RVD_A9_SELECTED_R6,1,TEMPORAL,10,bins,4,False,NEW_SUPP_S1_FIXED_SEED,PENDING
CRCNS pvc-11|data_monkey3_gratings|CEBRA_FLAT_LOGREG|0|CLEAN|0,CRCNS pvc-11,monkey3,data_monkey3_gratings,CEBRA,CEBRA_FLAT_LOGREG,0,CLEAN_REFERENCE,0,none,0,False,R4_CLEAN_REFERENCE,PENDING
CRCNS pvc-11|data_monkey3_gratings|CEBRA_FLAT_LOGREG|0|UNIT|0.1|0,CRCNS pvc-11,monkey3,data_monkey3_gratings,CEBRA,CEBRA_FLAT_LOGREG,0,UNIT,0.1,proportion,0,False,NEW_SUPP_S1_FIXED_SEED,PENDING
CRCNS pvc-11|data_monkey3_gratings|CEBRA_FLAT_LOGREG|0|UNIT|0.1|1,CRCNS pvc-11,monkey3,data_monkey3_gratings,CEBRA,CEBRA_FLAT_LOGREG,0,UNIT,0.1,proportion,1,False,NEW_SUPP_S1_FIXED_SEED,PENDING
CRCNS pvc-11|data_monkey3_gratings|CEBRA_FLAT_LOGREG|0|UNIT|0.1|2,CRCNS pvc-11,monkey3,data_monkey3_gratings,CEBRA,CEBRA_FLAT_LOGREG,0,UNIT,0.1,proportion,2,False,NEW_SUPP_S1_FIXED_SEED,PENDING
CRCNS pvc-11|data_monkey3_gratings|CEBRA_FLAT_LOGREG|0|UNIT|0.1|3,CRCNS pvc-11,monkey3,data_monkey3_gratings,CEBRA,CEBRA_FLAT_LOGREG,0,UNIT,0.1,proportion,3,False,NEW_SUPP_S1_FIXED_SEED,PENDING
CRCNS pvc-11|data_monkey3_gratings|CEBRA_FLAT_LOGREG|0|UNIT|0.1|4,CRCNS pvc-11,monkey3,data_monkey3_gratings,CEBRA,CEBRA_FLAT_LOGREG,0,UNIT,0.1,proportion,4,False,NEW_SUPP_S1_FIXED_SEED,PENDING
CRCNS pvc-11|data_monkey3_gratings|CEBRA_FLAT_LOGREG|0|UNIT|0.2|0,CRCNS pvc-11,monkey3,data_monkey3_gratings,CEBRA,CEBRA_FLAT_LOGREG,0,UNIT,0.2,proportion,0,False,NEW_SUPP_S1_FIXED_SEED,PENDING
CRCNS pvc-11|data_monkey3_gratings|CEBRA_FLAT_LOGREG|0|UNIT|0.2|1,CRCNS pvc-11,monkey3,data_monkey3_gratings,CEBRA,CEBRA_FLAT_LOGREG,0,UNIT,0.2,proportion,1,False,NEW_SUPP_S1_FIXED_SEED,PENDING
CRCNS pvc-11|data_monkey3_gratings|CEBRA_FLAT_LOGREG|0|UNIT|0.2|2,CRCNS pvc-11,monkey3,data_monkey3_gratings,CEBRA,CEBRA_FLAT_LOGREG,0,UNIT,0.2,proportion,2,False,NEW_SUPP_S1_FIXED_SEED,PENDING
CRCNS pvc-11|data_monkey3_gratings|CEBRA_FLAT_LOGREG|0|UNIT|0.2|3,CRCNS pvc-11,monkey3,data_monkey3_gratings,CEBRA,CEBRA_FLAT_LOGREG,0,UNIT,0.2,proportion,3,False,NEW_SUPP_S1_FIXED_SEED,PENDING
CRCNS pvc-11|data_monkey3_gratings|CEBRA_FLAT_LOGREG|0|UNIT|0.2|4,CRCNS pvc-11,monkey3,data_monkey3_gratings,CEBRA,CEBRA_FLAT_LOGREG,0,UNIT,0.2,proportion,4,False,NEW_SUPP_S1_FIXED_SEED,PENDING
CRCNS pvc-11|data_monkey3_gratings|CEBRA_FLAT_LOGREG|0|UNIT|0.3|0,CRCNS pvc-11,monkey3,data_monkey3_gratings,CEBRA,CEBRA_FLAT_LOGREG,0,UNIT,0.3,proportion,0,True,MAIN_FROZEN_U30,PENDING
CRCNS pvc-11|data_monkey3_gratings|CEBRA_FLAT_LOGREG|0|UNIT|0.3|1,CRCNS pvc-11,monkey3,data_monkey3_gratings,CEBRA,CEBRA_FLAT_LOGREG,0,UNIT,0.3,proportion,1,True,MAIN_FROZEN_U30,PENDING
CRCNS pvc-11|data_monkey3_gratings|CEBRA_FLAT_LOGREG|0|UNIT|0.3|2,CRCNS pvc-11,monkey3,data_monkey3_gratings,CEBRA,CEBRA_FLAT_LOGREG,0,UNIT,0.3,proportion,2,True,MAIN_FROZEN_U30,PENDING
CRCNS pvc-11|data_monkey3_gratings|CEBRA_FLAT_LOGREG|0|UNIT|0.3|3,CRCNS pvc-11,monkey3,data_monkey3_gratings,CEBRA,CEBRA_FLAT_LOGREG,0,UNIT,0.3,proportion,3,True,MAIN_FROZEN_U30,PENDING
CRCNS pvc-11|data_monkey3_gratings|CEBRA_FLAT_LOGREG|0|UNIT|0.3|4,CRCNS pvc-11,monkey3,data_monkey3_gratings,CEBRA,CEBRA_FLAT_LOGREG,0,UNIT,0.3,proportion,4,True,MAIN_FROZEN_U30,PENDING
CRCNS pvc-11|data_monkey3_gratings|CEBRA_FLAT_LOGREG|0|UNIT|0.4|0,CRCNS pvc-11,monkey3,data_monkey3_gratings,CEBRA,CEBRA_FLAT_LOGREG,0,UNIT,0.4,proportion,0,False,NEW_SUPP_S1_FIXED_SEED,PENDING
CRCNS pvc-11|data_monkey3_gratings|CEBRA_FLAT_LOGREG|0|UNIT|0.4|1,CRCNS pvc-11,monkey3,data_monkey3_gratings,CEBRA,CEBRA_FLAT_LOGREG,0,UNIT,0.4,proportion,1,False,NEW_SUPP_S1_FIXED_SEED,PENDING
CRCNS pvc-11|data_monkey3_gratings|CEBRA_FLAT_LOGREG|0|UNIT|0.4|2,CRCNS pvc-11,monkey3,data_monkey3_gratings,CEBRA,CEBRA_FLAT_LOGREG,0,UNIT,0.4,proportion,2,False,NEW_SUPP_S1_FIXED_SEED,PENDING
CRCNS pvc-11|data_monkey3_gratings|CEBRA_FLAT_LOGREG|0|UNIT|0.4|3,CRCNS pvc-11,monkey3,data_monkey3_gratings,CEBRA,CEBRA_FLAT_LOGREG,0,UNIT,0.4,proportion,3,False,NEW_SUPP_S1_FIXED_SEED,PENDING
CRCNS pvc-11|data_monkey3_gratings|CEBRA_FLAT_LOGREG|0|UNIT|0.4|4,CRCNS pvc-11,monkey3,data_monkey3_gratings,CEBRA,CEBRA_FLAT_LOGREG,0,UNIT,0.4,proportion,4,False,NEW_SUPP_S1_FIXED_SEED,PENDING
CRCNS pvc-11|data_monkey3_gratings|CEBRA_FLAT_LOGREG|0|UNIT|0.5|0,CRCNS pvc-11,monkey3,data_monkey3_gratings,CEBRA,CEBRA_FLAT_LOGREG,0,UNIT,0.5,proportion,0,False,NEW_SUPP_S1_FIXED_SEED,PENDING
CRCNS pvc-11|data_monkey3_gratings|CEBRA_FLAT_LOGREG|0|UNIT|0.5|1,CRCNS pvc-11,monkey3,data_monkey3_gratings,CEBRA,CEBRA_FLAT_LOGREG,0,UNIT,0.5,proportion,1,False,NEW_SUPP_S1_FIXED_SEED,PENDING
CRCNS pvc-11|data_monkey3_gratings|CEBRA_FLAT_LOGREG|0|UNIT|0.5|2,CRCNS pvc-11,monkey3,data_monkey3_gratings,CEBRA,CEBRA_FLAT_LOGREG,0,UNIT,0.5,proportion,2,False,NEW_SUPP_S1_FIXED_SEED,PENDING
CRCNS pvc-11|data_monkey3_gratings|CEBRA_FLAT_LOGREG|0|UNIT|0.5|3,CRCNS pvc-11,monkey3,data_monkey3_gratings,CEBRA,CEBRA_FLAT_LOGREG,0,UNIT,0.5,proportion,3,False,NEW_SUPP_S1_FIXED_SEED,PENDING
CRCNS pvc-11|data_monkey3_gratings|CEBRA_FLAT_LOGREG|0|UNIT|0.5|4,CRCNS pvc-11,monkey3,data_monkey3_gratings,CEBRA,CEBRA_FLAT_LOGREG,0,UNIT,0.5,proportion,4,False,NEW_SUPP_S1_FIXED_SEED,PENDING
CRCNS pvc-11|data_monkey3_gratings|CEBRA_FLAT_LOGREG|0|TEMPORAL|2|0,CRCNS pvc-11,monkey3,data_monkey3_gratings,CEBRA,CEBRA_FLAT_LOGREG,0,TEMPORAL,2,bins,0,False,NEW_SUPP_S1_FIXED_SEED,PENDING
CRCNS pvc-11|data_monkey3_gratings|CEBRA_FLAT_LOGREG|0|TEMPORAL|2|1,CRCNS pvc-11,monkey3,data_monkey3_gratings,CEBRA,CEBRA_FLAT_LOGREG,0,TEMPORAL,2,bins,1,False,NEW_SUPP_S1_FIXED_SEED,PENDING
CRCNS pvc-11|data_monkey3_gratings|CEBRA_FLAT_LOGREG|0|TEMPORAL|2|2,CRCNS pvc-11,monkey3,data_monkey3_gratings,CEBRA,CEBRA_FLAT_LOGREG,0,TEMPORAL,2,bins,2,False,NEW_SUPP_S1_FIXED_SEED,PENDING
CRCNS pvc-11|data_monkey3_gratings|CEBRA_FLAT_LOGREG|0|TEMPORAL|2|3,CRCNS pvc-11,monkey3,data_monkey3_gratings,CEBRA,CEBRA_FLAT_LOGREG,0,TEMPORAL,2,bins,3,False,NEW_SUPP_S1_FIXED_SEED,PENDING
CRCNS pvc-11|data_monkey3_gratings|CEBRA_FLAT_LOGREG|0|TEMPORAL|2|4,CRCNS pvc-11,monkey3,data_monkey3_gratings,CEBRA,CEBRA_FLAT_LOGREG,0,TEMPORAL,2,bins,4,False,NEW_SUPP_S1_FIXED_SEED,PENDING
CRCNS pvc-11|data_monkey3_gratings|CEBRA_FLAT_LOGREG|0|TEMPORAL|3|0,CRCNS pvc-11,monkey3,data_monkey3_gratings,CEBRA,CEBRA_FLAT_LOGREG,0,TEMPORAL,3,bins,0,False,NEW_SUPP_S1_FIXED_SEED,PENDING
CRCNS pvc-11|data_monkey3_gratings|CEBRA_FLAT_LOGREG|0|TEMPORAL|3|1,CRCNS pvc-11,monkey3,data_monkey3_gratings,CEBRA,CEBRA_FLAT_LOGREG,0,TEMPORAL,3,bins,1,False,NEW_SUPP_S1_FIXED_SEED,PENDING
CRCNS pvc-11|data_monkey3_gratings|CEBRA_FLAT_LOGREG|0|TEMPORAL|3|2,CRCNS pvc-11,monkey3,data_monkey3_gratings,CEBRA,CEBRA_FLAT_LOGREG,0,TEMPORAL,3,bins,2,False,NEW_SUPP_S1_FIXED_SEED,PENDING
CRCNS pvc-11|data_monkey3_gratings|CEBRA_FLAT_LOGREG|0|TEMPORAL|3|3,CRCNS pvc-11,monkey3,data_monkey3_gratings,CEBRA,CEBRA_FLAT_LOGREG,0,TEMPORAL,3,bins,3,False,NEW_SUPP_S1_FIXED_SEED,PENDING
CRCNS pvc-11|data_monkey3_gratings|CEBRA_FLAT_LOGREG|0|TEMPORAL|3|4,CRCNS pvc-11,monkey3,data_monkey3_gratings,CEBRA,CEBRA_FLAT_LOGREG,0,TEMPORAL,3,bins,4,False,NEW_SUPP_S1_FIXED_SEED,PENDING
CRCNS pvc-11|data_monkey3_gratings|CEBRA_FLAT_LOGREG|0|TEMPORAL|5|0,CRCNS pvc-11,monkey3,data_monkey3_gratings,CEBRA,CEBRA_FLAT_LOGREG,0,TEMPORAL,5,bins,0,True,MAIN_FROZEN_T5,PENDING
CRCNS pvc-11|data_monkey3_gratings|CEBRA_FLAT_LOGREG|0|TEMPORAL|5|1,CRCNS pvc-11,monkey3,data_monkey3_gratings,CEBRA,CEBRA_FLAT_LOGREG,0,TEMPORAL,5,bins,1,True,MAIN_FROZEN_T5,PENDING
CRCNS pvc-11|data_monkey3_gratings|CEBRA_FLAT_LOGREG|0|TEMPORAL|5|2,CRCNS pvc-11,monkey3,data_monkey3_gratings,CEBRA,CEBRA_FLAT_LOGREG,0,TEMPORAL,5,bins,2,True,MAIN_FROZEN_T5,PENDING
CRCNS pvc-11|data_monkey3_gratings|CEBRA_FLAT_LOGREG|0|TEMPORAL|5|3,CRCNS pvc-11,monkey3,data_monkey3_gratings,CEBRA,CEBRA_FLAT_LOGREG,0,TEMPORAL,5,bins,3,True,MAIN_FROZEN_T5,PENDING
CRCNS pvc-11|data_monkey3_gratings|CEBRA_FLAT_LOGREG|0|TEMPORAL|5|4,CRCNS pvc-11,monkey3,data_monkey3_gratings,CEBRA,CEBRA_FLAT_LOGREG,0,TEMPORAL,5,bins,4,True,MAIN_FROZEN_T5,PENDING
CRCNS pvc-11|data_monkey3_gratings|CEBRA_FLAT_LOGREG|0|TEMPORAL|7|0,CRCNS pvc-11,monkey3,data_monkey3_gratings,CEBRA,CEBRA_FLAT_LOGREG,0,TEMPORAL,7,bins,0,False,NEW_SUPP_S1_FIXED_SEED,PENDING
CRCNS pvc-11|data_monkey3_gratings|CEBRA_FLAT_LOGREG|0|TEMPORAL|7|1,CRCNS pvc-11,monkey3,data_monkey3_gratings,CEBRA,CEBRA_FLAT_LOGREG,0,TEMPORAL,7,bins,1,False,NEW_SUPP_S1_FIXED_SEED,PENDING
CRCNS pvc-11|data_monkey3_gratings|CEBRA_FLAT_LOGREG|0|TEMPORAL|7|2,CRCNS pvc-11,monkey3,data_monkey3_gratings,CEBRA,CEBRA_FLAT_LOGREG,0,TEMPORAL,7,bins,2,False,NEW_SUPP_S1_FIXED_SEED,PENDING
CRCNS pvc-11|data_monkey3_gratings|CEBRA_FLAT_LOGREG|0|TEMPORAL|7|3,CRCNS pvc-11,monkey3,data_monkey3_gratings,CEBRA,CEBRA_FLAT_LOGREG,0,TEMPORAL,7,bins,3,False,NEW_SUPP_S1_FIXED_SEED,PENDING
CRCNS pvc-11|data_monkey3_gratings|CEBRA_FLAT_LOGREG|0|TEMPORAL|7|4,CRCNS pvc-11,monkey3,data_monkey3_gratings,CEBRA,CEBRA_FLAT_LOGREG,0,TEMPORAL,7,bins,4,False,NEW_SUPP_S1_FIXED_SEED,PENDING
CRCNS pvc-11|data_monkey3_gratings|CEBRA_FLAT_LOGREG|0|TEMPORAL|10|0,CRCNS pvc-11,monkey3,data_monkey3_gratings,CEBRA,CEBRA_FLAT_LOGREG,0,TEMPORAL,10,bins,0,False,NEW_SUPP_S1_FIXED_SEED,PENDING
CRCNS pvc-11|data_monkey3_gratings|CEBRA_FLAT_LOGREG|0|TEMPORAL|10|1,CRCNS pvc-11,monkey3,data_monkey3_gratings,CEBRA,CEBRA_FLAT_LOGREG,0,TEMPORAL,10,bins,1,False,NEW_SUPP_S1_FIXED_SEED,PENDING
CRCNS pvc-11|data_monkey3_gratings|CEBRA_FLAT_LOGREG|0|TEMPORAL|10|2,CRCNS pvc-11,monkey3,data_monkey3_gratings,CEBRA,CEBRA_FLAT_LOGREG,0,TEMPORAL,10,bins,2,False,NEW_SUPP_S1_FIXED_SEED,PENDING
CRCNS pvc-11|data_monkey3_gratings|CEBRA_FLAT_LOGREG|0|TEMPORAL|10|3,CRCNS pvc-11,monkey3,data_monkey3_gratings,CEBRA,CEBRA_FLAT_LOGREG,0,TEMPORAL,10,bins,3,False,NEW_SUPP_S1_FIXED_SEED,PENDING
CRCNS pvc-11|data_monkey3_gratings|CEBRA_FLAT_LOGREG|0|TEMPORAL|10|4,CRCNS pvc-11,monkey3,data_monkey3_gratings,CEBRA,CEBRA_FLAT_LOGREG,0,TEMPORAL,10,bins,4,False,NEW_SUPP_S1_FIXED_SEED,PENDING
CRCNS pvc-11|data_monkey3_gratings|CEBRA_FLAT_LOGREG|1|CLEAN|0,CRCNS pvc-11,monkey3,data_monkey3_gratings,CEBRA,CEBRA_FLAT_LOGREG,1,CLEAN_REFERENCE,0,none,0,False,R4_CLEAN_REFERENCE,PENDING
CRCNS pvc-11|data_monkey3_gratings|CEBRA_FLAT_LOGREG|1|UNIT|0.1|0,CRCNS pvc-11,monkey3,data_monkey3_gratings,CEBRA,CEBRA_FLAT_LOGREG,1,UNIT,0.1,proportion,0,False,NEW_SUPP_S1_FIXED_SEED,PENDING
CRCNS pvc-11|data_monkey3_gratings|CEBRA_FLAT_LOGREG|1|UNIT|0.1|1,CRCNS pvc-11,monkey3,data_monkey3_gratings,CEBRA,CEBRA_FLAT_LOGREG,1,UNIT,0.1,proportion,1,False,NEW_SUPP_S1_FIXED_SEED,PENDING
CRCNS pvc-11|data_monkey3_gratings|CEBRA_FLAT_LOGREG|1|UNIT|0.1|2,CRCNS pvc-11,monkey3,data_monkey3_gratings,CEBRA,CEBRA_FLAT_LOGREG,1,UNIT,0.1,proportion,2,False,NEW_SUPP_S1_FIXED_SEED,PENDING
CRCNS pvc-11|data_monkey3_gratings|CEBRA_FLAT_LOGREG|1|UNIT|0.1|3,CRCNS pvc-11,monkey3,data_monkey3_gratings,CEBRA,CEBRA_FLAT_LOGREG,1,UNIT,0.1,proportion,3,False,NEW_SUPP_S1_FIXED_SEED,PENDING
CRCNS pvc-11|data_monkey3_gratings|CEBRA_FLAT_LOGREG|1|UNIT|0.1|4,CRCNS pvc-11,monkey3,data_monkey3_gratings,CEBRA,CEBRA_FLAT_LOGREG,1,UNIT,0.1,proportion,4,False,NEW_SUPP_S1_FIXED_SEED,PENDING
CRCNS pvc-11|data_monkey3_gratings|CEBRA_FLAT_LOGREG|1|UNIT|0.2|0,CRCNS pvc-11,monkey3,data_monkey3_gratings,CEBRA,CEBRA_FLAT_LOGREG,1,UNIT,0.2,proportion,0,False,NEW_SUPP_S1_FIXED_SEED,PENDING
CRCNS pvc-11|data_monkey3_gratings|CEBRA_FLAT_LOGREG|1|UNIT|0.2|1,CRCNS pvc-11,monkey3,data_monkey3_gratings,CEBRA,CEBRA_FLAT_LOGREG,1,UNIT,0.2,proportion,1,False,NEW_SUPP_S1_FIXED_SEED,PENDING
CRCNS pvc-11|data_monkey3_gratings|CEBRA_FLAT_LOGREG|1|UNIT|0.2|2,CRCNS pvc-11,monkey3,data_monkey3_gratings,CEBRA,CEBRA_FLAT_LOGREG,1,UNIT,0.2,proportion,2,False,NEW_SUPP_S1_FIXED_SEED,PENDING
CRCNS pvc-11|data_monkey3_gratings|CEBRA_FLAT_LOGREG|1|UNIT|0.2|3,CRCNS pvc-11,monkey3,data_monkey3_gratings,CEBRA,CEBRA_FLAT_LOGREG,1,UNIT,0.2,proportion,3,False,NEW_SUPP_S1_FIXED_SEED,PENDING
CRCNS pvc-11|data_monkey3_gratings|CEBRA_FLAT_LOGREG|1|UNIT|0.2|4,CRCNS pvc-11,monkey3,data_monkey3_gratings,CEBRA,CEBRA_FLAT_LOGREG,1,UNIT,0.2,proportion,4,False,NEW_SUPP_S1_FIXED_SEED,PENDING
CRCNS pvc-11|data_monkey3_gratings|CEBRA_FLAT_LOGREG|1|UNIT|0.3|0,CRCNS pvc-11,monkey3,data_monkey3_gratings,CEBRA,CEBRA_FLAT_LOGREG,1,UNIT,0.3,proportion,0,True,MAIN_FROZEN_U30,PENDING
CRCNS pvc-11|data_monkey3_gratings|CEBRA_FLAT_LOGREG|1|UNIT|0.3|1,CRCNS pvc-11,monkey3,data_monkey3_gratings,CEBRA,CEBRA_FLAT_LOGREG,1,UNIT,0.3,proportion,1,True,MAIN_FROZEN_U30,PENDING
CRCNS pvc-11|data_monkey3_gratings|CEBRA_FLAT_LOGREG|1|UNIT|0.3|2,CRCNS pvc-11,monkey3,data_monkey3_gratings,CEBRA,CEBRA_FLAT_LOGREG,1,UNIT,0.3,proportion,2,True,MAIN_FROZEN_U30,PENDING
CRCNS pvc-11|data_monkey3_gratings|CEBRA_FLAT_LOGREG|1|UNIT|0.3|3,CRCNS pvc-11,monkey3,data_monkey3_gratings,CEBRA,CEBRA_FLAT_LOGREG,1,UNIT,0.3,proportion,3,True,MAIN_FROZEN_U30,PENDING
CRCNS pvc-11|data_monkey3_gratings|CEBRA_FLAT_LOGREG|1|UNIT|0.3|4,CRCNS pvc-11,monkey3,data_monkey3_gratings,CEBRA,CEBRA_FLAT_LOGREG,1,UNIT,0.3,proportion,4,True,MAIN_FROZEN_U30,PENDING
CRCNS pvc-11|data_monkey3_gratings|CEBRA_FLAT_LOGREG|1|UNIT|0.4|0,CRCNS pvc-11,monkey3,data_monkey3_gratings,CEBRA,CEBRA_FLAT_LOGREG,1,UNIT,0.4,proportion,0,False,NEW_SUPP_S1_FIXED_SEED,PENDING
CRCNS pvc-11|data_monkey3_gratings|CEBRA_FLAT_LOGREG|1|UNIT|0.4|1,CRCNS pvc-11,monkey3,data_monkey3_gratings,CEBRA,CEBRA_FLAT_LOGREG,1,UNIT,0.4,proportion,1,False,NEW_SUPP_S1_FIXED_SEED,PENDING
CRCNS pvc-11|data_monkey3_gratings|CEBRA_FLAT_LOGREG|1|UNIT|0.4|2,CRCNS pvc-11,monkey3,data_monkey3_gratings,CEBRA,CEBRA_FLAT_LOGREG,1,UNIT,0.4,proportion,2,False,NEW_SUPP_S1_FIXED_SEED,PENDING
CRCNS pvc-11|data_monkey3_gratings|CEBRA_FLAT_LOGREG|1|UNIT|0.4|3,CRCNS pvc-11,monkey3,data_monkey3_gratings,CEBRA,CEBRA_FLAT_LOGREG,1,UNIT,0.4,proportion,3,False,NEW_SUPP_S1_FIXED_SEED,PENDING
CRCNS pvc-11|data_monkey3_gratings|CEBRA_FLAT_LOGREG|1|UNIT|0.4|4,CRCNS pvc-11,monkey3,data_monkey3_gratings,CEBRA,CEBRA_FLAT_LOGREG,1,UNIT,0.4,proportion,4,False,NEW_SUPP_S1_FIXED_SEED,PENDING
CRCNS pvc-11|data_monkey3_gratings|CEBRA_FLAT_LOGREG|1|UNIT|0.5|0,CRCNS pvc-11,monkey3,data_monkey3_gratings,CEBRA,CEBRA_FLAT_LOGREG,1,UNIT,0.5,proportion,0,False,NEW_SUPP_S1_FIXED_SEED,PENDING
CRCNS pvc-11|data_monkey3_gratings|CEBRA_FLAT_LOGREG|1|UNIT|0.5|1,CRCNS pvc-11,monkey3,data_monkey3_gratings,CEBRA,CEBRA_FLAT_LOGREG,1,UNIT,0.5,proportion,1,False,NEW_SUPP_S1_FIXED_SEED,PENDING
CRCNS pvc-11|data_monkey3_gratings|CEBRA_FLAT_LOGREG|1|UNIT|0.5|2,CRCNS pvc-11,monkey3,data_monkey3_gratings,CEBRA,CEBRA_FLAT_LOGREG,1,UNIT,0.5,proportion,2,False,NEW_SUPP_S1_FIXED_SEED,PENDING
CRCNS pvc-11|data_monkey3_gratings|CEBRA_FLAT_LOGREG|1|UNIT|0.5|3,CRCNS pvc-11,monkey3,data_monkey3_gratings,CEBRA,CEBRA_FLAT_LOGREG,1,UNIT,0.5,proportion,3,False,NEW_SUPP_S1_FIXED_SEED,PENDING
CRCNS pvc-11|data_monkey3_gratings|CEBRA_FLAT_LOGREG|1|UNIT|0.5|4,CRCNS pvc-11,monkey3,data_monkey3_gratings,CEBRA,CEBRA_FLAT_LOGREG,1,UNIT,0.5,proportion,4,False,NEW_SUPP_S1_FIXED_SEED,PENDING
CRCNS pvc-11|data_monkey3_gratings|CEBRA_FLAT_LOGREG|1|TEMPORAL|2|0,CRCNS pvc-11,monkey3,data_monkey3_gratings,CEBRA,CEBRA_FLAT_LOGREG,1,TEMPORAL,2,bins,0,False,NEW_SUPP_S1_FIXED_SEED,PENDING
CRCNS pvc-11|data_monkey3_gratings|CEBRA_FLAT_LOGREG|1|TEMPORAL|2|1,CRCNS pvc-11,monkey3,data_monkey3_gratings,CEBRA,CEBRA_FLAT_LOGREG,1,TEMPORAL,2,bins,1,False,NEW_SUPP_S1_FIXED_SEED,PENDING
CRCNS pvc-11|data_monkey3_gratings|CEBRA_FLAT_LOGREG|1|TEMPORAL|2|2,CRCNS pvc-11,monkey3,data_monkey3_gratings,CEBRA,CEBRA_FLAT_LOGREG,1,TEMPORAL,2,bins,2,False,NEW_SUPP_S1_FIXED_SEED,PENDING
CRCNS pvc-11|data_monkey3_gratings|CEBRA_FLAT_LOGREG|1|TEMPORAL|2|3,CRCNS pvc-11,monkey3,data_monkey3_gratings,CEBRA,CEBRA_FLAT_LOGREG,1,TEMPORAL,2,bins,3,False,NEW_SUPP_S1_FIXED_SEED,PENDING
CRCNS pvc-11|data_monkey3_gratings|CEBRA_FLAT_LOGREG|1|TEMPORAL|2|4,CRCNS pvc-11,monkey3,data_monkey3_gratings,CEBRA,CEBRA_FLAT_LOGREG,1,TEMPORAL,2,bins,4,False,NEW_SUPP_S1_FIXED_SEED,PENDING
CRCNS pvc-11|data_monkey3_gratings|CEBRA_FLAT_LOGREG|1|TEMPORAL|3|0,CRCNS pvc-11,monkey3,data_monkey3_gratings,CEBRA,CEBRA_FLAT_LOGREG,1,TEMPORAL,3,bins,0,False,NEW_SUPP_S1_FIXED_SEED,PENDING
CRCNS pvc-11|data_monkey3_gratings|CEBRA_FLAT_LOGREG|1|TEMPORAL|3|1,CRCNS pvc-11,monkey3,data_monkey3_gratings,CEBRA,CEBRA_FLAT_LOGREG,1,TEMPORAL,3,bins,1,False,NEW_SUPP_S1_FIXED_SEED,PENDING
CRCNS pvc-11|data_monkey3_gratings|CEBRA_FLAT_LOGREG|1|TEMPORAL|3|2,CRCNS pvc-11,monkey3,data_monkey3_gratings,CEBRA,CEBRA_FLAT_LOGREG,1,TEMPORAL,3,bins,2,False,NEW_SUPP_S1_FIXED_SEED,PENDING
CRCNS pvc-11|data_monkey3_gratings|CEBRA_FLAT_LOGREG|1|TEMPORAL|3|3,CRCNS pvc-11,monkey3,data_monkey3_gratings,CEBRA,CEBRA_FLAT_LOGREG,1,TEMPORAL,3,bins,3,False,NEW_SUPP_S1_FIXED_SEED,PENDING
CRCNS pvc-11|data_monkey3_gratings|CEBRA_FLAT_LOGREG|1|TEMPORAL|3|4,CRCNS pvc-11,monkey3,data_monkey3_gratings,CEBRA,CEBRA_FLAT_LOGREG,1,TEMPORAL,3,bins,4,False,NEW_SUPP_S1_FIXED_SEED,PENDING
CRCNS pvc-11|data_monkey3_gratings|CEBRA_FLAT_LOGREG|1|TEMPORAL|5|0,CRCNS pvc-11,monkey3,data_monkey3_gratings,CEBRA,CEBRA_FLAT_LOGREG,1,TEMPORAL,5,bins,0,True,MAIN_FROZEN_T5,PENDING
CRCNS pvc-11|data_monkey3_gratings|CEBRA_FLAT_LOGREG|1|TEMPORAL|5|1,CRCNS pvc-11,monkey3,data_monkey3_gratings,CEBRA,CEBRA_FLAT_LOGREG,1,TEMPORAL,5,bins,1,True,MAIN_FROZEN_T5,PENDING
CRCNS pvc-11|data_monkey3_gratings|CEBRA_FLAT_LOGREG|1|TEMPORAL|5|2,CRCNS pvc-11,monkey3,data_monkey3_gratings,CEBRA,CEBRA_FLAT_LOGREG,1,TEMPORAL,5,bins,2,True,MAIN_FROZEN_T5,PENDING
CRCNS pvc-11|data_monkey3_gratings|CEBRA_FLAT_LOGREG|1|TEMPORAL|5|3,CRCNS pvc-11,monkey3,data_monkey3_gratings,CEBRA,CEBRA_FLAT_LOGREG,1,TEMPORAL,5,bins,3,True,MAIN_FROZEN_T5,PENDING
CRCNS pvc-11|data_monkey3_gratings|CEBRA_FLAT_LOGREG|1|TEMPORAL|5|4,CRCNS pvc-11,monkey3,data_monkey3_gratings,CEBRA,CEBRA_FLAT_LOGREG,1,TEMPORAL,5,bins,4,True,MAIN_FROZEN_T5,PENDING
CRCNS pvc-11|data_monkey3_gratings|CEBRA_FLAT_LOGREG|1|TEMPORAL|7|0,CRCNS pvc-11,monkey3,data_monkey3_gratings,CEBRA,CEBRA_FLAT_LOGREG,1,TEMPORAL,7,bins,0,False,NEW_SUPP_S1_FIXED_SEED,PENDING
CRCNS pvc-11|data_monkey3_gratings|CEBRA_FLAT_LOGREG|1|TEMPORAL|7|1,CRCNS pvc-11,monkey3,data_monkey3_gratings,CEBRA,CEBRA_FLAT_LOGREG,1,TEMPORAL,7,bins,1,False,NEW_SUPP_S1_FIXED_SEED,PENDING
CRCNS pvc-11|data_monkey3_gratings|CEBRA_FLAT_LOGREG|1|TEMPORAL|7|2,CRCNS pvc-11,monkey3,data_monkey3_gratings,CEBRA,CEBRA_FLAT_LOGREG,1,TEMPORAL,7,bins,2,False,NEW_SUPP_S1_FIXED_SEED,PENDING
CRCNS pvc-11|data_monkey3_gratings|CEBRA_FLAT_LOGREG|1|TEMPORAL|7|3,CRCNS pvc-11,monkey3,data_monkey3_gratings,CEBRA,CEBRA_FLAT_LOGREG,1,TEMPORAL,7,bins,3,False,NEW_SUPP_S1_FIXED_SEED,PENDING
CRCNS pvc-11|data_monkey3_gratings|CEBRA_FLAT_LOGREG|1|TEMPORAL|7|4,CRCNS pvc-11,monkey3,data_monkey3_gratings,CEBRA,CEBRA_FLAT_LOGREG,1,TEMPORAL,7,bins,4,False,NEW_SUPP_S1_FIXED_SEED,PENDING
CRCNS pvc-11|data_monkey3_gratings|CEBRA_FLAT_LOGREG|1|TEMPORAL|10|0,CRCNS pvc-11,monkey3,data_monkey3_gratings,CEBRA,CEBRA_FLAT_LOGREG,1,TEMPORAL,10,bins,0,False,NEW_SUPP_S1_FIXED_SEED,PENDING
CRCNS pvc-11|data_monkey3_gratings|CEBRA_FLAT_LOGREG|1|TEMPORAL|10|1,CRCNS pvc-11,monkey3,data_monkey3_gratings,CEBRA,CEBRA_FLAT_LOGREG,1,TEMPORAL,10,bins,1,False,NEW_SUPP_S1_FIXED_SEED,PENDING
CRCNS pvc-11|data_monkey3_gratings|CEBRA_FLAT_LOGREG|1|TEMPORAL|10|2,CRCNS pvc-11,monkey3,data_monkey3_gratings,CEBRA,CEBRA_FLAT_LOGREG,1,TEMPORAL,10,bins,2,False,NEW_SUPP_S1_FIXED_SEED,PENDING
CRCNS pvc-11|data_monkey3_gratings|CEBRA_FLAT_LOGREG|1|TEMPORAL|10|3,CRCNS pvc-11,monkey3,data_monkey3_gratings,CEBRA,CEBRA_FLAT_LOGREG,1,TEMPORAL,10,bins,3,False,NEW_SUPP_S1_FIXED_SEED,PENDING
CRCNS pvc-11|data_monkey3_gratings|CEBRA_FLAT_LOGREG|1|TEMPORAL|10|4,CRCNS pvc-11,monkey3,data_monkey3_gratings,CEBRA,CEBRA_FLAT_LOGREG,1,TEMPORAL,10,bins,4,False,NEW_SUPP_S1_FIXED_SEED,PENDING
CRCNS pvc-11|data_monkey3_gratings|CEBRA_FLAT_LOGREG|2|CLEAN|0,CRCNS pvc-11,monkey3,data_monkey3_gratings,CEBRA,CEBRA_FLAT_LOGREG,2,CLEAN_REFERENCE,0,none,0,False,R4_CLEAN_REFERENCE,PENDING
CRCNS pvc-11|data_monkey3_gratings|CEBRA_FLAT_LOGREG|2|UNIT|0.1|0,CRCNS pvc-11,monkey3,data_monkey3_gratings,CEBRA,CEBRA_FLAT_LOGREG,2,UNIT,0.1,proportion,0,False,NEW_SUPP_S1_FIXED_SEED,PENDING
CRCNS pvc-11|data_monkey3_gratings|CEBRA_FLAT_LOGREG|2|UNIT|0.1|1,CRCNS pvc-11,monkey3,data_monkey3_gratings,CEBRA,CEBRA_FLAT_LOGREG,2,UNIT,0.1,proportion,1,False,NEW_SUPP_S1_FIXED_SEED,PENDING
CRCNS pvc-11|data_monkey3_gratings|CEBRA_FLAT_LOGREG|2|UNIT|0.1|2,CRCNS pvc-11,monkey3,data_monkey3_gratings,CEBRA,CEBRA_FLAT_LOGREG,2,UNIT,0.1,proportion,2,False,NEW_SUPP_S1_FIXED_SEED,PENDING
CRCNS pvc-11|data_monkey3_gratings|CEBRA_FLAT_LOGREG|2|UNIT|0.1|3,CRCNS pvc-11,monkey3,data_monkey3_gratings,CEBRA,CEBRA_FLAT_LOGREG,2,UNIT,0.1,proportion,3,False,NEW_SUPP_S1_FIXED_SEED,PENDING
CRCNS pvc-11|data_monkey3_gratings|CEBRA_FLAT_LOGREG|2|UNIT|0.1|4,CRCNS pvc-11,monkey3,data_monkey3_gratings,CEBRA,CEBRA_FLAT_LOGREG,2,UNIT,0.1,proportion,4,False,NEW_SUPP_S1_FIXED_SEED,PENDING
CRCNS pvc-11|data_monkey3_gratings|CEBRA_FLAT_LOGREG|2|UNIT|0.2|0,CRCNS pvc-11,monkey3,data_monkey3_gratings,CEBRA,CEBRA_FLAT_LOGREG,2,UNIT,0.2,proportion,0,False,NEW_SUPP_S1_FIXED_SEED,PENDING
CRCNS pvc-11|data_monkey3_gratings|CEBRA_FLAT_LOGREG|2|UNIT|0.2|1,CRCNS pvc-11,monkey3,data_monkey3_gratings,CEBRA,CEBRA_FLAT_LOGREG,2,UNIT,0.2,proportion,1,False,NEW_SUPP_S1_FIXED_SEED,PENDING
CRCNS pvc-11|data_monkey3_gratings|CEBRA_FLAT_LOGREG|2|UNIT|0.2|2,CRCNS pvc-11,monkey3,data_monkey3_gratings,CEBRA,CEBRA_FLAT_LOGREG,2,UNIT,0.2,proportion,2,False,NEW_SUPP_S1_FIXED_SEED,PENDING
CRCNS pvc-11|data_monkey3_gratings|CEBRA_FLAT_LOGREG|2|UNIT|0.2|3,CRCNS pvc-11,monkey3,data_monkey3_gratings,CEBRA,CEBRA_FLAT_LOGREG,2,UNIT,0.2,proportion,3,False,NEW_SUPP_S1_FIXED_SEED,PENDING
CRCNS pvc-11|data_monkey3_gratings|CEBRA_FLAT_LOGREG|2|UNIT|0.2|4,CRCNS pvc-11,monkey3,data_monkey3_gratings,CEBRA,CEBRA_FLAT_LOGREG,2,UNIT,0.2,proportion,4,False,NEW_SUPP_S1_FIXED_SEED,PENDING
CRCNS pvc-11|data_monkey3_gratings|CEBRA_FLAT_LOGREG|2|UNIT|0.3|0,CRCNS pvc-11,monkey3,data_monkey3_gratings,CEBRA,CEBRA_FLAT_LOGREG,2,UNIT,0.3,proportion,0,True,MAIN_FROZEN_U30,PENDING
CRCNS pvc-11|data_monkey3_gratings|CEBRA_FLAT_LOGREG|2|UNIT|0.3|1,CRCNS pvc-11,monkey3,data_monkey3_gratings,CEBRA,CEBRA_FLAT_LOGREG,2,UNIT,0.3,proportion,1,True,MAIN_FROZEN_U30,PENDING
CRCNS pvc-11|data_monkey3_gratings|CEBRA_FLAT_LOGREG|2|UNIT|0.3|2,CRCNS pvc-11,monkey3,data_monkey3_gratings,CEBRA,CEBRA_FLAT_LOGREG,2,UNIT,0.3,proportion,2,True,MAIN_FROZEN_U30,PENDING
CRCNS pvc-11|data_monkey3_gratings|CEBRA_FLAT_LOGREG|2|UNIT|0.3|3,CRCNS pvc-11,monkey3,data_monkey3_gratings,CEBRA,CEBRA_FLAT_LOGREG,2,UNIT,0.3,proportion,3,True,MAIN_FROZEN_U30,PENDING
CRCNS pvc-11|data_monkey3_gratings|CEBRA_FLAT_LOGREG|2|UNIT|0.3|4,CRCNS pvc-11,monkey3,data_monkey3_gratings,CEBRA,CEBRA_FLAT_LOGREG,2,UNIT,0.3,proportion,4,True,MAIN_FROZEN_U30,PENDING
CRCNS pvc-11|data_monkey3_gratings|CEBRA_FLAT_LOGREG|2|UNIT|0.4|0,CRCNS pvc-11,monkey3,data_monkey3_gratings,CEBRA,CEBRA_FLAT_LOGREG,2,UNIT,0.4,proportion,0,False,NEW_SUPP_S1_FIXED_SEED,PENDING
CRCNS pvc-11|data_monkey3_gratings|CEBRA_FLAT_LOGREG|2|UNIT|0.4|1,CRCNS pvc-11,monkey3,data_monkey3_gratings,CEBRA,CEBRA_FLAT_LOGREG,2,UNIT,0.4,proportion,1,False,NEW_SUPP_S1_FIXED_SEED,PENDING
CRCNS pvc-11|data_monkey3_gratings|CEBRA_FLAT_LOGREG|2|UNIT|0.4|2,CRCNS pvc-11,monkey3,data_monkey3_gratings,CEBRA,CEBRA_FLAT_LOGREG,2,UNIT,0.4,proportion,2,False,NEW_SUPP_S1_FIXED_SEED,PENDING
CRCNS pvc-11|data_monkey3_gratings|CEBRA_FLAT_LOGREG|2|UNIT|0.4|3,CRCNS pvc-11,monkey3,data_monkey3_gratings,CEBRA,CEBRA_FLAT_LOGREG,2,UNIT,0.4,proportion,3,False,NEW_SUPP_S1_FIXED_SEED,PENDING
CRCNS pvc-11|data_monkey3_gratings|CEBRA_FLAT_LOGREG|2|UNIT|0.4|4,CRCNS pvc-11,monkey3,data_monkey3_gratings,CEBRA,CEBRA_FLAT_LOGREG,2,UNIT,0.4,proportion,4,False,NEW_SUPP_S1_FIXED_SEED,PENDING
CRCNS pvc-11|data_monkey3_gratings|CEBRA_FLAT_LOGREG|2|UNIT|0.5|0,CRCNS pvc-11,monkey3,data_monkey3_gratings,CEBRA,CEBRA_FLAT_LOGREG,2,UNIT,0.5,proportion,0,False,NEW_SUPP_S1_FIXED_SEED,PENDING
CRCNS pvc-11|data_monkey3_gratings|CEBRA_FLAT_LOGREG|2|UNIT|0.5|1,CRCNS pvc-11,monkey3,data_monkey3_gratings,CEBRA,CEBRA_FLAT_LOGREG,2,UNIT,0.5,proportion,1,False,NEW_SUPP_S1_FIXED_SEED,PENDING
CRCNS pvc-11|data_monkey3_gratings|CEBRA_FLAT_LOGREG|2|UNIT|0.5|2,CRCNS pvc-11,monkey3,data_monkey3_gratings,CEBRA,CEBRA_FLAT_LOGREG,2,UNIT,0.5,proportion,2,False,NEW_SUPP_S1_FIXED_SEED,PENDING
CRCNS pvc-11|data_monkey3_gratings|CEBRA_FLAT_LOGREG|2|UNIT|0.5|3,CRCNS pvc-11,monkey3,data_monkey3_gratings,CEBRA,CEBRA_FLAT_LOGREG,2,UNIT,0.5,proportion,3,False,NEW_SUPP_S1_FIXED_SEED,PENDING
CRCNS pvc-11|data_monkey3_gratings|CEBRA_FLAT_LOGREG|2|UNIT|0.5|4,CRCNS pvc-11,monkey3,data_monkey3_gratings,CEBRA,CEBRA_FLAT_LOGREG,2,UNIT,0.5,proportion,4,False,NEW_SUPP_S1_FIXED_SEED,PENDING
CRCNS pvc-11|data_monkey3_gratings|CEBRA_FLAT_LOGREG|2|TEMPORAL|2|0,CRCNS pvc-11,monkey3,data_monkey3_gratings,CEBRA,CEBRA_FLAT_LOGREG,2,TEMPORAL,2,bins,0,False,NEW_SUPP_S1_FIXED_SEED,PENDING
CRCNS pvc-11|data_monkey3_gratings|CEBRA_FLAT_LOGREG|2|TEMPORAL|2|1,CRCNS pvc-11,monkey3,data_monkey3_gratings,CEBRA,CEBRA_FLAT_LOGREG,2,TEMPORAL,2,bins,1,False,NEW_SUPP_S1_FIXED_SEED,PENDING
CRCNS pvc-11|data_monkey3_gratings|CEBRA_FLAT_LOGREG|2|TEMPORAL|2|2,CRCNS pvc-11,monkey3,data_monkey3_gratings,CEBRA,CEBRA_FLAT_LOGREG,2,TEMPORAL,2,bins,2,False,NEW_SUPP_S1_FIXED_SEED,PENDING
CRCNS pvc-11|data_monkey3_gratings|CEBRA_FLAT_LOGREG|2|TEMPORAL|2|3,CRCNS pvc-11,monkey3,data_monkey3_gratings,CEBRA,CEBRA_FLAT_LOGREG,2,TEMPORAL,2,bins,3,False,NEW_SUPP_S1_FIXED_SEED,PENDING
CRCNS pvc-11|data_monkey3_gratings|CEBRA_FLAT_LOGREG|2|TEMPORAL|2|4,CRCNS pvc-11,monkey3,data_monkey3_gratings,CEBRA,CEBRA_FLAT_LOGREG,2,TEMPORAL,2,bins,4,False,NEW_SUPP_S1_FIXED_SEED,PENDING
CRCNS pvc-11|data_monkey3_gratings|CEBRA_FLAT_LOGREG|2|TEMPORAL|3|0,CRCNS pvc-11,monkey3,data_monkey3_gratings,CEBRA,CEBRA_FLAT_LOGREG,2,TEMPORAL,3,bins,0,False,NEW_SUPP_S1_FIXED_SEED,PENDING
CRCNS pvc-11|data_monkey3_gratings|CEBRA_FLAT_LOGREG|2|TEMPORAL|3|1,CRCNS pvc-11,monkey3,data_monkey3_gratings,CEBRA,CEBRA_FLAT_LOGREG,2,TEMPORAL,3,bins,1,False,NEW_SUPP_S1_FIXED_SEED,PENDING
CRCNS pvc-11|data_monkey3_gratings|CEBRA_FLAT_LOGREG|2|TEMPORAL|3|2,CRCNS pvc-11,monkey3,data_monkey3_gratings,CEBRA,CEBRA_FLAT_LOGREG,2,TEMPORAL,3,bins,2,False,NEW_SUPP_S1_FIXED_SEED,PENDING
CRCNS pvc-11|data_monkey3_gratings|CEBRA_FLAT_LOGREG|2|TEMPORAL|3|3,CRCNS pvc-11,monkey3,data_monkey3_gratings,CEBRA,CEBRA_FLAT_LOGREG,2,TEMPORAL,3,bins,3,False,NEW_SUPP_S1_FIXED_SEED,PENDING
CRCNS pvc-11|data_monkey3_gratings|CEBRA_FLAT_LOGREG|2|TEMPORAL|3|4,CRCNS pvc-11,monkey3,data_monkey3_gratings,CEBRA,CEBRA_FLAT_LOGREG,2,TEMPORAL,3,bins,4,False,NEW_SUPP_S1_FIXED_SEED,PENDING
CRCNS pvc-11|data_monkey3_gratings|CEBRA_FLAT_LOGREG|2|TEMPORAL|5|0,CRCNS pvc-11,monkey3,data_monkey3_gratings,CEBRA,CEBRA_FLAT_LOGREG,2,TEMPORAL,5,bins,0,True,MAIN_FROZEN_T5,PENDING
CRCNS pvc-11|data_monkey3_gratings|CEBRA_FLAT_LOGREG|2|TEMPORAL|5|1,CRCNS pvc-11,monkey3,data_monkey3_gratings,CEBRA,CEBRA_FLAT_LOGREG,2,TEMPORAL,5,bins,1,True,MAIN_FROZEN_T5,PENDING
CRCNS pvc-11|data_monkey3_gratings|CEBRA_FLAT_LOGREG|2|TEMPORAL|5|2,CRCNS pvc-11,monkey3,data_monkey3_gratings,CEBRA,CEBRA_FLAT_LOGREG,2,TEMPORAL,5,bins,2,True,MAIN_FROZEN_T5,PENDING
CRCNS pvc-11|data_monkey3_gratings|CEBRA_FLAT_LOGREG|2|TEMPORAL|5|3,CRCNS pvc-11,monkey3,data_monkey3_gratings,CEBRA,CEBRA_FLAT_LOGREG,2,TEMPORAL,5,bins,3,True,MAIN_FROZEN_T5,PENDING
CRCNS pvc-11|data_monkey3_gratings|CEBRA_FLAT_LOGREG|2|TEMPORAL|5|4,CRCNS pvc-11,monkey3,data_monkey3_gratings,CEBRA,CEBRA_FLAT_LOGREG,2,TEMPORAL,5,bins,4,True,MAIN_FROZEN_T5,PENDING
CRCNS pvc-11|data_monkey3_gratings|CEBRA_FLAT_LOGREG|2|TEMPORAL|7|0,CRCNS pvc-11,monkey3,data_monkey3_gratings,CEBRA,CEBRA_FLAT_LOGREG,2,TEMPORAL,7,bins,0,False,NEW_SUPP_S1_FIXED_SEED,PENDING
CRCNS pvc-11|data_monkey3_gratings|CEBRA_FLAT_LOGREG|2|TEMPORAL|7|1,CRCNS pvc-11,monkey3,data_monkey3_gratings,CEBRA,CEBRA_FLAT_LOGREG,2,TEMPORAL,7,bins,1,False,NEW_SUPP_S1_FIXED_SEED,PENDING
CRCNS pvc-11|data_monkey3_gratings|CEBRA_FLAT_LOGREG|2|TEMPORAL|7|2,CRCNS pvc-11,monkey3,data_monkey3_gratings,CEBRA,CEBRA_FLAT_LOGREG,2,TEMPORAL,7,bins,2,False,NEW_SUPP_S1_FIXED_SEED,PENDING
CRCNS pvc-11|data_monkey3_gratings|CEBRA_FLAT_LOGREG|2|TEMPORAL|7|3,CRCNS pvc-11,monkey3,data_monkey3_gratings,CEBRA,CEBRA_FLAT_LOGREG,2,TEMPORAL,7,bins,3,False,NEW_SUPP_S1_FIXED_SEED,PENDING
CRCNS pvc-11|data_monkey3_gratings|CEBRA_FLAT_LOGREG|2|TEMPORAL|7|4,CRCNS pvc-11,monkey3,data_monkey3_gratings,CEBRA,CEBRA_FLAT_LOGREG,2,TEMPORAL,7,bins,4,False,NEW_SUPP_S1_FIXED_SEED,PENDING
CRCNS pvc-11|data_monkey3_gratings|CEBRA_FLAT_LOGREG|2|TEMPORAL|10|0,CRCNS pvc-11,monkey3,data_monkey3_gratings,CEBRA,CEBRA_FLAT_LOGREG,2,TEMPORAL,10,bins,0,False,NEW_SUPP_S1_FIXED_SEED,PENDING
CRCNS pvc-11|data_monkey3_gratings|CEBRA_FLAT_LOGREG|2|TEMPORAL|10|1,CRCNS pvc-11,monkey3,data_monkey3_gratings,CEBRA,CEBRA_FLAT_LOGREG,2,TEMPORAL,10,bins,1,False,NEW_SUPP_S1_FIXED_SEED,PENDING
CRCNS pvc-11|data_monkey3_gratings|CEBRA_FLAT_LOGREG|2|TEMPORAL|10|2,CRCNS pvc-11,monkey3,data_monkey3_gratings,CEBRA,CEBRA_FLAT_LOGREG,2,TEMPORAL,10,bins,2,False,NEW_SUPP_S1_FIXED_SEED,PENDING
CRCNS pvc-11|data_monkey3_gratings|CEBRA_FLAT_LOGREG|2|TEMPORAL|10|3,CRCNS pvc-11,monkey3,data_monkey3_gratings,CEBRA,CEBRA_FLAT_LOGREG,2,TEMPORAL,10,bins,3,False,NEW_SUPP_S1_FIXED_SEED,PENDING
CRCNS pvc-11|data_monkey3_gratings|CEBRA_FLAT_LOGREG|2|TEMPORAL|10|4,CRCNS pvc-11,monkey3,data_monkey3_gratings,CEBRA,CEBRA_FLAT_LOGREG,2,TEMPORAL,10,bins,4,False,NEW_SUPP_S1_FIXED_SEED,PENDING
CRCNS pvc-11|data_monkey3_gratings|CEBRA_FLAT_LOGREG|3|CLEAN|0,CRCNS pvc-11,monkey3,data_monkey3_gratings,CEBRA,CEBRA_FLAT_LOGREG,3,CLEAN_REFERENCE,0,none,0,False,R4_CLEAN_REFERENCE,PENDING
CRCNS pvc-11|data_monkey3_gratings|CEBRA_FLAT_LOGREG|3|UNIT|0.1|0,CRCNS pvc-11,monkey3,data_monkey3_gratings,CEBRA,CEBRA_FLAT_LOGREG,3,UNIT,0.1,proportion,0,False,NEW_SUPP_S1_FIXED_SEED,PENDING
CRCNS pvc-11|data_monkey3_gratings|CEBRA_FLAT_LOGREG|3|UNIT|0.1|1,CRCNS pvc-11,monkey3,data_monkey3_gratings,CEBRA,CEBRA_FLAT_LOGREG,3,UNIT,0.1,proportion,1,False,NEW_SUPP_S1_FIXED_SEED,PENDING
CRCNS pvc-11|data_monkey3_gratings|CEBRA_FLAT_LOGREG|3|UNIT|0.1|2,CRCNS pvc-11,monkey3,data_monkey3_gratings,CEBRA,CEBRA_FLAT_LOGREG,3,UNIT,0.1,proportion,2,False,NEW_SUPP_S1_FIXED_SEED,PENDING
CRCNS pvc-11|data_monkey3_gratings|CEBRA_FLAT_LOGREG|3|UNIT|0.1|3,CRCNS pvc-11,monkey3,data_monkey3_gratings,CEBRA,CEBRA_FLAT_LOGREG,3,UNIT,0.1,proportion,3,False,NEW_SUPP_S1_FIXED_SEED,PENDING
CRCNS pvc-11|data_monkey3_gratings|CEBRA_FLAT_LOGREG|3|UNIT|0.1|4,CRCNS pvc-11,monkey3,data_monkey3_gratings,CEBRA,CEBRA_FLAT_LOGREG,3,UNIT,0.1,proportion,4,False,NEW_SUPP_S1_FIXED_SEED,PENDING
CRCNS pvc-11|data_monkey3_gratings|CEBRA_FLAT_LOGREG|3|UNIT|0.2|0,CRCNS pvc-11,monkey3,data_monkey3_gratings,CEBRA,CEBRA_FLAT_LOGREG,3,UNIT,0.2,proportion,0,False,NEW_SUPP_S1_FIXED_SEED,PENDING
CRCNS pvc-11|data_monkey3_gratings|CEBRA_FLAT_LOGREG|3|UNIT|0.2|1,CRCNS pvc-11,monkey3,data_monkey3_gratings,CEBRA,CEBRA_FLAT_LOGREG,3,UNIT,0.2,proportion,1,False,NEW_SUPP_S1_FIXED_SEED,PENDING
CRCNS pvc-11|data_monkey3_gratings|CEBRA_FLAT_LOGREG|3|UNIT|0.2|2,CRCNS pvc-11,monkey3,data_monkey3_gratings,CEBRA,CEBRA_FLAT_LOGREG,3,UNIT,0.2,proportion,2,False,NEW_SUPP_S1_FIXED_SEED,PENDING
CRCNS pvc-11|data_monkey3_gratings|CEBRA_FLAT_LOGREG|3|UNIT|0.2|3,CRCNS pvc-11,monkey3,data_monkey3_gratings,CEBRA,CEBRA_FLAT_LOGREG,3,UNIT,0.2,proportion,3,False,NEW_SUPP_S1_FIXED_SEED,PENDING
CRCNS pvc-11|data_monkey3_gratings|CEBRA_FLAT_LOGREG|3|UNIT|0.2|4,CRCNS pvc-11,monkey3,data_monkey3_gratings,CEBRA,CEBRA_FLAT_LOGREG,3,UNIT,0.2,proportion,4,False,NEW_SUPP_S1_FIXED_SEED,PENDING
CRCNS pvc-11|data_monkey3_gratings|CEBRA_FLAT_LOGREG|3|UNIT|0.3|0,CRCNS pvc-11,monkey3,data_monkey3_gratings,CEBRA,CEBRA_FLAT_LOGREG,3,UNIT,0.3,proportion,0,True,MAIN_FROZEN_U30,PENDING
CRCNS pvc-11|data_monkey3_gratings|CEBRA_FLAT_LOGREG|3|UNIT|0.3|1,CRCNS pvc-11,monkey3,data_monkey3_gratings,CEBRA,CEBRA_FLAT_LOGREG,3,UNIT,0.3,proportion,1,True,MAIN_FROZEN_U30,PENDING
CRCNS pvc-11|data_monkey3_gratings|CEBRA_FLAT_LOGREG|3|UNIT|0.3|2,CRCNS pvc-11,monkey3,data_monkey3_gratings,CEBRA,CEBRA_FLAT_LOGREG,3,UNIT,0.3,proportion,2,True,MAIN_FROZEN_U30,PENDING
CRCNS pvc-11|data_monkey3_gratings|CEBRA_FLAT_LOGREG|3|UNIT|0.3|3,CRCNS pvc-11,monkey3,data_monkey3_gratings,CEBRA,CEBRA_FLAT_LOGREG,3,UNIT,0.3,proportion,3,True,MAIN_FROZEN_U30,PENDING
CRCNS pvc-11|data_monkey3_gratings|CEBRA_FLAT_LOGREG|3|UNIT|0.3|4,CRCNS pvc-11,monkey3,data_monkey3_gratings,CEBRA,CEBRA_FLAT_LOGREG,3,UNIT,0.3,proportion,4,True,MAIN_FROZEN_U30,PENDING
CRCNS pvc-11|data_monkey3_gratings|CEBRA_FLAT_LOGREG|3|UNIT|0.4|0,CRCNS pvc-11,monkey3,data_monkey3_gratings,CEBRA,CEBRA_FLAT_LOGREG,3,UNIT,0.4,proportion,0,False,NEW_SUPP_S1_FIXED_SEED,PENDING
CRCNS pvc-11|data_monkey3_gratings|CEBRA_FLAT_LOGREG|3|UNIT|0.4|1,CRCNS pvc-11,monkey3,data_monkey3_gratings,CEBRA,CEBRA_FLAT_LOGREG,3,UNIT,0.4,proportion,1,False,NEW_SUPP_S1_FIXED_SEED,PENDING
CRCNS pvc-11|data_monkey3_gratings|CEBRA_FLAT_LOGREG|3|UNIT|0.4|2,CRCNS pvc-11,monkey3,data_monkey3_gratings,CEBRA,CEBRA_FLAT_LOGREG,3,UNIT,0.4,proportion,2,False,NEW_SUPP_S1_FIXED_SEED,PENDING
CRCNS pvc-11|data_monkey3_gratings|CEBRA_FLAT_LOGREG|3|UNIT|0.4|3,CRCNS pvc-11,monkey3,data_monkey3_gratings,CEBRA,CEBRA_FLAT_LOGREG,3,UNIT,0.4,proportion,3,False,NEW_SUPP_S1_FIXED_SEED,PENDING
CRCNS pvc-11|data_monkey3_gratings|CEBRA_FLAT_LOGREG|3|UNIT|0.4|4,CRCNS pvc-11,monkey3,data_monkey3_gratings,CEBRA,CEBRA_FLAT_LOGREG,3,UNIT,0.4,proportion,4,False,NEW_SUPP_S1_FIXED_SEED,PENDING
CRCNS pvc-11|data_monkey3_gratings|CEBRA_FLAT_LOGREG|3|UNIT|0.5|0,CRCNS pvc-11,monkey3,data_monkey3_gratings,CEBRA,CEBRA_FLAT_LOGREG,3,UNIT,0.5,proportion,0,False,NEW_SUPP_S1_FIXED_SEED,PENDING
CRCNS pvc-11|data_monkey3_gratings|CEBRA_FLAT_LOGREG|3|UNIT|0.5|1,CRCNS pvc-11,monkey3,data_monkey3_gratings,CEBRA,CEBRA_FLAT_LOGREG,3,UNIT,0.5,proportion,1,False,NEW_SUPP_S1_FIXED_SEED,PENDING
CRCNS pvc-11|data_monkey3_gratings|CEBRA_FLAT_LOGREG|3|UNIT|0.5|2,CRCNS pvc-11,monkey3,data_monkey3_gratings,CEBRA,CEBRA_FLAT_LOGREG,3,UNIT,0.5,proportion,2,False,NEW_SUPP_S1_FIXED_SEED,PENDING
CRCNS pvc-11|data_monkey3_gratings|CEBRA_FLAT_LOGREG|3|UNIT|0.5|3,CRCNS pvc-11,monkey3,data_monkey3_gratings,CEBRA,CEBRA_FLAT_LOGREG,3,UNIT,0.5,proportion,3,False,NEW_SUPP_S1_FIXED_SEED,PENDING
CRCNS pvc-11|data_monkey3_gratings|CEBRA_FLAT_LOGREG|3|UNIT|0.5|4,CRCNS pvc-11,monkey3,data_monkey3_gratings,CEBRA,CEBRA_FLAT_LOGREG,3,UNIT,0.5,proportion,4,False,NEW_SUPP_S1_FIXED_SEED,PENDING
CRCNS pvc-11|data_monkey3_gratings|CEBRA_FLAT_LOGREG|3|TEMPORAL|2|0,CRCNS pvc-11,monkey3,data_monkey3_gratings,CEBRA,CEBRA_FLAT_LOGREG,3,TEMPORAL,2,bins,0,False,NEW_SUPP_S1_FIXED_SEED,PENDING
CRCNS pvc-11|data_monkey3_gratings|CEBRA_FLAT_LOGREG|3|TEMPORAL|2|1,CRCNS pvc-11,monkey3,data_monkey3_gratings,CEBRA,CEBRA_FLAT_LOGREG,3,TEMPORAL,2,bins,1,False,NEW_SUPP_S1_FIXED_SEED,PENDING
CRCNS pvc-11|data_monkey3_gratings|CEBRA_FLAT_LOGREG|3|TEMPORAL|2|2,CRCNS pvc-11,monkey3,data_monkey3_gratings,CEBRA,CEBRA_FLAT_LOGREG,3,TEMPORAL,2,bins,2,False,NEW_SUPP_S1_FIXED_SEED,PENDING
CRCNS pvc-11|data_monkey3_gratings|CEBRA_FLAT_LOGREG|3|TEMPORAL|2|3,CRCNS pvc-11,monkey3,data_monkey3_gratings,CEBRA,CEBRA_FLAT_LOGREG,3,TEMPORAL,2,bins,3,False,NEW_SUPP_S1_FIXED_SEED,PENDING
CRCNS pvc-11|data_monkey3_gratings|CEBRA_FLAT_LOGREG|3|TEMPORAL|2|4,CRCNS pvc-11,monkey3,data_monkey3_gratings,CEBRA,CEBRA_FLAT_LOGREG,3,TEMPORAL,2,bins,4,False,NEW_SUPP_S1_FIXED_SEED,PENDING
CRCNS pvc-11|data_monkey3_gratings|CEBRA_FLAT_LOGREG|3|TEMPORAL|3|0,CRCNS pvc-11,monkey3,data_monkey3_gratings,CEBRA,CEBRA_FLAT_LOGREG,3,TEMPORAL,3,bins,0,False,NEW_SUPP_S1_FIXED_SEED,PENDING
CRCNS pvc-11|data_monkey3_gratings|CEBRA_FLAT_LOGREG|3|TEMPORAL|3|1,CRCNS pvc-11,monkey3,data_monkey3_gratings,CEBRA,CEBRA_FLAT_LOGREG,3,TEMPORAL,3,bins,1,False,NEW_SUPP_S1_FIXED_SEED,PENDING
CRCNS pvc-11|data_monkey3_gratings|CEBRA_FLAT_LOGREG|3|TEMPORAL|3|2,CRCNS pvc-11,monkey3,data_monkey3_gratings,CEBRA,CEBRA_FLAT_LOGREG,3,TEMPORAL,3,bins,2,False,NEW_SUPP_S1_FIXED_SEED,PENDING
CRCNS pvc-11|data_monkey3_gratings|CEBRA_FLAT_LOGREG|3|TEMPORAL|3|3,CRCNS pvc-11,monkey3,data_monkey3_gratings,CEBRA,CEBRA_FLAT_LOGREG,3,TEMPORAL,3,bins,3,False,NEW_SUPP_S1_FIXED_SEED,PENDING
CRCNS pvc-11|data_monkey3_gratings|CEBRA_FLAT_LOGREG|3|TEMPORAL|3|4,CRCNS pvc-11,monkey3,data_monkey3_gratings,CEBRA,CEBRA_FLAT_LOGREG,3,TEMPORAL,3,bins,4,False,NEW_SUPP_S1_FIXED_SEED,PENDING
CRCNS pvc-11|data_monkey3_gratings|CEBRA_FLAT_LOGREG|3|TEMPORAL|5|0,CRCNS pvc-11,monkey3,data_monkey3_gratings,CEBRA,CEBRA_FLAT_LOGREG,3,TEMPORAL,5,bins,0,True,MAIN_FROZEN_T5,PENDING
CRCNS pvc-11|data_monkey3_gratings|CEBRA_FLAT_LOGREG|3|TEMPORAL|5|1,CRCNS pvc-11,monkey3,data_monkey3_gratings,CEBRA,CEBRA_FLAT_LOGREG,3,TEMPORAL,5,bins,1,True,MAIN_FROZEN_T5,PENDING
CRCNS pvc-11|data_monkey3_gratings|CEBRA_FLAT_LOGREG|3|TEMPORAL|5|2,CRCNS pvc-11,monkey3,data_monkey3_gratings,CEBRA,CEBRA_FLAT_LOGREG,3,TEMPORAL,5,bins,2,True,MAIN_FROZEN_T5,PENDING
CRCNS pvc-11|data_monkey3_gratings|CEBRA_FLAT_LOGREG|3|TEMPORAL|5|3,CRCNS pvc-11,monkey3,data_monkey3_gratings,CEBRA,CEBRA_FLAT_LOGREG,3,TEMPORAL,5,bins,3,True,MAIN_FROZEN_T5,PENDING
CRCNS pvc-11|data_monkey3_gratings|CEBRA_FLAT_LOGREG|3|TEMPORAL|5|4,CRCNS pvc-11,monkey3,data_monkey3_gratings,CEBRA,CEBRA_FLAT_LOGREG,3,TEMPORAL,5,bins,4,True,MAIN_FROZEN_T5,PENDING
CRCNS pvc-11|data_monkey3_gratings|CEBRA_FLAT_LOGREG|3|TEMPORAL|7|0,CRCNS pvc-11,monkey3,data_monkey3_gratings,CEBRA,CEBRA_FLAT_LOGREG,3,TEMPORAL,7,bins,0,False,NEW_SUPP_S1_FIXED_SEED,PENDING
CRCNS pvc-11|data_monkey3_gratings|CEBRA_FLAT_LOGREG|3|TEMPORAL|7|1,CRCNS pvc-11,monkey3,data_monkey3_gratings,CEBRA,CEBRA_FLAT_LOGREG,3,TEMPORAL,7,bins,1,False,NEW_SUPP_S1_FIXED_SEED,PENDING
CRCNS pvc-11|data_monkey3_gratings|CEBRA_FLAT_LOGREG|3|TEMPORAL|7|2,CRCNS pvc-11,monkey3,data_monkey3_gratings,CEBRA,CEBRA_FLAT_LOGREG,3,TEMPORAL,7,bins,2,False,NEW_SUPP_S1_FIXED_SEED,PENDING
CRCNS pvc-11|data_monkey3_gratings|CEBRA_FLAT_LOGREG|3|TEMPORAL|7|3,CRCNS pvc-11,monkey3,data_monkey3_gratings,CEBRA,CEBRA_FLAT_LOGREG,3,TEMPORAL,7,bins,3,False,NEW_SUPP_S1_FIXED_SEED,PENDING
CRCNS pvc-11|data_monkey3_gratings|CEBRA_FLAT_LOGREG|3|TEMPORAL|7|4,CRCNS pvc-11,monkey3,data_monkey3_gratings,CEBRA,CEBRA_FLAT_LOGREG,3,TEMPORAL,7,bins,4,False,NEW_SUPP_S1_FIXED_SEED,PENDING
CRCNS pvc-11|data_monkey3_gratings|CEBRA_FLAT_LOGREG|3|TEMPORAL|10|0,CRCNS pvc-11,monkey3,data_monkey3_gratings,CEBRA,CEBRA_FLAT_LOGREG,3,TEMPORAL,10,bins,0,False,NEW_SUPP_S1_FIXED_SEED,PENDING
CRCNS pvc-11|data_monkey3_gratings|CEBRA_FLAT_LOGREG|3|TEMPORAL|10|1,CRCNS pvc-11,monkey3,data_monkey3_gratings,CEBRA,CEBRA_FLAT_LOGREG,3,TEMPORAL,10,bins,1,False,NEW_SUPP_S1_FIXED_SEED,PENDING
CRCNS pvc-11|data_monkey3_gratings|CEBRA_FLAT_LOGREG|3|TEMPORAL|10|2,CRCNS pvc-11,monkey3,data_monkey3_gratings,CEBRA,CEBRA_FLAT_LOGREG,3,TEMPORAL,10,bins,2,False,NEW_SUPP_S1_FIXED_SEED,PENDING
CRCNS pvc-11|data_monkey3_gratings|CEBRA_FLAT_LOGREG|3|TEMPORAL|10|3,CRCNS pvc-11,monkey3,data_monkey3_gratings,CEBRA,CEBRA_FLAT_LOGREG,3,TEMPORAL,10,bins,3,False,NEW_SUPP_S1_FIXED_SEED,PENDING
CRCNS pvc-11|data_monkey3_gratings|CEBRA_FLAT_LOGREG|3|TEMPORAL|10|4,CRCNS pvc-11,monkey3,data_monkey3_gratings,CEBRA,CEBRA_FLAT_LOGREG,3,TEMPORAL,10,bins,4,False,NEW_SUPP_S1_FIXED_SEED,PENDING
CRCNS pvc-11|data_monkey3_gratings|CEBRA_FLAT_LOGREG|4|CLEAN|0,CRCNS pvc-11,monkey3,data_monkey3_gratings,CEBRA,CEBRA_FLAT_LOGREG,4,CLEAN_REFERENCE,0,none,0,False,R4_CLEAN_REFERENCE,PENDING
CRCNS pvc-11|data_monkey3_gratings|CEBRA_FLAT_LOGREG|4|UNIT|0.1|0,CRCNS pvc-11,monkey3,data_monkey3_gratings,CEBRA,CEBRA_FLAT_LOGREG,4,UNIT,0.1,proportion,0,False,NEW_SUPP_S1_FIXED_SEED,PENDING
CRCNS pvc-11|data_monkey3_gratings|CEBRA_FLAT_LOGREG|4|UNIT|0.1|1,CRCNS pvc-11,monkey3,data_monkey3_gratings,CEBRA,CEBRA_FLAT_LOGREG,4,UNIT,0.1,proportion,1,False,NEW_SUPP_S1_FIXED_SEED,PENDING
CRCNS pvc-11|data_monkey3_gratings|CEBRA_FLAT_LOGREG|4|UNIT|0.1|2,CRCNS pvc-11,monkey3,data_monkey3_gratings,CEBRA,CEBRA_FLAT_LOGREG,4,UNIT,0.1,proportion,2,False,NEW_SUPP_S1_FIXED_SEED,PENDING
CRCNS pvc-11|data_monkey3_gratings|CEBRA_FLAT_LOGREG|4|UNIT|0.1|3,CRCNS pvc-11,monkey3,data_monkey3_gratings,CEBRA,CEBRA_FLAT_LOGREG,4,UNIT,0.1,proportion,3,False,NEW_SUPP_S1_FIXED_SEED,PENDING
CRCNS pvc-11|data_monkey3_gratings|CEBRA_FLAT_LOGREG|4|UNIT|0.1|4,CRCNS pvc-11,monkey3,data_monkey3_gratings,CEBRA,CEBRA_FLAT_LOGREG,4,UNIT,0.1,proportion,4,False,NEW_SUPP_S1_FIXED_SEED,PENDING
CRCNS pvc-11|data_monkey3_gratings|CEBRA_FLAT_LOGREG|4|UNIT|0.2|0,CRCNS pvc-11,monkey3,data_monkey3_gratings,CEBRA,CEBRA_FLAT_LOGREG,4,UNIT,0.2,proportion,0,False,NEW_SUPP_S1_FIXED_SEED,PENDING
CRCNS pvc-11|data_monkey3_gratings|CEBRA_FLAT_LOGREG|4|UNIT|0.2|1,CRCNS pvc-11,monkey3,data_monkey3_gratings,CEBRA,CEBRA_FLAT_LOGREG,4,UNIT,0.2,proportion,1,False,NEW_SUPP_S1_FIXED_SEED,PENDING
CRCNS pvc-11|data_monkey3_gratings|CEBRA_FLAT_LOGREG|4|UNIT|0.2|2,CRCNS pvc-11,monkey3,data_monkey3_gratings,CEBRA,CEBRA_FLAT_LOGREG,4,UNIT,0.2,proportion,2,False,NEW_SUPP_S1_FIXED_SEED,PENDING
CRCNS pvc-11|data_monkey3_gratings|CEBRA_FLAT_LOGREG|4|UNIT|0.2|3,CRCNS pvc-11,monkey3,data_monkey3_gratings,CEBRA,CEBRA_FLAT_LOGREG,4,UNIT,0.2,proportion,3,False,NEW_SUPP_S1_FIXED_SEED,PENDING
CRCNS pvc-11|data_monkey3_gratings|CEBRA_FLAT_LOGREG|4|UNIT|0.2|4,CRCNS pvc-11,monkey3,data_monkey3_gratings,CEBRA,CEBRA_FLAT_LOGREG,4,UNIT,0.2,proportion,4,False,NEW_SUPP_S1_FIXED_SEED,PENDING
CRCNS pvc-11|data_monkey3_gratings|CEBRA_FLAT_LOGREG|4|UNIT|0.3|0,CRCNS pvc-11,monkey3,data_monkey3_gratings,CEBRA,CEBRA_FLAT_LOGREG,4,UNIT,0.3,proportion,0,True,MAIN_FROZEN_U30,PENDING
CRCNS pvc-11|data_monkey3_gratings|CEBRA_FLAT_LOGREG|4|UNIT|0.3|1,CRCNS pvc-11,monkey3,data_monkey3_gratings,CEBRA,CEBRA_FLAT_LOGREG,4,UNIT,0.3,proportion,1,True,MAIN_FROZEN_U30,PENDING
CRCNS pvc-11|data_monkey3_gratings|CEBRA_FLAT_LOGREG|4|UNIT|0.3|2,CRCNS pvc-11,monkey3,data_monkey3_gratings,CEBRA,CEBRA_FLAT_LOGREG,4,UNIT,0.3,proportion,2,True,MAIN_FROZEN_U30,PENDING
CRCNS pvc-11|data_monkey3_gratings|CEBRA_FLAT_LOGREG|4|UNIT|0.3|3,CRCNS pvc-11,monkey3,data_monkey3_gratings,CEBRA,CEBRA_FLAT_LOGREG,4,UNIT,0.3,proportion,3,True,MAIN_FROZEN_U30,PENDING
CRCNS pvc-11|data_monkey3_gratings|CEBRA_FLAT_LOGREG|4|UNIT|0.3|4,CRCNS pvc-11,monkey3,data_monkey3_gratings,CEBRA,CEBRA_FLAT_LOGREG,4,UNIT,0.3,proportion,4,True,MAIN_FROZEN_U30,PENDING
CRCNS pvc-11|data_monkey3_gratings|CEBRA_FLAT_LOGREG|4|UNIT|0.4|0,CRCNS pvc-11,monkey3,data_monkey3_gratings,CEBRA,CEBRA_FLAT_LOGREG,4,UNIT,0.4,proportion,0,False,NEW_SUPP_S1_FIXED_SEED,PENDING
CRCNS pvc-11|data_monkey3_gratings|CEBRA_FLAT_LOGREG|4|UNIT|0.4|1,CRCNS pvc-11,monkey3,data_monkey3_gratings,CEBRA,CEBRA_FLAT_LOGREG,4,UNIT,0.4,proportion,1,False,NEW_SUPP_S1_FIXED_SEED,PENDING
CRCNS pvc-11|data_monkey3_gratings|CEBRA_FLAT_LOGREG|4|UNIT|0.4|2,CRCNS pvc-11,monkey3,data_monkey3_gratings,CEBRA,CEBRA_FLAT_LOGREG,4,UNIT,0.4,proportion,2,False,NEW_SUPP_S1_FIXED_SEED,PENDING
CRCNS pvc-11|data_monkey3_gratings|CEBRA_FLAT_LOGREG|4|UNIT|0.4|3,CRCNS pvc-11,monkey3,data_monkey3_gratings,CEBRA,CEBRA_FLAT_LOGREG,4,UNIT,0.4,proportion,3,False,NEW_SUPP_S1_FIXED_SEED,PENDING
CRCNS pvc-11|data_monkey3_gratings|CEBRA_FLAT_LOGREG|4|UNIT|0.4|4,CRCNS pvc-11,monkey3,data_monkey3_gratings,CEBRA,CEBRA_FLAT_LOGREG,4,UNIT,0.4,proportion,4,False,NEW_SUPP_S1_FIXED_SEED,PENDING
CRCNS pvc-11|data_monkey3_gratings|CEBRA_FLAT_LOGREG|4|UNIT|0.5|0,CRCNS pvc-11,monkey3,data_monkey3_gratings,CEBRA,CEBRA_FLAT_LOGREG,4,UNIT,0.5,proportion,0,False,NEW_SUPP_S1_FIXED_SEED,PENDING
CRCNS pvc-11|data_monkey3_gratings|CEBRA_FLAT_LOGREG|4|UNIT|0.5|1,CRCNS pvc-11,monkey3,data_monkey3_gratings,CEBRA,CEBRA_FLAT_LOGREG,4,UNIT,0.5,proportion,1,False,NEW_SUPP_S1_FIXED_SEED,PENDING
CRCNS pvc-11|data_monkey3_gratings|CEBRA_FLAT_LOGREG|4|UNIT|0.5|2,CRCNS pvc-11,monkey3,data_monkey3_gratings,CEBRA,CEBRA_FLAT_LOGREG,4,UNIT,0.5,proportion,2,False,NEW_SUPP_S1_FIXED_SEED,PENDING
CRCNS pvc-11|data_monkey3_gratings|CEBRA_FLAT_LOGREG|4|UNIT|0.5|3,CRCNS pvc-11,monkey3,data_monkey3_gratings,CEBRA,CEBRA_FLAT_LOGREG,4,UNIT,0.5,proportion,3,False,NEW_SUPP_S1_FIXED_SEED,PENDING
CRCNS pvc-11|data_monkey3_gratings|CEBRA_FLAT_LOGREG|4|UNIT|0.5|4,CRCNS pvc-11,monkey3,data_monkey3_gratings,CEBRA,CEBRA_FLAT_LOGREG,4,UNIT,0.5,proportion,4,False,NEW_SUPP_S1_FIXED_SEED,PENDING
CRCNS pvc-11|data_monkey3_gratings|CEBRA_FLAT_LOGREG|4|TEMPORAL|2|0,CRCNS pvc-11,monkey3,data_monkey3_gratings,CEBRA,CEBRA_FLAT_LOGREG,4,TEMPORAL,2,bins,0,False,NEW_SUPP_S1_FIXED_SEED,PENDING
CRCNS pvc-11|data_monkey3_gratings|CEBRA_FLAT_LOGREG|4|TEMPORAL|2|1,CRCNS pvc-11,monkey3,data_monkey3_gratings,CEBRA,CEBRA_FLAT_LOGREG,4,TEMPORAL,2,bins,1,False,NEW_SUPP_S1_FIXED_SEED,PENDING
CRCNS pvc-11|data_monkey3_gratings|CEBRA_FLAT_LOGREG|4|TEMPORAL|2|2,CRCNS pvc-11,monkey3,data_monkey3_gratings,CEBRA,CEBRA_FLAT_LOGREG,4,TEMPORAL,2,bins,2,False,NEW_SUPP_S1_FIXED_SEED,PENDING
CRCNS pvc-11|data_monkey3_gratings|CEBRA_FLAT_LOGREG|4|TEMPORAL|2|3,CRCNS pvc-11,monkey3,data_monkey3_gratings,CEBRA,CEBRA_FLAT_LOGREG,4,TEMPORAL,2,bins,3,False,NEW_SUPP_S1_FIXED_SEED,PENDING
CRCNS pvc-11|data_monkey3_gratings|CEBRA_FLAT_LOGREG|4|TEMPORAL|2|4,CRCNS pvc-11,monkey3,data_monkey3_gratings,CEBRA,CEBRA_FLAT_LOGREG,4,TEMPORAL,2,bins,4,False,NEW_SUPP_S1_FIXED_SEED,PENDING
CRCNS pvc-11|data_monkey3_gratings|CEBRA_FLAT_LOGREG|4|TEMPORAL|3|0,CRCNS pvc-11,monkey3,data_monkey3_gratings,CEBRA,CEBRA_FLAT_LOGREG,4,TEMPORAL,3,bins,0,False,NEW_SUPP_S1_FIXED_SEED,PENDING
CRCNS pvc-11|data_monkey3_gratings|CEBRA_FLAT_LOGREG|4|TEMPORAL|3|1,CRCNS pvc-11,monkey3,data_monkey3_gratings,CEBRA,CEBRA_FLAT_LOGREG,4,TEMPORAL,3,bins,1,False,NEW_SUPP_S1_FIXED_SEED,PENDING
CRCNS pvc-11|data_monkey3_gratings|CEBRA_FLAT_LOGREG|4|TEMPORAL|3|2,CRCNS pvc-11,monkey3,data_monkey3_gratings,CEBRA,CEBRA_FLAT_LOGREG,4,TEMPORAL,3,bins,2,False,NEW_SUPP_S1_FIXED_SEED,PENDING
CRCNS pvc-11|data_monkey3_gratings|CEBRA_FLAT_LOGREG|4|TEMPORAL|3|3,CRCNS pvc-11,monkey3,data_monkey3_gratings,CEBRA,CEBRA_FLAT_LOGREG,4,TEMPORAL,3,bins,3,False,NEW_SUPP_S1_FIXED_SEED,PENDING
CRCNS pvc-11|data_monkey3_gratings|CEBRA_FLAT_LOGREG|4|TEMPORAL|3|4,CRCNS pvc-11,monkey3,data_monkey3_gratings,CEBRA,CEBRA_FLAT_LOGREG,4,TEMPORAL,3,bins,4,False,NEW_SUPP_S1_FIXED_SEED,PENDING
CRCNS pvc-11|data_monkey3_gratings|CEBRA_FLAT_LOGREG|4|TEMPORAL|5|0,CRCNS pvc-11,monkey3,data_monkey3_gratings,CEBRA,CEBRA_FLAT_LOGREG,4,TEMPORAL,5,bins,0,True,MAIN_FROZEN_T5,PENDING
CRCNS pvc-11|data_monkey3_gratings|CEBRA_FLAT_LOGREG|4|TEMPORAL|5|1,CRCNS pvc-11,monkey3,data_monkey3_gratings,CEBRA,CEBRA_FLAT_LOGREG,4,TEMPORAL,5,bins,1,True,MAIN_FROZEN_T5,PENDING
CRCNS pvc-11|data_monkey3_gratings|CEBRA_FLAT_LOGREG|4|TEMPORAL|5|2,CRCNS pvc-11,monkey3,data_monkey3_gratings,CEBRA,CEBRA_FLAT_LOGREG,4,TEMPORAL,5,bins,2,True,MAIN_FROZEN_T5,PENDING
CRCNS pvc-11|data_monkey3_gratings|CEBRA_FLAT_LOGREG|4|TEMPORAL|5|3,CRCNS pvc-11,monkey3,data_monkey3_gratings,CEBRA,CEBRA_FLAT_LOGREG,4,TEMPORAL,5,bins,3,True,MAIN_FROZEN_T5,PENDING
CRCNS pvc-11|data_monkey3_gratings|CEBRA_FLAT_LOGREG|4|TEMPORAL|5|4,CRCNS pvc-11,monkey3,data_monkey3_gratings,CEBRA,CEBRA_FLAT_LOGREG,4,TEMPORAL,5,bins,4,True,MAIN_FROZEN_T5,PENDING
CRCNS pvc-11|data_monkey3_gratings|CEBRA_FLAT_LOGREG|4|TEMPORAL|7|0,CRCNS pvc-11,monkey3,data_monkey3_gratings,CEBRA,CEBRA_FLAT_LOGREG,4,TEMPORAL,7,bins,0,False,NEW_SUPP_S1_FIXED_SEED,PENDING
CRCNS pvc-11|data_monkey3_gratings|CEBRA_FLAT_LOGREG|4|TEMPORAL|7|1,CRCNS pvc-11,monkey3,data_monkey3_gratings,CEBRA,CEBRA_FLAT_LOGREG,4,TEMPORAL,7,bins,1,False,NEW_SUPP_S1_FIXED_SEED,PENDING
CRCNS pvc-11|data_monkey3_gratings|CEBRA_FLAT_LOGREG|4|TEMPORAL|7|2,CRCNS pvc-11,monkey3,data_monkey3_gratings,CEBRA,CEBRA_FLAT_LOGREG,4,TEMPORAL,7,bins,2,False,NEW_SUPP_S1_FIXED_SEED,PENDING
CRCNS pvc-11|data_monkey3_gratings|CEBRA_FLAT_LOGREG|4|TEMPORAL|7|3,CRCNS pvc-11,monkey3,data_monkey3_gratings,CEBRA,CEBRA_FLAT_LOGREG,4,TEMPORAL,7,bins,3,False,NEW_SUPP_S1_FIXED_SEED,PENDING
CRCNS pvc-11|data_monkey3_gratings|CEBRA_FLAT_LOGREG|4|TEMPORAL|7|4,CRCNS pvc-11,monkey3,data_monkey3_gratings,CEBRA,CEBRA_FLAT_LOGREG,4,TEMPORAL,7,bins,4,False,NEW_SUPP_S1_FIXED_SEED,PENDING
CRCNS pvc-11|data_monkey3_gratings|CEBRA_FLAT_LOGREG|4|TEMPORAL|10|0,CRCNS pvc-11,monkey3,data_monkey3_gratings,CEBRA,CEBRA_FLAT_LOGREG,4,TEMPORAL,10,bins,0,False,NEW_SUPP_S1_FIXED_SEED,PENDING
CRCNS pvc-11|data_monkey3_gratings|CEBRA_FLAT_LOGREG|4|TEMPORAL|10|1,CRCNS pvc-11,monkey3,data_monkey3_gratings,CEBRA,CEBRA_FLAT_LOGREG,4,TEMPORAL,10,bins,1,False,NEW_SUPP_S1_FIXED_SEED,PENDING
CRCNS pvc-11|data_monkey3_gratings|CEBRA_FLAT_LOGREG|4|TEMPORAL|10|2,CRCNS pvc-11,monkey3,data_monkey3_gratings,CEBRA,CEBRA_FLAT_LOGREG,4,TEMPORAL,10,bins,2,False,NEW_SUPP_S1_FIXED_SEED,PENDING
CRCNS pvc-11|data_monkey3_gratings|CEBRA_FLAT_LOGREG|4|TEMPORAL|10|3,CRCNS pvc-11,monkey3,data_monkey3_gratings,CEBRA,CEBRA_FLAT_LOGREG,4,TEMPORAL,10,bins,3,False,NEW_SUPP_S1_FIXED_SEED,PENDING
CRCNS pvc-11|data_monkey3_gratings|CEBRA_FLAT_LOGREG|4|TEMPORAL|10|4,CRCNS pvc-11,monkey3,data_monkey3_gratings,CEBRA,CEBRA_FLAT_LOGREG,4,TEMPORAL,10,bins,4,False,NEW_SUPP_S1_FIXED_SEED,PENDING
